{"reviewDetails":{"startIndex":0,"numberOfReviewsInThisPage":20,"reviewSummaryCollection":{"reviewSummary":[{"hotelId":"5883","totalReviewCnt":990,"avgOverallRating":4.327272,"cleanliness":4.5121207,"serviceAndStaff":4.444443,"roomComfort":4.352526,"hotelCondition":4.3353496,"convenienceOfLocation":4.6853933,"neighborhoodSatisfaction":4.528091,"roomQuality":0,"targetedBrand":"Expedia","originSummary":[{"origin":"Expedia","reviewCnt":990,"recommendedPercent":89.79798,"avgOverallRating":4.327272,"cleanliness":4.5121207,"serviceAndStaff":4.444443,"roomComfort":4.352526,"hotelCondition":4.3353496,"convenienceOfLocation":4.6853933,"neighborhoodSatisfaction":4.528091,"valueForMoney":0,"roomQuality":0,"categoryCounts":{"Everyone":532,"BusinessTravelers":18,"Couples":55,"Students":1,"Families":40,"Other":8},"roomTypeIdCounts":{"200162411":7,"200162441":163,"201017655":15,"200162402":5,"201017654":17,"200162467":20,"200162462":23,"200162398":3,"200162396":2,"22423":1,"37559":1,"200162422":139,"37560":2,"200162388":29,"200162483":16,"200162451":40,"200104274":1},"languageCounts":{"en":990}}],"recommendedPercent":89.79798,"valueForMoney":0,"categoryCounts":{"Everyone":532,"BusinessTravelers":18,"Couples":55,"Students":1,"Families":40,"Other":8},"roomTypeIdCounts":{"200162411":7,"200162441":163,"201017655":15,"200162402":5,"201017654":17,"200162467":20,"200162462":23,"200162398":3,"200162396":2,"22423":1,"37559":1,"200162422":139,"37560":2,"200162388":29,"200162483":16,"200162451":40,"200104274":1},"languageCounts":{"en":990},"featuredReview":{}}]},"reviewCollection":{"review":[{"hotelId":"5883","totalPositiveFeedbacks":0,"tpid":"3","eapid":"0","contentLocale":"en_gb","totalThanks":0,"photos":[],"reviewId":"57b0be6dfa63590b3cf1168e","itinId":"110856448681","moderationStatus":"APPROVED","contentCodes":"","managementResponses":[],"ratingOverall":4,"langId":"2057","userNickname":"kerry","brandType":"Expedia","title":"Good but expensive at the centre of San Francisco ","reviewText":"Great location at Union Square giving access to cable car routes, China Town and all the top shops. Typical high quality Hyatt. ","featured":false,"ratingsOnly":false,"ratingRoomCleanliness":4,"ratingHotelCondition":4,"ratingService":5,"ratingRoomComfort":4,"positiveRemarks":"","negativeRemarks":"","locationRemarks":"","lastInitial":"","userLocation":"London, England","reviewSubmissionTime":"2016-08-14T18:54:37Z","reviewerCategories":[{"categoryId":"Everyone","categoryLabel":"Everyone"}],"userDisplayName":"","roomTypeId":201017655,"isUnverified":false,"isFlaggable":true,"isRecommended":"YES"},{"hotelId":"5883","totalPositiveFeedbacks":0,"tpid":"1","eapid":"0","contentLocale":"en_us","totalThanks":0,"photos":[],"reviewId":"57aa3f327f7e0d0b045b2c75","itinId":"1141147401784","moderationStatus":"APPROVED","contentCodes":"","managementResponses":[],"ratingOverall":5,"langId":"1033","userNickname":"","brandType":"Expedia","title":"Close to Union Square ","reviewText":"Very nice location! Close to shopping and restaurants.  The rooms were very clean and the bed was super comfortable.\r\nThe staff was friendly and will to help us with our questions.","featured":false,"ratingsOnly":false,"ratingRoomCleanliness":5,"ratingHotelCondition":5,"ratingService":5,"ratingRoomComfort":5,"positiveRemarks":"","negativeRemarks":"","locationRemarks":"","lastInitial":"","userLocation":"","reviewSubmissionTime":"2016-08-09T20:38:10Z","reviewerCategories":[{"categoryId":"Everyone","categoryLabel":"Everyone"}],"userDisplayName":"","roomTypeId":200162441,"isUnverified":false,"isFlaggable":true,"isRecommended":"YES"},{"hotelId":"5883","totalPositiveFeedbacks":0,"tpid":"1","eapid":"0","contentLocale":"en_us","totalThanks":0,"photos":[],"reviewId":"57a90c5cefe1ee0b059de394","itinId":"1133898106671","moderationStatus":"APPROVED","contentCodes":"","managementResponses":[],"ratingOverall":5,"langId":"1033","userNickname":"","brandType":"Expedia","title":"Nice full service hotel ","reviewText":"Close to restaurants and shopping.  Had drinks and snacks in the bar.  Also drinks, breakfast and snacks in the concierge lounge.  All well done.  ","featured":false,"ratingsOnly":false,"ratingRoomCleanliness":5,"ratingHotelCondition":5,"ratingService":5,"ratingRoomComfort":5,"positiveRemarks":"Location!  Lounge.  Suite was huge.  ","negativeRemarks":"","locationRemarks":"Shopping and restaurants close by.  Elway's for dinner was excellent.  ","lastInitial":"","userLocation":"","reviewSubmissionTime":"2016-08-08T22:49:00Z","reviewerCategories":[{"categoryId":"Everyone","categoryLabel":"Everyone"}],"userDisplayName":"","roomTypeId":201017654,"isUnverified":false,"isFlaggable":true,"isRecommended":"YES"},{"hotelId":"5883","totalPositiveFeedbacks":0,"tpid":"1","eapid":"0","contentLocale":"en_us","totalThanks":0,"photos":[],"reviewId":"57a8a65b3ee2a90b26c271a0","itinId":"1142435948329","moderationStatus":"APPROVED","contentCodes":"","managementResponses":[],"ratingOverall":5,"langId":"1033","userNickname":"Roger","brandType":"Expedia","title":"Great stay at Union Square","reviewText":"Whether you are going for business or personal purpose, the Grand Hyatt is a great place to stay in San Francisco.  There are great restaurants around and lots of shops!  In addition, the theater district is nearby.  ","featured":false,"ratingsOnly":false,"ratingRoomCleanliness":5,"ratingHotelCondition":5,"ratingService":4,"ratingRoomComfort":5,"positiveRemarks":"Location, interior design, and service","negativeRemarks":"Staff seemed a little 'stiff'.=)  I guess I came in at rush hour","locationRemarks":"Shopping, shopping, shopping!!","lastInitial":"","userLocation":"Mexico City","reviewSubmissionTime":"2016-08-08T15:33:47Z","reviewerCategories":[{"categoryId":"Everyone","categoryLabel":"Everyone"}],"userDisplayName":"","roomTypeId":201017655,"isUnverified":false,"isFlaggable":true,"isRecommended":"YES"},{"hotelId":"5883","totalPositiveFeedbacks":0,"tpid":"1","eapid":"0","contentLocale":"en_us","totalThanks":0,"photos":[],"reviewId":"57a89d34849f110b286aa5b3","itinId":"1141955402412","moderationStatus":"APPROVED","contentCodes":"NLI HMP MMD","managementResponses":[],"ratingOverall":3,"langId":"1033","userNickname":"Chris","brandType":"Expedia","title":"High end price...low end room. ","reviewText":"Hotel location was perfect for our needs.  Close to the theater area was essential.  The room they gave us was small and ok.  View was great but the windows were nasty dirty so it made for an unpleasant experience.  Room was for handicap person which was fine in general but the bathroom shower had no lip and it flooded with ease on multiple occasions.  Decor was generally clean, but dated.  I swear the leather/vinyl table type stand was direct from the 70's... The rips and gouges would attest to that.  Overall the staff were nice, just wasn't impressed with the room, especially when it was $350 a night.","featured":false,"ratingsOnly":false,"ratingRoomCleanliness":3,"ratingHotelCondition":4,"ratingService":4,"ratingRoomComfort":2,"positiveRemarks":"","negativeRemarks":"","locationRemarks":"","lastInitial":"","userLocation":"Seattle","reviewSubmissionTime":"2016-08-08T14:54:44Z","reviewerCategories":[{"categoryId":"Everyone","categoryLabel":"Everyone"}],"userDisplayName":"","roomTypeId":201017654,"isUnverified":false,"isFlaggable":false,"isRecommended":"NO"},{"hotelId":"5883","totalPositiveFeedbacks":0,"tpid":"1","eapid":"0","contentLocale":"en_us","totalThanks":0,"photos":[],"reviewId":"57a7b6f3075f640b276ba00d","itinId":"1125655376874","moderationStatus":"APPROVED","contentCodes":"","managementResponses":[],"ratingOverall":5,"langId":"1033","userNickname":"Great vacation!","brandType":"Expedia","title":"Great vacation city!","reviewText":"Grand Hyatt exceeded our expectations: great room, wonderful staff, next to Union Square for shopping, cable cars nearby & convenient to Fisherman's Wharf & restaurants.","featured":false,"ratingsOnly":false,"ratingRoomCleanliness":5,"ratingHotelCondition":5,"ratingService":5,"ratingRoomComfort":5,"positiveRemarks":"","negativeRemarks":"","locationRemarks":"","lastInitial":"R","userLocation":"Philadelphia, PA","reviewSubmissionTime":"2016-08-07T22:32:19Z","reviewerCategories":[{"categoryId":"Everyone","categoryLabel":"Everyone"}],"userDisplayName":"","roomTypeId":200162483,"isUnverified":false,"isFlaggable":true,"isRecommended":"YES"},{"hotelId":"5883","totalPositiveFeedbacks":0,"tpid":"18","eapid":"0","contentLocale":"en_hk","totalThanks":0,"photos":[],"reviewId":"57a22f27e40c4a0b287b65f7","itinId":"134602535045","moderationStatus":"APPROVED","contentCodes":"HMP MMD","managementResponses":[],"ratingOverall":4,"langId":"2057","userNickname":"Beanny","brandType":"Expedia","title":"Nice and convenient","reviewText":"A decent business hotel but not a big hotel. Not the kind of experience you would have in other Grand Hyatts. Convenient location though.  The restaurant is good. ","featured":false,"ratingsOnly":false,"ratingRoomCleanliness":4,"ratingHotelCondition":4,"ratingService":4,"ratingRoomComfort":4,"positiveRemarks":"","negativeRemarks":"","locationRemarks":"","lastInitial":"","userLocation":"Hong Kong","reviewSubmissionTime":"2016-08-03T17:51:35Z","reviewerCategories":[{"categoryId":"Everyone","categoryLabel":"Everyone"}],"userDisplayName":"","roomTypeId":200162451,"isUnverified":false,"isFlaggable":false,"isRecommended":"YES"},{"hotelId":"5883","totalPositiveFeedbacks":0,"tpid":"1","eapid":"0","contentLocale":"en_us","totalThanks":0,"photos":[],"reviewId":"579fae933f9da40b2abca888","itinId":"1126899671482","moderationStatus":"APPROVED","contentCodes":"","managementResponses":[],"ratingOverall":5,"langId":"1033","userNickname":"","brandType":"Expedia","title":"Quick visit . . . Good location with friendly staf","reviewText":"Have stayed here before and received great service,","featured":false,"ratingsOnly":false,"ratingRoomCleanliness":5,"ratingHotelCondition":5,"ratingService":5,"ratingRoomComfort":5,"positiveRemarks":"","negativeRemarks":"","locationRemarks":"","lastInitial":"","userLocation":"","reviewSubmissionTime":"2016-08-01T20:18:27Z","reviewerCategories":[{"categoryId":"Everyone","categoryLabel":"Everyone"}],"userDisplayName":"","roomTypeId":201017655,"isUnverified":false,"isFlaggable":true,"isRecommended":"YES"},{"hotelId":"5883","totalPositiveFeedbacks":0,"tpid":"4","eapid":"0","contentLocale":"en_ca","totalThanks":0,"photos":[],"reviewId":"579eb82787f8460b063cc23f","itinId":"1136317063461","moderationStatus":"APPROVED","contentCodes":"","managementResponses":[],"ratingOverall":4,"langId":"4105","userNickname":"E. and P.","brandType":"Expedia","title":"So convenient","reviewText":"We enjoy this hotel because its so central and convenient for everything, The staff are consistently helpful and pleasant. -always obliging.","featured":false,"ratingsOnly":false,"ratingRoomCleanliness":5,"ratingHotelCondition":4,"ratingService":5,"ratingRoomComfort":5,"positiveRemarks":"The hotel itself is well maintained and everything is convenient  in the room. We enjoyed morning paper availability and other personal touch","negativeRemarks":"We would have liked the possibility of evening dinner in a dining room.","locationRemarks":"Right by Union Square which means easy access to stores and good restaurants or transportation to Fisherman's Wharf and other points of interest.","lastInitial":"","userLocation":"Vancouver,BC","reviewSubmissionTime":"2016-08-01T02:47:03Z","reviewerCategories":[{"categoryId":"Everyone","categoryLabel":"Everyone"}],"userDisplayName":"","roomTypeId":201017654,"isUnverified":false,"isFlaggable":true,"isRecommended":"YES"},{"hotelId":"5883","totalPositiveFeedbacks":0,"tpid":"1","eapid":"0","contentLocale":"en_us","totalThanks":0,"photos":[],"reviewId":"579e99d207d2240b0a0c713f","itinId":"1142084005716","moderationStatus":"APPROVED","contentCodes":"","managementResponses":[],"ratingOverall":5,"langId":"1033","userNickname":"family of four","brandType":"Expedia","title":"","reviewText":"Parking cost $65 if u want to park in the hotel, otherwise, you can park down the street, one block away for $35.  Check in was fast, they help you with your bags.  Hotel has 36 floors!  Super awesome view, of embarcadero/industrial/or union square.  Rooms are small, but ur in the city, what can u expect.  Elevators are speedy.  Their work out room has updated machines and weights.  The staff is superior to any other hotel.  Super clean and spotless, no doubt!  Location was awesome, walking distance to Chinatown/little Italy/shopping mall or designer stores/cable train site.  We had to drive to embacadero, so we saved that trip for after checking out.  AWESOME Hotel, using it again when I go back to sf!","featured":false,"ratingsOnly":false,"ratingRoomCleanliness":5,"ratingHotelCondition":5,"ratingService":5,"ratingRoomComfort":4,"positiveRemarks":"","negativeRemarks":"","locationRemarks":"","lastInitial":"","userLocation":"","reviewSubmissionTime":"2016-08-01T00:37:38Z","reviewerCategories":[{"categoryId":"Everyone","categoryLabel":"Everyone"}],"userDisplayName":"","roomTypeId":200162402,"isUnverified":false,"isFlaggable":true,"isRecommended":"YES"},{"hotelId":"5883","totalPositiveFeedbacks":0,"tpid":"1","eapid":"0","contentLocale":"en_us","totalThanks":0,"photos":[],"reviewId":"579c5b4c87f8460b0643c3c8","itinId":"1140621670463","moderationStatus":"APPROVED","contentCodes":"","managementResponses":[],"ratingOverall":4,"langId":"1033","userNickname":"","brandType":"Expedia","title":"Overall solid, updated room, excellent staff.","reviewText":"This property has a great location at Union Square and the rooms have been recently updated very nicely. The staff are very responsive and attentive.","featured":false,"ratingsOnly":false,"ratingRoomCleanliness":5,"ratingHotelCondition":5,"ratingService":5,"ratingRoomComfort":4,"positiveRemarks":"","negativeRemarks":"Wi-fi slowed to dial-up speeds at peak use in the late evening. Not acceptable. The window screen didn't cover up the outside light completely.","locationRemarks":"","lastInitial":"","userLocation":"","reviewSubmissionTime":"2016-07-30T07:46:20Z","reviewerCategories":[{"categoryId":"Everyone","categoryLabel":"Everyone"}],"userDisplayName":"","roomTypeId":200162422,"isUnverified":false,"isFlaggable":true,"isRecommended":"YES"},{"hotelId":"5883","totalPositiveFeedbacks":0,"tpid":"1","eapid":"0","contentLocale":"en_us","totalThanks":0,"photos":[],"reviewId":"579b935bb5f12f0b07f43cef","itinId":"1129436844329","moderationStatus":"APPROVED","contentCodes":"","managementResponses":[{"userNickname":"Tiffany","displayLocale":"en_us","isFlaggable":true,"date":"2016-07-29T19:12:20Z","response":"Thank you for your review. We look forward to welcoming you back soon!","status":"APPROVED","id":"84c24e99-0e51-4b60-add2-dcce96b0a7b7"}],"ratingOverall":5,"langId":"1033","userNickname":"","brandType":"Expedia","title":"Best in union square","reviewText":"Staff are great..everything was perfect..i  certainely will stay again","featured":false,"ratingsOnly":false,"ratingRoomCleanliness":4,"ratingHotelCondition":5,"ratingService":5,"ratingRoomComfort":5,"positiveRemarks":"","negativeRemarks":"","locationRemarks":"","lastInitial":"f","userLocation":"q","reviewSubmissionTime":"2016-07-29T17:33:15Z","reviewerCategories":[{"categoryId":"Everyone","categoryLabel":"Everyone"}],"userDisplayName":"","roomTypeId":200162441,"isUnverified":false,"isFlaggable":true,"isRecommended":"YES"},{"hotelId":"5883","totalPositiveFeedbacks":0,"tpid":"1","eapid":"0","contentLocale":"en_us","totalThanks":0,"photos":[],"reviewId":"5795446492b3430b29071e58","itinId":"1131273331881","moderationStatus":"APPROVED","contentCodes":"","managementResponses":[],"ratingOverall":4,"langId":"1033","userNickname":"","brandType":"Expedia","title":"","reviewText":"The location of the hotel provided excellent access to surrounding attractions. Parking options were available and convenient. There was a great deal to see/do within walking distance.","featured":false,"ratingsOnly":false,"ratingRoomCleanliness":4,"ratingHotelCondition":5,"ratingService":4,"ratingRoomComfort":4,"positiveRemarks":"","negativeRemarks":"","locationRemarks":"","lastInitial":"","userLocation":"","reviewSubmissionTime":"2016-07-24T22:42:44Z","reviewerCategories":[{"categoryId":"Everyone","categoryLabel":"Everyone"}],"userDisplayName":"","roomTypeId":200162422,"isUnverified":false,"isFlaggable":true,"isRecommended":"YES"},{"hotelId":"5883","totalPositiveFeedbacks":0,"tpid":"1","eapid":"0","contentLocale":"en_us","totalThanks":0,"photos":[],"reviewId":"57951b1c8566a80b2a686de0","itinId":"1133152801144","moderationStatus":"APPROVED","contentCodes":"","managementResponses":[],"ratingOverall":5,"langId":"1033","userNickname":"senior citizen ","brandType":"Expedia","title":"Close to shopping and trolly ","reviewText":"Only one day but went to pier 39 had dinner and ride the trolly ","featured":false,"ratingsOnly":false,"ratingRoomCleanliness":5,"ratingHotelCondition":5,"ratingService":5,"ratingRoomComfort":5,"positiveRemarks":"","negativeRemarks":"","locationRemarks":"","lastInitial":"","userLocation":"","reviewSubmissionTime":"2016-07-24T19:46:36Z","reviewerCategories":[{"categoryId":"Everyone","categoryLabel":"Everyone"}],"userDisplayName":"","roomTypeId":200162441,"isUnverified":false,"isFlaggable":true,"isRecommended":"YES"},{"hotelId":"5883","totalPositiveFeedbacks":0,"tpid":"1","eapid":"0","contentLocale":"en_us","totalThanks":0,"photos":[],"reviewId":"5793d3f28566a80b2a6102e0","itinId":"1140717838628","moderationStatus":"APPROVED","contentCodes":"","managementResponses":[],"ratingOverall":4,"langId":"1033","userNickname":"Aliya","brandType":"Expedia","title":"Good hotel at a central place","reviewText":"Good experience. Quite a busy place. \r\nOnly i forgot my favourite magnifying makeup mirror and reported it the other day after check out, but no one had turned it in: i wonder why.\r\nOtherwise, the hotel was comfortable and a nice cosy one.","featured":false,"ratingsOnly":false,"ratingRoomCleanliness":4,"ratingHotelCondition":4,"ratingService":3,"ratingRoomComfort":4,"positiveRemarks":"","negativeRemarks":"","locationRemarks":"","lastInitial":"","userLocation":"","reviewSubmissionTime":"2016-07-23T20:30:42Z","reviewerCategories":[{"categoryId":"Everyone","categoryLabel":"Everyone"}],"userDisplayName":"","roomTypeId":200162441,"isUnverified":false,"isFlaggable":true,"isRecommended":"YES"},{"hotelId":"5883","totalPositiveFeedbacks":0,"tpid":"29","eapid":"0","contentLocale":"en_au","totalThanks":0,"photos":[],"reviewId":"57931c0ed29e300b28a3cae2","itinId":"131934430972","moderationStatus":"APPROVED","contentCodes":"MMA","managementResponses":[],"ratingOverall":4,"langId":"3081","userNickname":"Mark","brandType":"Expedia","title":"Great location, great rooms","reviewText":"Great stay at the grand Hyatt. Good location by union square. Hotel is set up for business customers but still worth it for a leisure traveller.","featured":false,"ratingsOnly":false,"ratingRoomCleanliness":5,"ratingHotelCondition":5,"ratingService":4,"ratingRoomComfort":5,"positiveRemarks":"","negativeRemarks":"","locationRemarks":"","lastInitial":"B","userLocation":"London","reviewSubmissionTime":"2016-07-23T07:26:06Z","reviewerCategories":[{"categoryId":"Everyone","categoryLabel":"Everyone"}],"userDisplayName":"","roomTypeId":201017654,"isUnverified":false,"isFlaggable":false,"isRecommended":"YES"},{"hotelId":"5883","totalPositiveFeedbacks":0,"tpid":"4","eapid":"0","contentLocale":"en_ca","totalThanks":0,"photos":[],"reviewId":"578f8bb3c3c1f80b285358ec","itinId":"1136544798825","moderationStatus":"APPROVED","contentCodes":"","managementResponses":[],"ratingOverall":5,"langId":"4105","userNickname":"Don","brandType":"Expedia","title":"Close to local attractions","reviewText":"Union square always had something on the go. Close to China town, up scale shopping, trolley cars etc.\r\n\r\nQuietest heating/cooling system I've ever \"not heard\" in a hotel!\r\n\r\nUltra friendly staff and some have a great sense of humour.\r\n\r\nNext time in SF, I won't bother with car rental, this location connects to all surface transportation.","featured":false,"ratingsOnly":false,"ratingRoomCleanliness":5,"ratingHotelCondition":5,"ratingService":5,"ratingRoomComfort":5,"positiveRemarks":"","negativeRemarks":"","locationRemarks":"","lastInitial":"","userLocation":"Ottawa, Canada.","reviewSubmissionTime":"2016-07-20T14:33:23Z","reviewerCategories":[{"categoryId":"Everyone","categoryLabel":"Everyone"}],"userDisplayName":"","roomTypeId":201017654,"isUnverified":false,"isFlaggable":true,"isRecommended":"YES"},{"hotelId":"5883","totalPositiveFeedbacks":0,"tpid":"1","eapid":"0","contentLocale":"en_us","totalThanks":0,"photos":[],"reviewId":"578ce6b72c54c70b28f1a053","itinId":"1140574428935","moderationStatus":"APPROVED","contentCodes":"","managementResponses":[],"ratingOverall":5,"langId":"1033","userNickname":"","brandType":"Expedia","title":"Great hotel","reviewText":"Great hotel, staff was very accommodating and friendly, convenient location - walking or cable car.  Clean room, comfortable bed/linens.","featured":false,"ratingsOnly":false,"ratingRoomCleanliness":5,"ratingHotelCondition":5,"ratingService":5,"ratingRoomComfort":5,"positiveRemarks":"","negativeRemarks":"","locationRemarks":"","lastInitial":"","userLocation":"","reviewSubmissionTime":"2016-07-18T14:24:55Z","reviewerCategories":[{"categoryId":"Everyone","categoryLabel":"Everyone"}],"userDisplayName":"","roomTypeId":200162441,"isUnverified":false,"isFlaggable":true,"isRecommended":"YES"},{"hotelId":"5883","totalPositiveFeedbacks":0,"tpid":"1","eapid":"0","contentLocale":"en_us","totalThanks":0,"photos":[],"reviewId":"57898dd40cb5d70b29a1277d","itinId":"1140218406272","moderationStatus":"APPROVED","contentCodes":"","managementResponses":[],"ratingOverall":4,"langId":"1033","userNickname":"","brandType":"Expedia","title":"","reviewText":"Nice place! Beautiful restaurant bar on the second floor. Tiny guest room. ","featured":false,"ratingsOnly":false,"ratingRoomCleanliness":5,"ratingHotelCondition":5,"ratingService":5,"ratingRoomComfort":4,"positiveRemarks":"","negativeRemarks":"","locationRemarks":"","lastInitial":"","userLocation":"","reviewSubmissionTime":"2016-07-16T01:28:52Z","reviewerCategories":[{"categoryId":"Everyone","categoryLabel":"Everyone"}],"userDisplayName":"","roomTypeId":200162451,"isUnverified":false,"isFlaggable":true,"isRecommended":"YES"},{"hotelId":"5883","totalPositiveFeedbacks":0,"tpid":"1","eapid":"0","contentLocale":"en_us","totalThanks":0,"photos":[],"reviewId":"57878402756ba70b27283de6","itinId":"1139048033547","moderationStatus":"APPROVED","contentCodes":"","managementResponses":[],"ratingOverall":5,"langId":"1033","userNickname":"ammar ","brandType":"Expedia","title":"All over great experience ","reviewText":"Very well located and served ....will come again ...kids loved it completely and the view was very nice ..staff members were very helpful and valet parking although a bit pricy but was worth it ...","featured":false,"ratingsOnly":false,"ratingRoomCleanliness":5,"ratingHotelCondition":5,"ratingService":5,"ratingRoomComfort":5,"positiveRemarks":"","negativeRemarks":"","locationRemarks":"","lastInitial":"","userLocation":"","reviewSubmissionTime":"2016-07-14T12:22:26Z","reviewerCategories":[{"categoryId":"Everyone","categoryLabel":"Everyone"}],"userDisplayName":"","roomTypeId":200162467,"isUnverified":false,"isFlaggable":true,"isRecommended":"YES"}]}}}
