{"reviewDetails":{"startIndex":0,"numberOfReviewsInThisPage":20,"reviewSummaryCollection":{"reviewSummary":[{"hotelId":"25622","totalReviewCnt":2321,"avgOverallRating":3.9194312,"cleanliness":4.245156,"serviceAndStaff":4.051274,"roomComfort":3.9982767,"hotelCondition":3.9707022,"convenienceOfLocation":4.4564652,"neighborhoodSatisfaction":3.8997362,"roomQuality":0,"targetedBrand":"Expedia","originSummary":[{"origin":"Expedia","reviewCnt":2321,"recommendedPercent":79.31926,"avgOverallRating":3.9194312,"cleanliness":4.245156,"serviceAndStaff":4.051274,"roomComfort":3.9982767,"hotelCondition":3.9707022,"convenienceOfLocation":4.4564652,"neighborhoodSatisfaction":3.8997362,"valueForMoney":0,"roomQuality":0,"categoryCounts":{"Everyone":1042,"BusinessTravelers":55,"Couples":161,"Students":2,"Families":132,"Other":42},"roomTypeIdCounts":{"295462":372,"200273419":13,"200273576":12,"200273415":29,"200273379":1,"295465":235,"200311710":35,"200273376":4,"201146541":1,"200273406":1,"200273597":13,"475761":41,"162842":25,"200405864":45,"162843":16,"201130342":2,"200405866":5,"162841":14,"67965":28,"200273395":2,"67967":25,"3519":1},"languageCounts":{"en":2321}}],"recommendedPercent":79.31926,"valueForMoney":0,"categoryCounts":{"Everyone":1042,"BusinessTravelers":55,"Couples":161,"Students":2,"Families":132,"Other":42},"roomTypeIdCounts":{"295462":372,"200273419":13,"200273576":12,"200273415":29,"200273379":1,"295465":235,"200311710":35,"200273376":4,"201146541":1,"200273406":1,"200273597":13,"475761":41,"162842":25,"200405864":45,"162843":16,"201130342":2,"200405866":5,"162841":14,"67965":28,"200273395":2,"67967":25,"3519":1},"languageCounts":{"en":2321},"featuredReview":{}}]},"reviewCollection":{"review":[{"hotelId":"25622","totalPositiveFeedbacks":0,"tpid":"1","eapid":"0","contentLocale":"en_us","totalThanks":0,"photos":[],"reviewId":"57b717a44751ca0b791823b2","itinId":"1143827053945","moderationStatus":"APPROVED","contentCodes":"","managementResponses":[],"ratingOverall":4,"langId":"1033","userNickname":"F","brandType":"Expedia","title":"Convenient location but room too small","reviewText":"Great location, clean room, elevator moves fast. But room is a little too small. ","featured":false,"ratingsOnly":false,"ratingRoomCleanliness":5,"ratingHotelCondition":5,"ratingService":3,"ratingRoomComfort":3,"positiveRemarks":"","negativeRemarks":"","locationRemarks":"","lastInitial":"J","userLocation":"Rockville, MD","reviewSubmissionTime":"2016-08-19T14:28:52Z","reviewerCategories":[{"categoryId":"Everyone","categoryLabel":"Everyone"}],"userDisplayName":"","roomTypeId":"","isUnverified":false,"isFlaggable":true,"isRecommended":"YES"},{"hotelId":"25622","totalPositiveFeedbacks":0,"tpid":"1","eapid":"0","contentLocale":"en_us","totalThanks":0,"photos":[],"reviewId":"57b631d8f563f50b4ff60796","itinId":"1127261434911","moderationStatus":"APPROVED","contentCodes":"","managementResponses":[],"ratingOverall":4,"langId":"1033","userNickname":"","brandType":"Expedia","title":"Nice hotel very close to Union Square","reviewText":"Confortable room and free wifi y you are a hhonors member. The hotel is very well located near union square.","featured":false,"ratingsOnly":false,"ratingRoomCleanliness":5,"ratingHotelCondition":5,"ratingService":4,"ratingRoomComfort":5,"positiveRemarks":"","negativeRemarks":"","locationRemarks":"","lastInitial":"","userLocation":"","reviewSubmissionTime":"2016-08-18T22:08:24Z","reviewerCategories":[{"categoryId":"Everyone","categoryLabel":"Everyone"}],"userDisplayName":"","roomTypeId":200273415,"isUnverified":false,"isFlaggable":true,"isRecommended":"YES"},{"hotelId":"25622","totalPositiveFeedbacks":3,"tpid":"29","eapid":"0","contentLocale":"en_au","totalThanks":3,"photos":[],"reviewId":"57ae42cb22271e0b3985d033","itinId":"128876600880","moderationStatus":"APPROVED","contentCodes":"MMA","managementResponses":[],"ratingOverall":4,"langId":"3081","userNickname":"E&K","brandType":"Expedia","title":"Mostly positive but some room for improvement","reviewText":"The room was spacious, clean, tidy and comfortable as I would have hoped for from this sort of hotel.\r\n\r\nThe staff were mostly very helpful and friendly, with just a single occasion where they needed to take the time and listen to what we were actually trying to ask.\r\n\r\nThe biggest issue I have was with the lack of included Wi-Fi - I think it's terrible for a world class hotel in the middle of San Francisco to not offer this.  It's a small cost for the hotel which would have helped us make the most of our holiday - get with the times! ","featured":false,"ratingsOnly":false,"ratingRoomCleanliness":5,"ratingHotelCondition":4,"ratingService":4,"ratingRoomComfort":5,"positiveRemarks":"","negativeRemarks":"","locationRemarks":"","lastInitial":"C","userLocation":"New Zealand","reviewSubmissionTime":"2016-08-12T21:42:35Z","reviewerCategories":[{"categoryId":"Everyone","categoryLabel":"Everyone"}],"userDisplayName":"","roomTypeId":295465,"isUnverified":false,"isFlaggable":false,"isRecommended":"YES"},{"hotelId":"25622","totalPositiveFeedbacks":0,"tpid":"1","eapid":"0","contentLocale":"en_us","totalThanks":0,"photos":[],"reviewId":"57adccc067d9b30b067dd0a5","itinId":"1138091574663","moderationStatus":"APPROVED","contentCodes":"","managementResponses":[],"ratingOverall":5,"langId":"1033","userNickname":"denise","brandType":"Expedia","title":"Visiting the city of SF","reviewText":"Enjoyed every minute. Toured both the City and Monterey and Carmel. Staff at Hotel was wonderful. Helpful, friendly and pleasant.  The hotel was located downtown and very accessible to shopping, restaurants and Union Square. ","featured":false,"ratingsOnly":false,"ratingRoomCleanliness":5,"ratingHotelCondition":5,"ratingService":5,"ratingRoomComfort":5,"positiveRemarks":"Convenience, cleanliness and staff. ","negativeRemarks":"Niothing","locationRemarks":"Great location","lastInitial":"","userLocation":"massachusetts","reviewSubmissionTime":"2016-08-12T13:18:56Z","reviewerCategories":[{"categoryId":"Everyone","categoryLabel":"Everyone"}],"userDisplayName":"","roomTypeId":295465,"isUnverified":false,"isFlaggable":true,"isRecommended":"YES"},{"hotelId":"25622","totalPositiveFeedbacks":0,"tpid":"1","eapid":"0","contentLocale":"en_us","totalThanks":0,"photos":[],"reviewId":"57a7e97f849f110b28581dd8","itinId":"1141344573160","moderationStatus":"APPROVED","contentCodes":"","managementResponses":[],"ratingOverall":5,"langId":"1033","userNickname":"","brandType":"Expedia","title":"Beautiful hotel in a great location.","reviewText":"Had a great room on 41st floor...just a beautiful view of the city.  Wonderful hotel...enjoyed my stay.","featured":false,"ratingsOnly":false,"ratingRoomCleanliness":5,"ratingHotelCondition":5,"ratingService":5,"ratingRoomComfort":5,"positiveRemarks":"","negativeRemarks":"","locationRemarks":"","lastInitial":"","userLocation":"","reviewSubmissionTime":"2016-08-08T02:07:59Z","reviewerCategories":[{"categoryId":"Everyone","categoryLabel":"Everyone"}],"userDisplayName":"","roomTypeId":295465,"isUnverified":false,"isFlaggable":true,"isRecommended":"YES"},{"hotelId":"25622","totalPositiveFeedbacks":0,"tpid":"1","eapid":"0","contentLocale":"en_us","totalThanks":0,"photos":[],"reviewId":"57a720c94f61260b26295b7d","itinId":"1135297477201","moderationStatus":"APPROVED","contentCodes":"MMA","managementResponses":[],"ratingOverall":2,"langId":"1033","userNickname":"","brandType":"Expedia","title":"Moved out as fast as we could","reviewText":"We checked in, were disgusted with the location and the condition of the common areas, found a hotel in Fisherman's Wharf that could accomodate us for the rest of our vacation, stayed one night, and checked out as fast as we could. This may be a good hotel for a business trip, but not a family vacation.","featured":false,"ratingsOnly":false,"ratingRoomCleanliness":3,"ratingHotelCondition":2,"ratingService":3,"ratingRoomComfort":3,"positiveRemarks":"","negativeRemarks":"","locationRemarks":"","lastInitial":"","userLocation":"","reviewSubmissionTime":"2016-08-07T11:51:37Z","reviewerCategories":[{"categoryId":"Everyone","categoryLabel":"Everyone"}],"userDisplayName":"","roomTypeId":67967,"isUnverified":false,"isFlaggable":false,"isRecommended":"NO"},{"hotelId":"25622","totalPositiveFeedbacks":0,"tpid":"1","eapid":"0","contentLocale":"en_us","totalThanks":0,"photos":[],"reviewId":"57a63448379e130b273f4511","itinId":"1115589662315","moderationStatus":"APPROVED","contentCodes":"","managementResponses":[],"ratingOverall":4,"langId":"1033","userNickname":"","brandType":"Expedia","title":"Nice hotel within walking distances of major attra","reviewText":"I stayed there during the Marathon weekend , close to the starting line,","featured":false,"ratingsOnly":false,"ratingRoomCleanliness":4,"ratingHotelCondition":4,"ratingService":4,"ratingRoomComfort":4,"positiveRemarks":"Everything ","negativeRemarks":"na","locationRemarks":"Close to major attractions ","lastInitial":"","userLocation":"","reviewSubmissionTime":"2016-08-06T19:02:32Z","reviewerCategories":[{"categoryId":"Everyone","categoryLabel":"Everyone"}],"userDisplayName":"","roomTypeId":200273419,"isUnverified":false,"isFlaggable":true,"isRecommended":"YES"},{"hotelId":"25622","totalPositiveFeedbacks":0,"tpid":"1","eapid":"0","contentLocale":"en_us","totalThanks":0,"photos":[],"reviewId":"57a435cb849f110b28582af7","itinId":"1140185410200","moderationStatus":"APPROVED","contentCodes":"","managementResponses":[],"ratingOverall":3,"langId":"1033","userNickname":"","brandType":"Expedia","title":"Central location, but room in needs minor tune up","reviewText":"Clean room, but not enough electrical outlets.Some outlet were loose and needed replacing as well.  Water pressure was too low in the shower and difficult to adjust. I would still recommend the hotel based on the location.","featured":false,"ratingsOnly":false,"ratingRoomCleanliness":4,"ratingHotelCondition":2,"ratingService":4,"ratingRoomComfort":3,"positiveRemarks":"Central location.","negativeRemarks":"room needs some attention.","locationRemarks":"Close to Union Square.","lastInitial":"","userLocation":"","reviewSubmissionTime":"2016-08-05T06:44:27Z","reviewerCategories":[{"categoryId":"Everyone","categoryLabel":"Everyone"}],"userDisplayName":"","roomTypeId":295462,"isUnverified":false,"isFlaggable":true,"isRecommended":"YES"},{"hotelId":"25622","totalPositiveFeedbacks":0,"tpid":"1","eapid":"0","contentLocale":"en_us","totalThanks":0,"photos":[],"reviewId":"57a3fb40e40c4a0b28ae9efd","itinId":"1137450381760","moderationStatus":"APPROVED","contentCodes":"","managementResponses":[],"ratingOverall":5,"langId":"1033","userNickname":"Roy","brandType":"Expedia","title":"Excellent hotel in the middle of the city. ","reviewText":"This is an excellent hotel in the middle of the city. The hotel is clean, open and a very good value. There is plenty of things to do within walking distance of you can walk a short distance and catch the cable car. One day we walked across the street and rented a car from one of the many rental companies there. ","featured":false,"ratingsOnly":false,"ratingRoomCleanliness":5,"ratingHotelCondition":5,"ratingService":5,"ratingRoomComfort":5,"positiveRemarks":"Clean, open, well situated, good coffee. ","negativeRemarks":"It would be nice if they had free in room wifi.","locationRemarks":"It is in a great location and there are many things to do nearby like hopping on a cable car, shopping, dining, sightseeing. ","lastInitial":"","userLocation":"Massachusetts","reviewSubmissionTime":"2016-08-05T02:34:40Z","reviewerCategories":[{"categoryId":"Everyone","categoryLabel":"Everyone"}],"userDisplayName":"","roomTypeId":295462,"isUnverified":false,"isFlaggable":true,"isRecommended":"YES"},{"hotelId":"25622","totalPositiveFeedbacks":0,"tpid":"1","eapid":"0","contentLocale":"en_us","totalThanks":0,"photos":[],"reviewId":"57a158582b34e10b2907dea4","itinId":"1136203082449","moderationStatus":"APPROVED","contentCodes":"","managementResponses":[],"ratingOverall":4,"langId":"1033","userNickname":"","brandType":"Expedia","title":"Nice hotel close to the shopping area. ","reviewText":"The hotel room is clean, comfortable. Staff are nice. I would recommend this wonderful hotel. ","featured":false,"ratingsOnly":false,"ratingRoomCleanliness":4,"ratingHotelCondition":4,"ratingService":4,"ratingRoomComfort":4,"positiveRemarks":"","negativeRemarks":"","locationRemarks":"","lastInitial":"","userLocation":"","reviewSubmissionTime":"2016-08-03T02:35:04Z","reviewerCategories":[{"categoryId":"Everyone","categoryLabel":"Everyone"}],"userDisplayName":"","roomTypeId":200405864,"isUnverified":false,"isFlaggable":true,"isRecommended":"YES"},{"hotelId":"25622","totalPositiveFeedbacks":0,"tpid":"1","eapid":"0","contentLocale":"en_us","totalThanks":0,"photos":[],"reviewId":"57a126ca66d3410b2b59cb0e","itinId":"1141527896061","moderationStatus":"APPROVED","contentCodes":"MMA","managementResponses":[],"ratingOverall":3,"langId":"1033","userNickname":"","brandType":"Expedia","title":"Hotel charged us to park which was not advertised","reviewText":"47 dollar parking fee and a 7.50 garage tax? Room was supposed to be a king but we got a queen.   Very noisy.  Also room service food was cold and unpleasant.  We had a great time but the charges were disappointing.\r\n","featured":false,"ratingsOnly":false,"ratingRoomCleanliness":4,"ratingHotelCondition":3,"ratingService":3,"ratingRoomComfort":2,"positiveRemarks":"","negativeRemarks":"","locationRemarks":"","lastInitial":"","userLocation":"","reviewSubmissionTime":"2016-08-02T23:03:38Z","reviewerCategories":[{"categoryId":"Everyone","categoryLabel":"Everyone"}],"userDisplayName":"","roomTypeId":295465,"isUnverified":false,"isFlaggable":false,"isRecommended":"NO"},{"hotelId":"25622","totalPositiveFeedbacks":0,"tpid":"1","eapid":"0","contentLocale":"en_us","totalThanks":0,"photos":[],"reviewId":"57a10ab1647eae0b29d5748c","itinId":"1141400689847","moderationStatus":"APPROVED","contentCodes":"","managementResponses":[],"ratingOverall":5,"langId":"1033","userNickname":"","brandType":"Expedia","title":"Enjoyed a New Hotel Experience","reviewText":"Usually we stay at a hotel nearby; however, we needed two rooms for this trip and Hilton beat the price hands down so we decided to try a new hotel. We were pleasantly surprised with the ease of getting to the hotel, leaving our car with valet, and the superb directions to the Academy of Sciences we were given. The hotel staff were all very friendly, quickly saw to all our needs, and the rooms were clean, quiet, and comfortable. The bonus was the hotel was also located near Union Square right where we wanted to be. I would definitely stay here again and recommend this hotel. Thank you!","featured":false,"ratingsOnly":false,"ratingRoomCleanliness":5,"ratingHotelCondition":5,"ratingService":5,"ratingRoomComfort":5,"positiveRemarks":"","negativeRemarks":"","locationRemarks":"","lastInitial":"","userLocation":"","reviewSubmissionTime":"2016-08-02T21:03:45Z","reviewerCategories":[{"categoryId":"Everyone","categoryLabel":"Everyone"}],"userDisplayName":"","roomTypeId":295462,"isUnverified":false,"isFlaggable":true,"isRecommended":"YES"},{"hotelId":"25622","totalPositiveFeedbacks":0,"tpid":"1","eapid":"0","contentLocale":"en_us","totalThanks":0,"photos":[],"reviewId":"579f5f0b4d74660b29baa7ba","itinId":"1141566660737","moderationStatus":"APPROVED","contentCodes":"","managementResponses":[],"ratingOverall":4,"langId":"1033","userNickname":"","brandType":"Expedia","title":"Nice hotel in the \"heart\" of Union Square","reviewText":"Everyone that we met was very nice and courteous.  Basic items such as bottled water was extremely over priced, but that's hotel life! ","featured":false,"ratingsOnly":false,"ratingRoomCleanliness":4,"ratingHotelCondition":4,"ratingService":4,"ratingRoomComfort":4,"positiveRemarks":"","negativeRemarks":"","locationRemarks":"","lastInitial":"","userLocation":"","reviewSubmissionTime":"2016-08-01T14:39:07Z","reviewerCategories":[{"categoryId":"Everyone","categoryLabel":"Everyone"}],"userDisplayName":"","roomTypeId":"","isUnverified":false,"isFlaggable":true,"isRecommended":"YES"},{"hotelId":"25622","totalPositiveFeedbacks":0,"tpid":"30029","eapid":"0","contentLocale":"en_us","totalThanks":0,"photos":[],"reviewId":"579e6806d4c4650b0dae95b5","itinId":"15740558994","moderationStatus":"APPROVED","contentCodes":"HMP MMD","managementResponses":[],"ratingOverall":2,"langId":"1033","userNickname":"Izzy","brandType":"Expedia","title":"Registration Check-in......","reviewText":"I entered the registration check-in line as number 3 in the queue.  Two clerks working--should be quick.  Next thing I know one registration clerk left---number of guests now about 7 or so.  Clerk didn't return.   Single clerk working had challenges with a check-in.  End of story--took 45 minutes to check-in as third in line.  Others behind me even longer.\r\n\r\nNext day---needed info about leaving and reentering parking garage that clerk should have furnished during check-in registration.  Concierge solution--wait in check-in registration line again.  Longer line this time. Deja Vu.\r\n","featured":false,"ratingsOnly":false,"ratingRoomCleanliness":3,"ratingHotelCondition":3,"ratingService":2,"ratingRoomComfort":3,"positiveRemarks":"Nice pastries/baked goods off lobby downstairs.","negativeRemarks":"Check-in registration and parking info.","locationRemarks":"Too close to tenderloin area---do an internet search on this.  Know where you are going/areas walking through.","lastInitial":"","userLocation":"Central US","reviewSubmissionTime":"2016-07-31T21:05:10Z","reviewerCategories":[{"categoryId":"Everyone","categoryLabel":"Everyone"}],"userDisplayName":"","roomTypeId":200405864,"isUnverified":false,"isFlaggable":false,"isRecommended":"NO"},{"hotelId":"25622","totalPositiveFeedbacks":0,"tpid":"1","eapid":"0","contentLocale":"en_us","totalThanks":0,"photos":[],"reviewId":"579d8cccb5f12f0b071b05ce","itinId":"1136089129435","moderationStatus":"APPROVED","contentCodes":"HMP MMD","managementResponses":[],"ratingOverall":2,"langId":"1033","userNickname":"","brandType":"Expedia","title":"Uncomfortable,","reviewText":"WiFi was not available as advertised on expedia. We has to upgrade to get wifi. Customer service was bad.","featured":false,"ratingsOnly":false,"ratingRoomCleanliness":4,"ratingHotelCondition":4,"ratingService":2,"ratingRoomComfort":3,"positiveRemarks":"","negativeRemarks":"","locationRemarks":"","lastInitial":"","userLocation":"","reviewSubmissionTime":"2016-07-31T05:29:48Z","reviewerCategories":[{"categoryId":"Everyone","categoryLabel":"Everyone"}],"userDisplayName":"","roomTypeId":295462,"isUnverified":false,"isFlaggable":false,"isRecommended":"NO"},{"hotelId":"25622","totalPositiveFeedbacks":0,"tpid":"1","eapid":"0","contentLocale":"en_us","totalThanks":0,"photos":[],"reviewId":"579d8598dbc3c50b08951c57","itinId":"1135870746863","moderationStatus":"APPROVED","contentCodes":"","managementResponses":[],"ratingOverall":4,"langId":"1033","userNickname":"","brandType":"Expedia","title":"","reviewText":"Very small room!!! No HHonors due to ordering through  Expedia. ","featured":false,"ratingsOnly":false,"ratingRoomCleanliness":4,"ratingHotelCondition":4,"ratingService":4,"ratingRoomComfort":3,"positiveRemarks":"","negativeRemarks":"","locationRemarks":"","lastInitial":"","userLocation":"","reviewSubmissionTime":"2016-07-31T04:59:04Z","reviewerCategories":[{"categoryId":"Everyone","categoryLabel":"Everyone"}],"userDisplayName":"","roomTypeId":295462,"isUnverified":false,"isFlaggable":true,"isRecommended":"YES"},{"hotelId":"25622","totalPositiveFeedbacks":0,"tpid":"1","eapid":"0","contentLocale":"en_us","totalThanks":0,"photos":[],"reviewId":"579b7bd3b5f12f0b07c61f44","itinId":"1140354632345","moderationStatus":"APPROVED","contentCodes":"","managementResponses":[],"ratingOverall":4,"langId":"1033","userNickname":"","brandType":"Expedia","title":"Good hotel ","reviewText":"The hotel itself is very nice but just don't look out the window and look on the back street. Homeless people all over everyone tells you go right not left you are in \"tenderloin \" area and to watch the homeless. It's sad such a nice hotel is surrounded by this. ","featured":false,"ratingsOnly":false,"ratingRoomCleanliness":5,"ratingHotelCondition":3,"ratingService":4,"ratingRoomComfort":4,"positiveRemarks":"","negativeRemarks":"","locationRemarks":"","lastInitial":"","userLocation":"Las Vegas ","reviewSubmissionTime":"2016-07-29T15:52:51Z","reviewerCategories":[{"categoryId":"Everyone","categoryLabel":"Everyone"}],"userDisplayName":"","roomTypeId":295465,"isUnverified":false,"isFlaggable":true,"isRecommended":"YES"},{"hotelId":"25622","totalPositiveFeedbacks":0,"tpid":"1","eapid":"0","contentLocale":"en_us","totalThanks":0,"photos":[],"reviewId":"57995b5ca66e750b290fed12","itinId":"1134776127876","moderationStatus":"APPROVED","contentCodes":"","managementResponses":[],"ratingOverall":4,"langId":"1033","userNickname":"","brandType":"Expedia","title":"","reviewText":"Had a great experience would visit again likes the location just wish they had more restaurants ","featured":false,"ratingsOnly":false,"ratingRoomCleanliness":4,"ratingHotelCondition":4,"ratingService":4,"ratingRoomComfort":4,"positiveRemarks":"","negativeRemarks":"","locationRemarks":"","lastInitial":"","userLocation":"","reviewSubmissionTime":"2016-07-28T01:09:48Z","reviewerCategories":[{"categoryId":"Everyone","categoryLabel":"Everyone"}],"userDisplayName":"","roomTypeId":200273419,"isUnverified":false,"isFlaggable":true,"isRecommended":"YES"},{"hotelId":"25622","totalPositiveFeedbacks":0,"tpid":"1","eapid":"0","contentLocale":"en_us","totalThanks":0,"photos":[],"reviewId":"5798604397d08c0b29de5511","itinId":"1141250424192","moderationStatus":"APPROVED","contentCodes":"","managementResponses":[],"ratingOverall":5,"langId":"1033","userNickname":"husam","brandType":"Expedia","title":"It was really nice and close to everything.","reviewText":"I really had an amazing time there! The hotel staff were really nice, friendly and helpful! The room was clean and very comfy! I had a room with two queen beds! i had a really great experience there!","featured":false,"ratingsOnly":false,"ratingRoomCleanliness":5,"ratingHotelCondition":4,"ratingService":4,"ratingRoomComfort":5,"positiveRemarks":"","negativeRemarks":"","locationRemarks":"","lastInitial":"","userLocation":"sacramento","reviewSubmissionTime":"2016-07-27T07:18:27Z","reviewerCategories":[{"categoryId":"Everyone","categoryLabel":"Everyone"}],"userDisplayName":"","roomTypeId":200273597,"isUnverified":false,"isFlaggable":true,"isRecommended":"YES"},{"hotelId":"25622","totalPositiveFeedbacks":0,"tpid":"1","eapid":"0","contentLocale":"en_us","totalThanks":0,"photos":[],"reviewId":"579614a68566a80b2ad90f52","itinId":"1128300374606","moderationStatus":"APPROVED","contentCodes":"","managementResponses":[],"ratingOverall":5,"langId":"1033","userNickname":"","brandType":"Expedia","title":"Costs very high","reviewText":"Nice room but expensive!! Parking is convenient but also expensive! Manhattan is cheaper than San Francisco! Clean rooms and great staff !","featured":false,"ratingsOnly":false,"ratingRoomCleanliness":5,"ratingHotelCondition":4,"ratingService":5,"ratingRoomComfort":5,"positiveRemarks":"","negativeRemarks":"","locationRemarks":"","lastInitial":"","userLocation":"","reviewSubmissionTime":"2016-07-25T13:31:18Z","reviewerCategories":[{"categoryId":"Everyone","categoryLabel":"Everyone"}],"userDisplayName":"","roomTypeId":200273376,"isUnverified":false,"isFlaggable":true,"isRecommended":"YES"}]}}}
