{"reviewDetails":{"startIndex":0,"numberOfReviewsInThisPage":20,"reviewSummaryCollection":{"reviewSummary":[{"hotelId":"23395","totalReviewCnt":588,"avgOverallRating":3.7006803,"cleanliness":4.0357146,"serviceAndStaff":4.137757,"roomComfort":3.4846938,"hotelCondition":3.670068,"convenienceOfLocation":4.6615396,"neighborhoodSatisfaction":4.169231,"roomQuality":0,"targetedBrand":"Expedia","originSummary":[{"origin":"Expedia","reviewCnt":588,"recommendedPercent":76.53061,"avgOverallRating":3.7006803,"cleanliness":4.0357146,"serviceAndStaff":4.137757,"roomComfort":3.4846938,"hotelCondition":3.670068,"convenienceOfLocation":4.6615396,"neighborhoodSatisfaction":4.169231,"valueForMoney":0,"roomQuality":0,"categoryCounts":{"Everyone":384,"Couples":55,"BusinessTravelers":24,"Students":2,"Families":10,"Other":8},"roomTypeIdCounts":{"201149597":3,"201474947":2,"201149596":3,"254240":31,"201149593":9,"201474916":12,"201149595":4,"201474885":1,"201149594":34,"201473622":5,"201474938":3,"201192709":10,"201211301":15,"201211299":3,"2365":160,"201474876":15,"2366":46,"360091":2},"languageCounts":{"en":588}}],"recommendedPercent":76.53061,"valueForMoney":0,"categoryCounts":{"Everyone":384,"Couples":55,"BusinessTravelers":24,"Students":2,"Families":10,"Other":8},"roomTypeIdCounts":{"201149597":3,"201474947":2,"201149596":3,"254240":31,"201149593":9,"201474916":12,"201149595":4,"201474885":1,"201149594":34,"201473622":5,"201474938":3,"201192709":10,"201211301":15,"201211299":3,"2365":160,"201474876":15,"2366":46,"360091":2},"languageCounts":{"en":588},"featuredReview":{}}]},"reviewCollection":{"review":[{"hotelId":"23395","totalPositiveFeedbacks":0,"tpid":"25","eapid":"0","contentLocale":"en_au","totalThanks":0,"photos":[],"reviewId":"57b37962b32f690b069f4ec4","itinId":"19684381238","moderationStatus":"APPROVED","contentCodes":"MMA","managementResponses":[{"userNickname":"Tyler L","displayLocale":"en_us","isFlaggable":false,"date":"2016-08-18T16:30:06Z","response":"Thank you for taking the time to review us.  We are pleased to hear you enjoyed our location and proximity to union square.  I will share the feedback about wanting team service in the rooms with our team.  We hope to see you again in the future.  ","status":"APPROVED","id":"f9f0e544-8d9d-44e8-a073-1b9b23ced120"}],"ratingOverall":2,"langId":"3081","userNickname":"Vickie","brandType":"Expedia","title":"Great buzzy location but otherwise disappointing","reviewText":"Rooms are small and really not terribly well equipped - no bar fridge, no kettle (just a coffee maker), and no TEABAGS!! \r\n","featured":false,"ratingsOnly":false,"ratingRoomCleanliness":3,"ratingHotelCondition":2,"ratingService":4,"ratingRoomComfort":2,"positiveRemarks":"Location so close to Union Square.","negativeRemarks":"Supply of teabags in each room, a bar fridge, and supply of a small quantity of milk to be able to make tea or coffee in the mornings.","locationRemarks":"Really good location for shopping, tourist buses which leave from Union Square, and also really convenient for the cable car.","lastInitial":"M","userLocation":"Sydney, Australia","reviewSubmissionTime":"2016-08-16T20:36:50Z","reviewerCategories":[{"categoryId":"Everyone","categoryLabel":"Everyone"}],"userDisplayName":"","roomTypeId":201474876,"isUnverified":false,"isFlaggable":false,"isRecommended":"NO"},{"hotelId":"23395","totalPositiveFeedbacks":0,"tpid":"1","eapid":"0","contentLocale":"en_us","totalThanks":0,"photos":[],"reviewId":"57ab39a747c4f60b04a74138","itinId":"1142698480347","moderationStatus":"APPROVED","contentCodes":"MMA","managementResponses":[{"userNickname":"Tyler L.","displayLocale":"en_us","isFlaggable":true,"date":"2016-08-13T19:41:58Z","response":"Thank you for the comments on your recent stay.  We are pleased to hear you enjoyed our location however I apologize if the rest of your visit was less than excellent.  We appreciate you taking the time to review us. ","status":"APPROVED","id":"ab1047e8-b8ce-4d68-b493-ec7b96293928"}],"ratingOverall":2,"langId":"1033","userNickname":"Dave ","brandType":"Expedia","title":"Find a different hotel","reviewText":"The room was ridiculously small,  the bathroom was so small it was a joke,  and the bed was like a roll up 4\" mattress on an Ikea frame.  Really awful. Staff was ok but not great. The only positive was the location. Do yourself a favor and find a different hotel.  ","featured":false,"ratingsOnly":false,"ratingRoomCleanliness":2,"ratingHotelCondition":2,"ratingService":2,"ratingRoomComfort":1,"positiveRemarks":"","negativeRemarks":"","locationRemarks":"","lastInitial":"A","userLocation":"San Diego ","reviewSubmissionTime":"2016-08-10T14:26:47Z","reviewerCategories":[{"categoryId":"Everyone","categoryLabel":"Everyone"}],"userDisplayName":"","roomTypeId":201474876,"isUnverified":false,"isFlaggable":false,"isRecommended":"NO"},{"hotelId":"23395","totalPositiveFeedbacks":0,"tpid":"1","eapid":"0","contentLocale":"en_us","totalThanks":0,"photos":[],"reviewId":"57ab2b91379e130b2721093b","itinId":"1141804216649","moderationStatus":"APPROVED","contentCodes":"HMP MMD","managementResponses":[{"userNickname":"Tyler L.","displayLocale":"en_us","isFlaggable":true,"date":"2016-08-13T19:41:31Z","response":"Thank you for sharing this with us.  We are pleased you found our location excellent and staff nice.  I am sorry however if you were unsatisfied with your room.  I will review this feedback with the team to help us improve in the future.  ","status":"APPROVED","id":"ce51a1e6-1e20-4d9c-85cd-be92d3a377f5"}],"ratingOverall":1,"langId":"1033","userNickname":"","brandType":"Expedia","title":"The \"urban\" room is misleading in all sense\r\n","reviewText":"The \"urban\" room is misleading in all sense: small room, old, with a window facing a wall.\r\nIt was a total disappointment from what I did saw on the website.\r\nThe location is superb, so it's really too bad the room experience is that bad!","featured":false,"ratingsOnly":false,"ratingRoomCleanliness":1,"ratingHotelCondition":1,"ratingService":3,"ratingRoomComfort":1,"positiveRemarks":"Nice staff, even if nothing was done to improve my disappointment, it did feel I am not the first who feels that way","negativeRemarks":"clearly display how the urban room looks like, or even close them for guest...","locationRemarks":"excellent","lastInitial":"","userLocation":"","reviewSubmissionTime":"2016-08-10T13:26:41Z","reviewerCategories":[{"categoryId":"Everyone","categoryLabel":"Everyone"}],"userDisplayName":"","roomTypeId":201474876,"isUnverified":false,"isFlaggable":false,"isRecommended":"NO"},{"hotelId":"23395","totalPositiveFeedbacks":0,"tpid":"3","eapid":"0","contentLocale":"en_gb","totalThanks":0,"photos":[],"reviewId":"579f69783f9da40b2ace9622","itinId":"111793765711","moderationStatus":"APPROVED","contentCodes":"","managementResponses":[],"ratingOverall":4,"langId":"2057","userNickname":"","brandType":"Expedia","title":"Tiny but nice","reviewText":"A good central location but beware this part of SF is expensive. You can walk to the harvest, take the cable car or get the tram. Literally a 2 minute walk from BART so only $8.95 to get to / from the airport. So overall pricey but good location","featured":false,"ratingsOnly":false,"ratingRoomCleanliness":4,"ratingHotelCondition":3,"ratingService":5,"ratingRoomComfort":4,"positiveRemarks":"","negativeRemarks":"","locationRemarks":"","lastInitial":"","userLocation":"","reviewSubmissionTime":"2016-08-01T15:23:36Z","reviewerCategories":[{"categoryId":"Everyone","categoryLabel":"Everyone"}],"userDisplayName":"","roomTypeId":201474876,"isUnverified":false,"isFlaggable":true,"isRecommended":"YES"},{"hotelId":"23395","totalPositiveFeedbacks":0,"tpid":"3","eapid":"0","contentLocale":"en_gb","totalThanks":0,"photos":[],"reviewId":"579e18ac89ba8c0b06203662","itinId":"111034905898","moderationStatus":"APPROVED","contentCodes":"","managementResponses":[],"ratingOverall":4,"langId":"2057","userNickname":"Julie","brandType":"Expedia","title":"I loved the style and location","reviewText":"Got our booking wrong and didn't have the right room but did discount it.","featured":false,"ratingsOnly":false,"ratingRoomCleanliness":4,"ratingHotelCondition":4,"ratingService":4,"ratingRoomComfort":4,"positiveRemarks":"","negativeRemarks":"","locationRemarks":"","lastInitial":"","userLocation":"Edinburgh","reviewSubmissionTime":"2016-07-31T15:26:36Z","reviewerCategories":[{"categoryId":"Everyone","categoryLabel":"Everyone"}],"userDisplayName":"","roomTypeId":201211301,"isUnverified":false,"isFlaggable":true,"isRecommended":"YES"},{"hotelId":"23395","totalPositiveFeedbacks":0,"tpid":"1","eapid":"0","contentLocale":"en_us","totalThanks":0,"photos":[{"thumbnailUrl":"https://a.travel-assets.com/ugc/hotel-reviews/B9EAE74CC1C02AD093909EACE638018195ED39151469642563074.jpg?resize=100:*","normalUrl":"https://a.travel-assets.com/ugc/hotel-reviews/B9EAE74CC1C02AD093909EACE638018195ED39151469642563074.jpg?resize=360:*","caption":"Sleep and Soak"}],"reviewId":"5798ecf02f43ae0b28843ac2","itinId":"1141001053655","moderationStatus":"APPROVED","contentCodes":"HMP","managementResponses":[],"ratingOverall":5,"langId":"1033","userNickname":"the love birds ","brandType":"Expedia","title":"Our 1st Anniversary ","reviewText":" We were warmly welcomed and it just got better. Harvey and Ruben made our stay so much more enjoyable than we anticipated! Harvey was very accommodating and generous being that it was our 1year anniversary. Ruben, who recommended great places to eat and was extremely kind and hospitable made both my husband and I feel right at home, like family! \r\n  We loved our Sleep and Soak Room, and sleep and soak we did. The room was cozy, sexy and romantic, perfect for celebrating our first year of marriage! \r\n The easy access to trolly carts and buses made our daily adventures in San Francisco a breeze. We didn't take advantage of the night life scene, but if that's your cup of tea Harvey would gladly recommend all the Hotspots! \r\n To sum it up we loved our stay at Hotel Union Square!  -(the love birds in room 623)","featured":false,"ratingsOnly":false,"ratingRoomCleanliness":5,"ratingHotelCondition":5,"ratingService":5,"ratingRoomComfort":5,"positiveRemarks":"","negativeRemarks":"","locationRemarks":"","lastInitial":"","userLocation":"","reviewSubmissionTime":"2016-07-27T17:18:40Z","reviewerCategories":[{"categoryId":"Everyone","categoryLabel":"Everyone"}],"userDisplayName":"","roomTypeId":201473622,"isUnverified":false,"isFlaggable":false,"isRecommended":"YES"},{"hotelId":"23395","totalPositiveFeedbacks":0,"tpid":"1","eapid":"0","contentLocale":"en_us","totalThanks":0,"photos":[],"reviewId":"57900f3092b3430b29892f3d","itinId":"1139826495858","moderationStatus":"APPROVED","contentCodes":"","managementResponses":[],"ratingOverall":5,"langId":"1033","userNickname":"Mike","brandType":"Expedia","title":"Awesome Hotel.... Awesome Staff...","reviewText":"I just relocated to San Francisco and spent my first night in the city at The Hotel Union Square. I enjoyed the hotel so much I extended my stay for a week. The hotel offers many superlatives but I was most impressed with \"the staff\" as they were friendly and went out of their way to assist me with everything from directions to recommending future living accommodations. I would also give high marks to the hotel's free evening wine hour and gym access. Kudos and many thanks to the staff for making my first week and stay in San Francisco a pleasant one! ","featured":false,"ratingsOnly":false,"ratingRoomCleanliness":5,"ratingHotelCondition":4,"ratingService":5,"ratingRoomComfort":5,"positiveRemarks":"","negativeRemarks":"","locationRemarks":"","lastInitial":"W","userLocation":"SFO","reviewSubmissionTime":"2016-07-20T23:54:24Z","reviewerCategories":[{"categoryId":"Everyone","categoryLabel":"Everyone"}],"userDisplayName":"","roomTypeId":201474876,"isUnverified":false,"isFlaggable":true,"isRecommended":"YES"},{"hotelId":"23395","totalPositiveFeedbacks":0,"tpid":"1","eapid":"0","contentLocale":"en_us","totalThanks":0,"photos":[],"reviewId":"578cd5d36710090b276f477c","itinId":"1139981312167","moderationStatus":"APPROVED","contentCodes":"NLI HMP MMD","managementResponses":[{"userNickname":"Tyler L.","displayLocale":"en_us","isFlaggable":true,"date":"2016-08-13T19:42:21Z","response":"Thank you for the feedback.  We apologize your visit was less than excellent.  We value your feedback and appreciate you taking the time to let us know. ","status":"APPROVED","id":"ae8e5955-9f91-400e-9ef8-753933480558"}],"ratingOverall":1,"langId":"1033","userNickname":"","brandType":"Expedia","title":"Chintzy hotel - terrible place to stay!","reviewText":"The room door would not lock from inside as it was a fire escape with the stairs outside the window. Room 328. \r\nThe only room left was an inside room, no window. It was really an awful chintzy hotel.","featured":false,"ratingsOnly":false,"ratingRoomCleanliness":2,"ratingHotelCondition":1,"ratingService":2,"ratingRoomComfort":1,"positiveRemarks":"Nothing","negativeRemarks":"Everything","locationRemarks":"Who cares? It's a terrible place to stay.","lastInitial":"","userLocation":"","reviewSubmissionTime":"2016-07-18T13:12:51Z","reviewerCategories":[{"categoryId":"Everyone","categoryLabel":"Everyone"}],"userDisplayName":"","roomTypeId":201473622,"isUnverified":false,"isFlaggable":false,"isRecommended":"NO"},{"hotelId":"23395","totalPositiveFeedbacks":1,"tpid":"1","eapid":"0","contentLocale":"en_us","totalThanks":1,"photos":[],"reviewId":"5788f2ea0bd7ad0b2751532c","itinId":"1138903054368","moderationStatus":"APPROVED","contentCodes":"NLI HMP MMD","managementResponses":[{"userNickname":"Tyler L.","displayLocale":"en_us","isFlaggable":true,"date":"2016-08-13T19:42:39Z","response":"Thank you for sharing this unfortunate experience with us.  We are very sorry you were unsatisfied and not able to stay at our property.  I can assure you this is not the check in experience we strive to offer our guests.  Thank you for taking the time to let us know.  We will review this feedback with the team. ","status":"APPROVED","id":"f4e57332-86ef-4263-9877-98e70756a5f3"}],"ratingOverall":1,"langId":"1033","userNickname":"","brandType":"Expedia","title":"Left hotwl","reviewText":"I went to the room they assigned me- the room's deadbolt on the door was broken. So I went down to the front desk to let them know and request a different room- they already knew about the broken door lock and was either hoping I didn't notice or didn't care! Upon my frustration and complaining, they switched my room. This second room had dirty sheet and shower. So after this I was so appalled that I just told them to cancel my reservation and I was leaving. I found a Marriott next door and stayed there. This hotel is such a rip off. ","featured":false,"ratingsOnly":false,"ratingRoomCleanliness":1,"ratingHotelCondition":1,"ratingService":1,"ratingRoomComfort":1,"positiveRemarks":"","negativeRemarks":"","locationRemarks":"","lastInitial":"","userLocation":"","reviewSubmissionTime":"2016-07-15T14:27:54Z","reviewerCategories":[{"categoryId":"Everyone","categoryLabel":"Everyone"}],"userDisplayName":"","roomTypeId":201474876,"isUnverified":false,"isFlaggable":false,"isRecommended":"NO"},{"hotelId":"23395","totalPositiveFeedbacks":0,"tpid":"25","eapid":"0","contentLocale":"en_au","totalThanks":0,"photos":[],"reviewId":"57815b4023b4170b4926fd79","itinId":"18381415282","moderationStatus":"APPROVED","contentCodes":"MMA","managementResponses":[],"ratingOverall":3,"langId":"3081","userNickname":"C0","brandType":"Expedia","title":"Very nice, nothing mind blowing. ","reviewText":"Nothing was terrible, but nothing was incredibly amazing either. The window looked out onto a wall in a tiny area with other walls and windows; can't call it a courtyard because it was too small and can't be accessed. Gave the room a dark claustrophobic feel. \r\n\r\nBut otherwise it was adequate, quite nice. ","featured":false,"ratingsOnly":false,"ratingRoomCleanliness":5,"ratingHotelCondition":4,"ratingService":4,"ratingRoomComfort":4,"positiveRemarks":"","negativeRemarks":"","locationRemarks":"","lastInitial":"","userLocation":"","reviewSubmissionTime":"2016-07-09T20:14:56Z","reviewerCategories":[{"categoryId":"Everyone","categoryLabel":"Everyone"}],"userDisplayName":"","roomTypeId":201474916,"isUnverified":false,"isFlaggable":false,"isRecommended":"YES"},{"hotelId":"23395","totalPositiveFeedbacks":1,"tpid":"1","eapid":"0","contentLocale":"en_us","totalThanks":1,"photos":[],"reviewId":"577a77098c05b30b7a5c61e2","itinId":"1137536322798","moderationStatus":"APPROVED","contentCodes":"","managementResponses":[],"ratingOverall":5,"langId":"1033","userNickname":"Elva ","brandType":"Expedia","title":"","reviewText":"Very helpful and knowledgeable staff. Answered all of the questions we had.","featured":false,"ratingsOnly":false,"ratingRoomCleanliness":5,"ratingHotelCondition":5,"ratingService":5,"ratingRoomComfort":5,"positiveRemarks":"","negativeRemarks":"","locationRemarks":"","lastInitial":"","userLocation":"","reviewSubmissionTime":"2016-07-04T14:47:37Z","reviewerCategories":[{"categoryId":"Everyone","categoryLabel":"Everyone"}],"userDisplayName":"","roomTypeId":201474938,"isUnverified":false,"isFlaggable":true,"isRecommended":"YES"},{"hotelId":"23395","totalPositiveFeedbacks":0,"tpid":"1","eapid":"0","contentLocale":"en_us","totalThanks":0,"photos":[],"reviewId":"5779d326d34ecf0b7ced98d2","itinId":"1137179608852","moderationStatus":"APPROVED","contentCodes":"","managementResponses":[],"ratingOverall":3,"langId":"1033","userNickname":"JC","brandType":"Expedia","title":"Good location, bad conditions ","reviewText":"Good location, rooms too small, not what You see in the pictures on the internet, there is no restaurant in the hotel","featured":false,"ratingsOnly":false,"ratingRoomCleanliness":3,"ratingHotelCondition":2,"ratingService":2,"ratingRoomComfort":2,"positiveRemarks":"","negativeRemarks":"","locationRemarks":"","lastInitial":"","userLocation":"","reviewSubmissionTime":"2016-07-04T03:08:22Z","reviewerCategories":[{"categoryId":"Everyone","categoryLabel":"Everyone"}],"userDisplayName":"","roomTypeId":201474947,"isUnverified":false,"isFlaggable":true,"isRecommended":"YES"},{"hotelId":"23395","totalPositiveFeedbacks":0,"tpid":"4","eapid":"0","contentLocale":"en_ca","totalThanks":0,"photos":[],"reviewId":"5777d3d9889b0b0b7a0adc50","itinId":"1138554820626","moderationStatus":"APPROVED","contentCodes":"","managementResponses":[],"ratingOverall":5,"langId":"4105","userNickname":"matt","brandType":"Expedia","title":"Great location ","reviewText":"Hotel was in the perfect location to be able to walk around and explore the city. Very clean and nice hotel. Will stay here again","featured":false,"ratingsOnly":false,"ratingRoomCleanliness":5,"ratingHotelCondition":5,"ratingService":5,"ratingRoomComfort":5,"positiveRemarks":"","negativeRemarks":"","locationRemarks":"","lastInitial":"","userLocation":"","reviewSubmissionTime":"2016-07-02T14:46:49Z","reviewerCategories":[{"categoryId":"Everyone","categoryLabel":"Everyone"}],"userDisplayName":"","roomTypeId":201474876,"isUnverified":false,"isFlaggable":true,"isRecommended":"YES"},{"hotelId":"23395","totalPositiveFeedbacks":0,"tpid":"1","eapid":"0","contentLocale":"en_us","totalThanks":0,"photos":[],"reviewId":"577714b8d43a630b7c05a536","itinId":"1139040076340","moderationStatus":"APPROVED","contentCodes":"HMP MMD","managementResponses":[{"userNickname":"Tyler L.","displayLocale":"en_us","isFlaggable":true,"date":"2016-08-13T19:43:09Z","response":"Thank you for taking the time to review us.  We are sorry to hear your stay was less than excellent.  We value your feedback and appreciate you letting us know. ","status":"APPROVED","id":"73e6c7b9-4ae0-4cc5-a097-d9233a22077f"}],"ratingOverall":1,"langId":"1033","userNickname":"Sylvia","brandType":"Expedia","title":"Room was no larger than a closet!  ","reviewText":"Room no larger than a closet, uncomfortably small, no clock radio, only one side lamp, noisy (I could hear TV noise from next room.  Getting to room was difficult, had to climb extra set of stairs, dark hallways and no privacy.  Way overpriced!  I would not stay there again or ever recommend it to anyone!","featured":false,"ratingsOnly":false,"ratingRoomCleanliness":3,"ratingHotelCondition":1,"ratingService":3,"ratingRoomComfort":1,"positiveRemarks":"The lemon water they offered at the front door, that is about it","negativeRemarks":"The price!","locationRemarks":"That was the only benefit, close to Union Square.","lastInitial":"","userLocation":"San Diego.","reviewSubmissionTime":"2016-07-02T01:11:20Z","reviewerCategories":[{"categoryId":"Everyone","categoryLabel":"Everyone"}],"userDisplayName":"","roomTypeId":201473622,"isUnverified":false,"isFlaggable":false,"isRecommended":"NO"},{"hotelId":"23395","totalPositiveFeedbacks":0,"tpid":"1","eapid":"0","contentLocale":"en_us","totalThanks":0,"photos":[],"reviewId":"576e9c554963a40b7d464b2c","itinId":"1135604521597","moderationStatus":"APPROVED","contentCodes":"","managementResponses":[],"ratingOverall":4,"langId":"1033","userNickname":"City Guy","brandType":"Expedia","title":"Near all the Union Square Shopping","reviewText":"Great proximity to the Retail District around Union Square and only 2 blocks from the Powell Metro. We had a great time shopping and museum going all within walking distance of the hotel. Staff were very friendly and helpful. The gave us a free upgrade to the Penthouse Suite; great views from the 6th floor! Hotel is older but tastefully remodeled. ","featured":false,"ratingsOnly":false,"ratingRoomCleanliness":4,"ratingHotelCondition":3,"ratingService":5,"ratingRoomComfort":4,"positiveRemarks":"","negativeRemarks":"","locationRemarks":"","lastInitial":"","userLocation":"SLO, CA","reviewSubmissionTime":"2016-06-25T14:59:33Z","reviewerCategories":[{"categoryId":"Everyone","categoryLabel":"Everyone"}],"userDisplayName":"","roomTypeId":201474938,"isUnverified":false,"isFlaggable":true,"isRecommended":"YES"},{"hotelId":"23395","totalPositiveFeedbacks":0,"tpid":"1","eapid":"0","contentLocale":"en_us","totalThanks":0,"photos":[],"reviewId":"5769d6fef74cdc0b7dea21e4","itinId":"1136117804072","moderationStatus":"APPROVED","contentCodes":"","managementResponses":[],"ratingOverall":5,"langId":"1033","userNickname":"Climbercam","brandType":"Expedia","title":"Extremely friendly, helpful & accommodating staff","reviewText":"I last visited San Francisco when I was only 11 years old so this was like a first visit. From check-in to check-out, the staff helped us navigate food, activities, and where to go, how to get there, and what to do. They always had a map handy which was extremely helpful. Surprisingly quiet given the proximity to the cable cars which are loud.  We are excited to return. ","featured":false,"ratingsOnly":false,"ratingRoomCleanliness":5,"ratingHotelCondition":5,"ratingService":5,"ratingRoomComfort":5,"positiveRemarks":"","negativeRemarks":"","locationRemarks":"","lastInitial":"","userLocation":"Sandy, Utah","reviewSubmissionTime":"2016-06-22T00:08:30Z","reviewerCategories":[{"categoryId":"Everyone","categoryLabel":"Everyone"}],"userDisplayName":"","roomTypeId":201474916,"isUnverified":false,"isFlaggable":true,"isRecommended":"YES"},{"hotelId":"23395","totalPositiveFeedbacks":0,"tpid":"25","eapid":"0","contentLocale":"en_au","totalThanks":0,"photos":[],"reviewId":"576826cfeb90230b7a18ceb0","itinId":"17473094793","moderationStatus":"APPROVED","contentCodes":"MMA","managementResponses":[],"ratingOverall":3,"langId":"3081","userNickname":"Kahrissa","brandType":"Expedia","title":"The hotel was good - nice fit out etc","reviewText":"There were parts that were very dated, but overall a pretty good experience","featured":false,"ratingsOnly":false,"ratingRoomCleanliness":3,"ratingHotelCondition":4,"ratingService":3,"ratingRoomComfort":4,"positiveRemarks":"","negativeRemarks":"","locationRemarks":"","lastInitial":"","userLocation":"","reviewSubmissionTime":"2016-06-20T17:24:31Z","reviewerCategories":[{"categoryId":"Everyone","categoryLabel":"Everyone"}],"userDisplayName":"","roomTypeId":201211301,"isUnverified":false,"isFlaggable":false,"isRecommended":"YES"},{"hotelId":"23395","totalPositiveFeedbacks":0,"tpid":"1","eapid":"0","contentLocale":"en_us","totalThanks":0,"photos":[],"reviewId":"574dce66a82dae09fa0fdba7","itinId":"1133974466894","moderationStatus":"APPROVED","contentCodes":"","managementResponses":[{"userNickname":"Domitille","displayLocale":"en_us","isFlaggable":true,"date":"2016-05-31T21:03:04Z","response":"Dear Julio,\r\nThank you, thank you, thank you!\r\nWe hope that you will be back soon.\r\nBest regards,","status":"APPROVED","id":"1fbecbed-025d-4286-b64a-e6e1ad64de90"}],"ratingOverall":4,"langId":"1033","userNickname":"julio","brandType":"Expedia","title":"nice hotel close to everything ","reviewText":"location good , staff was nice , rooms were kinda small but really i was only using room to sleep i was gone pretty much all day , i would recommend this hotel to anyone ","featured":false,"ratingsOnly":false,"ratingRoomCleanliness":5,"ratingHotelCondition":5,"ratingService":5,"ratingRoomComfort":3,"positiveRemarks":"","negativeRemarks":"","locationRemarks":"","lastInitial":"j","userLocation":"houston texas","reviewSubmissionTime":"2016-05-31T17:48:22Z","reviewerCategories":[{"categoryId":"Everyone","categoryLabel":"Everyone"}],"userDisplayName":"","roomTypeId":201474876,"isUnverified":false,"isFlaggable":true,"isRecommended":"YES"},{"hotelId":"23395","totalPositiveFeedbacks":0,"tpid":"1","eapid":"0","contentLocale":"en_us","totalThanks":0,"photos":[],"reviewId":"57428234e16cb509fc9c2deb","itinId":"1134617369278","moderationStatus":"APPROVED","contentCodes":"HMP MMD","managementResponses":[{"userNickname":"Domitille","displayLocale":"en_us","isFlaggable":false,"date":"2016-05-26T23:00:15Z","response":"Dear Guest,\r\n\r\nThank you very much for your comment. I can't express how disappointed I am by the level of service that was offered to you. I have already have a talk with the Front Desk staff so that  this kind of thing doesn't happen anymore. I want to apologize for the inconvenience. Thank you very much for sharing it with me.\r\nI hope that you will consider staying wit us again and witness improvement by yourself.\r\nBest regards","status":"APPROVED","id":"a3c0c25d-af67-41d6-923f-aff3342ec3a9"}],"ratingOverall":3,"langId":"1033","userNickname":"","brandType":"Expedia","title":"This is a great location for visiting SF. ","reviewText":"The understaffed front desk make check in and check out a lengthy process.  The room was tiny with a window facing another window approximately a foot away.  I arrived early and walked up to the desk.  \"Can I help you?.\"  When I told her I was here to check in... \"Check in is at three pm.\"  Blank look.  Can I check my bag and come back?  \"Over there.\"  I also called a couple of hours later just to ask if the room was ready.  There was no room ready and he took my number to text me when it was available.  I arrived around 5 pm obviously without a text to check in.  Then I went to the bell clerk to get my bags to take them to a tiny room with a view of the tiny room about a foot away from the window.  ","featured":false,"ratingsOnly":false,"ratingRoomCleanliness":4,"ratingHotelCondition":2,"ratingService":2,"ratingRoomComfort":3,"positiveRemarks":"The location is excellent. The room was clean and the bed was comfortable. ","negativeRemarks":"Everything else.","locationRemarks":"Union square.  Great location.  Close to everything.","lastInitial":"","userLocation":"","reviewSubmissionTime":"2016-05-23T04:08:20Z","reviewerCategories":[{"categoryId":"Everyone","categoryLabel":"Everyone"}],"userDisplayName":"","roomTypeId":201474916,"isUnverified":false,"isFlaggable":false,"isRecommended":"NO"},{"hotelId":"23395","totalPositiveFeedbacks":0,"tpid":"1","eapid":"0","contentLocale":"en_us","totalThanks":0,"photos":[],"reviewId":"573dfb2bb2013f09feefb837","itinId":"1135447888464","moderationStatus":"APPROVED","contentCodes":"","managementResponses":[{"userNickname":"Domitille","displayLocale":"en_us","isFlaggable":true,"date":"2016-05-24T23:52:09Z","response":"Dear Johanna,\r\n\r\nThank you very much for the 5 stars review and for choosing to stay with us. We loved that you loved your stay with us and we are looking forward to having you back soon.\r\nBest regards,","status":"APPROVED","id":"9fd048b0-7a43-423f-9df3-394ce9340fd9"}],"ratingOverall":5,"langId":"1033","userNickname":"Joahnna","brandType":"Expedia","title":"Great location, nice rooms, comfortable, convenien","reviewText":"Loved it!\r\nWill definitely stay again. \r\nStaff very friendly & accomodating.\r\nHistoric SF hotel.\r\nClose to work area.\r\nGood location.","featured":false,"ratingsOnly":false,"ratingRoomCleanliness":5,"ratingHotelCondition":5,"ratingService":5,"ratingRoomComfort":5,"positiveRemarks":"","negativeRemarks":"","locationRemarks":"","lastInitial":"J","userLocation":"B","reviewSubmissionTime":"2016-05-19T17:43:07Z","reviewerCategories":[{"categoryId":"Everyone","categoryLabel":"Everyone"}],"userDisplayName":"","roomTypeId":201474876,"isUnverified":false,"isFlaggable":true,"isRecommended":"YES"}]}}}
