{"reviewDetails":{"startIndex":0,"numberOfReviewsInThisPage":20,"reviewSummaryCollection":{"reviewSummary":[{"hotelId":"20488","totalReviewCnt":753,"avgOverallRating":4.261625,"cleanliness":4.4807467,"serviceAndStaff":4.4515305,"roomComfort":4.3054457,"hotelCondition":4.2695837,"convenienceOfLocation":4.647887,"neighborhoodSatisfaction":4.338028,"roomQuality":0,"targetedBrand":"Expedia","originSummary":[{"origin":"Expedia","reviewCnt":753,"recommendedPercent":89.50864,"avgOverallRating":4.261625,"cleanliness":4.4807467,"serviceAndStaff":4.4515305,"roomComfort":4.3054457,"hotelCondition":4.2695837,"convenienceOfLocation":4.647887,"neighborhoodSatisfaction":4.338028,"valueForMoney":0,"roomQuality":0,"categoryCounts":{"Everyone":340,"Couples":29,"BusinessTravelers":4,"Students":1,"Families":35,"Other":7},"roomTypeIdCounts":{"5809":190,"200784018":7,"200121658":15,"200782318":70,"200121655":16},"languageCounts":{"en":753}}],"recommendedPercent":89.50864,"valueForMoney":0,"categoryCounts":{"Everyone":340,"Couples":29,"BusinessTravelers":4,"Students":1,"Families":35,"Other":7},"roomTypeIdCounts":{"5809":190,"200784018":7,"200121658":15,"200782318":70,"200121655":16},"languageCounts":{"en":753},"featuredReview":{}}]},"reviewCollection":{"review":[{"hotelId":"20488","totalPositiveFeedbacks":0,"tpid":"1","eapid":"0","contentLocale":"en_us","totalThanks":0,"photos":[],"reviewId":"57ae18aaecd4940b076bec05","itinId":"1142409861808","moderationStatus":"APPROVED","contentCodes":"","managementResponses":[],"ratingOverall":4,"langId":"1033","userNickname":"Ellie","brandType":"Expedia","title":"Room with a view does NOT mean view of the ocean. ","reviewText":"Noise level should be monitored. The party near one of our rooms lasted until 3:15 AM.","featured":false,"ratingsOnly":false,"ratingRoomCleanliness":4,"ratingHotelCondition":4,"ratingService":5,"ratingRoomComfort":5,"positiveRemarks":"Staff was good. Check in receptionist gets a PLUS!","negativeRemarks":"The room and bath décor was rather ordinary for an all star hotel.","locationRemarks":"The Cable Car museum was a real gem!!","lastInitial":"","userLocation":"Auburn, CA","reviewSubmissionTime":"2016-08-12T18:42:50Z","reviewerCategories":[{"categoryId":"Everyone","categoryLabel":"Everyone"}],"userDisplayName":"","roomTypeId":5809,"isUnverified":false,"isFlaggable":true,"isRecommended":"YES"},{"hotelId":"20488","totalPositiveFeedbacks":0,"tpid":"1","eapid":"0","contentLocale":"en_us","totalThanks":0,"photos":[],"reviewId":"57a0abe14d74660b293ba068","itinId":"1125360777844","moderationStatus":"APPROVED","contentCodes":"MMA","managementResponses":[],"ratingOverall":3,"langId":"1033","userNickname":"Erin","brandType":"Expedia","title":"Hotel Near Fisherman's Wharf","reviewText":"The Marriott Fisherman's Wharf was a clean, comfortable hotel. Unfortunately, the price per night does not come with any amenities - you have to pay for wifi and to use the business center. The concierge was also not very friendly and told us to come back and speak with another representative the next day. We also were not able to check in when we arrived because their keycard machine was down. All in all, although the location is good, I would not stay here again.","featured":false,"ratingsOnly":false,"ratingRoomCleanliness":5,"ratingHotelCondition":4,"ratingService":3,"ratingRoomComfort":5,"positiveRemarks":"The hotel location is the best feature.","negativeRemarks":"Offering wifi to guests is something that the hotel should do; people need it to discover new things to do in town. ","locationRemarks":"Fisherman's Wharf, Pier 39 and the Ferry Building are in walking distance and fun to explore.","lastInitial":"","userLocation":"New York","reviewSubmissionTime":"2016-08-02T14:19:13Z","reviewerCategories":[{"categoryId":"Everyone","categoryLabel":"Everyone"}],"userDisplayName":"","roomTypeId":5809,"isUnverified":false,"isFlaggable":false,"isRecommended":"NO"},{"hotelId":"20488","totalPositiveFeedbacks":0,"tpid":"1","eapid":"0","contentLocale":"en_us","totalThanks":0,"photos":[],"reviewId":"579ce25807d2240b0aeeab90","itinId":"1129342921238","moderationStatus":"APPROVED","contentCodes":"","managementResponses":[],"ratingOverall":4,"langId":"1033","userNickname":"Julie","brandType":"Expedia","title":"Convenient location ","reviewText":"My family stayed here for my parents 70th.  Hotel was nice enough to send my parents a complimentary bottle of champagne.  Hotel is in a great location.  Walking distance to ghirardelli square and fishermans wharf.","featured":false,"ratingsOnly":false,"ratingRoomCleanliness":5,"ratingHotelCondition":4,"ratingService":4,"ratingRoomComfort":5,"positiveRemarks":"","negativeRemarks":"","locationRemarks":"","lastInitial":"","userLocation":"NY","reviewSubmissionTime":"2016-07-30T17:22:32Z","reviewerCategories":[{"categoryId":"Everyone","categoryLabel":"Everyone"}],"userDisplayName":"","roomTypeId":200782318,"isUnverified":false,"isFlaggable":true,"isRecommended":"YES"},{"hotelId":"20488","totalPositiveFeedbacks":0,"tpid":"1","eapid":"0","contentLocale":"en_us","totalThanks":0,"photos":[],"reviewId":"5798b7d40375880b29fac98e","itinId":"1138135262306","moderationStatus":"APPROVED","contentCodes":"","managementResponses":[],"ratingOverall":4,"langId":"1033","userNickname":"","brandType":"Expedia","title":"Fisherman a Warft Hotel","reviewText":"Nice enough hotel. Close to the action in Fishermans Warf and Pier 39 tourist area. Parking is very expensive at $56 per night... That seems to be taking advantage of a guest that already is paying a high room rate.","featured":false,"ratingsOnly":false,"ratingRoomCleanliness":4,"ratingHotelCondition":4,"ratingService":4,"ratingRoomComfort":3,"positiveRemarks":"","negativeRemarks":"","locationRemarks":"","lastInitial":"","userLocation":"","reviewSubmissionTime":"2016-07-27T13:32:04Z","reviewerCategories":[{"categoryId":"Everyone","categoryLabel":"Everyone"}],"userDisplayName":"","roomTypeId":200121658,"isUnverified":false,"isFlaggable":true,"isRecommended":"YES"},{"hotelId":"20488","totalPositiveFeedbacks":0,"tpid":"3","eapid":"0","contentLocale":"en_gb","totalThanks":0,"photos":[],"reviewId":"5797d5297331850b27c0b22d","itinId":"111460767056","moderationStatus":"APPROVED","contentCodes":"","managementResponses":[],"ratingOverall":5,"langId":"2057","userNickname":"Haitham","brandType":"Expedia","title":"","reviewText":"Location was great.\r\nValet car parking was expensive (no pre-booking is needed) ","featured":false,"ratingsOnly":false,"ratingRoomCleanliness":5,"ratingHotelCondition":5,"ratingService":5,"ratingRoomComfort":5,"positiveRemarks":"","negativeRemarks":"","locationRemarks":"About 5 minute walk from Pier 39 and Fisherman's Wharf.","lastInitial":"","userLocation":"Swansea","reviewSubmissionTime":"2016-07-26T21:24:57Z","reviewerCategories":[{"categoryId":"Everyone","categoryLabel":"Everyone"}],"userDisplayName":"","roomTypeId":200782318,"isUnverified":false,"isFlaggable":true,"isRecommended":"YES"},{"hotelId":"20488","totalPositiveFeedbacks":0,"tpid":"3","eapid":"0","contentLocale":"en_gb","totalThanks":0,"photos":[],"reviewId":"579353d7d29e300b2845aa5c","itinId":"112633509122","moderationStatus":"APPROVED","contentCodes":"","managementResponses":[],"ratingOverall":1,"langId":"2057","userNickname":"pew","brandType":"Expedia","title":"Very dated old hotel with a weird layout ","reviewText":"Indifferent hotel - like a business hotel from the 80s that never updated ","featured":false,"ratingsOnly":false,"ratingRoomCleanliness":2,"ratingHotelCondition":2,"ratingService":2,"ratingRoomComfort":2,"positiveRemarks":"","negativeRemarks":"","locationRemarks":"","lastInitial":"h","userLocation":"jhi","reviewSubmissionTime":"2016-07-23T11:24:07Z","reviewerCategories":[{"categoryId":"Everyone","categoryLabel":"Everyone"}],"userDisplayName":"","roomTypeId":5809,"isUnverified":false,"isFlaggable":true,"isRecommended":"NO"},{"hotelId":"20488","totalPositiveFeedbacks":1,"tpid":"1","eapid":"0","contentLocale":"en_us","totalThanks":1,"photos":[],"reviewId":"578da7900bd7ad0b2707ceb2","itinId":"1130916831812","moderationStatus":"APPROVED","contentCodes":"","managementResponses":[],"ratingOverall":4,"langId":"1033","userNickname":"Kristen","brandType":"Expedia","title":"Nice hotel Close to Fisherman's Wharf","reviewText":"This hotel is in a great location within walking distance to Fisherman's Wharf.  There are Muni stops right outside the hotel and it is a very short walk to one of the cable car stations.  Check in was very quick and all of the staff members we encountered were very friendly and helpful.  The hotel was clean and comfortable.  We enjoyed our stay here.","featured":false,"ratingsOnly":false,"ratingRoomCleanliness":4,"ratingHotelCondition":4,"ratingService":5,"ratingRoomComfort":4,"positiveRemarks":"","negativeRemarks":"","locationRemarks":"","lastInitial":"S","userLocation":"Simpsonville, SC","reviewSubmissionTime":"2016-07-19T04:07:44Z","reviewerCategories":[{"categoryId":"Everyone","categoryLabel":"Everyone"}],"userDisplayName":"","roomTypeId":200782318,"isUnverified":false,"isFlaggable":true,"isRecommended":"YES"},{"hotelId":"20488","totalPositiveFeedbacks":1,"tpid":"1","eapid":"0","contentLocale":"en_us","totalThanks":1,"photos":[],"reviewId":"578bae062c54c70b28557553","itinId":"1130936264711","moderationStatus":"APPROVED","contentCodes":"","managementResponses":[],"ratingOverall":5,"langId":"1033","userNickname":"poppy","brandType":"Expedia","title":"Close to wharf","reviewText":"Restful and enjoyable\r\nLoved the area\r\nTotal fun\r\nGreat time highly recommend\r\n","featured":false,"ratingsOnly":false,"ratingRoomCleanliness":5,"ratingHotelCondition":5,"ratingService":5,"ratingRoomComfort":5,"positiveRemarks":"Location\r\nCleanliness","negativeRemarks":"N/a","locationRemarks":"Wharf shopping\r\nRestaurants","lastInitial":"s","userLocation":"rutherford nj","reviewSubmissionTime":"2016-07-17T16:10:46Z","reviewerCategories":[{"categoryId":"Everyone","categoryLabel":"Everyone"}],"userDisplayName":"","roomTypeId":200782318,"isUnverified":false,"isFlaggable":true,"isRecommended":"YES"},{"hotelId":"20488","totalPositiveFeedbacks":0,"tpid":"1","eapid":"0","contentLocale":"en_us","totalThanks":0,"photos":[],"reviewId":"5789f4b8756ba70b27afe044","itinId":"1133216580281","moderationStatus":"APPROVED","contentCodes":"","managementResponses":[],"ratingOverall":4,"langId":"1033","userNickname":"","brandType":"Expedia","title":"","reviewText":"Very good hotel close from attraction nice stuff \r\nWith cleen room .","featured":false,"ratingsOnly":false,"ratingRoomCleanliness":4,"ratingHotelCondition":5,"ratingService":5,"ratingRoomComfort":5,"positiveRemarks":"","negativeRemarks":"","locationRemarks":"","lastInitial":"","userLocation":"","reviewSubmissionTime":"2016-07-16T08:47:52Z","reviewerCategories":[{"categoryId":"Everyone","categoryLabel":"Everyone"}],"userDisplayName":"","roomTypeId":5809,"isUnverified":false,"isFlaggable":true,"isRecommended":"YES"},{"hotelId":"20488","totalPositiveFeedbacks":0,"tpid":"30029","eapid":"0","contentLocale":"en_us","totalThanks":0,"photos":[],"reviewId":"5787a8ef0cb5d70b2910ce70","itinId":"13469380073","moderationStatus":"APPROVED","contentCodes":"HMP MMD","managementResponses":[],"ratingOverall":5,"langId":"1033","userNickname":"mary","brandType":"Expedia","title":"On warf everything was excellent.","reviewText":"Had a great time staff was so helpful. Easy access to many things, China Town, Downtown, Warf, Ocean.","featured":false,"ratingsOnly":false,"ratingRoomCleanliness":5,"ratingHotelCondition":5,"ratingService":5,"ratingRoomComfort":5,"positiveRemarks":"so close to warf","negativeRemarks":"nothing","locationRemarks":"warf we did everything we set out to do.","lastInitial":"","userLocation":"Mount Dora, FL","reviewSubmissionTime":"2016-07-14T14:59:59Z","reviewerCategories":[{"categoryId":"Everyone","categoryLabel":"Everyone"}],"userDisplayName":"","roomTypeId":5809,"isUnverified":false,"isFlaggable":false,"isRecommended":"YES"},{"hotelId":"20488","totalPositiveFeedbacks":1,"tpid":"1","eapid":"0","contentLocale":"en_us","totalThanks":1,"photos":[],"reviewId":"5765666483106a0b50a9c540","itinId":"1130464920797","moderationStatus":"APPROVED","contentCodes":"","managementResponses":[],"ratingOverall":3,"langId":"1033","userNickname":"","brandType":"Expedia","title":"","reviewText":"Concierge was useless and have lousy attitude. I don't want that when I go on vacation. Room was clean but street noise woke me up. Good for location of the hotel and price. Bed was comfortable. ","featured":false,"ratingsOnly":false,"ratingRoomCleanliness":4,"ratingHotelCondition":3,"ratingService":2,"ratingRoomComfort":4,"positiveRemarks":"","negativeRemarks":"","locationRemarks":"","lastInitial":"","userLocation":"","reviewSubmissionTime":"2016-06-18T15:19:00Z","reviewerCategories":[{"categoryId":"Everyone","categoryLabel":"Everyone"}],"userDisplayName":"","roomTypeId":200782318,"isUnverified":false,"isFlaggable":true,"isRecommended":"YES"},{"hotelId":"20488","totalPositiveFeedbacks":1,"tpid":"1","eapid":"0","contentLocale":"en_us","totalThanks":1,"photos":[],"reviewId":"573c7e1469c3f409f807abca","itinId":"1124464179692","moderationStatus":"APPROVED","contentCodes":"","managementResponses":[],"ratingOverall":5,"langId":"1033","userNickname":"","brandType":"Expedia","title":"Convenient","reviewText":"A great and convenient place to stay. Just a block of two from tours & places of interest.","featured":false,"ratingsOnly":false,"ratingRoomCleanliness":5,"ratingHotelCondition":5,"ratingService":5,"ratingRoomComfort":5,"positiveRemarks":"","negativeRemarks":"","locationRemarks":"","lastInitial":"","userLocation":"","reviewSubmissionTime":"2016-05-18T14:37:08Z","reviewerCategories":[{"categoryId":"Everyone","categoryLabel":"Everyone"}],"userDisplayName":"","roomTypeId":200782318,"isUnverified":false,"isFlaggable":true,"isRecommended":"YES"},{"hotelId":"20488","totalPositiveFeedbacks":0,"tpid":"1","eapid":"0","contentLocale":"en_us","totalThanks":0,"photos":[],"reviewId":"571ba285ca288a09da94f08e","itinId":"1131435643042","moderationStatus":"APPROVED","contentCodes":"","managementResponses":[],"ratingOverall":5,"langId":"1033","userNickname":"","brandType":"Expedia","title":"Close to everything. ","reviewText":"Loved the hotel. Bus stop was right by it and it was walking distance to tons of stuff. Very clean and safe. ","featured":false,"ratingsOnly":false,"ratingRoomCleanliness":5,"ratingHotelCondition":4,"ratingService":4,"ratingRoomComfort":5,"positiveRemarks":"","negativeRemarks":"","locationRemarks":"","lastInitial":"","userLocation":"","reviewSubmissionTime":"2016-04-23T16:27:49Z","reviewerCategories":[{"categoryId":"Everyone","categoryLabel":"Everyone"}],"userDisplayName":"","roomTypeId":200782318,"isUnverified":false,"isFlaggable":true,"isRecommended":"YES"},{"hotelId":"20488","totalPositiveFeedbacks":1,"tpid":"1","eapid":"0","contentLocale":"en_us","totalThanks":1,"photos":[],"reviewId":"571416f610926409f6b5847b","itinId":"1129729545460","moderationStatus":"APPROVED","contentCodes":"HMP MMD","managementResponses":[],"ratingOverall":1,"langId":"1033","userNickname":"","brandType":"Expedia","title":"","reviewText":"Nice hotel, but experience ruined by being gouged $12.95 for room wifi paying $350 a night...","featured":false,"ratingsOnly":false,"ratingRoomCleanliness":5,"ratingHotelCondition":5,"ratingService":5,"ratingRoomComfort":5,"positiveRemarks":"","negativeRemarks":"","locationRemarks":"","lastInitial":"","userLocation":"","reviewSubmissionTime":"2016-04-17T23:06:30Z","reviewerCategories":[{"categoryId":"Everyone","categoryLabel":"Everyone"}],"userDisplayName":"","roomTypeId":5809,"isUnverified":false,"isFlaggable":false,"isRecommended":"NO"},{"hotelId":"20488","totalPositiveFeedbacks":1,"tpid":"1","eapid":"0","contentLocale":"en_us","totalThanks":1,"photos":[],"reviewId":"5710343510a48809f71621d6","itinId":"1127933335668","moderationStatus":"APPROVED","contentCodes":"","managementResponses":[],"ratingOverall":4,"langId":"1033","userNickname":"","brandType":"Expedia","title":"San Francisco 2016","reviewText":"Very close to the wharf , excellent staff little high priced both overall it was very good","featured":false,"ratingsOnly":false,"ratingRoomCleanliness":5,"ratingHotelCondition":4,"ratingService":5,"ratingRoomComfort":5,"positiveRemarks":"","negativeRemarks":"","locationRemarks":"","lastInitial":"","userLocation":"","reviewSubmissionTime":"2016-04-15T00:22:13Z","reviewerCategories":[{"categoryId":"Everyone","categoryLabel":"Everyone"}],"userDisplayName":"","roomTypeId":200782318,"isUnverified":false,"isFlaggable":true,"isRecommended":"YES"},{"hotelId":"20488","totalPositiveFeedbacks":0,"tpid":"1","eapid":"0","contentLocale":"en_us","totalThanks":0,"photos":[],"reviewId":"570e6fda10926409f63a79d2","itinId":"1124145826155","moderationStatus":"APPROVED","contentCodes":"","managementResponses":[],"ratingOverall":4,"langId":"1033","userNickname":"Bob","brandType":"Expedia","title":"Family Trip to the City by the Bay!","reviewText":"We enjoyed our stay!  The hotel is ideally located near the wharf, ghiradelli, and transportation.  The rooms were clean, staff very attentive.  I thought we booked rooms with double queens, they were doubles so I was disappointed with Expedia and Marriott.  Doubles were tight, we had 4 rooms with kids in each room.  Beautiful place though.  Enjoyed the trip.  ","featured":false,"ratingsOnly":false,"ratingRoomCleanliness":5,"ratingHotelCondition":5,"ratingService":4,"ratingRoomComfort":3,"positiveRemarks":"","negativeRemarks":"","locationRemarks":"","lastInitial":"","userLocation":"Huntington Beach","reviewSubmissionTime":"2016-04-13T16:12:10Z","reviewerCategories":[{"categoryId":"Everyone","categoryLabel":"Everyone"}],"userDisplayName":"","roomTypeId":200782318,"isUnverified":false,"isFlaggable":true,"isRecommended":"YES"},{"hotelId":"20488","totalPositiveFeedbacks":0,"tpid":"1","eapid":"0","contentLocale":"en_us","totalThanks":0,"photos":[],"reviewId":"570d9286d8246109f5167903","itinId":"1130876414880","moderationStatus":"APPROVED","contentCodes":"","managementResponses":[{"userNickname":"Sol P","displayLocale":"en_us","isFlaggable":true,"date":"2016-04-15T19:56:07Z","response":"Dear Anonymous,\r\n\r\nGreetings from Marriott Fisherman's Wharf.\r\n\r\nThank you for taking the time in providing us your feedback regarding your stay. \r\n\r\nThank you for noting our close proximity to the Fisherman’s Wharf area. \r\n\r\nWe are sorry to hear that we did not meet your expectations with our food, amenities, valet service and pricing. Your feedback is integral to our ability to continue to improve our services and we will share your feedback to all departments to ensure that this was an isolated incident and will be corrected moving forward. \r\n\r\nUpholding our commitment to provide a memorable experience with exceptional service, we hope to have an opportunity to better your experience with us whenever your travels bring you back to San Francisco.\r\n\r\nSol Phua\r\nAssistant Front Office Manager\r\n\r\n","status":"APPROVED","id":"8b5d6d41-8dca-4178-a978-f8fbdb562493"}],"ratingOverall":3,"langId":"1033","userNickname":"","brandType":"Expedia","title":"Very Average - Nothing Special","reviewText":"Very close to the Pier and other touristy things.  Close to Trader Joe's and Safeway grocery stores.  Everything is pretty average, including the service.  Sure, they have fresh cookies out at 4pm for check in - but you will never see them.  They have free umbrella's for when it's raining out, if there are any left.  The food and bar are way over priced and is always empty.  Parking is Valet only and is way more expensive than all the other hotels near by.  ","featured":false,"ratingsOnly":false,"ratingRoomCleanliness":3,"ratingHotelCondition":3,"ratingService":3,"ratingRoomComfort":3,"positiveRemarks":"","negativeRemarks":"Didn't like how the Valet expected a tip every time we drove our car.  We drove our car 2x a day and would prefer to park it ourselves. ","locationRemarks":"","lastInitial":"","userLocation":"Chicago, IL","reviewSubmissionTime":"2016-04-13T00:27:50Z","reviewerCategories":[{"categoryId":"Everyone","categoryLabel":"Everyone"}],"userDisplayName":"","roomTypeId":200782318,"isUnverified":false,"isFlaggable":true,"isRecommended":"YES"},{"hotelId":"20488","totalPositiveFeedbacks":0,"tpid":"1","eapid":"0","contentLocale":"en_us","totalThanks":0,"photos":[],"reviewId":"5701ee854f20ca097a266294","itinId":"1131221603520","moderationStatus":"APPROVED","contentCodes":"HMP MMD","managementResponses":[{"userNickname":"Greg","displayLocale":"en_us","isFlaggable":false,"date":"2016-04-08T06:30:04Z","response":"Thank you for taking the time to fill out a guest review. Your comments are greatly appreciated and will aid us in our commitment to guest service excellence.  To access the Wi-Fi, you must accept the charge and enter a room number and last name before it will begin to work.  Our parking prices are at or below the average in the area and the city.  Thank you for your nice comments about the staff.  We do pride ourselves on providing the highest possible level of service and product to our guests.   ","status":"APPROVED","id":"6b090b3a-f9eb-4c33-87b8-c8a57057d711"}],"ratingOverall":3,"langId":"1033","userNickname":"lisa","brandType":"Expedia","title":"Wonderful staff","reviewText":"No wifi, even when signed in. High parking price with an additional 15% tax added onto that. Otherwise, lovely hotel with amazingly helpful and courteous staff. Would return here just because of the customer service.","featured":false,"ratingsOnly":false,"ratingRoomCleanliness":5,"ratingHotelCondition":4,"ratingService":5,"ratingRoomComfort":4,"positiveRemarks":"","negativeRemarks":"","locationRemarks":"","lastInitial":"c","userLocation":"modesto, ca","reviewSubmissionTime":"2016-04-04T04:33:09Z","reviewerCategories":[{"categoryId":"Everyone","categoryLabel":"Everyone"}],"userDisplayName":"","roomTypeId":200784018,"isUnverified":false,"isFlaggable":false,"isRecommended":"YES"},{"hotelId":"20488","totalPositiveFeedbacks":0,"tpid":"1","eapid":"0","contentLocale":"en_us","totalThanks":0,"photos":[],"reviewId":"5701e8baa6b720097aa13fb9","itinId":"1127824889764","moderationStatus":"APPROVED","contentCodes":"MMA","managementResponses":[{"userNickname":"Greg","displayLocale":"en_us","isFlaggable":false,"date":"2016-04-05T19:30:24Z","response":"Thank you for taking the time to fill out the Guest Review. Please know that I will be addressing your comments with our entire team as we strive to raise the bar of excellence here.  It is only through feedback such as yours that we are able to improve our services and provide a stay that will meet your expectations and ours.","status":"APPROVED","id":"f362b519-ae00-4bc6-b07b-8f032fdd17e4"}],"ratingOverall":3,"langId":"1033","userNickname":"Jan","brandType":"Expedia","title":"Great location for walking on the wharf. ","reviewText":"Check in and out was easy. Food good. Wait staff was disinterested in serving. Sat for a long time at the bar and at breakfast.  Never got towels when asked for and there was no hand soap in the bathrooms. ","featured":false,"ratingsOnly":false,"ratingRoomCleanliness":3,"ratingHotelCondition":3,"ratingService":2,"ratingRoomComfort":2,"positiveRemarks":"","negativeRemarks":"","locationRemarks":"","lastInitial":"","userLocation":"Colorado","reviewSubmissionTime":"2016-04-04T04:08:26Z","reviewerCategories":[{"categoryId":"Everyone","categoryLabel":"Everyone"}],"userDisplayName":"","roomTypeId":5809,"isUnverified":false,"isFlaggable":false,"isRecommended":"YES"},{"hotelId":"20488","totalPositiveFeedbacks":0,"tpid":"1","eapid":"0","contentLocale":"en_us","totalThanks":0,"photos":[],"reviewId":"56f83788044ff50979251b9e","itinId":"1130698145137","moderationStatus":"APPROVED","contentCodes":"","managementResponses":[],"ratingOverall":4,"langId":"1033","userNickname":"","brandType":"Expedia","title":"Good location but a bit pricey ","reviewText":"A little over priced for your basic hotel. However, excellent location walking distance to the wharf and china town. Staff as nice enough comp wifi. I also purchased the parking package which helped to save us some money. ","featured":false,"ratingsOnly":false,"ratingRoomCleanliness":4,"ratingHotelCondition":4,"ratingService":4,"ratingRoomComfort":4,"positiveRemarks":"","negativeRemarks":"","locationRemarks":"","lastInitial":"","userLocation":"","reviewSubmissionTime":"2016-03-27T19:42:00Z","reviewerCategories":[{"categoryId":"Everyone","categoryLabel":"Everyone"}],"userDisplayName":"","roomTypeId":200782318,"isUnverified":false,"isFlaggable":true,"isRecommended":"YES"}]}}}
