{"reviewDetails":{"startIndex":0,"numberOfReviewsInThisPage":20,"reviewSummaryCollection":{"reviewSummary":[{"hotelId":"22500","totalReviewCnt":1300,"avgOverallRating":4.20231,"cleanliness":4.4169292,"serviceAndStaff":4.3669195,"roomComfort":4.2661557,"hotelCondition":4.2200007,"convenienceOfLocation":4.6859493,"neighborhoodSatisfaction":4.446282,"roomQuality":0,"targetedBrand":"Expedia","originSummary":[{"origin":"Expedia","reviewCnt":1300,"recommendedPercent":87.230774,"avgOverallRating":4.20231,"cleanliness":4.4169292,"serviceAndStaff":4.3669195,"roomComfort":4.2661557,"hotelCondition":4.2200007,"convenienceOfLocation":4.6859493,"neighborhoodSatisfaction":4.446282,"valueForMoney":0,"roomQuality":0,"categoryCounts":{"Everyone":537,"Couples":57,"BusinessTravelers":2,"Families":77,"Other":8},"roomTypeIdCounts":{"200162537":8,"200849872":35,"200162406":1,"200177285":1,"201301203":7,"201301202":17,"201301201":3,"201301200":8,"201301198":4,"201301197":4,"200245341":13,"200162555":103,"200849862":62,"200162544":148},"languageCounts":{"en":1300}}],"recommendedPercent":87.230774,"valueForMoney":0,"categoryCounts":{"Everyone":537,"Couples":57,"BusinessTravelers":2,"Families":77,"Other":8},"roomTypeIdCounts":{"200162537":8,"200849872":35,"200162406":1,"200177285":1,"201301203":7,"201301202":17,"201301201":3,"201301200":8,"201301198":4,"201301197":4,"200245341":13,"200162555":103,"200849862":62,"200162544":148},"languageCounts":{"en":1300},"featuredReview":{}}]},"reviewCollection":{"review":[{"hotelId":"22500","totalPositiveFeedbacks":0,"tpid":"1","eapid":"0","contentLocale":"en_us","totalThanks":0,"photos":[],"reviewId":"57b6783868fa700b76e54849","itinId":"1140990344564","moderationStatus":"APPROVED","contentCodes":"","managementResponses":[],"ratingOverall":2,"langId":"1033","userNickname":"smooth operator","brandType":"Expedia","title":"Shower mat and bed sheets had holes .","reviewText":"Unbelievable at the Hyatt centric hotel with 300+ dollar rates ","featured":false,"ratingsOnly":false,"ratingRoomCleanliness":3,"ratingHotelCondition":2,"ratingService":4,"ratingRoomComfort":3,"positiveRemarks":"","negativeRemarks":"","locationRemarks":"","lastInitial":"","userLocation":"washington,dc","reviewSubmissionTime":"2016-08-19T03:08:40Z","reviewerCategories":[{"categoryId":"Everyone","categoryLabel":"Everyone"}],"userDisplayName":"","roomTypeId":201301202,"isUnverified":false,"isFlaggable":true,"isRecommended":"NO"},{"hotelId":"22500","totalPositiveFeedbacks":0,"tpid":"1","eapid":"0","contentLocale":"en_us","totalThanks":0,"photos":[],"reviewId":"57b5ae344751ca0b79362142","itinId":"1134007049455","moderationStatus":"APPROVED","contentCodes":"","managementResponses":[],"ratingOverall":5,"langId":"1033","userNickname":"Jasmine","brandType":"Expedia","title":"Wonderful!","reviewText":"The air conditioner went out during our stay. There was a delay but the managers did everything to correct the problem! The air conditioner was fixed, the managers delivered a complimentary tray with all types of goodies. They also called to make sure the air conditioner was working and also gave us a free breakfast for my entire family!!! Excellent service! This is my third time staying in California. When I go back I will be staying at the this hotel!","featured":false,"ratingsOnly":false,"ratingRoomCleanliness":5,"ratingHotelCondition":5,"ratingService":5,"ratingRoomComfort":5,"positiveRemarks":"The service!","negativeRemarks":"Nothing!","locationRemarks":"Great location walking distance. Close to everything!","lastInitial":"W","userLocation":"Ga","reviewSubmissionTime":"2016-08-18T12:46:44Z","reviewerCategories":[{"categoryId":"Everyone","categoryLabel":"Everyone"}],"userDisplayName":"","roomTypeId":201301202,"isUnverified":false,"isFlaggable":true,"isRecommended":"YES"},{"hotelId":"22500","totalPositiveFeedbacks":0,"tpid":"1","eapid":"0","contentLocale":"en_us","totalThanks":0,"photos":[],"reviewId":"57b09da1fc689a0b07b3face","itinId":"1137107107825","moderationStatus":"APPROVED","contentCodes":"","managementResponses":[],"ratingOverall":4,"langId":"1033","userNickname":"C.","brandType":"Expedia","title":"Good location to Fisherman's Wharf","reviewText":"Were not aware that they had a place to purchase sodas, milk, etc to make our stay more convenient.  Would have been nice to know.  Outdoor pool is not helpful in August, evening are too cold to swim.  Bathrooms needed more storage such as shelves for personal belongings or hooks to dry towels, hang a robe, etc.  Our view was of the roof top - that sucked - felt we should get a discount for that.  ","featured":false,"ratingsOnly":false,"ratingRoomCleanliness":4,"ratingHotelCondition":4,"ratingService":4,"ratingRoomComfort":4,"positiveRemarks":"Close to Fisherman's Wharf.  Lots of restaurants around","negativeRemarks":"See Bathrooms above. ","locationRemarks":"See above.","lastInitial":"L","userLocation":"Kansas City","reviewSubmissionTime":"2016-08-14T16:34:41Z","reviewerCategories":[{"categoryId":"Families","categoryLabel":"Families"}],"userDisplayName":"","roomTypeId":200849872,"isUnverified":false,"isFlaggable":true,"isRecommended":"NO"},{"hotelId":"22500","totalPositiveFeedbacks":0,"tpid":"1","eapid":"0","contentLocale":"en_us","totalThanks":0,"photos":[],"reviewId":"57a9d5bf0383a70b07187b41","itinId":"1141126345906","moderationStatus":"APPROVED","contentCodes":"","managementResponses":[],"ratingOverall":5,"langId":"1033","userNickname":"","brandType":"Expedia","title":"","reviewText":"I truly enjoyed my stay.  The hotel is located within walking distance of many activities.","featured":false,"ratingsOnly":false,"ratingRoomCleanliness":5,"ratingHotelCondition":5,"ratingService":5,"ratingRoomComfort":5,"positiveRemarks":"","negativeRemarks":"","locationRemarks":"","lastInitial":"","userLocation":"","reviewSubmissionTime":"2016-08-09T13:08:15Z","reviewerCategories":[{"categoryId":"Everyone","categoryLabel":"Everyone"}],"userDisplayName":"","roomTypeId":200849872,"isUnverified":false,"isFlaggable":true,"isRecommended":"YES"},{"hotelId":"22500","totalPositiveFeedbacks":0,"tpid":"4","eapid":"0","contentLocale":"en_ca","totalThanks":0,"photos":[],"reviewId":"57a4b3574f61260b269983fa","itinId":"1139039691030","moderationStatus":"APPROVED","contentCodes":"","managementResponses":[],"ratingOverall":4,"langId":"4105","userNickname":"","brandType":"Expedia","title":"","reviewText":"Excellent location.walking distance to Pier 39.Public transportation  very convinient.Nice pool and spa to relax after a day visiting the City and the surrounding.classy staff.Brunch and continental breakfast are very good but a little expansive .negative point..the mattress.,not the quality we should expect from. this hôtel.Danielle,Quebec.","featured":false,"ratingsOnly":false,"ratingRoomCleanliness":5,"ratingHotelCondition":3,"ratingService":4,"ratingRoomComfort":3,"positiveRemarks":"","negativeRemarks":"","locationRemarks":"","lastInitial":"","userLocation":"","reviewSubmissionTime":"2016-08-05T15:40:07Z","reviewerCategories":[{"categoryId":"Everyone","categoryLabel":"Everyone"}],"userDisplayName":"","roomTypeId":200849872,"isUnverified":false,"isFlaggable":true,"isRecommended":"YES"},{"hotelId":"22500","totalPositiveFeedbacks":0,"tpid":"62","eapid":"0","contentLocale":"en_us","totalThanks":0,"photos":[],"reviewId":"57a455bb849f110b28b45ae2","itinId":"134426001013","moderationStatus":"APPROVED","contentCodes":"HMP MMD","managementResponses":[],"ratingOverall":1,"langId":"1033","userNickname":"ERIC","brandType":"Expedia","title":"","reviewText":"Over the years I've stayed in this Hyatt Fisherman's Wharf for many times, but my last stay gave me a very bad impression! The bathtub was greasy and clogged, the toilet wasn't clean, the bed sheet had a stain, the sink was clogged too. My wife was very upset about the cleaness of the room and said she rather stay at the Holiday Inn across the street. We agreed not to stay in this hotel again!\r\n\r\n ","featured":false,"ratingsOnly":false,"ratingRoomCleanliness":1,"ratingHotelCondition":3,"ratingService":3,"ratingRoomComfort":3,"positiveRemarks":"","negativeRemarks":"THE BATHROOM SHOULD BE MORE CLEAN","locationRemarks":"","lastInitial":"C","userLocation":"YORBA LINDA","reviewSubmissionTime":"2016-08-05T09:00:43Z","reviewerCategories":[{"categoryId":"Everyone","categoryLabel":"Everyone"}],"userDisplayName":"","roomTypeId":200849862,"isUnverified":false,"isFlaggable":false,"isRecommended":"NO"},{"hotelId":"22500","totalPositiveFeedbacks":0,"tpid":"1","eapid":"0","contentLocale":"en_us","totalThanks":0,"photos":[],"reviewId":"57a1e0f7e40c4a0b28a2f853","itinId":"1135890759923","moderationStatus":"APPROVED","contentCodes":"","managementResponses":[],"ratingOverall":5,"langId":"1033","userNickname":"Steve","brandType":"Expedia","title":"This is where you want to be..","reviewText":"I stayed at this hotel for 8 nights, and it was lovely. The staff is incredibly nice, the rooms are immaculate, and most importantly it's location is perfect. You are 2 blocks away from the Wharf. Their restaurant had excellent food, and their concierges were very helpful. The only complaint would be the price of parking, but parking is expensive at all hotels in San Francisco. This is one of the more pricey hotels, but believe me it is worth it. I'm going back to San Francisco, and I will be staying here again.","featured":false,"ratingsOnly":false,"ratingRoomCleanliness":5,"ratingHotelCondition":5,"ratingService":5,"ratingRoomComfort":5,"positiveRemarks":"","negativeRemarks":"","locationRemarks":"","lastInitial":"","userLocation":"New York City","reviewSubmissionTime":"2016-08-03T12:17:59Z","reviewerCategories":[{"categoryId":"Everyone","categoryLabel":"Everyone"}],"userDisplayName":"","roomTypeId":200162555,"isUnverified":false,"isFlaggable":true,"isRecommended":"YES"},{"hotelId":"22500","totalPositiveFeedbacks":0,"tpid":"1","eapid":"0","contentLocale":"en_us","totalThanks":0,"photos":[{"thumbnailUrl":"https://a.travel-assets.com/ugc/hotel-reviews/91244CE030FEA6CFE79E29EE0CD5DAA5C7FA94441470157364603.jpg?resize=100:*","normalUrl":"https://a.travel-assets.com/ugc/hotel-reviews/91244CE030FEA6CFE79E29EE0CD5DAA5C7FA94441470157364603.jpg?resize=360:*","caption":"City view"}],"reviewId":"57a0c68d66d3410b2be8c9b0","itinId":"1138877270452","moderationStatus":"APPROVED","contentCodes":"HMP","managementResponses":[],"ratingOverall":3,"langId":"1033","userNickname":"philip","brandType":"Expedia","title":"Do not arrive early","reviewText":"Nice hotel - but we arrived two hours early and had to wait (after a 9 hour trip) - said they would text when room was ready but did not. Also when we got our room - dead on check in time 3pm - it did not have a city view (see pic) - was too tied to complain.","featured":false,"ratingsOnly":false,"ratingRoomCleanliness":4,"ratingHotelCondition":3,"ratingService":3,"ratingRoomComfort":4,"positiveRemarks":"","negativeRemarks":"","locationRemarks":"","lastInitial":"","userLocation":"milwaukee","reviewSubmissionTime":"2016-08-02T16:13:01Z","reviewerCategories":[{"categoryId":"Everyone","categoryLabel":"Everyone"}],"userDisplayName":"","roomTypeId":201301202,"isUnverified":false,"isFlaggable":false,"isRecommended":"NO"},{"hotelId":"22500","totalPositiveFeedbacks":0,"tpid":"1","eapid":"0","contentLocale":"en_us","totalThanks":0,"photos":[],"reviewId":"57a08527fef6e20b289bef8b","itinId":"1139924028566","moderationStatus":"APPROVED","contentCodes":"","managementResponses":[],"ratingOverall":4,"langId":"1033","userNickname":"","brandType":"Expedia","title":"All good but the wifi","reviewText":"This was my second stay at this hotel. The location was great, the room was clean, staff were all very helpful. The wifi signal in our room was not strong enough to allow us to connect our devices. I called the front desk and they offered to send up an technician, I declined. It's just wifi so I can live without it but if I had needed it for work it could have been a bigger deal. I'd stay here again.","featured":false,"ratingsOnly":false,"ratingRoomCleanliness":5,"ratingHotelCondition":5,"ratingService":5,"ratingRoomComfort":5,"positiveRemarks":"","negativeRemarks":"","locationRemarks":"","lastInitial":"","userLocation":"","reviewSubmissionTime":"2016-08-02T11:33:59Z","reviewerCategories":[{"categoryId":"Everyone","categoryLabel":"Everyone"}],"userDisplayName":"","roomTypeId":201301203,"isUnverified":false,"isFlaggable":true,"isRecommended":"YES"},{"hotelId":"22500","totalPositiveFeedbacks":0,"tpid":"1","eapid":"0","contentLocale":"en_us","totalThanks":0,"photos":[],"reviewId":"57a05a11a5437e0b28041ef8","itinId":"1141620870566","moderationStatus":"APPROVED","contentCodes":"","managementResponses":[],"ratingOverall":3,"langId":"1033","userNickname":"Travis","brandType":"Expedia","title":"Dated hotel that is overpriced.","reviewText":"Rooms and beds are small. Valet parking is mandatory and costs $60. Pool is incredibly small and shallow. Food was quite good. Personally, I would either spend more money for more comfort somewhere else, or spend less money for the same elsewhere. ","featured":false,"ratingsOnly":false,"ratingRoomCleanliness":5,"ratingHotelCondition":3,"ratingService":4,"ratingRoomComfort":3,"positiveRemarks":"","negativeRemarks":"","locationRemarks":"","lastInitial":"m","userLocation":"","reviewSubmissionTime":"2016-08-02T08:30:09Z","reviewerCategories":[{"categoryId":"Everyone","categoryLabel":"Everyone"}],"userDisplayName":"","roomTypeId":"","isUnverified":false,"isFlaggable":true,"isRecommended":"YES"},{"hotelId":"22500","totalPositiveFeedbacks":0,"tpid":"1","eapid":"0","contentLocale":"en_us","totalThanks":0,"photos":[],"reviewId":"579b50312f032f0b112629b7","itinId":"1140150662195","moderationStatus":"APPROVED","contentCodes":"","managementResponses":[],"ratingOverall":5,"langId":"1033","userNickname":"kareem","brandType":"Expedia","title":"Excellent well done job ","reviewText":"Was a great vacation people at the hotel were very helpful will recommend for future visits very clean and hospitable esp front desk help were awesome thank you very much will defenitely be back and bring the family and tell all my friends to visit this Hayatt in their future stay at San Francisco ","featured":false,"ratingsOnly":false,"ratingRoomCleanliness":5,"ratingHotelCondition":5,"ratingService":5,"ratingRoomComfort":5,"positiveRemarks":"","negativeRemarks":"","locationRemarks":"","lastInitial":"B","userLocation":"orlando","reviewSubmissionTime":"2016-07-29T12:46:41Z","reviewerCategories":[{"categoryId":"Everyone","categoryLabel":"Everyone"}],"userDisplayName":"","roomTypeId":200849862,"isUnverified":false,"isFlaggable":true,"isRecommended":"YES"},{"hotelId":"22500","totalPositiveFeedbacks":0,"tpid":"1","eapid":"0","contentLocale":"en_us","totalThanks":0,"photos":[],"reviewId":"5798d27c05197d0b279fc762","itinId":"1137755033953","moderationStatus":"APPROVED","contentCodes":"","managementResponses":[],"ratingOverall":4,"langId":"1033","userNickname":"kristi","brandType":"Expedia","title":"Convenient location","reviewText":"Walking distance to Fishermans Wharf, great restaurants and tour locations.  The room was comfortable.","featured":false,"ratingsOnly":false,"ratingRoomCleanliness":4,"ratingHotelCondition":4,"ratingService":5,"ratingRoomComfort":4,"positiveRemarks":"","negativeRemarks":"","locationRemarks":"","lastInitial":"p","userLocation":"houston, texas","reviewSubmissionTime":"2016-07-27T15:25:48Z","reviewerCategories":[{"categoryId":"Everyone","categoryLabel":"Everyone"}],"userDisplayName":"","roomTypeId":200849862,"isUnverified":false,"isFlaggable":true,"isRecommended":"YES"},{"hotelId":"22500","totalPositiveFeedbacks":0,"tpid":"1","eapid":"0","contentLocale":"en_us","totalThanks":0,"photos":[],"reviewId":"57982ff62f43ae0b280b6f5c","itinId":"1125804858027","moderationStatus":"APPROVED","contentCodes":"","managementResponses":[],"ratingOverall":5,"langId":"1033","userNickname":"Colorado Mike","brandType":"Expedia","title":"Nice hotel walked to Pier 39 in minutes ","reviewText":"Great hotel and nice helpful staff. Had lunch in restaurant was good food that came out quick.","featured":false,"ratingsOnly":false,"ratingRoomCleanliness":5,"ratingHotelCondition":5,"ratingService":5,"ratingRoomComfort":5,"positiveRemarks":"","negativeRemarks":"","locationRemarks":"","lastInitial":"","userLocation":"","reviewSubmissionTime":"2016-07-27T03:52:22Z","reviewerCategories":[{"categoryId":"Everyone","categoryLabel":"Everyone"}],"userDisplayName":"","roomTypeId":201301198,"isUnverified":false,"isFlaggable":true,"isRecommended":"YES"},{"hotelId":"22500","totalPositiveFeedbacks":0,"tpid":"1","eapid":"0","contentLocale":"en_us","totalThanks":0,"photos":[],"reviewId":"578fa9c3331f6e0b28586739","itinId":"1140076343158","moderationStatus":"APPROVED","contentCodes":"HMP MMD","managementResponses":[],"ratingOverall":2,"langId":"1033","userNickname":"Emily","brandType":"Expedia","title":"Horrible Beds","reviewText":"Everything was good about the hotel but the terrible bed killed the whole experience. I was there for three days and did not sleep the entire time which ruined my trip.  The bed was so sunken in, in the middle, it felt like I was sleeping on a hammock.  It really hurt my back.  There were two beds in my room and they were both exactly the same.  Hyatt PLEASE update your beds!  They must be 30 years old with worn out springs!  :(","featured":false,"ratingsOnly":false,"ratingRoomCleanliness":3,"ratingHotelCondition":4,"ratingService":5,"ratingRoomComfort":1,"positiveRemarks":"","negativeRemarks":"","locationRemarks":"","lastInitial":"","userLocation":"Fresno","reviewSubmissionTime":"2016-07-20T16:41:39Z","reviewerCategories":[{"categoryId":"Everyone","categoryLabel":"Everyone"}],"userDisplayName":"","roomTypeId":201301200,"isUnverified":false,"isFlaggable":false,"isRecommended":"NO"},{"hotelId":"22500","totalPositiveFeedbacks":0,"tpid":"1","eapid":"0","contentLocale":"en_us","totalThanks":0,"photos":[],"reviewId":"578e6c223a803a0b28ba3fca","itinId":"1138667287109","moderationStatus":"APPROVED","contentCodes":"","managementResponses":[],"ratingOverall":4,"langId":"1033","userNickname":"Family of 4","brandType":"Expedia","title":"Great location, quiet rooms but no air circulation","reviewText":"great location close to bus, ferry and trolley stops. Room was clean and quiet. For some reason, however, there were no vents/fans in the room/restroom and the windows did not open, leaving no method of bringing in fresh air or removing steam from the shower.","featured":false,"ratingsOnly":false,"ratingRoomCleanliness":5,"ratingHotelCondition":4,"ratingService":5,"ratingRoomComfort":3,"positiveRemarks":"","negativeRemarks":"Provide bathroom fans for air circulation. Double beds were also quite small for 2 adults. Not a queen size bed in double rooms.","locationRemarks":"Tons of stuff - Trolley rides, ferry/boat rides, Madam Tussaud's, Rain Forest Cafe, Ripley's Believe it or not,5 min from Ghiradelli square & beach","lastInitial":"","userLocation":"","reviewSubmissionTime":"2016-07-19T18:06:26Z","reviewerCategories":[{"categoryId":"Families","categoryLabel":"Families"}],"userDisplayName":"","roomTypeId":200849862,"isUnverified":false,"isFlaggable":true,"isRecommended":"YES"},{"hotelId":"22500","totalPositiveFeedbacks":0,"tpid":"1","eapid":"0","contentLocale":"en_us","totalThanks":0,"photos":[],"reviewId":"578b88970cb5d70b2963585a","itinId":"1132808652017","moderationStatus":"APPROVED","contentCodes":"","managementResponses":[],"ratingOverall":4,"langId":"1033","userNickname":"","brandType":"Expedia","title":"Very convenient location","reviewText":"Many restaurants, shopping and tour bus stops within walking distance.","featured":false,"ratingsOnly":false,"ratingRoomCleanliness":4,"ratingHotelCondition":4,"ratingService":4,"ratingRoomComfort":4,"positiveRemarks":"","negativeRemarks":"","locationRemarks":"","lastInitial":"","userLocation":"","reviewSubmissionTime":"2016-07-17T13:31:03Z","reviewerCategories":[{"categoryId":"Everyone","categoryLabel":"Everyone"}],"userDisplayName":"","roomTypeId":201301201,"isUnverified":false,"isFlaggable":true,"isRecommended":"YES"},{"hotelId":"22500","totalPositiveFeedbacks":0,"tpid":"1","eapid":"0","contentLocale":"en_us","totalThanks":0,"photos":[],"reviewId":"5786487023b4170b49feaad1","itinId":"1131766291227","moderationStatus":"APPROVED","contentCodes":"","managementResponses":[],"ratingOverall":5,"langId":"1033","userNickname":"","brandType":"Expedia","title":"","reviewText":"The hotel was clean and convenient to downtown activities.  Our room was always cleaned when we got back from our sightseeing.  The staff was very helpful and friendly.  If I were to go to San Francisco again, I would definitely stay there.","featured":false,"ratingsOnly":false,"ratingRoomCleanliness":5,"ratingHotelCondition":5,"ratingService":5,"ratingRoomComfort":5,"positiveRemarks":"","negativeRemarks":"","locationRemarks":"","lastInitial":"","userLocation":"","reviewSubmissionTime":"2016-07-13T13:56:00Z","reviewerCategories":[{"categoryId":"Everyone","categoryLabel":"Everyone"}],"userDisplayName":"","roomTypeId":201301202,"isUnverified":false,"isFlaggable":true,"isRecommended":"YES"},{"hotelId":"22500","totalPositiveFeedbacks":0,"tpid":"1","eapid":"0","contentLocale":"en_us","totalThanks":0,"photos":[],"reviewId":"5783b99d8a1d800b4902e7c5","itinId":"1138594389041","moderationStatus":"APPROVED","contentCodes":"","managementResponses":[],"ratingOverall":4,"langId":"1033","userNickname":"laura","brandType":"Expedia","title":"Nice hotel in fishermans wharf area","reviewText":"Hotel is conveniently located near fishermans wharf. Very close to trolley and cable car lines and pier 39. Staff was mostly very helpful and pleasant. We have small children and appreciated having a quiet room at night. The rooms were recently updated and clean. ","featured":false,"ratingsOnly":false,"ratingRoomCleanliness":4,"ratingHotelCondition":4,"ratingService":4,"ratingRoomComfort":4,"positiveRemarks":"","negativeRemarks":"","locationRemarks":"","lastInitial":"g","userLocation":"houston, tx","reviewSubmissionTime":"2016-07-11T15:22:05Z","reviewerCategories":[{"categoryId":"Everyone","categoryLabel":"Everyone"}],"userDisplayName":"","roomTypeId":200849862,"isUnverified":false,"isFlaggable":true,"isRecommended":"YES"},{"hotelId":"22500","totalPositiveFeedbacks":0,"tpid":"1","eapid":"0","contentLocale":"en_us","totalThanks":0,"photos":[],"reviewId":"577eccf70cd612150d4f8d41","itinId":"1130610664801","moderationStatus":"APPROVED","contentCodes":"HMP MMD","managementResponses":[],"ratingOverall":3,"langId":"1033","userNickname":"","brandType":"Expedia","title":"Disappointed ","reviewText":"The room we were given was noisy and right next to thepool. This room would be more appropriate for a family than a couple celebrating a fortieth anniversary. Maid service would show up to clean the room after we were trying to rest in the afternoon. We had to keep leaving trying to get them to service our room. The showerhead comes out of the ceiling and gets hair wet. It can't be adjusted because of the height. I expected much more for a Hyatt!","featured":false,"ratingsOnly":false,"ratingRoomCleanliness":4,"ratingHotelCondition":4,"ratingService":3,"ratingRoomComfort":2,"positiveRemarks":"","negativeRemarks":"","locationRemarks":"","lastInitial":"","userLocation":"","reviewSubmissionTime":"2016-07-07T21:43:19Z","reviewerCategories":[{"categoryId":"Everyone","categoryLabel":"Everyone"}],"userDisplayName":"","roomTypeId":200162555,"isUnverified":false,"isFlaggable":false,"isRecommended":"NO"},{"hotelId":"22500","totalPositiveFeedbacks":0,"tpid":"1","eapid":"0","contentLocale":"en_us","totalThanks":0,"photos":[],"reviewId":"577aa548889b0b0b7ae307b4","itinId":"1138961584596","moderationStatus":"APPROVED","contentCodes":"","managementResponses":[],"ratingOverall":5,"langId":"1033","userNickname":"","brandType":"Expedia","title":"Very nice area, close to restaurants and shopping ","reviewText":"Great service and care , friendly , caring people ","featured":false,"ratingsOnly":false,"ratingRoomCleanliness":5,"ratingHotelCondition":5,"ratingService":5,"ratingRoomComfort":5,"positiveRemarks":"","negativeRemarks":"","locationRemarks":"","lastInitial":"","userLocation":"","reviewSubmissionTime":"2016-07-04T18:04:56Z","reviewerCategories":[{"categoryId":"Everyone","categoryLabel":"Everyone"}],"userDisplayName":"","roomTypeId":201301197,"isUnverified":false,"isFlaggable":true,"isRecommended":"YES"}]}}}
