{"reviewDetails":{"startIndex":0,"numberOfReviewsInThisPage":20,"reviewSummaryCollection":{"reviewSummary":[{"hotelId":"1047","totalReviewCnt":1465,"avgOverallRating":3.9187713,"cleanliness":4.1645107,"serviceAndStaff":4.029354,"roomComfort":3.98157,"hotelCondition":3.8798637,"convenienceOfLocation":4.6458335,"neighborhoodSatisfaction":4.4322906,"roomQuality":0,"targetedBrand":"Expedia","originSummary":[{"origin":"Expedia","reviewCnt":1465,"recommendedPercent":85.11945,"avgOverallRating":3.9187713,"cleanliness":4.1645107,"serviceAndStaff":4.029354,"roomComfort":3.98157,"hotelCondition":3.8798637,"convenienceOfLocation":4.6458335,"neighborhoodSatisfaction":4.4322906,"valueForMoney":0,"roomQuality":0,"categoryCounts":{"Everyone":1010,"Couples":85,"BusinessTravelers":8,"Students":1,"Families":122,"Other":27},"roomTypeIdCounts":{"274532":52,"135686":1,"200171938":1,"200057665":9,"200238402":3,"200238398":65,"200057661":6,"446036":11,"106485":1,"274545":634,"334704":21,"200238394":8,"200685027":1,"200755503":10,"64314":1,"331295":1,"230680":25,"3739":1},"languageCounts":{"en":1465}}],"recommendedPercent":85.11945,"valueForMoney":0,"categoryCounts":{"Everyone":1010,"Couples":85,"BusinessTravelers":8,"Students":1,"Families":122,"Other":27},"roomTypeIdCounts":{"274532":52,"135686":1,"200171938":1,"200057665":9,"200238402":3,"200238398":65,"200057661":6,"446036":11,"106485":1,"274545":634,"334704":21,"200238394":8,"200685027":1,"200755503":10,"64314":1,"331295":1,"230680":25,"3739":1},"languageCounts":{"en":1465},"featuredReview":{}}]},"reviewCollection":{"review":[{"hotelId":"1047","totalPositiveFeedbacks":0,"tpid":"1","eapid":"0","contentLocale":"en_us","totalThanks":0,"photos":[],"reviewId":"57b72c89eeb4740b457b5b96","itinId":"1141252481672","moderationStatus":"APPROVED","contentCodes":"","managementResponses":[],"ratingOverall":5,"langId":"1033","userNickname":"","brandType":"Expedia","title":"Perfect location for travelers.","reviewText":"Perfect location for sight seeing and taking in San Francisco. $5 uber ride to any sight. \r\nThe only thing we lacked was a microwave and refrigerator in pur room. \r\n","featured":false,"ratingsOnly":false,"ratingRoomCleanliness":5,"ratingHotelCondition":3,"ratingService":5,"ratingRoomComfort":5,"positiveRemarks":"","negativeRemarks":"","locationRemarks":"","lastInitial":"","userLocation":"","reviewSubmissionTime":"2016-08-19T15:58:01Z","reviewerCategories":[{"categoryId":"Everyone","categoryLabel":"Everyone"}],"userDisplayName":"","roomTypeId":274545,"isUnverified":false,"isFlaggable":true,"isRecommended":"YES"},{"hotelId":"1047","totalPositiveFeedbacks":0,"tpid":"4","eapid":"0","contentLocale":"en_ca","totalThanks":0,"photos":[],"reviewId":"57b3f948cd87260b254b1d94","itinId":"1137934085168","moderationStatus":"APPROVED","contentCodes":"","managementResponses":[],"ratingOverall":3,"langId":"4105","userNickname":"Kay","brandType":"Expedia","title":"Family Hotel close to Pier 39 Alkatraz","reviewText":"Friendly staff, rooms are okay, close to tourist sites.  Most within walking distance.  ","featured":false,"ratingsOnly":false,"ratingRoomCleanliness":2,"ratingHotelCondition":3,"ratingService":3,"ratingRoomComfort":3,"positiveRemarks":"The convenience of the location","negativeRemarks":"More attention to detail when cleaning the rooms","locationRemarks":"","lastInitial":"A","userLocation":"Edmonton, AB","reviewSubmissionTime":"2016-08-17T05:42:32Z","reviewerCategories":[{"categoryId":"Families","categoryLabel":"Families"}],"userDisplayName":"","roomTypeId":274545,"isUnverified":false,"isFlaggable":true,"isRecommended":"YES"},{"hotelId":"1047","totalPositiveFeedbacks":0,"tpid":"1","eapid":"0","contentLocale":"en_us","totalThanks":0,"photos":[],"reviewId":"57b37e1846d3030b0672c001","itinId":"1141269932352","moderationStatus":"APPROVED","contentCodes":"","managementResponses":[],"ratingOverall":3,"langId":"1033","userNickname":"rockme","brandType":"Expedia","title":"Noisy","reviewText":"This hotel would be wonderful except that it was too noisy.  They were kind enough to provide complimentary earplugs, otherwise I never would have been able to sleep.  If noise doesn't bother you, this hotel is nice for the price and in a good location to explore the wharf area of San Francisco.","featured":false,"ratingsOnly":false,"ratingRoomCleanliness":5,"ratingHotelCondition":5,"ratingService":5,"ratingRoomComfort":3,"positiveRemarks":"Good location, clean, courteous staff, Bath & Body toiletries.","negativeRemarks":"To noisy for me.  I don't know if this could be improved.","locationRemarks":"Easy walking distance to both Fisherman's Wharf and Ghirdardelli Square.","lastInitial":"","userLocation":"Sacramento, California","reviewSubmissionTime":"2016-08-16T20:56:56Z","reviewerCategories":[{"categoryId":"Everyone","categoryLabel":"Everyone"}],"userDisplayName":"","roomTypeId":274545,"isUnverified":false,"isFlaggable":true,"isRecommended":"NO"},{"hotelId":"1047","totalPositiveFeedbacks":0,"tpid":"1","eapid":"0","contentLocale":"en_us","totalThanks":0,"photos":[],"reviewId":"57aea371303d3d0b064f792f","itinId":"1140359171184","moderationStatus":"APPROVED","contentCodes":"PD HMP MMD","managementResponses":[],"ratingOverall":2,"langId":"1033","userNickname":"Lou","brandType":"Expedia","title":"Not as expected","reviewText":"Our room was on the first floor and was beside of an alley. The homeless people would come and stay outside of our room at night. You could hear them talking, coughing all night. There were people taking tours on segways past our window. The trucks emptied the dumpsters very early each morning. It was very noisy. This is the first time I have never been asked about my stay as I checked out. Would not recommend this hotel. Expedias website stated $45 parking fee  per night but when we arrived, we were charged $50 per night. When I questioned this, I was told \"parking is $50. you will need to contact Expedia.\" Not a friendly staff at all.","featured":false,"ratingsOnly":false,"ratingRoomCleanliness":3,"ratingHotelCondition":3,"ratingService":1,"ratingRoomComfort":3,"positiveRemarks":"It was close to the wharf.","negativeRemarks":"If you are going to charge for parking, you could at least include breakfast. ","locationRemarks":"","lastInitial":"","userLocation":"georgia","reviewSubmissionTime":"2016-08-13T04:34:57Z","reviewerCategories":[{"categoryId":"Everyone","categoryLabel":"Everyone"}],"userDisplayName":"","roomTypeId":274545,"isUnverified":false,"isFlaggable":false,"isRecommended":"NO"},{"hotelId":"1047","totalPositiveFeedbacks":0,"tpid":"1","eapid":"0","contentLocale":"en_us","totalThanks":0,"photos":[],"reviewId":"57aa995a4a939b0b09008c07","itinId":"1142586913727","moderationStatus":"APPROVED","contentCodes":"","managementResponses":[],"ratingOverall":4,"langId":"1033","userNickname":"","brandType":"Expedia","title":"","reviewText":"Room OK on short notice (same day) - don't use hide-a-bed for older child, not comfortable.  Spend the buck and get 2 queens.","featured":false,"ratingsOnly":false,"ratingRoomCleanliness":4,"ratingHotelCondition":4,"ratingService":4,"ratingRoomComfort":3,"positiveRemarks":"","negativeRemarks":"","locationRemarks":"","lastInitial":"","userLocation":"","reviewSubmissionTime":"2016-08-10T03:02:50Z","reviewerCategories":[{"categoryId":"Everyone","categoryLabel":"Everyone"}],"userDisplayName":"","roomTypeId":334704,"isUnverified":false,"isFlaggable":true,"isRecommended":"YES"},{"hotelId":"1047","totalPositiveFeedbacks":0,"tpid":"1","eapid":"0","contentLocale":"en_us","totalThanks":0,"photos":[],"reviewId":"57a18b274d74660b294661f0","itinId":"1135993396064","moderationStatus":"APPROVED","contentCodes":"NLI HMP MMD","managementResponses":[],"ratingOverall":2,"langId":"1033","userNickname":"","brandType":"Expedia","title":"","reviewText":"Faucets not working.  Toilet not flushing properly. mold around shower.  Creepy.  Would have left except it was 8 pm or so and only staying one night to catch a cruise.","featured":false,"ratingsOnly":false,"ratingRoomCleanliness":1,"ratingHotelCondition":3,"ratingService":2,"ratingRoomComfort":1,"positiveRemarks":"Dining room looked nice but way overpriced!","negativeRemarks":"Complete remodel","locationRemarks":"Location not far from cruise port","lastInitial":"","userLocation":"","reviewSubmissionTime":"2016-08-03T06:11:51Z","reviewerCategories":[{"categoryId":"Everyone","categoryLabel":"Everyone"}],"userDisplayName":"","roomTypeId":274545,"isUnverified":false,"isFlaggable":false,"isRecommended":"NO"},{"hotelId":"1047","totalPositiveFeedbacks":0,"tpid":"25","eapid":"0","contentLocale":"en_au","totalThanks":0,"photos":[],"reviewId":"579e04ca87f8460b0608a582","itinId":"19849917529","moderationStatus":"APPROVED","contentCodes":"HMP MMD","managementResponses":[],"ratingOverall":4,"langId":"3081","userNickname":"Armand","brandType":"Expedia","title":"Nice hotel, close to Fisherman's Wharf","reviewText":"Holiday Inn occupies one block.  We were fortunate to be located just in front of Fisherman's Wharf on Beach Street at 4th Floor. It was a bit noisy at night but there were ear plugs provided in the room. Very clean and Denny's Restaurant is at the ground floor. Parking is very limited but did not bother us since we did not have a rented car. Wallgreen's was just diagonally across the street so very easy to get water and some grocery items. E and F tram line station in front of Wallgreen's. Excellent location!","featured":false,"ratingsOnly":false,"ratingRoomCleanliness":4,"ratingHotelCondition":4,"ratingService":4,"ratingRoomComfort":4,"positiveRemarks":"","negativeRemarks":"","locationRemarks":"","lastInitial":"A","userLocation":"Sydney, Australia","reviewSubmissionTime":"2016-07-31T14:01:46Z","reviewerCategories":[{"categoryId":"Everyone","categoryLabel":"Everyone"}],"userDisplayName":"","roomTypeId":200755503,"isUnverified":false,"isFlaggable":false,"isRecommended":"YES"},{"hotelId":"1047","totalPositiveFeedbacks":0,"tpid":"1","eapid":"0","contentLocale":"en_us","totalThanks":0,"photos":[],"reviewId":"57979e7d3a803a0b281e4637","itinId":"1141251212072","moderationStatus":"APPROVED","contentCodes":"","managementResponses":[],"ratingOverall":5,"langId":"1033","userNickname":"Steven","brandType":"Expedia","title":"Great place to stay!","reviewText":"Perfect place to stay for the Fishermans Warf area. Everything is within walking distance, and they have rooms overlooking the Bay, Piers, Alcatraz< etc. they have a parking fee of $50 a night which is crazy, but your gonna pay a lot to park around there anyway and its good till 6:00 pm of your checkout day.","featured":false,"ratingsOnly":false,"ratingRoomCleanliness":5,"ratingHotelCondition":5,"ratingService":5,"ratingRoomComfort":5,"positiveRemarks":"Location, cleanliness, comfort, view","negativeRemarks":"","locationRemarks":"","lastInitial":"","userLocation":"Texas","reviewSubmissionTime":"2016-07-26T17:31:41Z","reviewerCategories":[{"categoryId":"Everyone","categoryLabel":"Everyone"}],"userDisplayName":"","roomTypeId":274545,"isUnverified":false,"isFlaggable":true,"isRecommended":"YES"},{"hotelId":"1047","totalPositiveFeedbacks":0,"tpid":"1","eapid":"0","contentLocale":"en_us","totalThanks":0,"photos":[],"reviewId":"57963eea56f59b0b2d7e48d4","itinId":"1137859623941","moderationStatus":"APPROVED","contentCodes":"","managementResponses":[],"ratingOverall":4,"langId":"1033","userNickname":"Tara","brandType":"Expedia","title":"Clean hotel, close to the wharves","reviewText":"I thought this was a great location and very clean facility. The breakfast buffet was good but very pricey. It was nice to be able to leave our car parked in the hotel parking garage even after checkout. ","featured":false,"ratingsOnly":false,"ratingRoomCleanliness":4,"ratingHotelCondition":4,"ratingService":5,"ratingRoomComfort":4,"positiveRemarks":"","negativeRemarks":"","locationRemarks":"","lastInitial":"","userLocation":"H","reviewSubmissionTime":"2016-07-25T16:31:38Z","reviewerCategories":[{"categoryId":"Everyone","categoryLabel":"Everyone"}],"userDisplayName":"","roomTypeId":274545,"isUnverified":false,"isFlaggable":true,"isRecommended":"YES"},{"hotelId":"1047","totalPositiveFeedbacks":0,"tpid":"1","eapid":"0","contentLocale":"en_us","totalThanks":0,"photos":[],"reviewId":"578f959f3a803a0b28430174","itinId":"1133860176312","moderationStatus":"APPROVED","contentCodes":"","managementResponses":[],"ratingOverall":4,"langId":"1033","userNickname":"Elzie","brandType":"Expedia","title":"Nice hotel for the price","reviewText":"It was a pretty nice hotel within walking distance of the main attractions. Most importantly, it was quiet and I actually got a good night's rest.","featured":false,"ratingsOnly":false,"ratingRoomCleanliness":4,"ratingHotelCondition":4,"ratingService":4,"ratingRoomComfort":4,"positiveRemarks":"I liked that I was able to walk to places and upon return, I was able to get some rest in a comfortable environment.","negativeRemarks":"Bathroom was outdated.","locationRemarks":"Location was perfect, up the street from Fisherman's place, lots of restaurants. Also close to pier 33 where the boat tour for Alcatraz departs from.","lastInitial":"","userLocation":"LA","reviewSubmissionTime":"2016-07-20T15:15:43Z","reviewerCategories":[{"categoryId":"Everyone","categoryLabel":"Everyone"}],"userDisplayName":"","roomTypeId":274545,"isUnverified":false,"isFlaggable":true,"isRecommended":"YES"},{"hotelId":"1047","totalPositiveFeedbacks":0,"tpid":"1","eapid":"0","contentLocale":"en_us","totalThanks":0,"photos":[],"reviewId":"578e9f89c3c1f80b288d2070","itinId":"1139630676764","moderationStatus":"APPROVED","contentCodes":"","managementResponses":[],"ratingOverall":3,"langId":"1033","userNickname":"Cindy","brandType":"Expedia","title":"Close to Pier 39","reviewText":"Walking distance from Pier 39. Friendly staff. Check in was quick and easy.","featured":false,"ratingsOnly":false,"ratingRoomCleanliness":4,"ratingHotelCondition":3,"ratingService":4,"ratingRoomComfort":3,"positiveRemarks":"Close to Pier 39","negativeRemarks":"Parking was expensive","locationRemarks":"","lastInitial":"","userLocation":"Minnesota","reviewSubmissionTime":"2016-07-19T21:45:45Z","reviewerCategories":[{"categoryId":"Families","categoryLabel":"Families"}],"userDisplayName":"","roomTypeId":274545,"isUnverified":false,"isFlaggable":true,"isRecommended":"YES"},{"hotelId":"1047","totalPositiveFeedbacks":0,"tpid":"1","eapid":"0","contentLocale":"en_us","totalThanks":0,"photos":[],"reviewId":"578a42ce45d8c10b281f1e61","itinId":"1140373747023","moderationStatus":"APPROVED","contentCodes":"","managementResponses":[],"ratingOverall":5,"langId":"1033","userNickname":"Julie-anne","brandType":"Expedia","title":"Great Location","reviewText":"Great location, close to all the action but far enough away to still be quiet ... Has all the facilities you could need including a guest laundry ","featured":false,"ratingsOnly":false,"ratingRoomCleanliness":5,"ratingHotelCondition":5,"ratingService":5,"ratingRoomComfort":5,"positiveRemarks":"","negativeRemarks":"","locationRemarks":"","lastInitial":"","userLocation":"Melbourne","reviewSubmissionTime":"2016-07-16T14:21:02Z","reviewerCategories":[{"categoryId":"Everyone","categoryLabel":"Everyone"}],"userDisplayName":"","roomTypeId":274545,"isUnverified":false,"isFlaggable":true,"isRecommended":"YES"},{"hotelId":"1047","totalPositiveFeedbacks":0,"tpid":"1","eapid":"0","contentLocale":"en_us","totalThanks":0,"photos":[],"reviewId":"57867e980cd612150dd45f45","itinId":"1135894712280","moderationStatus":"APPROVED","contentCodes":"","managementResponses":[],"ratingOverall":4,"langId":"1033","userNickname":"","brandType":"Expedia","title":"nice hotel and close to everything.","reviewText":"nice hotel. staff was great. expensive parking and they don't provide free coffee for guests which was disappointing. ","featured":false,"ratingsOnly":false,"ratingRoomCleanliness":4,"ratingHotelCondition":4,"ratingService":4,"ratingRoomComfort":4,"positiveRemarks":"","negativeRemarks":"","locationRemarks":"","lastInitial":"","userLocation":"","reviewSubmissionTime":"2016-07-13T17:47:04Z","reviewerCategories":[{"categoryId":"Everyone","categoryLabel":"Everyone"}],"userDisplayName":"","roomTypeId":274545,"isUnverified":false,"isFlaggable":true,"isRecommended":"YES"},{"hotelId":"1047","totalPositiveFeedbacks":0,"tpid":"1","eapid":"0","contentLocale":"en_us","totalThanks":0,"photos":[],"reviewId":"578450ade7401f0b471d5a29","itinId":"1135685847666","moderationStatus":"APPROVED","contentCodes":"","managementResponses":[],"ratingOverall":5,"langId":"1033","userNickname":"","brandType":"Expedia","title":"Very nice hotel","reviewText":"Good location; close to Fisherman's Wharf, restaurants, Lombard street, Ghiradelli square, Golden Gate Park","featured":false,"ratingsOnly":false,"ratingRoomCleanliness":5,"ratingHotelCondition":5,"ratingService":5,"ratingRoomComfort":5,"positiveRemarks":"location","negativeRemarks":"complimentary coffee in lobby","locationRemarks":"Fisherrman's Wharf says it all","lastInitial":"","userLocation":"","reviewSubmissionTime":"2016-07-12T02:06:37Z","reviewerCategories":[{"categoryId":"Everyone","categoryLabel":"Everyone"}],"userDisplayName":"","roomTypeId":274545,"isUnverified":false,"isFlaggable":true,"isRecommended":"YES"},{"hotelId":"1047","totalPositiveFeedbacks":0,"tpid":"3","eapid":"0","contentLocale":"en_gb","totalThanks":0,"photos":[],"reviewId":"5783a15fe7401f0b4700ce65","itinId":"111844189257","moderationStatus":"APPROVED","contentCodes":"","managementResponses":[],"ratingOverall":4,"langId":"2057","userNickname":"helen","brandType":"Expedia","title":"Great location","reviewText":"Comfortable with good wifi. Perfectly located near Fishermans Wharf to access tourist attractions, cable car and tour buses. 24hour Denny's restaurant in house useful for early starts or finishes and great breakfast. Safe area to wander round. Really enjoyed our stay.","featured":false,"ratingsOnly":false,"ratingRoomCleanliness":4,"ratingHotelCondition":4,"ratingService":5,"ratingRoomComfort":5,"positiveRemarks":"","negativeRemarks":"","locationRemarks":"","lastInitial":"","userLocation":"London","reviewSubmissionTime":"2016-07-11T13:38:39Z","reviewerCategories":[{"categoryId":"Families","categoryLabel":"Families"}],"userDisplayName":"","roomTypeId":274545,"isUnverified":false,"isFlaggable":true,"isRecommended":"YES"},{"hotelId":"1047","totalPositiveFeedbacks":0,"tpid":"1","eapid":"0","contentLocale":"en_us","totalThanks":0,"photos":[],"reviewId":"5782df5c5a68010b49628ca5","itinId":"1138115930441","moderationStatus":"APPROVED","contentCodes":"HMP MMD","managementResponses":[],"ratingOverall":3,"langId":"1033","userNickname":"","brandType":"Expedia","title":"Close to fisherman ward.","reviewText":"The waitress at breakfast buffet couldn't remember what we ordered and expected us to leave her a tip. The computer to print out boarding pass was not working. We checked in late and had to walk out on the street to the next block to our room at midnight. Even though we had reserved a room a month in advance.","featured":false,"ratingsOnly":false,"ratingRoomCleanliness":4,"ratingHotelCondition":4,"ratingService":2,"ratingRoomComfort":4,"positiveRemarks":"","negativeRemarks":"","locationRemarks":"","lastInitial":"","userLocation":"washington state","reviewSubmissionTime":"2016-07-10T23:50:52Z","reviewerCategories":[{"categoryId":"Everyone","categoryLabel":"Everyone"}],"userDisplayName":"","roomTypeId":274545,"isUnverified":false,"isFlaggable":false,"isRecommended":"NO"},{"hotelId":"1047","totalPositiveFeedbacks":0,"tpid":"1","eapid":"0","contentLocale":"en_us","totalThanks":0,"photos":[],"reviewId":"57827a0f86a89c0b48c8e81c","itinId":"1138534182205","moderationStatus":"APPROVED","contentCodes":"","managementResponses":[],"ratingOverall":4,"langId":"1033","userNickname":"","brandType":"Expedia","title":"SF  Business trip","reviewText":"Great location, great staff. The bed was the only negative, too hard of a mattress. ","featured":false,"ratingsOnly":false,"ratingRoomCleanliness":3,"ratingHotelCondition":4,"ratingService":4,"ratingRoomComfort":2,"positiveRemarks":"","negativeRemarks":"","locationRemarks":"","lastInitial":"","userLocation":"","reviewSubmissionTime":"2016-07-10T16:38:39Z","reviewerCategories":[{"categoryId":"Everyone","categoryLabel":"Everyone"}],"userDisplayName":"","roomTypeId":274545,"isUnverified":false,"isFlaggable":true,"isRecommended":"YES"},{"hotelId":"1047","totalPositiveFeedbacks":1,"tpid":"1","eapid":"0","contentLocale":"en_us","totalThanks":1,"photos":[],"reviewId":"577fb50923b4170b49780b9e","itinId":"1139774106732","moderationStatus":"APPROVED","contentCodes":"","managementResponses":[],"ratingOverall":5,"langId":"1033","userNickname":"","brandType":"Expedia","title":"Great location.   ","reviewText":"I enjoyed the stay.  The hotel was right in the wharf area and so very convenient to all tourist attractions.\r\n\r\nThe only thing I did not like was the fee of 57$ for parking overnight.   ","featured":false,"ratingsOnly":false,"ratingRoomCleanliness":5,"ratingHotelCondition":5,"ratingService":5,"ratingRoomComfort":5,"positiveRemarks":"","negativeRemarks":"","locationRemarks":"","lastInitial":"","userLocation":"","reviewSubmissionTime":"2016-07-08T14:13:29Z","reviewerCategories":[{"categoryId":"Everyone","categoryLabel":"Everyone"}],"userDisplayName":"","roomTypeId":274545,"isUnverified":false,"isFlaggable":true,"isRecommended":"YES"},{"hotelId":"1047","totalPositiveFeedbacks":1,"tpid":"1","eapid":"0","contentLocale":"en_us","totalThanks":1,"photos":[],"reviewId":"577e72de23b4170b49ee1057","itinId":"1136077329943","moderationStatus":"APPROVED","contentCodes":"","managementResponses":[],"ratingOverall":3,"langId":"1033","userNickname":"","brandType":"Expedia","title":"","reviewText":"Room wasn't  fully cleaned when we got there, but was cleaned well thereafter . Rose at the information desk was lovely and helpful.","featured":false,"ratingsOnly":false,"ratingRoomCleanliness":2,"ratingHotelCondition":3,"ratingService":3,"ratingRoomComfort":3,"positiveRemarks":"location","negativeRemarks":"","locationRemarks":"","lastInitial":"","userLocation":"","reviewSubmissionTime":"2016-07-07T15:18:54Z","reviewerCategories":[{"categoryId":"Everyone","categoryLabel":"Everyone"}],"userDisplayName":"","roomTypeId":274545,"isUnverified":false,"isFlaggable":true,"isRecommended":"NO"},{"hotelId":"1047","totalPositiveFeedbacks":0,"tpid":"1","eapid":"0","contentLocale":"en_us","totalThanks":0,"photos":[],"reviewId":"577d061166124e0b844665a7","itinId":"1136397660310","moderationStatus":"APPROVED","contentCodes":"","managementResponses":[],"ratingOverall":3,"langId":"1033","userNickname":"","brandType":"Expedia","title":"Great location","reviewText":"This hotel is fine.  Staff was nice and location was great.  Could walk to cable car, wharf and shops.  There were good places to eat near.  It is in need of an update--but then the price would be a lot higher.  It is loud because of the location.  ","featured":false,"ratingsOnly":false,"ratingRoomCleanliness":3,"ratingHotelCondition":3,"ratingService":4,"ratingRoomComfort":3,"positiveRemarks":"","negativeRemarks":"","locationRemarks":"","lastInitial":"","userLocation":"","reviewSubmissionTime":"2016-07-06T13:22:25Z","reviewerCategories":[{"categoryId":"Everyone","categoryLabel":"Everyone"}],"userDisplayName":"","roomTypeId":274545,"isUnverified":false,"isFlaggable":true,"isRecommended":"YES"}]}}}
