{"reviewDetails":{"startIndex":0,"numberOfReviewsInThisPage":20,"reviewSummaryCollection":{"reviewSummary":[{"hotelId":"422927","totalReviewCnt":243,"avgOverallRating":4.296295,"cleanliness":4.5226336,"serviceAndStaff":4.477365,"roomComfort":4.4321,"hotelCondition":4.3004074,"convenienceOfLocation":4.7714286,"neighborhoodSatisfaction":4.4,"roomQuality":0,"targetedBrand":"Expedia","originSummary":[{"origin":"Expedia","reviewCnt":243,"recommendedPercent":90.9465,"avgOverallRating":4.296295,"cleanliness":4.5226336,"serviceAndStaff":4.477365,"roomComfort":4.4321,"hotelCondition":4.3004074,"convenienceOfLocation":4.7714286,"neighborhoodSatisfaction":4.4,"valueForMoney":0,"roomQuality":0,"categoryCounts":{"Everyone":144,"Couples":15,"Families":20,"Other":3},"roomTypeIdCounts":{"36309":81,"3847":45},"languageCounts":{"en":243}}],"recommendedPercent":90.9465,"valueForMoney":0,"categoryCounts":{"Everyone":144,"Couples":15,"Families":20,"Other":3},"roomTypeIdCounts":{"36309":81,"3847":45},"languageCounts":{"en":243},"featuredReview":{}}]},"reviewCollection":{"review":[{"hotelId":"422927","totalPositiveFeedbacks":0,"tpid":"1","eapid":"0","contentLocale":"en_us","totalThanks":0,"photos":[{"thumbnailUrl":"https://a.travel-assets.com/ugc/hotel-reviews/2FB4E090FCD15DF8E7CCE135C91C5C83085B9F3B1470506622319.jpg?resize=*:75","normalUrl":"https://a.travel-assets.com/ugc/hotel-reviews/2FB4E090FCD15DF8E7CCE135C91C5C83085B9F3B1470506622319.jpg?resize=*:270","caption":"Front Street  of our hotel"}],"reviewId":"57a62009379e130b270d245c","itinId":"1141053792810","moderationStatus":"APPROVED","contentCodes":"HMP","managementResponses":[],"ratingOverall":5,"langId":"1033","userNickname":"family trip in ","brandType":"Expedia","title":"Courtyard Marriott  fisherman's  Wharf \r\n","reviewText":"The hotel location was absolutely  perfect. Walking distance to all piers.  Staff was very nice including the cleaning lady.  I would stay there again in a heartbeat.","featured":false,"ratingsOnly":false,"ratingRoomCleanliness":5,"ratingHotelCondition":5,"ratingService":5,"ratingRoomComfort":5,"positiveRemarks":"","negativeRemarks":"","locationRemarks":"","lastInitial":"L","userLocation":"Torrance, California ","reviewSubmissionTime":"2016-08-06T17:36:09Z","reviewerCategories":[{"categoryId":"Everyone","categoryLabel":"Everyone"}],"userDisplayName":"","roomTypeId":3847,"isUnverified":false,"isFlaggable":false,"isRecommended":"YES"},{"hotelId":"422927","totalPositiveFeedbacks":0,"tpid":"4","eapid":"0","contentLocale":"en_ca","totalThanks":0,"photos":[],"reviewId":"57a51a0d94356f0b28822e6d","itinId":"1129138926848","moderationStatus":"APPROVED","contentCodes":"","managementResponses":[],"ratingOverall":3,"langId":"4105","userNickname":"","brandType":"Expedia","title":"Nice hotel at Fisherman's Wharf","reviewText":"Nice hotel. No \"extras\" like free breakfast or free parking but it has free WiFi.  Right at Fisherman'so Wharf.","featured":false,"ratingsOnly":false,"ratingRoomCleanliness":5,"ratingHotelCondition":4,"ratingService":5,"ratingRoomComfort":4,"positiveRemarks":"","negativeRemarks":"","locationRemarks":"","lastInitial":"","userLocation":"toronto, ontario","reviewSubmissionTime":"2016-08-05T22:58:21Z","reviewerCategories":[{"categoryId":"Everyone","categoryLabel":"Everyone"}],"userDisplayName":"","roomTypeId":36309,"isUnverified":false,"isFlaggable":true,"isRecommended":"YES"},{"hotelId":"422927","totalPositiveFeedbacks":0,"tpid":"1","eapid":"0","contentLocale":"en_us","totalThanks":0,"photos":[],"reviewId":"579620d6331f6e0b28d10bb0","itinId":"1141171283315","moderationStatus":"APPROVED","contentCodes":"","managementResponses":[],"ratingOverall":4,"langId":"1033","userNickname":"Paul","brandType":"Expedia","title":"Nice hotel close to everything ","reviewText":"very nice hotel. We got a room in back and could hear a little street noise but it really wasn't bad. Walking distance from the warf. Very friendly staff. ","featured":false,"ratingsOnly":false,"ratingRoomCleanliness":5,"ratingHotelCondition":5,"ratingService":5,"ratingRoomComfort":5,"positiveRemarks":"","negativeRemarks":"","locationRemarks":"","lastInitial":"R","userLocation":"Sacramento CA","reviewSubmissionTime":"2016-07-25T14:23:18Z","reviewerCategories":[{"categoryId":"Everyone","categoryLabel":"Everyone"}],"userDisplayName":"","roomTypeId":3847,"isUnverified":false,"isFlaggable":true,"isRecommended":"YES"},{"hotelId":"422927","totalPositiveFeedbacks":0,"tpid":"1","eapid":"0","contentLocale":"en_us","totalThanks":0,"photos":[],"reviewId":"5793f04592a6f20b2749a2e8","itinId":"1129405259896","moderationStatus":"APPROVED","contentCodes":"","managementResponses":[],"ratingOverall":5,"langId":"1033","userNickname":"Sandy","brandType":"Expedia","title":"Nice staff, made us feel welcome.  Room was great","reviewText":"First time to San Francisco.  Plenty of places to walk to.  Nice restaurants.","featured":false,"ratingsOnly":false,"ratingRoomCleanliness":5,"ratingHotelCondition":5,"ratingService":5,"ratingRoomComfort":5,"positiveRemarks":"Mostly everything","negativeRemarks":"More elevators","locationRemarks":"","lastInitial":"B","userLocation":"Cleveland, OH","reviewSubmissionTime":"2016-07-23T22:31:33Z","reviewerCategories":[{"categoryId":"Everyone","categoryLabel":"Everyone"}],"userDisplayName":"","roomTypeId":36309,"isUnverified":false,"isFlaggable":true,"isRecommended":"YES"},{"hotelId":"422927","totalPositiveFeedbacks":0,"tpid":"1","eapid":"0","contentLocale":"en_us","totalThanks":0,"photos":[],"reviewId":"5792d7dc56f59b0b2d7838c3","itinId":"1140522355086","moderationStatus":"APPROVED","contentCodes":"","managementResponses":[],"ratingOverall":3,"langId":"1033","userNickname":"","brandType":"Expedia","title":"Great location - large room ","reviewText":"I like being at the west end of the Presidio. It's close to good restaurants and the hills to Lombard and Hyde. The staff was friendly and the room very spacious. ","featured":false,"ratingsOnly":false,"ratingRoomCleanliness":4,"ratingHotelCondition":4,"ratingService":4,"ratingRoomComfort":4,"positiveRemarks":"","negativeRemarks":"","locationRemarks":"","lastInitial":"","userLocation":"","reviewSubmissionTime":"2016-07-23T02:35:08Z","reviewerCategories":[{"categoryId":"Everyone","categoryLabel":"Everyone"}],"userDisplayName":"","roomTypeId":3847,"isUnverified":false,"isFlaggable":true,"isRecommended":"YES"},{"hotelId":"422927","totalPositiveFeedbacks":0,"tpid":"1","eapid":"0","contentLocale":"en_us","totalThanks":0,"photos":[],"reviewId":"5786722a86a89c0b4826c0a6","itinId":"1126431768094","moderationStatus":"APPROVED","contentCodes":"","managementResponses":[],"ratingOverall":4,"langId":"1033","userNickname":"","brandType":"Expedia","title":"Great location!","reviewText":"Comfortable beds, close to lots of shopping/dining. ","featured":false,"ratingsOnly":false,"ratingRoomCleanliness":4,"ratingHotelCondition":4,"ratingService":5,"ratingRoomComfort":5,"positiveRemarks":"","negativeRemarks":"","locationRemarks":"","lastInitial":"","userLocation":"","reviewSubmissionTime":"2016-07-13T16:54:02Z","reviewerCategories":[{"categoryId":"Everyone","categoryLabel":"Everyone"}],"userDisplayName":"","roomTypeId":3847,"isUnverified":false,"isFlaggable":true,"isRecommended":"YES"},{"hotelId":"422927","totalPositiveFeedbacks":0,"tpid":"1","eapid":"0","contentLocale":"en_us","totalThanks":0,"photos":[],"reviewId":"5785245b86a89c0b48730376","itinId":"1128533725722","moderationStatus":"APPROVED","contentCodes":"","managementResponses":[],"ratingOverall":4,"langId":"1033","userNickname":"","brandType":"Expedia","title":"Good Location","reviewText":"Great location to access many things from the Fishermans Wharf. Staff was very friendly. ","featured":false,"ratingsOnly":false,"ratingRoomCleanliness":3,"ratingHotelCondition":4,"ratingService":5,"ratingRoomComfort":4,"positiveRemarks":"","negativeRemarks":"","locationRemarks":"","lastInitial":"","userLocation":"","reviewSubmissionTime":"2016-07-12T17:09:47Z","reviewerCategories":[{"categoryId":"Everyone","categoryLabel":"Everyone"}],"userDisplayName":"","roomTypeId":36309,"isUnverified":false,"isFlaggable":true,"isRecommended":"YES"},{"hotelId":"422927","totalPositiveFeedbacks":1,"tpid":"1","eapid":"0","contentLocale":"en_us","totalThanks":1,"photos":[],"reviewId":"576d84b94963a40b7dc60a49","itinId":"1129340652803","moderationStatus":"APPROVED","contentCodes":"","managementResponses":[],"ratingOverall":5,"langId":"1033","userNickname":"Ruben","brandType":"Expedia","title":"Friendly ","reviewText":"The staff went above and beyond! Couldn't have asked more from a friendlier staff! Rooms were clean, valet was on point. Location was perfect.","featured":false,"ratingsOnly":false,"ratingRoomCleanliness":5,"ratingHotelCondition":4,"ratingService":5,"ratingRoomComfort":5,"positiveRemarks":"","negativeRemarks":"","locationRemarks":"","lastInitial":"R","userLocation":"Fort Worth, TX","reviewSubmissionTime":"2016-06-24T19:06:33Z","reviewerCategories":[{"categoryId":"Everyone","categoryLabel":"Everyone"}],"userDisplayName":"","roomTypeId":36309,"isUnverified":false,"isFlaggable":true,"isRecommended":"YES"},{"hotelId":"422927","totalPositiveFeedbacks":1,"tpid":"1","eapid":"0","contentLocale":"en_us","totalThanks":1,"photos":[],"reviewId":"576a8761d43e230b5f3126df","itinId":"1127874866771","moderationStatus":"APPROVED","contentCodes":"","managementResponses":[],"ratingOverall":5,"langId":"1033","userNickname":"","brandType":"Expedia","title":"Hotel","reviewText":"Excellent location to start city tours and within walking distant to Fishermen Wharf. I felt safe walking around the local area.","featured":false,"ratingsOnly":false,"ratingRoomCleanliness":5,"ratingHotelCondition":5,"ratingService":5,"ratingRoomComfort":5,"positiveRemarks":"Convenience ","negativeRemarks":"Lower the rate :o)","locationRemarks":"If you like dining, this is the location. Lots of eating places. Near public transportation.","lastInitial":"","userLocation":"","reviewSubmissionTime":"2016-06-22T12:41:05Z","reviewerCategories":[{"categoryId":"Couples","categoryLabel":"Couples"}],"userDisplayName":"","roomTypeId":36309,"isUnverified":false,"isFlaggable":true,"isRecommended":"YES"},{"hotelId":"422927","totalPositiveFeedbacks":1,"tpid":"1","eapid":"0","contentLocale":"en_us","totalThanks":1,"photos":[],"reviewId":"57674868f74cdc0b7daf5f2f","itinId":"1129455167867","moderationStatus":"APPROVED","contentCodes":"","managementResponses":[],"ratingOverall":3,"langId":"1033","userNickname":"Cathy","brandType":"Expedia","title":"Adequate hotel in a great location","reviewText":"The front desk staff was minimally helpful when asking question and directions. The location was perfect for what we wanted to see in the area. We would stay there again. ","featured":false,"ratingsOnly":false,"ratingRoomCleanliness":5,"ratingHotelCondition":3,"ratingService":2,"ratingRoomComfort":4,"positiveRemarks":"","negativeRemarks":"","locationRemarks":"","lastInitial":"","userLocation":"Chicago, IL","reviewSubmissionTime":"2016-06-20T01:35:36Z","reviewerCategories":[{"categoryId":"Everyone","categoryLabel":"Everyone"}],"userDisplayName":"","roomTypeId":36309,"isUnverified":false,"isFlaggable":true,"isRecommended":"YES"},{"hotelId":"422927","totalPositiveFeedbacks":2,"tpid":"1","eapid":"0","contentLocale":"en_us","totalThanks":2,"photos":[],"reviewId":"57645bb29fa8ce0b7b317c55","itinId":"1122434853220","moderationStatus":"APPROVED","contentCodes":"","managementResponses":[],"ratingOverall":3,"langId":"1033","userNickname":"","brandType":"Expedia","title":"Good location","reviewText":"Hotel was OK but nothing to write home about. Décor seemed a bit outdated and old.","featured":false,"ratingsOnly":false,"ratingRoomCleanliness":3,"ratingHotelCondition":3,"ratingService":3,"ratingRoomComfort":3,"positiveRemarks":"","negativeRemarks":"","locationRemarks":"Close to Fishermen's Wharf","lastInitial":"","userLocation":"","reviewSubmissionTime":"2016-06-17T20:21:06Z","reviewerCategories":[{"categoryId":"Everyone","categoryLabel":"Everyone"}],"userDisplayName":"","roomTypeId":3847,"isUnverified":false,"isFlaggable":true,"isRecommended":"YES"},{"hotelId":"422927","totalPositiveFeedbacks":1,"tpid":"1","eapid":"0","contentLocale":"en_us","totalThanks":1,"photos":[],"reviewId":"57604aab650ec90b2566ca2d","itinId":"1129999689113","moderationStatus":"APPROVED","contentCodes":"","managementResponses":[],"ratingOverall":3,"langId":"1033","userNickname":"","brandType":"Expedia","title":"Nice and Clean but noisy","reviewText":"The Hotel was clean and comfortable and located in the heart of Fisherman's Wharf.  Due to the crowed noise all hours of the day and night you would think that the hotel would invest in some double pane exterior window but no.  If your room is located facing the inner courtyard then won't get a quiet nights sleep.  Other than that it was a good stay.  ","featured":false,"ratingsOnly":false,"ratingRoomCleanliness":4,"ratingHotelCondition":3,"ratingService":4,"ratingRoomComfort":4,"positiveRemarks":"","negativeRemarks":"","locationRemarks":"","lastInitial":"","userLocation":"","reviewSubmissionTime":"2016-06-14T18:19:23Z","reviewerCategories":[{"categoryId":"Everyone","categoryLabel":"Everyone"}],"userDisplayName":"","roomTypeId":36309,"isUnverified":false,"isFlaggable":true,"isRecommended":"NO"},{"hotelId":"422927","totalPositiveFeedbacks":0,"tpid":"1","eapid":"0","contentLocale":"en_us","totalThanks":0,"photos":[],"reviewId":"574fa1b982ccbf09fb707c84","itinId":"1130499455288","moderationStatus":"APPROVED","contentCodes":"","managementResponses":[],"ratingOverall":4,"langId":"1033","userNickname":"southern lady","brandType":"Expedia","title":"Nice hotel in close to many attractions","reviewText":"Nothing in SanFran is inexpensive---including this hotel.  However the pluses are the location, the valet parking, and the ease of transportation from that location i.e. the Muni, cable cars, etc. We didn't want to worry about driving our car in the city, nor did we want to worry about parking it somewhere.  \r\n\r\n","featured":false,"ratingsOnly":false,"ratingRoomCleanliness":4,"ratingHotelCondition":4,"ratingService":4,"ratingRoomComfort":4,"positiveRemarks":"It was very clean, and the staff was very friendly.","negativeRemarks":"They need something better than their 'Bistro' for food in the hotel.  They don't offer breakfast and what they do have is overpriced.","locationRemarks":"Fisherman's Wharf has lots of shops, restaurants, and live music.  It's lively.  The Cable care yard is nor far away so it's easy to get tickets.","lastInitial":"","userLocation":"Texas","reviewSubmissionTime":"2016-06-02T03:02:17Z","reviewerCategories":[{"categoryId":"Everyone","categoryLabel":"Everyone"}],"userDisplayName":"","roomTypeId":3847,"isUnverified":false,"isFlaggable":true,"isRecommended":"YES"},{"hotelId":"422927","totalPositiveFeedbacks":0,"tpid":"1","eapid":"0","contentLocale":"en_us","totalThanks":0,"photos":[],"reviewId":"5743171f227ffc09fc7d8452","itinId":"1123572879065","moderationStatus":"APPROVED","contentCodes":"","managementResponses":[],"ratingOverall":4,"langId":"1033","userNickname":"Colette","brandType":"Expedia","title":"excellent location","reviewText":"We spent a week in san francisco and were very happy with the choice of hotels. Fantastic location being close to the water and other main attractions in the city. Most things were within walking distance. The staff was very personable, knowledgeable, friendly and extremely acommodating.","featured":false,"ratingsOnly":false,"ratingRoomCleanliness":5,"ratingHotelCondition":5,"ratingService":5,"ratingRoomComfort":5,"positiveRemarks":"The location and staff. The rooms were very comfortable and clean. ","negativeRemarks":"They could provide coffee/tea throughout the day.","locationRemarks":"One block from Fisherman's wharf and the embarcadero. The Coit tower, Lombard Street, Chinatown, Trolleys were all within walking distance.  ","lastInitial":"","userLocation":"virginia","reviewSubmissionTime":"2016-05-23T14:43:43Z","reviewerCategories":[{"categoryId":"Everyone","categoryLabel":"Everyone"}],"userDisplayName":"","roomTypeId":36309,"isUnverified":false,"isFlaggable":true,"isRecommended":"YES"},{"hotelId":"422927","totalPositiveFeedbacks":0,"tpid":"1","eapid":"0","contentLocale":"en_us","totalThanks":0,"photos":[],"reviewId":"5726a52ec5e4dd09df908d48","itinId":"1132738001354","moderationStatus":"APPROVED","contentCodes":"","managementResponses":[],"ratingOverall":4,"langId":"1033","userNickname":"Liz","brandType":"Expedia","title":"Great location","reviewText":"Just returned from SF, stayed at the Courtyard for 3 nights, 4 days. Very close to Fisherman's wharf, pier 33 for Alcatraz, and close to a main trolley station and buses/tram to different parts of San Francisco. The hotel was nice, stayed on the 4th floor that was quiet and large. Our window faced the parking garage but surprisingly did not interfere with our routine. The staff was friendly and helpful, pointing out places we should avoid late at night and how to get around. Breakfast selection was limited but seriously, there are a ton of places you could go for breakfast and if you're on the run (like for a tour), it's easy to grab and go. Free wifi definitely came in handy, but they have computers and printers which helped to print boarding passes and vouchers. Would stay there again!","featured":false,"ratingsOnly":false,"ratingRoomCleanliness":5,"ratingHotelCondition":4,"ratingService":5,"ratingRoomComfort":5,"positiveRemarks":"Location, helpful and friendly staff, cleanliness","negativeRemarks":"If I had to pick one thing, so minute but maybe update shower heads.","locationRemarks":"Connected to an In and Out. Starbucks close by. Around the corner is fisherman's wharf with tons of restaurants and fast food joints.","lastInitial":"P","userLocation":"NY, NY","reviewSubmissionTime":"2016-05-02T00:54:06Z","reviewerCategories":[{"categoryId":"Everyone","categoryLabel":"Everyone"}],"userDisplayName":"","roomTypeId":36309,"isUnverified":false,"isFlaggable":true,"isRecommended":"YES"},{"hotelId":"422927","totalPositiveFeedbacks":0,"tpid":"1","eapid":"0","contentLocale":"en_us","totalThanks":0,"photos":[],"reviewId":"571d735eca288a09daa3330e","itinId":"1131824658817","moderationStatus":"APPROVED","contentCodes":"","managementResponses":[],"ratingOverall":4,"langId":"1033","userNickname":"","brandType":"Expedia","title":"","reviewText":"Really great location! Very clean. Staff was very helpful.","featured":false,"ratingsOnly":false,"ratingRoomCleanliness":5,"ratingHotelCondition":4,"ratingService":5,"ratingRoomComfort":5,"positiveRemarks":"","negativeRemarks":"","locationRemarks":"","lastInitial":"","userLocation":"","reviewSubmissionTime":"2016-04-25T01:31:10Z","reviewerCategories":[{"categoryId":"Everyone","categoryLabel":"Everyone"}],"userDisplayName":"","roomTypeId":36309,"isUnverified":false,"isFlaggable":true,"isRecommended":"YES"},{"hotelId":"422927","totalPositiveFeedbacks":0,"tpid":"1","eapid":"0","contentLocale":"en_us","totalThanks":0,"photos":[],"reviewId":"57158709c880fc09f4828e24","itinId":"1130596986020","moderationStatus":"APPROVED","contentCodes":"MMA","managementResponses":[],"ratingOverall":2,"langId":"1033","userNickname":"","brandType":"Expedia","title":"Old Dirty Furniture","reviewText":"Not what I expected for the price.  Furniture was dirty and beat up. Very disgusted with Marriott.","featured":false,"ratingsOnly":false,"ratingRoomCleanliness":2,"ratingHotelCondition":2,"ratingService":2,"ratingRoomComfort":3,"positiveRemarks":"Comfortable bed.","negativeRemarks":"Refurbish and refurnish the place.","locationRemarks":"Good location.","lastInitial":"","userLocation":"","reviewSubmissionTime":"2016-04-19T01:16:57Z","reviewerCategories":[{"categoryId":"Everyone","categoryLabel":"Everyone"}],"userDisplayName":"","roomTypeId":3847,"isUnverified":false,"isFlaggable":false,"isRecommended":"NO"},{"hotelId":"422927","totalPositiveFeedbacks":0,"tpid":"1","eapid":"0","contentLocale":"en_us","totalThanks":0,"photos":[],"reviewId":"571239f9de253609fad54d00","itinId":"1130463526407","moderationStatus":"APPROVED","contentCodes":"","managementResponses":[],"ratingOverall":5,"langId":"1033","userNickname":"Lee","brandType":"Expedia","title":"Convenient location on Fishermans Wharf","reviewText":"Great launching point for our vacation, we drove to Carmel, Muir Woods, Big Sur.","featured":false,"ratingsOnly":false,"ratingRoomCleanliness":5,"ratingHotelCondition":5,"ratingService":5,"ratingRoomComfort":5,"positiveRemarks":"Everything listed above","negativeRemarks":"The only negative was that we were traveling with ederly family and the tub was slippery.  We requested a mat for the tub but one was not available.","locationRemarks":"This would take to much time.  There is so much to do.","lastInitial":"","userLocation":"Texas","reviewSubmissionTime":"2016-04-16T13:11:21Z","reviewerCategories":[{"categoryId":"Everyone","categoryLabel":"Everyone"}],"userDisplayName":"","roomTypeId":36309,"isUnverified":false,"isFlaggable":true,"isRecommended":"YES"},{"hotelId":"422927","totalPositiveFeedbacks":0,"tpid":"1","eapid":"0","contentLocale":"en_us","totalThanks":0,"photos":[],"reviewId":"570d358403646009f7d64c00","itinId":"1128994262057","moderationStatus":"APPROVED","contentCodes":"","managementResponses":[],"ratingOverall":5,"langId":"1033","userNickname":"","brandType":"Expedia","title":"Upscale Hotel without the cost!","reviewText":"Staff was warm efficient and welcoming upon our arrival. The room was spacious with TV, desk, wifi, hair dryer and ample amenities. Walking distance to any type or style of restaurant you would want to enjoy. Public transportation was also located near by. We had a wonderful visit. Will definitely return.  ","featured":false,"ratingsOnly":false,"ratingRoomCleanliness":5,"ratingHotelCondition":5,"ratingService":5,"ratingRoomComfort":5,"positiveRemarks":"Location, Comfort, Customer Service","negativeRemarks":"","locationRemarks":"","lastInitial":"","userLocation":"","reviewSubmissionTime":"2016-04-12T17:51:00Z","reviewerCategories":[{"categoryId":"Everyone","categoryLabel":"Everyone"}],"userDisplayName":"","roomTypeId":3847,"isUnverified":false,"isFlaggable":true,"isRecommended":"YES"},{"hotelId":"422927","totalPositiveFeedbacks":0,"tpid":"1","eapid":"0","contentLocale":"en_us","totalThanks":0,"photos":[],"reviewId":"57034543fcd2e4097de48617","itinId":"1124453526680","moderationStatus":"APPROVED","contentCodes":"","managementResponses":[],"ratingOverall":5,"langId":"1033","userNickname":"","brandType":"Expedia","title":"Great location and a large clean comfortable room.","reviewText":"Stayed in two rooms for one night in San Francisco.  Rooms were very large and nicely finished, much nicer than some of the other hotels we have stayed at in the area.  Nice front desk staff and a perfect location in the heart of tourist mayhem.   Sound insulation was great and room was very quiet despite being in a heavy traffic area.  Water was literally a couple of blocks away. ","featured":false,"ratingsOnly":false,"ratingRoomCleanliness":5,"ratingHotelCondition":5,"ratingService":5,"ratingRoomComfort":5,"positiveRemarks":"Location, staff, and room size.","negativeRemarks":"","locationRemarks":"Very close to Ghirardelli square, shopping, and the famous Fisherman's wharf piers.  Also close to Lombard street, and a short walk from Little Italy.","lastInitial":"","userLocation":"","reviewSubmissionTime":"2016-04-05T04:55:31Z","reviewerCategories":[{"categoryId":"Everyone","categoryLabel":"Everyone"}],"userDisplayName":"","roomTypeId":36309,"isUnverified":false,"isFlaggable":true,"isRecommended":"YES"}]}}}
