{"reviewDetails":{"startIndex":0,"numberOfReviewsInThisPage":20,"reviewSummaryCollection":{"reviewSummary":[{"hotelId":"2336","totalReviewCnt":231,"avgOverallRating":4.073592,"cleanliness":4.2251062,"serviceAndStaff":4.199135,"roomComfort":4.1515193,"hotelCondition":4.0086575,"convenienceOfLocation":4.2580647,"neighborhoodSatisfaction":3.903226,"roomQuality":0,"targetedBrand":"Expedia","originSummary":[{"origin":"Expedia","reviewCnt":231,"recommendedPercent":89.17749,"avgOverallRating":4.073592,"cleanliness":4.2251062,"serviceAndStaff":4.199135,"roomComfort":4.1515193,"hotelCondition":4.0086575,"convenienceOfLocation":4.2580647,"neighborhoodSatisfaction":3.903226,"valueForMoney":0,"roomQuality":0,"categoryCounts":{"Everyone":160,"BusinessTravelers":12,"Couples":11,"Families":20,"Other":4},"roomTypeIdCounts":{"230690":14,"274758":11,"480724":8,"274753":39,"274770":17,"201217314":19,"480731":11,"274763":25},"languageCounts":{"en":231}}],"recommendedPercent":89.17749,"valueForMoney":0,"categoryCounts":{"Everyone":160,"BusinessTravelers":12,"Couples":11,"Families":20,"Other":4},"roomTypeIdCounts":{"230690":14,"274758":11,"480724":8,"274753":39,"274770":17,"201217314":19,"480731":11,"274763":25},"languageCounts":{"en":231},"featuredReview":{}}]},"reviewCollection":{"review":[{"hotelId":"2336","totalPositiveFeedbacks":0,"tpid":"1","eapid":"0","contentLocale":"en_us","totalThanks":0,"photos":[],"reviewId":"57a9a25247c4f60b04504bb8","itinId":"1139651332134","moderationStatus":"APPROVED","contentCodes":"","managementResponses":[],"ratingOverall":4,"langId":"1033","userNickname":"DWS","brandType":"Expedia","title":"","reviewText":"One night stay. Hotel provided what I needed for that stay. ","featured":false,"ratingsOnly":false,"ratingRoomCleanliness":4,"ratingHotelCondition":4,"ratingService":4,"ratingRoomComfort":4,"positiveRemarks":"","negativeRemarks":"","locationRemarks":"","lastInitial":"","userLocation":"NC","reviewSubmissionTime":"2016-08-09T09:28:50Z","reviewerCategories":[{"categoryId":"Everyone","categoryLabel":"Everyone"}],"userDisplayName":"","roomTypeId":201217314,"isUnverified":false,"isFlaggable":true,"isRecommended":"YES"},{"hotelId":"2336","totalPositiveFeedbacks":0,"tpid":"1","eapid":"0","contentLocale":"en_us","totalThanks":0,"photos":[],"reviewId":"57a8a4217b42f40b287bcccb","itinId":"1142127399997","moderationStatus":"APPROVED","contentCodes":"","managementResponses":[],"ratingOverall":3,"langId":"1033","userNickname":"JT","brandType":"Expedia","title":"Met our basic needs ","reviewText":"Rooms were comfortable, free breakfast and all day tea/coffee was a nice perk.  Carpets were old and dirty from the lobby and stairs to the rooms. Stained carpet in our room.  Location wasnt great, signs everywhere to park at your own risk and dont leave any personal belongings in the car. Made me uncomfortable at night.  Close to water, nice to walk in the morning. 5 minutes to downtown Burlingame which was a very cute little town, lots of restaurants and shopping. ","featured":false,"ratingsOnly":false,"ratingRoomCleanliness":2,"ratingHotelCondition":2,"ratingService":4,"ratingRoomComfort":4,"positiveRemarks":"","negativeRemarks":"","locationRemarks":"","lastInitial":"","userLocation":"Orange County","reviewSubmissionTime":"2016-08-08T15:24:17Z","reviewerCategories":[{"categoryId":"Everyone","categoryLabel":"Everyone"}],"userDisplayName":"","roomTypeId":274753,"isUnverified":false,"isFlaggable":true,"isRecommended":"NO"},{"hotelId":"2336","totalPositiveFeedbacks":0,"tpid":"1","eapid":"0","contentLocale":"en_us","totalThanks":0,"photos":[],"reviewId":"57a0cc53bc131a0b28ff8791","itinId":"1140060354670","moderationStatus":"APPROVED","contentCodes":"","managementResponses":[{"userNickname":"taylor","displayLocale":"en_us","isFlaggable":true,"date":"2016-08-04T21:42:35Z","response":"Dear Chris,\r\n\r\nThank You for your kind comments in regards to your most recent stay. We look forward to your next stay! Safe travels","status":"APPROVED","id":"40b63927-6932-4523-a447-529362106692"}],"ratingOverall":4,"langId":"1033","userNickname":"Chris","brandType":"Expedia","title":"Conveniently close to the airport.","reviewText":"Airport shuttle was a plus. Breakfast was nothing special, but at least it was complimentary. \r\n\r\nBest way to get to the city is Uber.","featured":false,"ratingsOnly":false,"ratingRoomCleanliness":5,"ratingHotelCondition":5,"ratingService":5,"ratingRoomComfort":4,"positiveRemarks":"","negativeRemarks":"","locationRemarks":"","lastInitial":"A","userLocation":"Huntsville, AL","reviewSubmissionTime":"2016-08-02T16:37:39Z","reviewerCategories":[{"categoryId":"Everyone","categoryLabel":"Everyone"}],"userDisplayName":"","roomTypeId":201217314,"isUnverified":false,"isFlaggable":true,"isRecommended":"YES"},{"hotelId":"2336","totalPositiveFeedbacks":0,"tpid":"4","eapid":"0","contentLocale":"en_ca","totalThanks":0,"photos":[],"reviewId":"57989449a66e750b29c3f0b0","itinId":"1140977717330","moderationStatus":"APPROVED","contentCodes":"","managementResponses":[],"ratingOverall":3,"langId":"4105","userNickname":"Dean","brandType":"Expedia","title":"Nice clean & quiet hotel","reviewText":"Easy check in and nice room. The staff were very good . Other than the worn carpets ,the hotel seems quite clean . I liked the quick shuttle service to the airport .","featured":false,"ratingsOnly":false,"ratingRoomCleanliness":4,"ratingHotelCondition":3,"ratingService":4,"ratingRoomComfort":4,"positiveRemarks":"Staff , shuttle, check in , room .","negativeRemarks":"I've had better breakfasts .","locationRemarks":"","lastInitial":"","userLocation":"McKellar , Ontario","reviewSubmissionTime":"2016-07-27T11:00:25Z","reviewerCategories":[{"categoryId":"Everyone","categoryLabel":"Everyone"}],"userDisplayName":"","roomTypeId":201217314,"isUnverified":false,"isFlaggable":true,"isRecommended":"YES"},{"hotelId":"2336","totalPositiveFeedbacks":0,"tpid":"1","eapid":"0","contentLocale":"en_us","totalThanks":0,"photos":[],"reviewId":"577d811d0bd9530b8ab255e1","itinId":"1136699708354","moderationStatus":"APPROVED","contentCodes":"","managementResponses":[{"userNickname":"Taylor H. Guest Service Manager","displayLocale":"en_us","isFlaggable":true,"date":"2016-07-07T14:59:11Z","response":"Dear Harry,\r\n\r\nThank You for your lovely comments in regards to your most recent stay with us! We appreciate your feedback and look forward to your next stay! Thank You and safe travels.","status":"APPROVED","id":"54d0a7d7-69bb-4edc-8e50-7b83504ee80b"}],"ratingOverall":4,"langId":"1033","userNickname":"Harry","brandType":"Expedia","title":"Age is just a number","reviewText":"This is an older facility that was undergoing some renovations. It was not bothersome. The staff was very friendly and helpful. The location was great. SFO airplane landings visible in back. If you want to avoid parking in SF, take hotel shuttle to airport and jump on BART.","featured":false,"ratingsOnly":false,"ratingRoomCleanliness":5,"ratingHotelCondition":4,"ratingService":5,"ratingRoomComfort":5,"positiveRemarks":"","negativeRemarks":"","locationRemarks":"","lastInitial":"W","userLocation":"Philadelphia, PA","reviewSubmissionTime":"2016-07-06T22:07:25Z","reviewerCategories":[{"categoryId":"Everyone","categoryLabel":"Everyone"}],"userDisplayName":"","roomTypeId":274753,"isUnverified":false,"isFlaggable":true,"isRecommended":"YES"},{"hotelId":"2336","totalPositiveFeedbacks":0,"tpid":"1","eapid":"0","contentLocale":"en_us","totalThanks":0,"photos":[],"reviewId":"5779db5286298d0b8219f93f","itinId":"1139105039114","moderationStatus":"APPROVED","contentCodes":"","managementResponses":[{"userNickname":"Taylor H. Guest Service Manager","displayLocale":"en_us","isFlaggable":true,"date":"2016-07-06T00:01:14Z","response":"Dear Anonymous,\r\n\r\nThank You for your comments in regards to your most recent stay with us! We look forward to your next stay!\r\n\r\nThank You and safe travels.","status":"APPROVED","id":"24a696a1-a8ac-4ce0-ac50-b1fe16eeda24"}],"ratingOverall":4,"langId":"1033","userNickname":"","brandType":"Expedia","title":"Great parking,snacks and the pool was great","reviewText":"Good hotel behind one of our favorite restaurants,Max`s.\r\nRefreshments in lobby at check in,good breakfast.\r\nElevators are too small,otherwise a good hotel for the price!","featured":false,"ratingsOnly":false,"ratingRoomCleanliness":4,"ratingHotelCondition":3,"ratingService":5,"ratingRoomComfort":4,"positiveRemarks":"","negativeRemarks":"","locationRemarks":"","lastInitial":"","userLocation":"","reviewSubmissionTime":"2016-07-04T03:43:14Z","reviewerCategories":[{"categoryId":"Everyone","categoryLabel":"Everyone"}],"userDisplayName":"","roomTypeId":201217314,"isUnverified":false,"isFlaggable":true,"isRecommended":"YES"},{"hotelId":"2336","totalPositiveFeedbacks":0,"tpid":"1","eapid":"0","contentLocale":"en_us","totalThanks":0,"photos":[],"reviewId":"5779117d25628c0b7c9b3f4f","itinId":"1138649172771","moderationStatus":"APPROVED","contentCodes":"","managementResponses":[{"userNickname":"Taylor H. Guest Service Manager","displayLocale":"en_us","isFlaggable":true,"date":"2016-07-06T00:09:52Z","response":"Dear Chelsea,\r\n\r\nThank You for your feedback in regards to your most recent stay with us. We appreciate your comments and do sincerely apologize for the experience you encountered. We will make sure our staff is informed to prevent this situation from occuring again. Thank You and safe travels.","status":"APPROVED","id":"72f21413-003d-408f-996b-cf3d50cc22e3"}],"ratingOverall":3,"langId":"1033","userNickname":"Chelsea","brandType":"Expedia","title":"Decent airport hotel","reviewText":"The hotel was a good place to stay if flying into SFO. The staff was friendly and the room was clean. The only problem we had was they put our room right next to a housekeeping room or the kitchens or something where hotel staff have to make a lot of noise at 5am in the morning. Because the walls are thin, it disturbed our sleep. I wish the hotel would have warned us of this while checking in. ","featured":false,"ratingsOnly":false,"ratingRoomCleanliness":4,"ratingHotelCondition":4,"ratingService":4,"ratingRoomComfort":2,"positiveRemarks":"","negativeRemarks":"","locationRemarks":"","lastInitial":"","userLocation":"Dayton, OH","reviewSubmissionTime":"2016-07-03T13:22:05Z","reviewerCategories":[{"categoryId":"Everyone","categoryLabel":"Everyone"}],"userDisplayName":"","roomTypeId":274753,"isUnverified":false,"isFlaggable":true,"isRecommended":"YES"},{"hotelId":"2336","totalPositiveFeedbacks":0,"tpid":"3","eapid":"0","contentLocale":"en_gb","totalThanks":0,"photos":[],"reviewId":"57781093889b0b0b7afc4d5c","itinId":"19624588382","moderationStatus":"APPROVED","contentCodes":"","managementResponses":[{"userNickname":"Taylor H. Guest Service Manager","displayLocale":"en_us","isFlaggable":true,"date":"2016-07-02T20:13:38Z","response":"Dear Paul,\r\n\r\nThank You for your lovey comments in regards to your most recent stay with us! We appreciate your feedback and look forward to your next stay! Thanks again and safe travels.","status":"APPROVED","id":"a0fb0d77-4115-409e-ad60-48810bdea515"}],"ratingOverall":4,"langId":"2057","userNickname":"Paul","brandType":"Expedia","title":"Near SFO airport.","reviewText":"Convenient for SFO airport. Finding HWY 101 from the hotel not easy.","featured":false,"ratingsOnly":false,"ratingRoomCleanliness":5,"ratingHotelCondition":3,"ratingService":4,"ratingRoomComfort":4,"positiveRemarks":"Clean.","negativeRemarks":"Decoration is a bit too dark","locationRemarks":"","lastInitial":"","userLocation":"London UK","reviewSubmissionTime":"2016-07-02T19:05:55Z","reviewerCategories":[{"categoryId":"Everyone","categoryLabel":"Everyone"}],"userDisplayName":"","roomTypeId":274753,"isUnverified":false,"isFlaggable":true,"isRecommended":"YES"},{"hotelId":"2336","totalPositiveFeedbacks":0,"tpid":"1","eapid":"0","contentLocale":"en_us","totalThanks":0,"photos":[],"reviewId":"576a32b49cd5dd0b489f8a6c","itinId":"1136230569182","moderationStatus":"APPROVED","contentCodes":"","managementResponses":[{"userNickname":"Taylor H. Guest Service Manager","displayLocale":"en_us","isFlaggable":true,"date":"2016-06-24T19:13:18Z","response":"Dear Aries,\r\n\r\nThank you for the 5 star review! We appreciate your feedback and lovely comments in regards to our staff! We look forward to your next stay with us! Than You and safe travels.","status":"APPROVED","id":"384787c4-34ea-4ae6-a906-17cccc79deaf"}],"ratingOverall":5,"langId":"1033","userNickname":"Aries","brandType":"Expedia","title":"","reviewText":"The hotel staff at the front desk while checking in was very courteous and accommodating. We were even given a complimentary parking for our 3 nights of stay at the hotel. The housekeepers were very good in taking care of our rooms in our entire stay. There is also a free coffee at the lobby throughout the day. I would say that the best is their complimentary breakfast buffet which has a wide variety of choices. Ovearall, we had a very wonderful stay at the hotel and we would come back again. ","featured":false,"ratingsOnly":false,"ratingRoomCleanliness":5,"ratingHotelCondition":5,"ratingService":5,"ratingRoomComfort":5,"positiveRemarks":"","negativeRemarks":"","locationRemarks":"","lastInitial":"","userLocation":"Las Vegas, NV","reviewSubmissionTime":"2016-06-22T06:39:48Z","reviewerCategories":[{"categoryId":"Everyone","categoryLabel":"Everyone"}],"userDisplayName":"","roomTypeId":201217314,"isUnverified":false,"isFlaggable":true,"isRecommended":"YES"},{"hotelId":"2336","totalPositiveFeedbacks":0,"tpid":"1","eapid":"0","contentLocale":"en_us","totalThanks":0,"photos":[],"reviewId":"57685ebef7ebc30b7b54f9b8","itinId":"1137165851665","moderationStatus":"APPROVED","contentCodes":"","managementResponses":[{"userNickname":"Taylor H. Guest Service Manager","displayLocale":"en_us","isFlaggable":true,"date":"2016-06-21T23:19:23Z","response":"Dear Sharon S,\r\n\r\nThank You for your lovely comments in regards to your most recent stay with us! We appreciate your feedback and look forward to your next stay! Thank You!","status":"APPROVED","id":"33667520-76bf-4fa6-b295-64a3608ff18b"}],"ratingOverall":4,"langId":"1033","userNickname":"SharonS","brandType":"Expedia","title":"Worked out perfectly for an early morning flight.","reviewText":"Very comfortable, clean and friendly. That's it, that's all I have to say. ","featured":false,"ratingsOnly":false,"ratingRoomCleanliness":4,"ratingHotelCondition":4,"ratingService":5,"ratingRoomComfort":4,"positiveRemarks":"","negativeRemarks":"","locationRemarks":"","lastInitial":"S","userLocation":"Fresno,CA","reviewSubmissionTime":"2016-06-20T21:23:10Z","reviewerCategories":[{"categoryId":"Everyone","categoryLabel":"Everyone"}],"userDisplayName":"","roomTypeId":274753,"isUnverified":false,"isFlaggable":true,"isRecommended":"YES"},{"hotelId":"2336","totalPositiveFeedbacks":0,"tpid":"1","eapid":"0","contentLocale":"en_us","totalThanks":0,"photos":[],"reviewId":"57675521f7ebc30b7bb148a9","itinId":"1136930041287","moderationStatus":"APPROVED","contentCodes":"","managementResponses":[{"userNickname":"Taylor H. Guest Service Manager","displayLocale":"en_us","isFlaggable":true,"date":"2016-06-20T15:28:37Z","response":"Dear Anonymous,\r\n\r\nThank You for your  feedback in regards to your most recent stay with us. Our management team will make sure carpets are clean as well as looking into healthier breakfast options. We do still offer fruit during breakfast as well as fresh pastries and yogurt. Thank You again and safe travels.","status":"APPROVED","id":"996c53ab-25b9-4077-b3d9-15ae8837db25"}],"ratingOverall":3,"langId":"1033","userNickname":"","brandType":"Expedia","title":"","reviewText":"Parking cost is ridiculous.  Hall carpets were dirty. Need more healthy breakfast food options.","featured":false,"ratingsOnly":false,"ratingRoomCleanliness":4,"ratingHotelCondition":2,"ratingService":4,"ratingRoomComfort":3,"positiveRemarks":"","negativeRemarks":"","locationRemarks":"","lastInitial":"","userLocation":"","reviewSubmissionTime":"2016-06-20T02:29:53Z","reviewerCategories":[{"categoryId":"Everyone","categoryLabel":"Everyone"}],"userDisplayName":"","roomTypeId":274753,"isUnverified":false,"isFlaggable":true,"isRecommended":"NO"},{"hotelId":"2336","totalPositiveFeedbacks":0,"tpid":"1","eapid":"0","contentLocale":"en_us","totalThanks":0,"photos":[],"reviewId":"5760af9df2fea70b2606b120","itinId":"1135426669175","moderationStatus":"APPROVED","contentCodes":"","managementResponses":[{"userNickname":"Taylor H.","displayLocale":"en_us","isFlaggable":true,"date":"2016-06-18T19:54:42Z","response":"Dear Anonymous,\r\n\r\nThank You for your review! We appreciate your feedback and look forward to your next stay!\r\n\r\n","status":"APPROVED","id":"6b35cdd7-3019-42fa-903f-3518c0051204"}],"ratingOverall":3,"langId":"1033","userNickname":"","brandType":"Expedia","title":"close to SF airport","reviewText":"Hotel is close to the airport and has a convenient shuttle service to the airport.","featured":false,"ratingsOnly":false,"ratingRoomCleanliness":3,"ratingHotelCondition":3,"ratingService":4,"ratingRoomComfort":4,"positiveRemarks":"","negativeRemarks":"","locationRemarks":"","lastInitial":"","userLocation":"","reviewSubmissionTime":"2016-06-15T01:30:05Z","reviewerCategories":[{"categoryId":"Everyone","categoryLabel":"Everyone"}],"userDisplayName":"","roomTypeId":274753,"isUnverified":false,"isFlaggable":true,"isRecommended":"YES"},{"hotelId":"2336","totalPositiveFeedbacks":0,"tpid":"1","eapid":"0","contentLocale":"en_us","totalThanks":0,"photos":[],"reviewId":"57563650c023fa0b4f75cb03","itinId":"1136883452357","moderationStatus":"APPROVED","contentCodes":"","managementResponses":[{"userNickname":"Taylor H. Guest Service Manager","displayLocale":"en_us","isFlaggable":true,"date":"2016-06-09T15:23:19Z","response":"Dear Anonymous,\r\n\r\nThank You for your lovely comments in regards to your recent stay with us! We appreciate your feedback and look forward to having you back! Safe Travels and Thank You!","status":"APPROVED","id":"7c90fad2-ace9-457b-b346-644f9f846b72"}],"ratingOverall":3,"langId":"1033","userNickname":"","brandType":"Expedia","title":"close to race start","reviewText":"The location was great. It was only 1 block from the start of the Diva run. ","featured":false,"ratingsOnly":false,"ratingRoomCleanliness":4,"ratingHotelCondition":4,"ratingService":3,"ratingRoomComfort":3,"positiveRemarks":"","negativeRemarks":"","locationRemarks":"","lastInitial":"","userLocation":"","reviewSubmissionTime":"2016-06-07T02:49:52Z","reviewerCategories":[{"categoryId":"Everyone","categoryLabel":"Everyone"}],"userDisplayName":"","roomTypeId":274753,"isUnverified":false,"isFlaggable":true,"isRecommended":"YES"},{"hotelId":"2336","totalPositiveFeedbacks":0,"tpid":"30029","eapid":"0","contentLocale":"en_us","totalThanks":0,"photos":[],"reviewId":"57471e4ac930140a019b623a","itinId":"13753771607","moderationStatus":"APPROVED","contentCodes":"HMP MMD","managementResponses":[{"userNickname":"HIEX","displayLocale":"en_us","isFlaggable":false,"date":"2016-06-02T11:45:22Z","response":"Dear Genia,\r\n\r\nThanks for staying with us and for the 5 Star review. I appreciate the shout out to Taylor and the and the rest of our fabulous team. We're glad you enjoyed your Holiday Inn Express experience and look forward to seeing you again soon. Thanks again! ","status":"APPROVED","id":"0bceccdd-0b57-43a5-81c5-becc26e911ae"}],"ratingOverall":5,"langId":"1033","userNickname":"Genia","brandType":"Expedia","title":"Very nice location. Close to airport. Beach front.","reviewText":"The service was excellent. Taylor the manger was awesome and each of the staff members were very personable. The cleaning crew was so friendly and welcoming. She and the staff helped us with travel information and map quest, so we could arrive at our locations with ease.\r\n\r\nThe breakfast was amazing. The selection was great with the eggs, sausage, bacon and ham every morning.\r\nFruit and yogart too. All the coffee and tea all day long was so nice and convenient. Fruit was available all day long and cookies in the afternoon. What a treat!!\r\n\r\nWe would recommend The Hotel to everyone traveling to San Francisco, CA.\r\n\r\nIt was a warm and friendly hotel.","featured":false,"ratingsOnly":false,"ratingRoomCleanliness":5,"ratingHotelCondition":5,"ratingService":5,"ratingRoomComfort":5,"positiveRemarks":"The personal touches and welcoming staff.\r\nClose to the airport and a shuttle to and from also.","negativeRemarks":"Did not find any issues there.","locationRemarks":"The Trolley cars and Fisherman's Wharf were near by.","lastInitial":"L","userLocation":"Sealy, Texas","reviewSubmissionTime":"2016-05-26T16:03:22Z","reviewerCategories":[{"categoryId":"Everyone","categoryLabel":"Everyone"}],"userDisplayName":"","roomTypeId":274753,"isUnverified":false,"isFlaggable":false,"isRecommended":"YES"},{"hotelId":"2336","totalPositiveFeedbacks":0,"tpid":"1","eapid":"0","contentLocale":"en_us","totalThanks":0,"photos":[],"reviewId":"57463d2a16c6fb0a01c11d2f","itinId":"1134976961692","moderationStatus":"APPROVED","contentCodes":"","managementResponses":[{"userNickname":"Taylor H. Guest Service Manager","displayLocale":"en_us","isFlaggable":true,"date":"2016-05-26T16:42:08Z","response":"Dear anneski,\r\n\r\n Thanks for staying with us and for taking the time to share such lovely comments about your Holiday Inn Express experience. We appreciate the kind words and hope to see you again soon! \r\n","status":"APPROVED","id":"e1413091-b229-4f30-9437-270e1b904554"}],"ratingOverall":3,"langId":"1033","userNickname":"anneski","brandType":"Expedia","title":"","reviewText":"Good place for a 2 night stay. Close to downtown and freeways","featured":false,"ratingsOnly":false,"ratingRoomCleanliness":3,"ratingHotelCondition":3,"ratingService":4,"ratingRoomComfort":3,"positiveRemarks":"","negativeRemarks":"","locationRemarks":"","lastInitial":"","userLocation":"cali chick","reviewSubmissionTime":"2016-05-26T00:02:50Z","reviewerCategories":[{"categoryId":"Everyone","categoryLabel":"Everyone"}],"userDisplayName":"","roomTypeId":201217314,"isUnverified":false,"isFlaggable":true,"isRecommended":"YES"},{"hotelId":"2336","totalPositiveFeedbacks":0,"tpid":"1","eapid":"0","contentLocale":"en_us","totalThanks":0,"photos":[],"reviewId":"57454166a022c10a02de419c","itinId":"1135210905361","moderationStatus":"APPROVED","contentCodes":"","managementResponses":[{"userNickname":"Taylor H. Guest Service Manager","displayLocale":"en_us","isFlaggable":true,"date":"2016-05-26T16:43:11Z","response":"Dear Anonymous,\r\n\r\n-Thanks for staying with us and for the 5 Star review. I'm so glad to hear that you had a great Holiday Inn Express experience. All of your very kind comments are most appreciated and we hope to see you again soon! ","status":"APPROVED","id":"f9a5dcfb-c767-4ad2-87be-15e05b3a3b30"}],"ratingOverall":5,"langId":"1033","userNickname":"","brandType":"Expedia","title":"Nice place, expensive due to timing","reviewText":"Nice location right off the bay.  Room clean and remodeled.  Breakfast was quite nice for a 3 star.  Due to the dates, the price was quite crazy, a 5 star price per night at 3 star hotel.  But SF hotels were all expensive during the period of my stay.","featured":false,"ratingsOnly":false,"ratingRoomCleanliness":4,"ratingHotelCondition":4,"ratingService":3,"ratingRoomComfort":4,"positiveRemarks":"Nice location.","negativeRemarks":"Brighter hallways.","locationRemarks":"Great mall nearby for food and shopping","lastInitial":"","userLocation":"","reviewSubmissionTime":"2016-05-25T06:08:38Z","reviewerCategories":[{"categoryId":"Everyone","categoryLabel":"Everyone"}],"userDisplayName":"","roomTypeId":201217314,"isUnverified":false,"isFlaggable":true,"isRecommended":"YES"},{"hotelId":"2336","totalPositiveFeedbacks":0,"tpid":"1","eapid":"0","contentLocale":"en_us","totalThanks":0,"photos":[],"reviewId":"573df1fa6cce0209fb475a3e","itinId":"1135256238248","moderationStatus":"APPROVED","contentCodes":"","managementResponses":[{"userNickname":"Taylor H. Guest Service Manager","displayLocale":"en_us","isFlaggable":true,"date":"2016-05-24T22:06:21Z","response":"Dear Tim,\r\n\r\n Thanks for staying with us and for taking the time to share such lovely comments about your Holiday Inn Express experience. We appreciate the kind words and hope to see you again soon! ","status":"APPROVED","id":"d2bf2754-52a0-453d-963d-43a90d97a3df"}],"ratingOverall":3,"langId":"1033","userNickname":"Tim","brandType":"Expedia","title":"Great free full breakfast! ","reviewText":"This place has a great full breakfast.  I have stayed there 2 times now and love the park and fly option so I can leave my car there. The restaurant in front of the hotel has great food and a piano bar.","featured":false,"ratingsOnly":false,"ratingRoomCleanliness":3,"ratingHotelCondition":5,"ratingService":5,"ratingRoomComfort":4,"positiveRemarks":"Breakfast and park-N-Fly option","negativeRemarks":"room carpet had some stains in it","locationRemarks":"Max's restaurant is in front.","lastInitial":"","userLocation":"Sacramento, CA","reviewSubmissionTime":"2016-05-19T17:03:54Z","reviewerCategories":[{"categoryId":"Everyone","categoryLabel":"Everyone"}],"userDisplayName":"","roomTypeId":201217314,"isUnverified":false,"isFlaggable":true,"isRecommended":"YES"},{"hotelId":"2336","totalPositiveFeedbacks":0,"tpid":"4","eapid":"0","contentLocale":"en_ca","totalThanks":0,"photos":[],"reviewId":"57349c34bbb2c009fd12a5cd","itinId":"1129490995174","moderationStatus":"APPROVED","contentCodes":"MMA HMP","managementResponses":[{"userNickname":"lborja@hiesfosouth.com","displayLocale":"en_us","isFlaggable":false,"date":"2016-05-16T11:45:20Z","response":"Dear jim,\r\n\r\nThank you for your feedback. We take our guest comments very seriously and always strive to provide comfortable and friendly accommodations. We appreciate that you find our location to be convenient. However, we’re sorry we fell below your expectation regarding the carpets in the room. We will address these concerns. Thank you for staying with us and hope you will continue to choose IHG for your future travel needs.\r\n\r\nSincerely,\r\nLeila Borja\r\nGeneral Manager\r\n","status":"APPROVED","id":"0d2e4314-204a-4241-99dd-433551a16581"}],"ratingOverall":3,"langId":"4105","userNickname":"jim","brandType":"Expedia","title":"Excellent breakfast","reviewText":"Carpets in rooms are tired and old!oops should be allowed to keep a review short and to the point without having been told to add a bit more to thr review\r\n\r\n","featured":false,"ratingsOnly":false,"ratingRoomCleanliness":2,"ratingHotelCondition":4,"ratingService":4,"ratingRoomComfort":3,"positiveRemarks":"Good breakfast choice!","negativeRemarks":"New carpets in rooms","locationRemarks":"Close to airport and good shuttle","lastInitial":"","userLocation":"melbourne quebec","reviewSubmissionTime":"2016-05-12T15:07:32Z","reviewerCategories":[{"categoryId":"Everyone","categoryLabel":"Everyone"}],"userDisplayName":"","roomTypeId":274753,"isUnverified":false,"isFlaggable":false,"isRecommended":"YES"},{"hotelId":"2336","totalPositiveFeedbacks":0,"tpid":"1","eapid":"0","contentLocale":"en_us","totalThanks":0,"photos":[],"reviewId":"57291bbdcbe0b509fd51aae6","itinId":"1127518853442","moderationStatus":"APPROVED","contentCodes":"","managementResponses":[{"userNickname":"lborja@hiesfosouth.com","displayLocale":"en_us","isFlaggable":true,"date":"2016-05-06T21:23:43Z","response":"Dear Devon,\r\n\r\n Thank you for your feedback. We take our guest comments very seriously and always strive to provide comfortable and friendly accommodations. We appreciate that you find our location to be convenient and for your nice comment about our amenities we offered to our guest. Thank you for staying with us and we all hope to have an opportunity to serve you again on your next future visit.\r\n\r\nRespectfully,\r\nLeila Borja\r\nGeneral Manager","status":"APPROVED","id":"cbde058a-c5eb-4489-b56e-96da419c32f7"}],"ratingOverall":5,"langId":"1033","userNickname":"Devon","brandType":"Expedia","title":"Very nice hotel","reviewText":"Our stay was great. The location was perfect.The highway was right there ","featured":false,"ratingsOnly":false,"ratingRoomCleanliness":5,"ratingHotelCondition":5,"ratingService":5,"ratingRoomComfort":5,"positiveRemarks":"The hotel provided extras everyday that made our stay special, like fruit available in the lobby all day-everyday. Complimentary breakfast that includ","negativeRemarks":"","locationRemarks":"The highway was right there for easy access, to take you anywhere.","lastInitial":"","userLocation":"New Hampshire","reviewSubmissionTime":"2016-05-03T21:44:29Z","reviewerCategories":[{"categoryId":"Everyone","categoryLabel":"Everyone"}],"userDisplayName":"","roomTypeId":480731,"isUnverified":false,"isFlaggable":true,"isRecommended":"YES"},{"hotelId":"2336","totalPositiveFeedbacks":0,"tpid":"1","eapid":"0","contentLocale":"en_us","totalThanks":0,"photos":[],"reviewId":"57211cbac83aad09dab3c08e","itinId":"1127838538395","moderationStatus":"APPROVED","contentCodes":"","managementResponses":[{"userNickname":"lborja@hiesfosoutg.com","displayLocale":"en_us","isFlaggable":true,"date":"2016-04-30T17:29:39Z","response":"Dear Angie,\r\n\r\nThank you for taking the time to review our property. I am pleased to note that you liked the room cleanliness and comfortable beds. We work diligently to ensure our facilities are well maintained and we try our hardest to provide not just good value, but comfortable, clean and friendly accommodations. It is regrettable to hear that there were few let down during your stay particularly with the bay view room. Please accept our sincere apologies for any inconvenience these issues may have caused you. Hence, we are very pleased you enjoyed your stay and will recommend the hotel. Again, thank you for your valued feedback and we look forward to hosting you on your next visit.\r\n\r\nSincerely,\r\nLeila Borja\r\nGeneral Manager\r\n","status":"APPROVED","id":"f6a951be-9db2-4dfb-9f19-bb6c43a80105"}],"ratingOverall":4,"langId":"1033","userNickname":"Angie","brandType":"Expedia","title":"Close to airport and good hot breakfast","reviewText":"Very easy to find from the airport.  Rooms were very nice - clean - beds comfortable.  Booked a bay view room and was disappointed the view was not all that great, so I would not pay the extra for the bay view. Breakfast was very good had a good selection.  Nice little town square area right over the freeway from the hotel, found a great place to eat Broadway Grill.  Would highly recommend it.","featured":false,"ratingsOnly":false,"ratingRoomCleanliness":5,"ratingHotelCondition":4,"ratingService":5,"ratingRoomComfort":5,"positiveRemarks":"Ease of location and comfort of rooms.","negativeRemarks":"Nothing","locationRemarks":"","lastInitial":"C","userLocation":"Nederland, TX","reviewSubmissionTime":"2016-04-27T20:10:34Z","reviewerCategories":[{"categoryId":"Everyone","categoryLabel":"Everyone"}],"userDisplayName":"","roomTypeId":480724,"isUnverified":false,"isFlaggable":true,"isRecommended":"YES"}]}}}
