{"reviewDetails":{"startIndex":0,"numberOfReviewsInThisPage":20,"reviewSummaryCollection":{"reviewSummary":[{"hotelId":"3308","totalReviewCnt":705,"avgOverallRating":3.0354595,"cleanliness":3.3560283,"serviceAndStaff":3.3687947,"roomComfort":3.0539014,"hotelCondition":2.970212,"convenienceOfLocation":3.9457831,"neighborhoodSatisfaction":3.20482,"roomQuality":0,"targetedBrand":"Expedia","originSummary":[{"origin":"Expedia","reviewCnt":705,"recommendedPercent":60.28369,"avgOverallRating":3.0354595,"cleanliness":3.3560283,"serviceAndStaff":3.3687947,"roomComfort":3.0539014,"hotelCondition":2.970212,"convenienceOfLocation":3.9457831,"neighborhoodSatisfaction":3.20482,"valueForMoney":0,"roomQuality":0,"categoryCounts":{"Everyone":442,"BusinessTravelers":34,"Couples":62,"Students":6,"Families":31,"Other":21},"roomTypeIdCounts":{"201470231":5,"201470229":12,"6889":74,"17946":8,"15661":257},"languageCounts":{"en":705}}],"recommendedPercent":60.28369,"valueForMoney":0,"categoryCounts":{"Everyone":442,"BusinessTravelers":34,"Couples":62,"Students":6,"Families":31,"Other":21},"roomTypeIdCounts":{"201470231":5,"201470229":12,"6889":74,"17946":8,"15661":257},"languageCounts":{"en":705},"featuredReview":{}}]},"reviewCollection":{"review":[{"hotelId":"3308","totalPositiveFeedbacks":0,"tpid":"1","eapid":"0","contentLocale":"en_us","totalThanks":0,"photos":[],"reviewId":"57b34e39e8fd210b05185e34","itinId":"1143246849178","moderationStatus":"APPROVED","contentCodes":"","managementResponses":[],"ratingOverall":3,"langId":"1033","userNickname":"","brandType":"Expedia","title":"","reviewText":"Staff was very pleasing, the hotel overall was old dated. Didn't like that they charge 10 dollars extra to have a microwave in room. but overall my stay in this hotel was OK.","featured":false,"ratingsOnly":false,"ratingRoomCleanliness":3,"ratingHotelCondition":3,"ratingService":4,"ratingRoomComfort":3,"positiveRemarks":"","negativeRemarks":"","locationRemarks":"","lastInitial":"","userLocation":"","reviewSubmissionTime":"2016-08-16T17:32:41Z","reviewerCategories":[{"categoryId":"Everyone","categoryLabel":"Everyone"}],"userDisplayName":"","roomTypeId":201470231,"isUnverified":false,"isFlaggable":true,"isRecommended":"YES"},{"hotelId":"3308","totalPositiveFeedbacks":0,"tpid":"1","eapid":"0","contentLocale":"en_us","totalThanks":0,"photos":[],"reviewId":"57adec74c015df0b053a84b9","itinId":"1140275073367","moderationStatus":"APPROVED","contentCodes":"MMA","managementResponses":[],"ratingOverall":1,"langId":"1033","userNickname":"","brandType":"Expedia","title":"Dirty","reviewText":"Dirty and uncomfortable. Not at all what I thought it would be.","featured":false,"ratingsOnly":false,"ratingRoomCleanliness":1,"ratingHotelCondition":1,"ratingService":5,"ratingRoomComfort":1,"positiveRemarks":"","negativeRemarks":"","locationRemarks":"","lastInitial":"","userLocation":"","reviewSubmissionTime":"2016-08-12T15:34:12Z","reviewerCategories":[{"categoryId":"Everyone","categoryLabel":"Everyone"}],"userDisplayName":"","roomTypeId":6889,"isUnverified":false,"isFlaggable":false,"isRecommended":"NO"},{"hotelId":"3308","totalPositiveFeedbacks":0,"tpid":"1","eapid":"0","contentLocale":"en_us","totalThanks":0,"photos":[],"reviewId":"57ad439bfd058f0b04eeba53","itinId":"1142788445056","moderationStatus":"APPROVED","contentCodes":"","managementResponses":[],"ratingOverall":3,"langId":"1033","userNickname":"","brandType":"Expedia","title":"This is a 2star  hotel, but felt more like a 3Star","reviewText":"Check in was fast and the agent was friendly, I was scheduled for an upper floor, but upon request I was given a ground floor. The room was clean and had a fresh smell, not one trying to hide something. The breakfast was plentiful and good. If you want a refer it's $10 more. The ice machines are close by.","featured":false,"ratingsOnly":false,"ratingRoomCleanliness":5,"ratingHotelCondition":4,"ratingService":4,"ratingRoomComfort":4,"positiveRemarks":"close to whee I was going","negativeRemarks":"","locationRemarks":"","lastInitial":"","userLocation":"","reviewSubmissionTime":"2016-08-12T03:33:47Z","reviewerCategories":[{"categoryId":"Everyone","categoryLabel":"Everyone"}],"userDisplayName":"","roomTypeId":15661,"isUnverified":false,"isFlaggable":true,"isRecommended":"YES"},{"hotelId":"3308","totalPositiveFeedbacks":0,"tpid":"1","eapid":"0","contentLocale":"en_us","totalThanks":0,"photos":[],"reviewId":"57a88b064f61260b263286cc","itinId":"1139008730845","moderationStatus":"APPROVED","contentCodes":"","managementResponses":[],"ratingOverall":3,"langId":"1033","userNickname":"jyo","brandType":"Expedia","title":"Good hotel for the price. ","reviewText":"The food options around the place are quite limited, but aside from that, it is a good hotel for its price.","featured":false,"ratingsOnly":false,"ratingRoomCleanliness":5,"ratingHotelCondition":4,"ratingService":4,"ratingRoomComfort":4,"positiveRemarks":"","negativeRemarks":"","locationRemarks":"","lastInitial":"M","userLocation":"","reviewSubmissionTime":"2016-08-08T13:37:10Z","reviewerCategories":[{"categoryId":"Everyone","categoryLabel":"Everyone"}],"userDisplayName":"","roomTypeId":6889,"isUnverified":false,"isFlaggable":true,"isRecommended":"YES"},{"hotelId":"3308","totalPositiveFeedbacks":0,"tpid":"1","eapid":"0","contentLocale":"en_us","totalThanks":0,"photos":[],"reviewId":"57a60dad1563430b29da6df3","itinId":"1140463369866","moderationStatus":"APPROVED","contentCodes":"HMP MMD","managementResponses":[],"ratingOverall":2,"langId":"1033","userNickname":"Ian","brandType":"Expedia","title":"Great price, poor room and service","reviewText":"The room did not include a mini-fridge, and most of it appeared as though it was still 1988.  It looks like the hotel had updated some of the other rooms, but not this one.  I needed to use the washer / dryer, and after 5 minutes of searching for it (front desk, maids office, etc) I was finally told by a maintenance employee that the washer / dryer \"did not work.\"  So much for doing laundry after a week on the road...  I had tickets to a concert that needed to be printed out.  My buddy took care of calling the front desk, sending them the email, and walking up there to have it printed out.  The staff person had serious printer trouble (needed new toner cartridge, etc) and after three or four attempts, finally got a clean printout (so bar codes were legible and could be scanned).  Then the staff person told my buddy \"maybe next time we not do this for you;\" to which my buddy replied \"maybe next time we not stay here.\"  I will say that housekeeping did a good job of cleaning the room each day that we were there, and the location was pretty good for SF.  I would definitely think twice before choosing to stay here again.  ","featured":false,"ratingsOnly":false,"ratingRoomCleanliness":2,"ratingHotelCondition":2,"ratingService":2,"ratingRoomComfort":2,"positiveRemarks":"Very little. ","negativeRemarks":"Most everything. ","locationRemarks":"location was pretty good for SF","lastInitial":"P","userLocation":"Las Vegas","reviewSubmissionTime":"2016-08-06T16:17:49Z","reviewerCategories":[{"categoryId":"Everyone","categoryLabel":"Everyone"}],"userDisplayName":"","roomTypeId":201470231,"isUnverified":false,"isFlaggable":false,"isRecommended":"NO"},{"hotelId":"3308","totalPositiveFeedbacks":0,"tpid":"1","eapid":"0","contentLocale":"en_us","totalThanks":0,"photos":[],"reviewId":"57a5d592379e130b274c8b93","itinId":"1139523052969","moderationStatus":"APPROVED","contentCodes":"","managementResponses":[],"ratingOverall":4,"langId":"1033","userNickname":"","brandType":"Expedia","title":"Good location 15 min from S.F","reviewText":"Very nice and clean.\r\nClose to the airport and 15 minutes drive from San Francisco.\r\nRenovated room.","featured":false,"ratingsOnly":false,"ratingRoomCleanliness":5,"ratingHotelCondition":4,"ratingService":3,"ratingRoomComfort":5,"positiveRemarks":"","negativeRemarks":"","locationRemarks":"","lastInitial":"","userLocation":"","reviewSubmissionTime":"2016-08-06T12:18:26Z","reviewerCategories":[{"categoryId":"Everyone","categoryLabel":"Everyone"}],"userDisplayName":"","roomTypeId":201470231,"isUnverified":false,"isFlaggable":true,"isRecommended":"YES"},{"hotelId":"3308","totalPositiveFeedbacks":1,"tpid":"25","eapid":"0","contentLocale":"en_au","totalThanks":1,"photos":[],"reviewId":"57a50e27379e130b276d7564","itinId":"18736436417","moderationStatus":"APPROVED","contentCodes":"MMA","managementResponses":[],"ratingOverall":3,"langId":"3081","userNickname":"Ted","brandType":"Expedia","title":"I was travelling through Frisco and needed to rest","reviewText":"The rooms are adequate for a person not worried about 4 /5 star accommodation. Choices at breakfast not great, but again adequate. Value for money though I'd say.","featured":false,"ratingsOnly":false,"ratingRoomCleanliness":3,"ratingHotelCondition":3,"ratingService":4,"ratingRoomComfort":3,"positiveRemarks":"Free airport shuttle a great bonus. Shuttle ran on time precisely. Close to airport. Buses to Frisco quite handy.","negativeRemarks":"Breakfast options. Book in far too slow, needs to be made faster. I was not the only person who said this. most complaining under their breath.","locationRemarks":"I did not explore these, just travelling through.","lastInitial":"","userLocation":"Perth Australia, also in New Zealand","reviewSubmissionTime":"2016-08-05T22:07:35Z","reviewerCategories":[{"categoryId":"Everyone","categoryLabel":"Everyone"}],"userDisplayName":"","roomTypeId":15661,"isUnverified":false,"isFlaggable":false,"isRecommended":"YES"},{"hotelId":"3308","totalPositiveFeedbacks":0,"tpid":"1","eapid":"0","contentLocale":"en_us","totalThanks":0,"photos":[],"reviewId":"57a22a147b42f40b28fca7ba","itinId":"1141075502875","moderationStatus":"APPROVED","contentCodes":"","managementResponses":[],"ratingOverall":3,"langId":"1033","userNickname":"Karin","brandType":"Expedia","title":"easy access ","reviewText":"easy access from the airport, car rental, highways, shopping centers and Costco gas station.\r\n","featured":false,"ratingsOnly":false,"ratingRoomCleanliness":3,"ratingHotelCondition":3,"ratingService":3,"ratingRoomComfort":3,"positiveRemarks":"clean and comfortable","negativeRemarks":"The cleaning staff could quicker. We were missing towels and cups.","locationRemarks":"The shopping center was just across the highway. ","lastInitial":"","userLocation":"honolulu, hawaii","reviewSubmissionTime":"2016-08-03T17:29:56Z","reviewerCategories":[{"categoryId":"Everyone","categoryLabel":"Everyone"}],"userDisplayName":"","roomTypeId":201470229,"isUnverified":false,"isFlaggable":true,"isRecommended":"YES"},{"hotelId":"3308","totalPositiveFeedbacks":0,"tpid":"1","eapid":"0","contentLocale":"en_us","totalThanks":0,"photos":[],"reviewId":"579f14a63987190b262d75d9","itinId":"1141506508264","moderationStatus":"APPROVED","contentCodes":"","managementResponses":[],"ratingOverall":3,"langId":"1033","userNickname":"","brandType":"Expedia","title":"","reviewText":"Rooms were ready a little late but clean and inviting when we received it.\r\nQuiet area and well trained staff","featured":false,"ratingsOnly":false,"ratingRoomCleanliness":5,"ratingHotelCondition":4,"ratingService":5,"ratingRoomComfort":5,"positiveRemarks":"","negativeRemarks":"Since there are no convinence stores in the area. It might be good to have a small retail area or machine that might sell pain medication, stomach car","locationRemarks":"","lastInitial":"","userLocation":"","reviewSubmissionTime":"2016-08-01T09:21:42Z","reviewerCategories":[{"categoryId":"Everyone","categoryLabel":"Everyone"}],"userDisplayName":"","roomTypeId":15661,"isUnverified":false,"isFlaggable":true,"isRecommended":"YES"},{"hotelId":"3308","totalPositiveFeedbacks":0,"tpid":"1","eapid":"0","contentLocale":"en_us","totalThanks":0,"photos":[],"reviewId":"579f14a222ada80b268f3e1d","itinId":"1141845066257","moderationStatus":"APPROVED","contentCodes":"","managementResponses":[],"ratingOverall":4,"langId":"1033","userNickname":"Mr. Lagos","brandType":"Expedia","title":"Cordial staff, very good continental breakfast, ","reviewText":"Was very satisfactory. Quiet place. Shuttle transportation free. Thank you.","featured":false,"ratingsOnly":false,"ratingRoomCleanliness":5,"ratingHotelCondition":5,"ratingService":5,"ratingRoomComfort":4,"positiveRemarks":"","negativeRemarks":"","locationRemarks":"","lastInitial":"","userLocation":"California","reviewSubmissionTime":"2016-08-01T09:21:38Z","reviewerCategories":[{"categoryId":"Everyone","categoryLabel":"Everyone"}],"userDisplayName":"","roomTypeId":201470229,"isUnverified":false,"isFlaggable":true,"isRecommended":"YES"},{"hotelId":"3308","totalPositiveFeedbacks":0,"tpid":"1","eapid":"0","contentLocale":"en_us","totalThanks":0,"photos":[],"reviewId":"579e0946dbc3c50b085ed452","itinId":"1141148113955","moderationStatus":"APPROVED","contentCodes":"","managementResponses":[],"ratingOverall":3,"langId":"1033","userNickname":"","brandType":"Expedia","title":"Convenient to airport and reasonably priced ","reviewText":"I arrived very late because of business. Got checked in quickly. Room was fine and functional, juset a little old and shabby. Heat worked, Sheets clean. Hot water worked. That was what I wanted and expected.","featured":false,"ratingsOnly":false,"ratingRoomCleanliness":3,"ratingHotelCondition":3,"ratingService":4,"ratingRoomComfort":3,"positiveRemarks":"Good price, good location, nice staff","negativeRemarks":"Rooms are a little shabby. ","locationRemarks":"very close to airport","lastInitial":"","userLocation":"","reviewSubmissionTime":"2016-07-31T14:20:54Z","reviewerCategories":[{"categoryId":"Everyone","categoryLabel":"Everyone"}],"userDisplayName":"","roomTypeId":15661,"isUnverified":false,"isFlaggable":true,"isRecommended":"YES"},{"hotelId":"3308","totalPositiveFeedbacks":0,"tpid":"1","eapid":"0","contentLocale":"en_us","totalThanks":0,"photos":[],"reviewId":"579ca8e487f8460b06d0096a","itinId":"1141860715022","moderationStatus":"APPROVED","contentCodes":"","managementResponses":[],"ratingOverall":3,"langId":"1033","userNickname":"Stoob","brandType":"Expedia","title":"Clean, convenient, functional","reviewText":"I stayed 1 night waiting for a flight from SFO. The airport shuttle is very convenient to and from the airport, only 5 mins or so. The staff were friendly and helpful. The room was OK,  while the furnature was on the old side it was clean and the bed was comfy with a new looking matress, clean sheets and pillows. Breakfast wasnt great, the tables needed a wipe, the selection was fairly poor. I just had a yoghurt and ate elsewhere later. Overall given the location and the cost I would stay again. ","featured":false,"ratingsOnly":false,"ratingRoomCleanliness":4,"ratingHotelCondition":3,"ratingService":5,"ratingRoomComfort":4,"positiveRemarks":"","negativeRemarks":"","locationRemarks":"","lastInitial":"","userLocation":"World","reviewSubmissionTime":"2016-07-30T13:17:24Z","reviewerCategories":[{"categoryId":"Everyone","categoryLabel":"Everyone"}],"userDisplayName":"","roomTypeId":201470229,"isUnverified":false,"isFlaggable":true,"isRecommended":"YES"},{"hotelId":"3308","totalPositiveFeedbacks":1,"tpid":"4","eapid":"0","contentLocale":"en_ca","totalThanks":1,"photos":[],"reviewId":"5798eba8d51e5a0b28e47b29","itinId":"1138233533369","moderationStatus":"APPROVED","contentCodes":"","managementResponses":[],"ratingOverall":2,"langId":"4105","userNickname":"","brandType":"Expedia","title":"very basic","reviewText":"the hotel was close to airport.  Staff not so nice. I would give this hotel a 2 star.  The rooms are old looking at the back of the lot.  asked for joint rooms did not get them first night.  For thw price it was too expensive basic room.  will not stay there again","featured":false,"ratingsOnly":false,"ratingRoomCleanliness":2,"ratingHotelCondition":2,"ratingService":2,"ratingRoomComfort":2,"positiveRemarks":"","negativeRemarks":"","locationRemarks":"","lastInitial":"s","userLocation":"Toronto","reviewSubmissionTime":"2016-07-27T17:13:12Z","reviewerCategories":[{"categoryId":"Everyone","categoryLabel":"Everyone"}],"userDisplayName":"","roomTypeId":6889,"isUnverified":false,"isFlaggable":true,"isRecommended":"NO"},{"hotelId":"3308","totalPositiveFeedbacks":0,"tpid":"1","eapid":"0","contentLocale":"en_us","totalThanks":0,"photos":[],"reviewId":"57978248331f6e0b28172589","itinId":"1140721278635","moderationStatus":"APPROVED","contentCodes":"HMP MMD","managementResponses":[],"ratingOverall":2,"langId":"1033","userNickname":"","brandType":"Expedia","title":"Horrible customer service ","reviewText":"Gave us a full size bed instead of a queen. Hard as a rock. Front desk manger was rude.","featured":false,"ratingsOnly":false,"ratingRoomCleanliness":1,"ratingHotelCondition":2,"ratingService":1,"ratingRoomComfort":1,"positiveRemarks":"","negativeRemarks":"","locationRemarks":"","lastInitial":"","userLocation":"","reviewSubmissionTime":"2016-07-26T15:31:20Z","reviewerCategories":[{"categoryId":"Everyone","categoryLabel":"Everyone"}],"userDisplayName":"","roomTypeId":201470229,"isUnverified":false,"isFlaggable":false,"isRecommended":"NO"},{"hotelId":"3308","totalPositiveFeedbacks":1,"tpid":"1","eapid":"0","contentLocale":"en_us","totalThanks":1,"photos":[],"reviewId":"57919df6d29e300b28310a10","itinId":"1139608726709","moderationStatus":"APPROVED","contentCodes":"","managementResponses":[],"ratingOverall":3,"langId":"1033","userNickname":"CA Vacationer","brandType":"Expedia","title":"Sub-par rooms, facility","reviewText":"Front desk gentleman was friendly and helpful.  The lobby looked very nice, but walking around to the back where the rooms are, is very different.  Old, outdated.  Center garden area over grown, dumpy.","featured":false,"ratingsOnly":false,"ratingRoomCleanliness":3,"ratingHotelCondition":2,"ratingService":3,"ratingRoomComfort":2,"positiveRemarks":"","negativeRemarks":"","locationRemarks":"","lastInitial":"","userLocation":"Arkansas","reviewSubmissionTime":"2016-07-22T04:15:50Z","reviewerCategories":[{"categoryId":"Everyone","categoryLabel":"Everyone"}],"userDisplayName":"","roomTypeId":15661,"isUnverified":false,"isFlaggable":true,"isRecommended":"NO"},{"hotelId":"3308","totalPositiveFeedbacks":0,"tpid":"1","eapid":"0","contentLocale":"en_us","totalThanks":0,"photos":[],"reviewId":"579145de56f59b0b2d67034d","itinId":"1139848341658","moderationStatus":"APPROVED","contentCodes":"","managementResponses":[],"ratingOverall":4,"langId":"1033","userNickname":"Willie","brandType":"Expedia","title":"Helpful service at the desk","reviewText":"We were under the impression that we had a park and fly arrangement with the hotel, but the person at the desk quickly recognized that that wasn't part of our reservation and remedied the situation with a reasonable cost adjustment and upgraded our room to one of the newly renovated ones.  The breakfast was good, and the shuttle convenient.","featured":false,"ratingsOnly":false,"ratingRoomCleanliness":5,"ratingHotelCondition":5,"ratingService":5,"ratingRoomComfort":5,"positiveRemarks":"The newly renovated room and the breakfast.","negativeRemarks":"","locationRemarks":"N/A","lastInitial":"","userLocation":"Turlock, CA","reviewSubmissionTime":"2016-07-21T21:59:58Z","reviewerCategories":[{"categoryId":"Everyone","categoryLabel":"Everyone"}],"userDisplayName":"","roomTypeId":"","isUnverified":false,"isFlaggable":true,"isRecommended":"YES"},{"hotelId":"3308","totalPositiveFeedbacks":0,"tpid":"1","eapid":"0","contentLocale":"en_us","totalThanks":0,"photos":[],"reviewId":"578a3e9d45d8c10b2813f21e","itinId":"1137912454999","moderationStatus":"APPROVED","contentCodes":"","managementResponses":[],"ratingOverall":5,"langId":"1033","userNickname":"kimberly ","brandType":"Expedia","title":"New renovated room with a modern and simple look. ","reviewText":"I stayed at Cotigarden for 5 days and 4 night. The hotel was very comfortable. Staff was very  accommodating. The hotel has a shuttle from airport. The hotel is 3 miles away from SFO. The hotel is about 13 miles from Pier 39. ","featured":false,"ratingsOnly":false,"ratingRoomCleanliness":5,"ratingHotelCondition":5,"ratingService":5,"ratingRoomComfort":5,"positiveRemarks":"","negativeRemarks":"","locationRemarks":"","lastInitial":"v","userLocation":"houston","reviewSubmissionTime":"2016-07-16T14:03:09Z","reviewerCategories":[{"categoryId":"Everyone","categoryLabel":"Everyone"}],"userDisplayName":"","roomTypeId":15661,"isUnverified":false,"isFlaggable":true,"isRecommended":"YES"},{"hotelId":"3308","totalPositiveFeedbacks":1,"tpid":"1","eapid":"0","contentLocale":"en_us","totalThanks":1,"photos":[],"reviewId":"57868419e250ac15128b8c61","itinId":"1140104803926","moderationStatus":"APPROVED","contentCodes":"HMP MMD","managementResponses":[],"ratingOverall":1,"langId":"1033","userNickname":"Pat","brandType":"Expedia","title":"Run-down. Motel close to San Francisco Internation","reviewText":"Booked a one nite stay through Expedia.  Requested a non-smoking room.  That's what it said on our room door,but when we entered it was so reeking with nicotine and smoke it was sickening.  The rug was stained and filthy.  The room furniture was very old.  The walls needed painting and some paint was peeling off.  When we went to bed the blanket on the bed had been turned sideways to fit across the queen bed.  It only came to the middle of our bodies. It was obviously a double size blanket trying to fit sideways on a queen bed.  No other blanket in the room.  This is a very shabby motel.  I would not recommend it to anyone.  When we asked for a refund of the room fee we were told no because we had booked it through Expedia.  ","featured":false,"ratingsOnly":false,"ratingRoomCleanliness":2,"ratingHotelCondition":1,"ratingService":2,"ratingRoomComfort":1,"positiveRemarks":"Close to airport.","negativeRemarks":"This motel needs to be totally renovated and updated.  The grounds were a mess, the rooms are  shabby.","locationRemarks":"","lastInitial":"","userLocation":"Sacramento, Ca.","reviewSubmissionTime":"2016-07-13T18:10:33Z","reviewerCategories":[{"categoryId":"Everyone","categoryLabel":"Everyone"}],"userDisplayName":"","roomTypeId":15661,"isUnverified":false,"isFlaggable":false,"isRecommended":"NO"},{"hotelId":"3308","totalPositiveFeedbacks":0,"tpid":"1","eapid":"0","contentLocale":"en_us","totalThanks":0,"photos":[],"reviewId":"578133639684e30b4a2693c9","itinId":"1138980978502","moderationStatus":"APPROVED","contentCodes":"HMP MMD","managementResponses":[],"ratingOverall":3,"langId":"1033","userNickname":"Fernando","brandType":"Expedia","title":"could have been better","reviewText":"The room looked a little run down, the carpet. chairs and sheets had some stains and the covers looked old. We were also disappointed that there was no fridge in the room. Other than that the bed was comfortable. I would stay there again only if my other option was a motel.","featured":false,"ratingsOnly":false,"ratingRoomCleanliness":2,"ratingHotelCondition":3,"ratingService":3,"ratingRoomComfort":3,"positiveRemarks":"","negativeRemarks":"","locationRemarks":"","lastInitial":"","userLocation":"Orange County","reviewSubmissionTime":"2016-07-09T17:24:51Z","reviewerCategories":[{"categoryId":"Everyone","categoryLabel":"Everyone"}],"userDisplayName":"","roomTypeId":6889,"isUnverified":false,"isFlaggable":false,"isRecommended":"NO"},{"hotelId":"3308","totalPositiveFeedbacks":0,"tpid":"1","eapid":"0","contentLocale":"en_us","totalThanks":0,"photos":[],"reviewId":"577f79bf86a89c0b48158fed","itinId":"1139099202265","moderationStatus":"APPROVED","contentCodes":"","managementResponses":[],"ratingOverall":3,"langId":"1033","userNickname":"Debbie","brandType":"Expedia","title":"You get what you pay for! ","reviewText":"Furniture are getting old. Carpet looks dirty, but room was clean.  The staff was very nice and accommodating! ","featured":false,"ratingsOnly":false,"ratingRoomCleanliness":2,"ratingHotelCondition":2,"ratingService":4,"ratingRoomComfort":2,"positiveRemarks":"","negativeRemarks":"","locationRemarks":"","lastInitial":"J","userLocation":"Santa Monica","reviewSubmissionTime":"2016-07-08T10:00:31Z","reviewerCategories":[{"categoryId":"Everyone","categoryLabel":"Everyone"}],"userDisplayName":"","roomTypeId":201470229,"isUnverified":false,"isFlaggable":true,"isRecommended":"NO"}]}}}
