{"reviewDetails":{"startIndex":0,"numberOfReviewsInThisPage":20,"reviewSummaryCollection":{"reviewSummary":[{"hotelId":"918527","totalReviewCnt":85,"avgOverallRating":2.9647062,"cleanliness":3.2941177,"serviceAndStaff":3.282353,"roomComfort":3.3058825,"hotelCondition":3.1294115,"convenienceOfLocation":4.3333335,"neighborhoodSatisfaction":3.3333333,"roomQuality":0,"targetedBrand":"Expedia","originSummary":[{"origin":"Expedia","reviewCnt":85,"recommendedPercent":61.17647,"avgOverallRating":2.9647062,"cleanliness":3.2941177,"serviceAndStaff":3.282353,"roomComfort":3.3058825,"hotelCondition":3.1294115,"convenienceOfLocation":4.3333335,"neighborhoodSatisfaction":3.3333333,"valueForMoney":0,"roomQuality":0,"categoryCounts":{"Everyone":57,"Couples":4,"BusinessTravelers":5,"Students":1,"Families":2,"Other":1},"roomTypeIdCounts":{"217681":7,"217686":17,"523465":3,"217692":22,"523464":8},"languageCounts":{"en":85}}],"recommendedPercent":61.17647,"valueForMoney":0,"categoryCounts":{"Everyone":57,"Couples":4,"BusinessTravelers":5,"Students":1,"Families":2,"Other":1},"roomTypeIdCounts":{"217681":7,"217686":17,"523465":3,"217692":22,"523464":8},"languageCounts":{"en":85},"featuredReview":{}}]},"reviewCollection":{"review":[{"hotelId":"918527","totalPositiveFeedbacks":0,"tpid":"1","eapid":"0","contentLocale":"en_us","totalThanks":0,"photos":[],"reviewId":"57a9306ec01ada0b06955cf9","itinId":"1141834607530","moderationStatus":"APPROVED","contentCodes":"CSN HMP MMD","managementResponses":[],"ratingOverall":2,"langId":"1033","userNickname":"","brandType":"Expedia","title":"","reviewText":"The buildings a bit old. It was over priced. We booked thru Expedia for the first time what a mistake. They charged our credit card a higher amount than we saw it on line and were told at the time of booking they owed us a refund which we never saw.","featured":false,"ratingsOnly":false,"ratingRoomCleanliness":3,"ratingHotelCondition":3,"ratingService":5,"ratingRoomComfort":4,"positiveRemarks":"","negativeRemarks":"","locationRemarks":"","lastInitial":"","userLocation":"","reviewSubmissionTime":"2016-08-09T01:22:54Z","reviewerCategories":[{"categoryId":"Everyone","categoryLabel":"Everyone"}],"userDisplayName":"","roomTypeId":217692,"isUnverified":false,"isFlaggable":false,"isRecommended":"NO"},{"hotelId":"918527","totalPositiveFeedbacks":0,"tpid":"1","eapid":"0","contentLocale":"en_us","totalThanks":0,"photos":[],"reviewId":"57a0a79566d3410b2b6b8a77","itinId":"1139080921097","moderationStatus":"APPROVED","contentCodes":"","managementResponses":[{"userNickname":"Manager","displayLocale":"en_us","isFlaggable":true,"date":"2016-08-08T19:37:35Z","response":"Thank you for taking the time to write a review. I am glad you found our location suitable.  It is disappointing that our grab-and-go breakfast was not to your liking; however, I am pleased you favored the room comfortable and stay restful. Once more, thank you for posting your review.  We look forward to having you visit with us again in the future.\r\n","status":"APPROVED","id":"a78e0f3b-8566-47e5-a7cd-03f290446e07"}],"ratingOverall":4,"langId":"1033","userNickname":"Andy","brandType":"Expedia","title":"Good hotel in convenient location.","reviewText":"Positives;  Location, room size, staff, quiet.  Negatives:  No business center printer (reception one bad quality), no in-room coffee, weak \"breakfast.\"","featured":false,"ratingsOnly":false,"ratingRoomCleanliness":4,"ratingHotelCondition":4,"ratingService":4,"ratingRoomComfort":4,"positiveRemarks":"","negativeRemarks":"","locationRemarks":"","lastInitial":"","userLocation":"Arizona","reviewSubmissionTime":"2016-08-02T14:00:53Z","reviewerCategories":[{"categoryId":"Everyone","categoryLabel":"Everyone"}],"userDisplayName":"","roomTypeId":523464,"isUnverified":false,"isFlaggable":true,"isRecommended":"YES"},{"hotelId":"918527","totalPositiveFeedbacks":1,"tpid":"1","eapid":"0","contentLocale":"en_us","totalThanks":1,"photos":[],"reviewId":"578b9924c830d90b272c86a6","itinId":"1140130111583","moderationStatus":"APPROVED","contentCodes":"HMP MMD","managementResponses":[],"ratingOverall":2,"langId":"1033","userNickname":"","brandType":"Expedia","title":"Serviceable but pricy for what you get. ","reviewText":"The hotel was not horrible,  did not smell bad, shower worked. Windows were tricky to open. Fridge had a loud hum all night and it's 10 feet from the bed. Expressway noise is constant ... it's only a few yards from the 101.  There is at least one giant hole in the wall by the elevator control ... not cut cleanly, but like someone punched through it in frustration. No attempt to repair it during the week I was there. \r\n\r\nOne morning I came down and there were people who had been waiting over an hour for a  human to show up at the desk. Its was a ghost town, no people whatsoever servicing the hotel that morning. \r\n\r\nFree coffee + fruit in the morning .. and it's not bad. ","featured":false,"ratingsOnly":false,"ratingRoomCleanliness":3,"ratingHotelCondition":2,"ratingService":3,"ratingRoomComfort":2,"positiveRemarks":"The roof did not leak. ","negativeRemarks":"","locationRemarks":"It's in the middle of an industrial wasteland, however you can drive to an air museum, or 50 minutes or so to downtown San Francisco. ","lastInitial":"","userLocation":"","reviewSubmissionTime":"2016-07-17T14:41:40Z","reviewerCategories":[{"categoryId":"Everyone","categoryLabel":"Everyone"}],"userDisplayName":"","roomTypeId":217686,"isUnverified":false,"isFlaggable":false,"isRecommended":"NO"},{"hotelId":"918527","totalPositiveFeedbacks":0,"tpid":"1","eapid":"0","contentLocale":"en_us","totalThanks":0,"photos":[],"reviewId":"577e84d99684e30b4a110978","itinId":"1135590128716","moderationStatus":"APPROVED","contentCodes":"MMA","managementResponses":[],"ratingOverall":1,"langId":"1033","userNickname":"","brandType":"Expedia","title":"Horrible experience","reviewText":"Breakfast should really be updated to snacks and when asked if they could at least vacuum they said no because they come clean every 8 days which I can understand with being an extended stay but really you can make time to clean up at the request of a guest.","featured":false,"ratingsOnly":false,"ratingRoomCleanliness":1,"ratingHotelCondition":1,"ratingService":2,"ratingRoomComfort":1,"positiveRemarks":"","negativeRemarks":"","locationRemarks":"","lastInitial":"","userLocation":"VA","reviewSubmissionTime":"2016-07-07T16:35:37Z","reviewerCategories":[{"categoryId":"Everyone","categoryLabel":"Everyone"}],"userDisplayName":"","roomTypeId":523465,"isUnverified":false,"isFlaggable":false,"isRecommended":"NO"},{"hotelId":"918527","totalPositiveFeedbacks":0,"tpid":"1","eapid":"0","contentLocale":"en_us","totalThanks":0,"photos":[],"reviewId":"575ac6175ecce60b26f13bcb","itinId":"1135991713666","moderationStatus":"APPROVED","contentCodes":"","managementResponses":[],"ratingOverall":3,"langId":"1033","userNickname":"","brandType":"Expedia","title":"","reviewText":"They don't clean your room for a week. Apparently those are the hotel policies.","featured":false,"ratingsOnly":false,"ratingRoomCleanliness":3,"ratingHotelCondition":3,"ratingService":5,"ratingRoomComfort":3,"positiveRemarks":"","negativeRemarks":"","locationRemarks":"","lastInitial":"","userLocation":"","reviewSubmissionTime":"2016-06-10T13:52:23Z","reviewerCategories":[{"categoryId":"Everyone","categoryLabel":"Everyone"}],"userDisplayName":"","roomTypeId":217692,"isUnverified":false,"isFlaggable":true,"isRecommended":"NO"},{"hotelId":"918527","totalPositiveFeedbacks":0,"tpid":"1","eapid":"0","contentLocale":"en_us","totalThanks":0,"photos":[],"reviewId":"574c77484dc48609fb25590e","itinId":"1133932321176","moderationStatus":"APPROVED","contentCodes":"HMP MMD","managementResponses":[],"ratingOverall":1,"langId":"1033","userNickname":"Ann","brandType":"Expedia","title":"Horrible Staff","reviewText":"Arrived at 355pm one of my rooms was not ready, the front desk guy was rude and told me that he would let us know and it would be ready soon, we asked for it 3x and they finally gave us the room at 7pm..the stove did not work, it was dirty under the bed and when I called to ask for a toaster they made me go pick it up.","featured":false,"ratingsOnly":false,"ratingRoomCleanliness":2,"ratingHotelCondition":1,"ratingService":1,"ratingRoomComfort":2,"positiveRemarks":"","negativeRemarks":"","locationRemarks":"","lastInitial":"","userLocation":"California","reviewSubmissionTime":"2016-05-30T17:24:24Z","reviewerCategories":[{"categoryId":"Everyone","categoryLabel":"Everyone"}],"userDisplayName":"","roomTypeId":523465,"isUnverified":false,"isFlaggable":false,"isRecommended":"NO"},{"hotelId":"918527","totalPositiveFeedbacks":0,"tpid":"1","eapid":"0","contentLocale":"en_us","totalThanks":0,"photos":[],"reviewId":"574aa67d363b5209fb1b7a58","itinId":"1134239879145","moderationStatus":"APPROVED","contentCodes":"","managementResponses":[],"ratingOverall":4,"langId":"1033","userNickname":"","brandType":"Expedia","title":"Nice hotel free lite up parking","reviewText":"Very nice kid friendly the continental breakfast could use some improving","featured":false,"ratingsOnly":false,"ratingRoomCleanliness":5,"ratingHotelCondition":5,"ratingService":5,"ratingRoomComfort":5,"positiveRemarks":"","negativeRemarks":"","locationRemarks":"","lastInitial":"","userLocation":"","reviewSubmissionTime":"2016-05-29T08:21:17Z","reviewerCategories":[{"categoryId":"Everyone","categoryLabel":"Everyone"}],"userDisplayName":"","roomTypeId":217692,"isUnverified":false,"isFlaggable":true,"isRecommended":"YES"},{"hotelId":"918527","totalPositiveFeedbacks":0,"tpid":"1","eapid":"0","contentLocale":"en_us","totalThanks":0,"photos":[],"reviewId":"5745c573a022c10a02453e4b","itinId":"1135516307500","moderationStatus":"APPROVED","contentCodes":"CSN HMP MMD","managementResponses":[],"ratingOverall":1,"langId":"1033","userNickname":"lauren ","brandType":"Expedia","title":"Did not have my reservation ","reviewText":"Made reservation through Expedia, drove up from LA and got there around 1am. Desk attendant did not have my reservation on file and had to call Expedia to fax it. After the call and the fax I was given a room, which, when I opened it had other people occupying it. Returned to the front desk and was told there were no rooms available after all and nothing they could do for me. Stranded in Sf after that and almost had to sleep in my car. Thankfully a friend helped me out. ","featured":false,"ratingsOnly":false,"ratingRoomCleanliness":1,"ratingHotelCondition":1,"ratingService":1,"ratingRoomComfort":1,"positiveRemarks":"","negativeRemarks":"","locationRemarks":"","lastInitial":"","userLocation":"LA","reviewSubmissionTime":"2016-05-25T15:32:03Z","reviewerCategories":[{"categoryId":"Everyone","categoryLabel":"Everyone"}],"userDisplayName":"","roomTypeId":523464,"isUnverified":false,"isFlaggable":false,"isRecommended":"NO"},{"hotelId":"918527","totalPositiveFeedbacks":0,"tpid":"1","eapid":"0","contentLocale":"en_us","totalThanks":0,"photos":[],"reviewId":"57388230bbb2c009fde672e9","itinId":"1134845601040","moderationStatus":"APPROVED","contentCodes":"HMP MMD","managementResponses":[],"ratingOverall":3,"langId":"1033","userNickname":"","brandType":"Expedia","title":"","reviewText":"Rooms were simple. But it didn't accommodate all basic amenities. Soap bars were not available for all members. Overall it was ok for a night stay. Should not expect much from it.","featured":false,"ratingsOnly":false,"ratingRoomCleanliness":2,"ratingHotelCondition":2,"ratingService":2,"ratingRoomComfort":3,"positiveRemarks":"","negativeRemarks":"","locationRemarks":"","lastInitial":"","userLocation":"","reviewSubmissionTime":"2016-05-15T14:05:36Z","reviewerCategories":[{"categoryId":"Everyone","categoryLabel":"Everyone"}],"userDisplayName":"","roomTypeId":523464,"isUnverified":false,"isFlaggable":false,"isRecommended":"YES"},{"hotelId":"918527","totalPositiveFeedbacks":0,"tpid":"1","eapid":"0","contentLocale":"en_us","totalThanks":0,"photos":[],"reviewId":"56b2b6f0ee825a09933f4b80","itinId":"1113621664999","moderationStatus":"APPROVED","contentCodes":"HMP MMD","managementResponses":[],"ratingOverall":1,"langId":"1033","userNickname":"","brandType":"Expedia","title":"Ok for business people but not for short stays.","reviewText":"Bathroom had hairs in shower from previous guest.Shower curtain not long enough flooding water on floor.Needed towels to wipe up.No guest computer available,had to have front desk print up my boarding passes which took longer.Carpet not well vacuumed & maid service once a week.If you want more room service  you have to pay extra.","featured":false,"ratingsOnly":false,"ratingRoomCleanliness":1,"ratingHotelCondition":1,"ratingService":3,"ratingRoomComfort":3,"positiveRemarks":"","negativeRemarks":"","locationRemarks":"","lastInitial":"","userLocation":"","reviewSubmissionTime":"2016-02-04T02:26:56Z","reviewerCategories":[{"categoryId":"Everyone","categoryLabel":"Everyone"}],"userDisplayName":"","roomTypeId":523464,"isUnverified":false,"isFlaggable":false,"isRecommended":"NO"},{"hotelId":"918527","totalPositiveFeedbacks":0,"tpid":"1","eapid":"0","contentLocale":"en_us","totalThanks":0,"photos":[],"reviewId":"56b0c6494bd3100981addd21","itinId":"1126309401503","moderationStatus":"APPROVED","contentCodes":"","managementResponses":[],"ratingOverall":3,"langId":"1033","userNickname":"George","brandType":"Expedia","title":"Extended Stay","reviewText":"It was OK, if I was going to stay for more than one day I would probably choose another hotel with nicer facilities and better breakfast choices","featured":false,"ratingsOnly":false,"ratingRoomCleanliness":4,"ratingHotelCondition":3,"ratingService":4,"ratingRoomComfort":3,"positiveRemarks":"Staff was friendly and efficient","negativeRemarks":"","locationRemarks":"Breakfast spot was nearby, it was close to what I needed to do in Belmont and there are plenty of places to eat nearby","lastInitial":"","userLocation":"Sacramento","reviewSubmissionTime":"2016-02-02T15:07:53Z","reviewerCategories":[{"categoryId":"Students","categoryLabel":"Students"}],"userDisplayName":"","roomTypeId":523464,"isUnverified":false,"isFlaggable":true,"isRecommended":"YES"},{"hotelId":"918527","totalPositiveFeedbacks":0,"tpid":"1","eapid":"0","contentLocale":"en_us","totalThanks":0,"photos":[],"reviewId":"569c6c3d2226f609653f0be2","itinId":"1124774404798","moderationStatus":"APPROVED","contentCodes":"MMA","managementResponses":[],"ratingOverall":2,"langId":"1033","userNickname":"ABL","brandType":"Expedia","title":"Overpriced Hostel","reviewText":"the all package was lousy. Kitchen with no tools , poor shower, no cleaning service all week... lousy breakfast...\r\nbut prices very close to regular - good 3 stars hotel...","featured":false,"ratingsOnly":false,"ratingRoomCleanliness":3,"ratingHotelCondition":2,"ratingService":2,"ratingRoomComfort":3,"positiveRemarks":"nothing","negativeRemarks":"almost evrything","locationRemarks":"","lastInitial":"","userLocation":"TLV","reviewSubmissionTime":"2016-01-18T04:38:21Z","reviewerCategories":[{"categoryId":"Everyone","categoryLabel":"Everyone"}],"userDisplayName":"","roomTypeId":217692,"isUnverified":false,"isFlaggable":false,"isRecommended":"NO"},{"hotelId":"918527","totalPositiveFeedbacks":0,"tpid":"1","eapid":"0","contentLocale":"en_us","totalThanks":0,"photos":[],"reviewId":"569bdfd0249b85096723a229","itinId":"1125241247059","moderationStatus":"APPROVED","contentCodes":"HMP MMD","managementResponses":[],"ratingOverall":2,"langId":"1033","userNickname":"","brandType":"Expedia","title":"Traffic Noise.","reviewText":"Should have asked to change rooms but I thought the traffic noise would lessen or I would  get used to it. NO. Also no \"pet area\" outside or at least none that I found. If pets are permitted, then a pet area should be readily accessible. Also noisy ventilation system.\r\n","featured":false,"ratingsOnly":false,"ratingRoomCleanliness":3,"ratingHotelCondition":3,"ratingService":2,"ratingRoomComfort":1,"positiveRemarks":"","negativeRemarks":"","locationRemarks":"","lastInitial":"","userLocation":"","reviewSubmissionTime":"2016-01-17T18:39:12Z","reviewerCategories":[{"categoryId":"Everyone","categoryLabel":"Everyone"}],"userDisplayName":"","roomTypeId":217686,"isUnverified":false,"isFlaggable":false,"isRecommended":"NO"},{"hotelId":"918527","totalPositiveFeedbacks":1,"tpid":"4","eapid":"0","contentLocale":"en_ca","totalThanks":1,"photos":[],"reviewId":"56881de33aedb8432c856b74","itinId":"1124245861237","moderationStatus":"APPROVED","contentCodes":"","managementResponses":[],"ratingOverall":3,"langId":"4105","userNickname":"Hooman","brandType":"Expedia","title":"Breakfast was a joke","reviewText":"The room has a kitchen which is good for longer stays. But the breakfast was the worst I've had (pack of oatmeal with water)! I would be better off and come prepared if they had no breakfast at all.","featured":false,"ratingsOnly":false,"ratingRoomCleanliness":4,"ratingHotelCondition":4,"ratingService":4,"ratingRoomComfort":4,"positiveRemarks":"","negativeRemarks":"","locationRemarks":"","lastInitial":"","userLocation":"Toronto, Canada","reviewSubmissionTime":"2016-01-02T18:58:43Z","reviewerCategories":[{"categoryId":"Everyone","categoryLabel":"Everyone"}],"userDisplayName":"","roomTypeId":217686,"isUnverified":false,"isFlaggable":true,"isRecommended":"NO"},{"hotelId":"918527","totalPositiveFeedbacks":0,"tpid":"27","eapid":"0","contentLocale":"en_gb","totalThanks":0,"photos":[],"reviewId":"5659b991b9e4700968377f5d","itinId":"15391820114","moderationStatus":"APPROVED","contentCodes":"MMA","managementResponses":[],"ratingOverall":3,"langId":"2057","userNickname":"","brandType":"Expedia","title":"","reviewText":"Overall experience of stay was OK. Should have gone for daily house keeping as the room becomes untidy after 2 days. ","featured":false,"ratingsOnly":false,"ratingRoomCleanliness":3,"ratingHotelCondition":3,"ratingService":4,"ratingRoomComfort":3,"positiveRemarks":"","negativeRemarks":"","locationRemarks":"","lastInitial":"","userLocation":"","reviewSubmissionTime":"2015-11-28T14:26:25Z","reviewerCategories":[{"categoryId":"Everyone","categoryLabel":"Everyone"}],"userDisplayName":"","roomTypeId":217686,"isUnverified":false,"isFlaggable":false,"isRecommended":"YES"},{"hotelId":"918527","totalPositiveFeedbacks":0,"tpid":"1","eapid":"0","contentLocale":"en_us","totalThanks":0,"photos":[],"reviewId":"5646be234f48a609683b5da2","itinId":"1120993503128","moderationStatus":"APPROVED","contentCodes":"MMA","managementResponses":[],"ratingOverall":3,"langId":"1033","userNickname":"","brandType":"Expedia","title":"One night for business trip","reviewText":"Room was clean and quiet. No complaints. I did end up with a Ada room where everything was low and open. But I booked last minute and didn't mind at all. ","featured":false,"ratingsOnly":false,"ratingRoomCleanliness":4,"ratingHotelCondition":3,"ratingService":3,"ratingRoomComfort":4,"positiveRemarks":"","negativeRemarks":"","locationRemarks":"","lastInitial":"","userLocation":"","reviewSubmissionTime":"2015-11-14T04:52:51Z","reviewerCategories":[{"categoryId":"Everyone","categoryLabel":"Everyone"}],"userDisplayName":"","roomTypeId":217686,"isUnverified":false,"isFlaggable":false,"isRecommended":"YES"},{"hotelId":"918527","totalPositiveFeedbacks":0,"tpid":"1","eapid":"0","contentLocale":"en_us","totalThanks":0,"photos":[],"reviewId":"5612931f8618ab094a541226","itinId":"1118372160394","moderationStatus":"APPROVED","contentCodes":"HMP MMD","managementResponses":[],"ratingOverall":1,"langId":"1033","userNickname":"","brandType":"Expedia","title":"Hotel from he!!","reviewText":"Staff was rude. We asked for more pillows after calling back and begging for them they brought up a couple dirty ones. Someone elses make up on pillow. \r\n\r\nPubic hairs on \"fresh\" towels\r\nVery rude staf . Don't even know their own policy ","featured":false,"ratingsOnly":false,"ratingRoomCleanliness":1,"ratingHotelCondition":1,"ratingService":1,"ratingRoomComfort":1,"positiveRemarks":"","negativeRemarks":"","locationRemarks":"","lastInitial":"","userLocation":"","reviewSubmissionTime":"2015-10-05T15:11:27Z","reviewerCategories":[{"categoryId":"Everyone","categoryLabel":"Everyone"}],"userDisplayName":"","roomTypeId":217681,"isUnverified":false,"isFlaggable":false,"isRecommended":"NO"},{"hotelId":"918527","totalPositiveFeedbacks":0,"tpid":"1","eapid":"0","contentLocale":"en_us","totalThanks":0,"photos":[],"reviewId":"5609a2679efce608fb846a23","itinId":"1117706728597","moderationStatus":"APPROVED","contentCodes":"","managementResponses":[],"ratingOverall":4,"langId":"1033","userNickname":"GR","brandType":"Expedia","title":"Awesome ","reviewText":"Had an amazing time  the Hotle was wonderful!! The staff were  very friendly and  I would  go back to that hotel Again  !!!! ","featured":false,"ratingsOnly":false,"ratingRoomCleanliness":4,"ratingHotelCondition":4,"ratingService":4,"ratingRoomComfort":4,"positiveRemarks":"","negativeRemarks":"","locationRemarks":"","lastInitial":"G","userLocation":" ","reviewSubmissionTime":"2015-09-28T20:26:15Z","reviewerCategories":[{"categoryId":"Everyone","categoryLabel":"Everyone"}],"userDisplayName":"","roomTypeId":217692,"isUnverified":false,"isFlaggable":true,"isRecommended":"YES"},{"hotelId":"918527","totalPositiveFeedbacks":1,"tpid":"1","eapid":"0","contentLocale":"en_us","totalThanks":1,"photos":[],"reviewId":"55db2e9804128208f907b4a1","itinId":"1113683410036","moderationStatus":"APPROVED","contentCodes":"HMP MMD","managementResponses":[],"ratingOverall":3,"langId":"1033","userNickname":"Glen","brandType":"Expedia","title":"Good value for the money. ","reviewText":"Room was comfortable and quiet, and the rate was reasonable.  ","featured":false,"ratingsOnly":false,"ratingRoomCleanliness":4,"ratingHotelCondition":3,"ratingService":3,"ratingRoomComfort":4,"positiveRemarks":"Location, rate.","negativeRemarks":"The towels!  Really, they were just awful!","locationRemarks":"","lastInitial":"","userLocation":"Indianapolis","reviewSubmissionTime":"2015-08-24T14:47:52Z","reviewerCategories":[{"categoryId":"Everyone","categoryLabel":"Everyone"}],"userDisplayName":"","roomTypeId":"","isUnverified":false,"isFlaggable":false,"isRecommended":"YES"},{"hotelId":"918527","totalPositiveFeedbacks":0,"tpid":"1","eapid":"0","contentLocale":"en_us","totalThanks":0,"photos":[],"reviewId":"55ce2d55c9e0d508ec225365","itinId":"1113100577571","moderationStatus":"APPROVED","contentCodes":"MMA","managementResponses":[],"ratingOverall":4,"langId":"1033","userNickname":"Nellie","brandType":"Expedia","title":"Nice hotel and very close to the SF Airport","reviewText":"Easy to get to and easy to get back on the freeway to either the SF Airport or to go north to the City itself.  This is a simple hotel... do not expect fancy amenities.  We also felt very safe there.","featured":false,"ratingsOnly":false,"ratingRoomCleanliness":4,"ratingHotelCondition":3,"ratingService":5,"ratingRoomComfort":4,"positiveRemarks":"Close to the San Francisco Airport and we felt secure.","negativeRemarks":"Keep doing what you are doing.  Simple and convenient.","locationRemarks":"","lastInitial":"F","userLocation":"Sacramento, CA","reviewSubmissionTime":"2015-08-14T18:03:01Z","reviewerCategories":[{"categoryId":"Everyone","categoryLabel":"Everyone"}],"userDisplayName":"","roomTypeId":"","isUnverified":false,"isFlaggable":false,"isRecommended":"YES"}]}}}
