{"reviewDetails":{"startIndex":0,"numberOfReviewsInThisPage":20,"reviewSummaryCollection":{"reviewSummary":[{"hotelId":"40682","totalReviewCnt":389,"avgOverallRating":2.2982008,"cleanliness":2.7840624,"serviceAndStaff":2.6786633,"roomComfort":2.4010277,"hotelCondition":2.3598974,"convenienceOfLocation":3.7555556,"neighborhoodSatisfaction":2.8888886,"roomQuality":0,"targetedBrand":"Expedia","originSummary":[{"origin":"Expedia","reviewCnt":389,"recommendedPercent":36.246784,"avgOverallRating":2.2982008,"cleanliness":2.7840624,"serviceAndStaff":2.6786633,"roomComfort":2.4010277,"hotelCondition":2.3598974,"convenienceOfLocation":3.7555556,"neighborhoodSatisfaction":2.8888886,"valueForMoney":0,"roomQuality":0,"categoryCounts":{"Everyone":269,"BusinessTravelers":4,"Couples":14,"Students":3,"Families":7,"Other":10},"roomTypeIdCounts":{"201025562":4,"21153":81,"21154":40,"201025565":10,"201025548":4,"201025555":34,"201025552":3,"201353532":7,"201025558":28,"201025541":2},"languageCounts":{"en":389}}],"recommendedPercent":36.246784,"valueForMoney":0,"categoryCounts":{"Everyone":269,"BusinessTravelers":4,"Couples":14,"Students":3,"Families":7,"Other":10},"roomTypeIdCounts":{"201025562":4,"21153":81,"21154":40,"201025565":10,"201025548":4,"201025555":34,"201025552":3,"201353532":7,"201025558":28,"201025541":2},"languageCounts":{"en":389},"featuredReview":{}}]},"reviewCollection":{"review":[{"hotelId":"40682","totalPositiveFeedbacks":0,"tpid":"1","eapid":"0","contentLocale":"en_us","totalThanks":0,"photos":[],"reviewId":"57b2b1f948d5350b067d263a","itinId":"1142891559430","moderationStatus":"APPROVED","contentCodes":"MMA","managementResponses":[],"ratingOverall":3,"langId":"1033","userNickname":"Jed","brandType":"Expedia","title":"Was desperate. ","reviewText":"Had to change from a fleabag hotel to the travel lodge. Guy at the front desk was rude but the rest of the staff were lovely so it was pleasant enough. ","featured":false,"ratingsOnly":false,"ratingRoomCleanliness":4,"ratingHotelCondition":3,"ratingService":2,"ratingRoomComfort":4,"positiveRemarks":"","negativeRemarks":"","locationRemarks":"","lastInitial":"M","userLocation":"Sydney, Australia","reviewSubmissionTime":"2016-08-16T06:26:01Z","reviewerCategories":[{"categoryId":"Everyone","categoryLabel":"Everyone"}],"userDisplayName":"","roomTypeId":201025558,"isUnverified":false,"isFlaggable":false,"isRecommended":"NO"},{"hotelId":"40682","totalPositiveFeedbacks":0,"tpid":"1","eapid":"0","contentLocale":"en_us","totalThanks":0,"photos":[],"reviewId":"57af47566b0da90b058d0b88","itinId":"1142239258689","moderationStatus":"APPROVED","contentCodes":"NLI HMP MMD","managementResponses":[],"ratingOverall":1,"langId":"1033","userNickname":"Matt","brandType":"Expedia","title":"Not hotel but motel, central to all tourists attra","reviewText":"This place is a motel that is centrally located to most San Francisco attractions. The place needs a lot of work. Very limited parking and it looked like someone was dealing drugs from there. Saw roach by the small refrigerator  ","featured":false,"ratingsOnly":false,"ratingRoomCleanliness":1,"ratingHotelCondition":1,"ratingService":2,"ratingRoomComfort":1,"positiveRemarks":"","negativeRemarks":"","locationRemarks":"","lastInitial":"","userLocation":"los Angeles ","reviewSubmissionTime":"2016-08-13T16:14:14Z","reviewerCategories":[{"categoryId":"Everyone","categoryLabel":"Everyone"}],"userDisplayName":"","roomTypeId":201025555,"isUnverified":false,"isFlaggable":false,"isRecommended":"NO"},{"hotelId":"40682","totalPositiveFeedbacks":0,"tpid":"1","eapid":"0","contentLocale":"en_us","totalThanks":0,"photos":[],"reviewId":"57aaed900a400a0b0d2d1ff1","itinId":"1142594440081","moderationStatus":"APPROVED","contentCodes":"","managementResponses":[],"ratingOverall":4,"langId":"1033","userNickname":"Jill","brandType":"Expedia","title":"Convenient,  but also inconvenient. ","reviewText":"I wish it was closer to downtown, but its a clean, comfortable motel with all necessities in the rooms like hairdryers,  microwave,  fridge,  etc.   Id suggest it for anyone. ","featured":false,"ratingsOnly":false,"ratingRoomCleanliness":4,"ratingHotelCondition":4,"ratingService":4,"ratingRoomComfort":4,"positiveRemarks":"","negativeRemarks":"","locationRemarks":"","lastInitial":"","userLocation":"SAN FRANCISCO ","reviewSubmissionTime":"2016-08-10T09:02:08Z","reviewerCategories":[{"categoryId":"Everyone","categoryLabel":"Everyone"}],"userDisplayName":"","roomTypeId":201025558,"isUnverified":false,"isFlaggable":true,"isRecommended":"YES"},{"hotelId":"40682","totalPositiveFeedbacks":0,"tpid":"1","eapid":"0","contentLocale":"en_us","totalThanks":0,"photos":[],"reviewId":"57a714f1e40c4a0b2897f948","itinId":"1142529350095","moderationStatus":"APPROVED","contentCodes":"","managementResponses":[],"ratingOverall":3,"langId":"1033","userNickname":"Jill","brandType":"Expedia","title":"Your basic comfy motel","reviewText":"Confortable,  easy-going on the check-out time,  no problems and also not remarkable.  Is a bit farther from  downtown than I prefer,  but is a good value and your basic decent hotel/motel.  No reason not to stay at Travelodge. It does the job nicely. ","featured":false,"ratingsOnly":false,"ratingRoomCleanliness":4,"ratingHotelCondition":4,"ratingService":3,"ratingRoomComfort":4,"positiveRemarks":"","negativeRemarks":"","locationRemarks":"","lastInitial":"","userLocation":"San Francisco ","reviewSubmissionTime":"2016-08-07T11:01:05Z","reviewerCategories":[{"categoryId":"Everyone","categoryLabel":"Everyone"}],"userDisplayName":"","roomTypeId":201025558,"isUnverified":false,"isFlaggable":true,"isRecommended":"YES"},{"hotelId":"40682","totalPositiveFeedbacks":0,"tpid":"1","eapid":"0","contentLocale":"en_us","totalThanks":0,"photos":[],"reviewId":"57a6812594356f0b28ebf60f","itinId":"1142743187310","moderationStatus":"APPROVED","contentCodes":"MMA","managementResponses":[],"ratingOverall":1,"langId":"1033","userNickname":"sisters","brandType":"Expedia","title":"Worst hotel ever","reviewText":"No parking available!  Park at your own risk!!!  Had to take everything out of car because of high break on area.   Lots of homeless people. No sleep.  Room above us was EXTREMELY NOISEY!!  Sounded like they were moving furniture, or taking a car apart ALL NIGHT!   Yikes!!!   ","featured":false,"ratingsOnly":false,"ratingRoomCleanliness":1,"ratingHotelCondition":1,"ratingService":1,"ratingRoomComfort":1,"positiveRemarks":"","negativeRemarks":"","locationRemarks":"","lastInitial":"","userLocation":"WY","reviewSubmissionTime":"2016-08-07T00:30:29Z","reviewerCategories":[{"categoryId":"Everyone","categoryLabel":"Everyone"}],"userDisplayName":"","roomTypeId":201025555,"isUnverified":false,"isFlaggable":false,"isRecommended":"NO"},{"hotelId":"40682","totalPositiveFeedbacks":0,"tpid":"1","eapid":"0","contentLocale":"en_us","totalThanks":0,"photos":[],"reviewId":"57a1362e66d3410b2b858fce","itinId":"1142158152362","moderationStatus":"APPROVED","contentCodes":"HMP MMD","managementResponses":[],"ratingOverall":3,"langId":"1033","userNickname":"John","brandType":"Expedia","title":"Not the greatest but good location","reviewText":"Hotel is located conveniently however parking is $15 per day....not mentioned until we checked in.  Room is small, beds are ok, equipment is old and due for refurb.  Room stunk of paint and come to find out the edges of all the furniture were still wet with varnish!  My daughter got if all over her shirt.  It was s place to sleep but not much more.","featured":false,"ratingsOnly":false,"ratingRoomCleanliness":2,"ratingHotelCondition":2,"ratingService":2,"ratingRoomComfort":2,"positiveRemarks":"","negativeRemarks":"","locationRemarks":"","lastInitial":"F","userLocation":"Phx","reviewSubmissionTime":"2016-08-03T00:09:18Z","reviewerCategories":[{"categoryId":"Everyone","categoryLabel":"Everyone"}],"userDisplayName":"","roomTypeId":201025555,"isUnverified":false,"isFlaggable":false,"isRecommended":"NO"},{"hotelId":"40682","totalPositiveFeedbacks":0,"tpid":"3","eapid":"0","contentLocale":"en_gb","totalThanks":0,"photos":[{"thumbnailUrl":"https://a.travel-assets.com/ugc/hotel-reviews/B7C0DB23AAE46E02767821A8B607F0A1B01D9A8E1469811813016.jpg?resize=100:*","normalUrl":"https://a.travel-assets.com/ugc/hotel-reviews/B7C0DB23AAE46E02767821A8B607F0A1B01D9A8E1469811813016.jpg?resize=360:*","caption":"Old"}],"reviewId":"579b817487f8460b06f31f71","itinId":"110794840080","moderationStatus":"APPROVED","contentCodes":"HMP","managementResponses":[],"ratingOverall":1,"langId":"2057","userNickname":"unhappy","brandType":"Expedia","title":"Travel lodge","reviewText":"I expected this to be up to travel lodge standard. It looked nothing like the pictures it showed in the room. It was old, painted gold walls and brown architrave, it was yuk. The employees (night shift) stud outside apartment door talking all night, people upstairs banged around all night so with not much sleep we found that everyone grouped outside our door waiting for breakfast door to be opened at 6.45 in the morning. Be also ready to pay an extra $17 a night to park your car - that should have been put in the price of room. Never had to pay for parking at a travel lodge before! Breakfast was a bowl of cereal or toast and a free for all. Just not good at all. ","featured":false,"ratingsOnly":false,"ratingRoomCleanliness":2,"ratingHotelCondition":1,"ratingService":3,"ratingRoomComfort":1,"positiveRemarks":"","negativeRemarks":"","locationRemarks":"","lastInitial":"w","userLocation":"w,yorks","reviewSubmissionTime":"2016-07-29T16:16:52Z","reviewerCategories":[{"categoryId":"Everyone","categoryLabel":"Everyone"}],"userDisplayName":"","roomTypeId":201025562,"isUnverified":false,"isFlaggable":false,"isRecommended":"NO"},{"hotelId":"40682","totalPositiveFeedbacks":0,"tpid":"1","eapid":"0","contentLocale":"en_us","totalThanks":0,"photos":[],"reviewId":"57990777553a400b29b62078","itinId":"1141154369777","moderationStatus":"APPROVED","contentCodes":"","managementResponses":[],"ratingOverall":5,"langId":"1033","userNickname":"","brandType":"Expedia","title":"","reviewText":"Comfortable clean and location was easy to get around the city","featured":false,"ratingsOnly":false,"ratingRoomCleanliness":5,"ratingHotelCondition":5,"ratingService":5,"ratingRoomComfort":5,"positiveRemarks":"","negativeRemarks":"","locationRemarks":"","lastInitial":"","userLocation":"","reviewSubmissionTime":"2016-07-27T19:11:51Z","reviewerCategories":[{"categoryId":"Everyone","categoryLabel":"Everyone"}],"userDisplayName":"","roomTypeId":201025565,"isUnverified":false,"isFlaggable":true,"isRecommended":"YES"},{"hotelId":"40682","totalPositiveFeedbacks":0,"tpid":"1","eapid":"0","contentLocale":"en_us","totalThanks":0,"photos":[],"reviewId":"5794757892b3430b29402a68","itinId":"1141257564459","moderationStatus":"APPROVED","contentCodes":"NLI HMP MMD","managementResponses":[],"ratingOverall":1,"langId":"1033","userNickname":"Chaundra","brandType":"Expedia","title":"Didnt get what I paid for","reviewText":"I booked 2 queens and got 2 doubles; the air conditioner didnt work in the first room and barely worked in the second. Initial desk clerk was rude about they type of credit card I used because he was unfamiliar with it. I paid $15 for parking only to find a full parking lot and no parking so I had to park on the street (with no refund). Witnessed a drug deal right out front after checking in; the only good thing was location. Not worth the price or discomfort. ","featured":false,"ratingsOnly":false,"ratingRoomCleanliness":1,"ratingHotelCondition":1,"ratingService":1,"ratingRoomComfort":1,"positiveRemarks":"","negativeRemarks":"","locationRemarks":"","lastInitial":"","userLocation":"So. Cal","reviewSubmissionTime":"2016-07-24T07:59:52Z","reviewerCategories":[{"categoryId":"Everyone","categoryLabel":"Everyone"}],"userDisplayName":"","roomTypeId":201025565,"isUnverified":false,"isFlaggable":false,"isRecommended":"NO"},{"hotelId":"40682","totalPositiveFeedbacks":2,"tpid":"1","eapid":"0","contentLocale":"en_us","totalThanks":2,"photos":[],"reviewId":"578e78778566a80b2a459cff","itinId":"1140648202168","moderationStatus":"APPROVED","contentCodes":"NLI HMP MMD","managementResponses":[],"ratingOverall":1,"langId":"1033","userNickname":"","brandType":"Expedia","title":"Infested hotel ","reviewText":"Horrible my girlfriend and myself ended up in the hospital after staying here.. Woke up horribly sick, with golf ball sized bites all over our body's.. \r\n\r\nI AM WARNING YOU DO NOT STAY HERE, THIS PLACE NEEDS TO BE CLOSED DOWN!!! \r\n\r\nEXPEDIA IM DISAPPOINTED YOU COULD HAVE A HOTEL FOR YOUR CUSTOMERS TO STAY IN LIKE THIS GARBAGE...","featured":false,"ratingsOnly":false,"ratingRoomCleanliness":1,"ratingHotelCondition":1,"ratingService":1,"ratingRoomComfort":1,"positiveRemarks":"","negativeRemarks":"","locationRemarks":"","lastInitial":"","userLocation":"San Francisco ","reviewSubmissionTime":"2016-07-19T18:59:03Z","reviewerCategories":[{"categoryId":"Everyone","categoryLabel":"Everyone"}],"userDisplayName":"","roomTypeId":201025555,"isUnverified":false,"isFlaggable":false,"isRecommended":"NO"},{"hotelId":"40682","totalPositiveFeedbacks":1,"tpid":"1","eapid":"0","contentLocale":"en_us","totalThanks":1,"photos":[],"reviewId":"578a4be8756ba70b27c1b3d7","itinId":"1140123008698","moderationStatus":"APPROVED","contentCodes":"HMP MMD","managementResponses":[],"ratingOverall":1,"langId":"1033","userNickname":"","brandType":"Expedia","title":"Shady ","reviewText":"Clearly you get what you pay for, we arrived at the hotel late at night and there was all kinds of shady people in the parking lot area. Rooms were not very clean, it doesn't look like they use bleach on their linen or towels. First Hotel I've been to that they actually charge $100 deposit on the credit card for the room...no I would not recommend this place to anyone unless you are in a very tight budget.","featured":false,"ratingsOnly":false,"ratingRoomCleanliness":2,"ratingHotelCondition":1,"ratingService":3,"ratingRoomComfort":2,"positiveRemarks":"","negativeRemarks":"","locationRemarks":"","lastInitial":"","userLocation":"","reviewSubmissionTime":"2016-07-16T14:59:52Z","reviewerCategories":[{"categoryId":"Everyone","categoryLabel":"Everyone"}],"userDisplayName":"","roomTypeId":201025555,"isUnverified":false,"isFlaggable":false,"isRecommended":"NO"},{"hotelId":"40682","totalPositiveFeedbacks":1,"tpid":"1","eapid":"0","contentLocale":"en_us","totalThanks":1,"photos":[],"reviewId":"5786777e5a68010b4902ead1","itinId":"1140211311909","moderationStatus":"APPROVED","contentCodes":"NLI HMP MMD","managementResponses":[],"ratingOverall":1,"langId":"1033","userNickname":"A R","brandType":"Expedia","title":"horrie experience","reviewText":"There was prostitution in the hotel and homless people sleeping in the parking lot  cracks in the shower no bed apreads on the beds just the sheets  i had my kids with me and they were scared and unconfortable we booked 2 rooms and ended sleeping in one just a horrific experience ","featured":false,"ratingsOnly":false,"ratingRoomCleanliness":1,"ratingHotelCondition":1,"ratingService":3,"ratingRoomComfort":1,"positiveRemarks":"","negativeRemarks":"","locationRemarks":"","lastInitial":"","userLocation":"AR Txas","reviewSubmissionTime":"2016-07-13T17:16:46Z","reviewerCategories":[{"categoryId":"Everyone","categoryLabel":"Everyone"}],"userDisplayName":"","roomTypeId":201025555,"isUnverified":false,"isFlaggable":false,"isRecommended":"NO"},{"hotelId":"40682","totalPositiveFeedbacks":0,"tpid":"4","eapid":"0","contentLocale":"en_ca","totalThanks":0,"photos":[],"reviewId":"578403e4b35a940b2a92e54a","itinId":"1139779918586","moderationStatus":"APPROVED","contentCodes":"","managementResponses":[],"ratingOverall":4,"langId":"4105","userNickname":"","brandType":"Expedia","title":"Clean and comfortable hotel","reviewText":"Nice hotel to stay at if you need a last minute place to stay. Very clean and staff was friendly. Wifi was high speed which is important for any hotel to have. My complaint is that its a bit small and parking lot is small. ","featured":false,"ratingsOnly":false,"ratingRoomCleanliness":4,"ratingHotelCondition":4,"ratingService":4,"ratingRoomComfort":4,"positiveRemarks":"","negativeRemarks":"","locationRemarks":"","lastInitial":"","userLocation":"","reviewSubmissionTime":"2016-07-11T20:39:00Z","reviewerCategories":[{"categoryId":"Everyone","categoryLabel":"Everyone"}],"userDisplayName":"","roomTypeId":201025558,"isUnverified":false,"isFlaggable":true,"isRecommended":"YES"},{"hotelId":"40682","totalPositiveFeedbacks":0,"tpid":"1","eapid":"0","contentLocale":"en_us","totalThanks":0,"photos":[],"reviewId":"577e63b7e7401f0b47779846","itinId":"1139740268724","moderationStatus":"APPROVED","contentCodes":"PD HMP MMD","managementResponses":[],"ratingOverall":1,"langId":"1033","userNickname":"crystal","brandType":"Expedia","title":"You get what you paid for","reviewText":"The title says it all. I don't even know where to begin. Checking in was not pleasant what so ever. The young lady at the counter had a \"what do you want\" type of attitude instead of being approachable. Expedia claimed that the hotel had breakfast but I didn't see anything or was even given the time or place they'd be serving. Took a shower and the water leaked in to the bedroom. One of the beds was so uncomfortable! I could literally feel the springs of the mattress. Lastly what really upset me the most is that at check in I was not told I needed a permit from the hotel to park in their parking lot! Seriously why can't they be courteous and let they're guest know. What if my car didn't get towed or I got a citation of any sort. I will never ever go back. ","featured":false,"ratingsOnly":false,"ratingRoomCleanliness":5,"ratingHotelCondition":3,"ratingService":1,"ratingRoomComfort":1,"positiveRemarks":"","negativeRemarks":"","locationRemarks":"","lastInitial":"","userLocation":"california","reviewSubmissionTime":"2016-07-07T14:14:15Z","reviewerCategories":[{"categoryId":"Everyone","categoryLabel":"Everyone"}],"userDisplayName":"","roomTypeId":201025555,"isUnverified":false,"isFlaggable":false,"isRecommended":"NO"},{"hotelId":"40682","totalPositiveFeedbacks":0,"tpid":"1","eapid":"0","contentLocale":"en_us","totalThanks":0,"photos":[],"reviewId":"576ed440d3cd780b7f4f02e8","itinId":"1138380705573","moderationStatus":"APPROVED","contentCodes":"","managementResponses":[],"ratingOverall":3,"langId":"1033","userNickname":"","brandType":"Expedia","title":"","reviewText":"Good location, but parking is difficult.  There are not as many parking places as rooms.","featured":false,"ratingsOnly":false,"ratingRoomCleanliness":3,"ratingHotelCondition":3,"ratingService":3,"ratingRoomComfort":3,"positiveRemarks":"","negativeRemarks":"","locationRemarks":"","lastInitial":"","userLocation":"","reviewSubmissionTime":"2016-06-25T18:58:08Z","reviewerCategories":[{"categoryId":"Everyone","categoryLabel":"Everyone"}],"userDisplayName":"","roomTypeId":201025565,"isUnverified":false,"isFlaggable":true,"isRecommended":"NO"},{"hotelId":"40682","totalPositiveFeedbacks":0,"tpid":"1","eapid":"0","contentLocale":"en_us","totalThanks":0,"photos":[],"reviewId":"576a98de457cfb0b5ba40759","itinId":"1137311081083","moderationStatus":"APPROVED","contentCodes":"NLI HMP MMD","managementResponses":[],"ratingOverall":3,"langId":"1033","userNickname":"Ben","brandType":"Expedia","title":"Scary place","reviewText":"Homeless  people in parking lot looking in windows of cars. Hookers coming out of rooms. Probably wouldn't stay here again. Charged $15.00 a day for parking on top of what you pay for the room.\r\nRooms are very old and not well maintained.\r\nAlso, breakfast should start at 6:00 AM, not 7:00 AM. People are coming to work and need to be at the site by 7:00 AM.","featured":false,"ratingsOnly":false,"ratingRoomCleanliness":3,"ratingHotelCondition":2,"ratingService":3,"ratingRoomComfort":2,"positiveRemarks":"Close to Civic Center","negativeRemarks":"Update hotel and put in some security. If you're charging that much for the room, you shouldn't have to pay for parking.","locationRemarks":"","lastInitial":"M","userLocation":"Pennsylvania","reviewSubmissionTime":"2016-06-22T13:55:42Z","reviewerCategories":[{"categoryId":"BusinessTravelers","categoryLabel":"BusinessTravelers"}],"userDisplayName":"","roomTypeId":201025558,"isUnverified":false,"isFlaggable":false,"isRecommended":"NO"},{"hotelId":"40682","totalPositiveFeedbacks":0,"tpid":"1","eapid":"0","contentLocale":"en_us","totalThanks":0,"photos":[],"reviewId":"57655199457a360b4a24bd86","itinId":"1133258840867","moderationStatus":"APPROVED","contentCodes":"NLI HMP MMD","managementResponses":[],"ratingOverall":1,"langId":"1033","userNickname":"Christine","brandType":"Expedia","title":"Prostitutes, homeless, and drunks...OH MY! OH NO!!","reviewText":"I spent 4 sleepless nights in this hotel...why?...a drunk customer having a shouting match at 3am, prostitute in a room above me with a squeaky bed and very loud shoes, other prostitutes being very loud talking as they went to their \"rooms\", a loud bar across the street and a couple of loud homeless people camped out in in the parking lot acting as if it was their living room. I  know now why there were complimentary ear plugs provided in the room. I asked for a disability access room which ended up on the second floor with the elevator being out of service the entire 4 days. The floor had a puddle left from the cleaning bucket...I happened to find it with my dry slippers. The toilet wasn't secured properly and wobbled very precariously. I was afraid after the sun went down...I didn't feel safe leaving the room!\r\n\r\nI wrote the parent company Wyndham but got a standard insincere \"we're sorry\" letter from the hotel manager. Wyndham did nothing! No attempt was made while I was there or via the return insincere email to make me a satisfied customer. I was told that since my booking was made through Expedia, I would have to discuss this with them! TOTALLY disgusted with my experience at Travelodge Central! I don't know how they are still in business! I will NEVER stay there again and will NEVER recommend this hotel to anyone! The star rating should be minus ten!","featured":false,"ratingsOnly":false,"ratingRoomCleanliness":1,"ratingHotelCondition":1,"ratingService":1,"ratingRoomComfort":1,"positiveRemarks":"NOTHING!","negativeRemarks":"Everything!","locationRemarks":"I stay here because it was fairly close to UCSF. One bus and I would be right in front of the hospital. ","lastInitial":"O","userLocation":"Chicago, IL","reviewSubmissionTime":"2016-06-18T13:50:17Z","reviewerCategories":[{"categoryId":"Everyone","categoryLabel":"Everyone"}],"userDisplayName":"","roomTypeId":201353532,"isUnverified":false,"isFlaggable":false,"isRecommended":"NO"},{"hotelId":"40682","totalPositiveFeedbacks":0,"tpid":"3","eapid":"0","contentLocale":"en_gb","totalThanks":0,"photos":[],"reviewId":"575ebad79b7f4b0b28af098f","itinId":"110509021683","moderationStatus":"APPROVED","contentCodes":"HMP MMD","managementResponses":[],"ratingOverall":1,"langId":"2057","userNickname":"","brandType":"Expedia","title":"Avoid","reviewText":"Only saving grace was the proximity to transport links. Otherwise stay away from here. Somewhat sketchy area, very noisy, traffic and people shouting. Open aspect of buildings gives no soundproofing. Yes Travelodges are basic hotels, but I have always found they are clean and cheerful. This was dingy, dark and damp and I can safely say - the worst hotel I have stayed in. Spend a little more and be a little closer to the action. Not that this was particularly cheap, as a final insult.","featured":false,"ratingsOnly":false,"ratingRoomCleanliness":3,"ratingHotelCondition":2,"ratingService":3,"ratingRoomComfort":2,"positiveRemarks":"Leaving it.","negativeRemarks":"Decor, damp and if a shower curtain needs fixing.....do it. People are paying money to stay here.","locationRemarks":"","lastInitial":"","userLocation":"","reviewSubmissionTime":"2016-06-13T13:53:27Z","reviewerCategories":[{"categoryId":"Everyone","categoryLabel":"Everyone"}],"userDisplayName":"","roomTypeId":201025558,"isUnverified":false,"isFlaggable":false,"isRecommended":"NO"},{"hotelId":"40682","totalPositiveFeedbacks":0,"tpid":"1","eapid":"0","contentLocale":"en_us","totalThanks":0,"photos":[],"reviewId":"575ac2dde61a690b28d2cb5d","itinId":"1137273638126","moderationStatus":"APPROVED","contentCodes":"MMA","managementResponses":[],"ratingOverall":1,"langId":"1033","userNickname":"","brandType":"Expedia","title":"Horrible place to stay","reviewText":"Advertised as non smoking rooms when you actually get to the room, it's a completely different story. ","featured":false,"ratingsOnly":false,"ratingRoomCleanliness":2,"ratingHotelCondition":1,"ratingService":1,"ratingRoomComfort":1,"positiveRemarks":"","negativeRemarks":"","locationRemarks":"","lastInitial":"","userLocation":"","reviewSubmissionTime":"2016-06-10T13:38:37Z","reviewerCategories":[{"categoryId":"Everyone","categoryLabel":"Everyone"}],"userDisplayName":"","roomTypeId":201353532,"isUnverified":false,"isFlaggable":false,"isRecommended":"NO"},{"hotelId":"40682","totalPositiveFeedbacks":0,"tpid":"1","eapid":"0","contentLocale":"en_us","totalThanks":0,"photos":[],"reviewId":"57587949d46b400b2ee1c57e","itinId":"1136495292944","moderationStatus":"APPROVED","contentCodes":"","managementResponses":[],"ratingOverall":3,"langId":"1033","userNickname":"James ","brandType":"Expedia","title":"good location but noisy ","reviewText":"The stay was great until a bug crawled on me when I was in bed.","featured":false,"ratingsOnly":false,"ratingRoomCleanliness":3,"ratingHotelCondition":4,"ratingService":4,"ratingRoomComfort":2,"positiveRemarks":"convenient ","negativeRemarks":"more cleaner ","locationRemarks":"","lastInitial":"","userLocation":"Sacramento","reviewSubmissionTime":"2016-06-08T20:00:09Z","reviewerCategories":[{"categoryId":"Everyone","categoryLabel":"Everyone"}],"userDisplayName":"","roomTypeId":201025558,"isUnverified":false,"isFlaggable":true,"isRecommended":"NO"}]}}}
