{"reviewDetails":{"startIndex":0,"numberOfReviewsInThisPage":20,"reviewSummaryCollection":{"reviewSummary":[{"hotelId":"11509","totalReviewCnt":444,"avgOverallRating":4.4909916,"cleanliness":4.6373873,"serviceAndStaff":4.56081,"roomComfort":4.626124,"hotelCondition":4.394146,"convenienceOfLocation":4.8571424,"neighborhoodSatisfaction":4.4603176,"roomQuality":0,"targetedBrand":"Expedia","originSummary":[{"origin":"Expedia","reviewCnt":444,"recommendedPercent":94.14414,"avgOverallRating":4.4909916,"cleanliness":4.6373873,"serviceAndStaff":4.56081,"roomComfort":4.626124,"hotelCondition":4.394146,"convenienceOfLocation":4.8571424,"neighborhoodSatisfaction":4.4603176,"valueForMoney":0,"roomQuality":0,"categoryCounts":{"Everyone":265,"BusinessTravelers":6,"Couples":40,"Families":24,"Other":3},"roomTypeIdCounts":{"146483":1,"200626540":119,"200021698":139},"languageCounts":{"en":444}}],"recommendedPercent":94.14414,"valueForMoney":0,"categoryCounts":{"Everyone":265,"BusinessTravelers":6,"Couples":40,"Families":24,"Other":3},"roomTypeIdCounts":{"146483":1,"200626540":119,"200021698":139},"languageCounts":{"en":444},"featuredReview":{}}]},"reviewCollection":{"review":[{"hotelId":"11509","totalPositiveFeedbacks":0,"tpid":"3","eapid":"0","contentLocale":"en_gb","totalThanks":0,"photos":[],"reviewId":"57ae37437cfbf10b381a0b20","itinId":"110863999320","moderationStatus":"APPROVED","contentCodes":"","managementResponses":[],"ratingOverall":4,"langId":"2057","userNickname":"","brandType":"Expedia","title":"close to Union Square","reviewText":"Nice hotel and conveniently located to shops and restaurants.","featured":false,"ratingsOnly":false,"ratingRoomCleanliness":4,"ratingHotelCondition":4,"ratingService":4,"ratingRoomComfort":4,"positiveRemarks":"","negativeRemarks":"","locationRemarks":"","lastInitial":"","userLocation":"","reviewSubmissionTime":"2016-08-12T20:53:23Z","reviewerCategories":[{"categoryId":"Everyone","categoryLabel":"Everyone"}],"userDisplayName":"","roomTypeId":200626540,"isUnverified":false,"isFlaggable":true,"isRecommended":"YES"},{"hotelId":"11509","totalPositiveFeedbacks":0,"tpid":"1","eapid":"0","contentLocale":"en_us","totalThanks":0,"photos":[],"reviewId":"57addecc02d4f80b05cb3ccf","itinId":"1136466162487","moderationStatus":"APPROVED","contentCodes":"HMP MMD","managementResponses":[],"ratingOverall":5,"langId":"1033","userNickname":"BB","brandType":"Expedia","title":"The hotel is in a perfect location.","reviewText":"The hotel was great.  I didn't know it was a Wyndham vacation property so was a little surprised about the request to attend the 2 hour presentation to obtain a $125 gift card.  Would have been curious to learn more; however, not take 2 hours out of a 48 hr. weekend in the city to get the information. Room was lovely.  Staff excellent. Also didn't realize with Expedia you pay 100% upfront for the room, but that worked out OK too. ","featured":false,"ratingsOnly":false,"ratingRoomCleanliness":5,"ratingHotelCondition":5,"ratingService":5,"ratingRoomComfort":5,"positiveRemarks":"The location and the room.","negativeRemarks":"If they want to sell you on the vacation property aspect of the hotel - make the hard sale presentation shorter ...people will attend.","locationRemarks":"Explore Union Square, restaurants, shops, people watch.  Easy to get any type of transportation.","lastInitial":"","userLocation":"Seattle","reviewSubmissionTime":"2016-08-12T14:35:56Z","reviewerCategories":[{"categoryId":"Everyone","categoryLabel":"Everyone"}],"userDisplayName":"","roomTypeId":200626540,"isUnverified":false,"isFlaggable":false,"isRecommended":"YES"},{"hotelId":"11509","totalPositiveFeedbacks":0,"tpid":"1","eapid":"0","contentLocale":"en_us","totalThanks":0,"photos":[],"reviewId":"57ab7f5c47c4f60b04c3bdae","itinId":"1138978660421","moderationStatus":"APPROVED","contentCodes":"HMP MMD","managementResponses":[],"ratingOverall":4,"langId":"1033","userNickname":"","brandType":"Expedia","title":"","reviewText":"This hotel had an excellent location for exploring many SF highlights like North Beach and the Ferry Building.  But I had a problem with how I was billed:  Expedia charged my credit card for the full amount at time of billing, which, in my case, meant I was paying for my entire hotel stay a month before even seeing my room.   I prefer to be billed at the time of check-in or departure.   ","featured":false,"ratingsOnly":false,"ratingRoomCleanliness":5,"ratingHotelCondition":4,"ratingService":4,"ratingRoomComfort":5,"positiveRemarks":"","negativeRemarks":"","locationRemarks":"","lastInitial":"","userLocation":"","reviewSubmissionTime":"2016-08-10T19:24:12Z","reviewerCategories":[{"categoryId":"Everyone","categoryLabel":"Everyone"}],"userDisplayName":"","roomTypeId":200626540,"isUnverified":false,"isFlaggable":false,"isRecommended":"YES"},{"hotelId":"11509","totalPositiveFeedbacks":2,"tpid":"1","eapid":"0","contentLocale":"en_us","totalThanks":2,"photos":[],"reviewId":"57a764250a81ec0b2e0cd576","itinId":"1127873759015","moderationStatus":"APPROVED","contentCodes":"","managementResponses":[],"ratingOverall":5,"langId":"1033","userNickname":"Sandra","brandType":"Expedia","title":"Family in San Francisco","reviewText":"the hotel is in excellent location, close to many shops , restaurants and places of interest walking , clean , renovated hotel rooms clean and comfortable , with kitchen , ideal traveling with children , on the top floor there is a room with coffee, tea and chocolate with very friendly staff that helps you plan your trips","featured":false,"ratingsOnly":false,"ratingRoomCleanliness":5,"ratingHotelCondition":5,"ratingService":5,"ratingRoomComfort":5,"positiveRemarks":"excellent location","negativeRemarks":"","locationRemarks":"close to many shops , restaurants and places of interest walking","lastInitial":"P","userLocation":"Venezuela","reviewSubmissionTime":"2016-08-07T16:39:01Z","reviewerCategories":[{"categoryId":"Families","categoryLabel":"Families"}],"userDisplayName":"","roomTypeId":200626540,"isUnverified":false,"isFlaggable":true,"isRecommended":"YES"},{"hotelId":"11509","totalPositiveFeedbacks":1,"tpid":"25","eapid":"0","contentLocale":"en_au","totalThanks":1,"photos":[],"reviewId":"57a6460f075f640b274452da","itinId":"16502637663","moderationStatus":"APPROVED","contentCodes":"HMP MMD","managementResponses":[],"ratingOverall":5,"langId":"3081","userNickname":"","brandType":"Expedia","title":"","reviewText":"Very good hotel in very good location, clean and very comfortable, the staff were very welcoming and gave us a reasonably early check in and Richard at the concierge was very very helpful.","featured":false,"ratingsOnly":false,"ratingRoomCleanliness":5,"ratingHotelCondition":5,"ratingService":5,"ratingRoomComfort":5,"positiveRemarks":"","negativeRemarks":"","locationRemarks":"","lastInitial":"","userLocation":"","reviewSubmissionTime":"2016-08-06T20:18:23Z","reviewerCategories":[{"categoryId":"Everyone","categoryLabel":"Everyone"}],"userDisplayName":"","roomTypeId":200626540,"isUnverified":false,"isFlaggable":false,"isRecommended":"YES"},{"hotelId":"11509","totalPositiveFeedbacks":1,"tpid":"1","eapid":"0","contentLocale":"en_us","totalThanks":1,"photos":[],"reviewId":"57a4c0cf849f110b284fa9f7","itinId":"1140005286209","moderationStatus":"APPROVED","contentCodes":"MMA","managementResponses":[],"ratingOverall":2,"langId":"1033","userNickname":"Mike","brandType":"Expedia","title":"Very noisy","reviewText":"Room was nice location on corner very noisy due to traffic on city streets no noise reduction from windows. Heater/ac in room did not work! Call front desk for repair  they would have engineering reset remotely would work briefly then stop. Spent first night in cold room. After complainng again on second and last night they sent a portable heater to room.","featured":false,"ratingsOnly":false,"ratingRoomCleanliness":4,"ratingHotelCondition":2,"ratingService":3,"ratingRoomComfort":1,"positiveRemarks":"","negativeRemarks":"","locationRemarks":"","lastInitial":"","userLocation":"Las Vegas","reviewSubmissionTime":"2016-08-05T16:37:35Z","reviewerCategories":[{"categoryId":"Everyone","categoryLabel":"Everyone"}],"userDisplayName":"","roomTypeId":200626540,"isUnverified":false,"isFlaggable":false,"isRecommended":"NO"},{"hotelId":"11509","totalPositiveFeedbacks":1,"tpid":"1","eapid":"0","contentLocale":"en_us","totalThanks":1,"photos":[],"reviewId":"579c1cdd87f8460b06ec444f","itinId":"1138800955181","moderationStatus":"APPROVED","contentCodes":"","managementResponses":[],"ratingOverall":5,"langId":"1033","userNickname":"Family of four","brandType":"Expedia","title":"Great room set up for family.","reviewText":"Corn hotel with large rooms. Loved changing area outside of bathroom. Staff very friendly and helpful. ","featured":false,"ratingsOnly":false,"ratingRoomCleanliness":5,"ratingHotelCondition":4,"ratingService":5,"ratingRoomComfort":5,"positiveRemarks":"","negativeRemarks":"","locationRemarks":"","lastInitial":"","userLocation":"","reviewSubmissionTime":"2016-07-30T03:19:57Z","reviewerCategories":[{"categoryId":"Everyone","categoryLabel":"Everyone"}],"userDisplayName":"","roomTypeId":200626540,"isUnverified":false,"isFlaggable":true,"isRecommended":"YES"},{"hotelId":"11509","totalPositiveFeedbacks":1,"tpid":"1","eapid":"0","contentLocale":"en_us","totalThanks":1,"photos":[],"reviewId":"57961c79331f6e0b28bfcfde","itinId":"1125829725536","moderationStatus":"APPROVED","contentCodes":"","managementResponses":[],"ratingOverall":5,"langId":"1033","userNickname":"","brandType":"Expedia","title":"","reviewText":"This was a great hotel in a great location! It was clean with great service. Highly recommend!","featured":false,"ratingsOnly":false,"ratingRoomCleanliness":5,"ratingHotelCondition":5,"ratingService":5,"ratingRoomComfort":5,"positiveRemarks":"","negativeRemarks":"","locationRemarks":"","lastInitial":"","userLocation":"","reviewSubmissionTime":"2016-07-25T14:04:41Z","reviewerCategories":[{"categoryId":"Everyone","categoryLabel":"Everyone"}],"userDisplayName":"","roomTypeId":200626540,"isUnverified":false,"isFlaggable":true,"isRecommended":"YES"},{"hotelId":"11509","totalPositiveFeedbacks":1,"tpid":"25","eapid":"0","contentLocale":"en_au","totalThanks":1,"photos":[],"reviewId":"5792a57ed29e300b28ba8584","itinId":"18850135190","moderationStatus":"APPROVED","contentCodes":"MMA","managementResponses":[],"ratingOverall":5,"langId":"3081","userNickname":"Yvonne","brandType":"Expedia","title":"Great Location & Spacious room","reviewText":"Room exactly like pictures. Within walking distance to Union square and even Chinatown.\r\nBed was comfortable.\r\nStaff were helpful.","featured":false,"ratingsOnly":false,"ratingRoomCleanliness":5,"ratingHotelCondition":5,"ratingService":4,"ratingRoomComfort":5,"positiveRemarks":"Everything","negativeRemarks":"nothing.","locationRemarks":"","lastInitial":"","userLocation":"Sydney","reviewSubmissionTime":"2016-07-22T23:00:14Z","reviewerCategories":[{"categoryId":"Everyone","categoryLabel":"Everyone"}],"userDisplayName":"","roomTypeId":200626540,"isUnverified":false,"isFlaggable":false,"isRecommended":"YES"},{"hotelId":"11509","totalPositiveFeedbacks":3,"tpid":"1","eapid":"0","contentLocale":"en_us","totalThanks":3,"photos":[],"reviewId":"57814e7786a89c0b480cad10","itinId":"1133267268066","moderationStatus":"APPROVED","contentCodes":"","managementResponses":[],"ratingOverall":4,"langId":"1033","userNickname":"","brandType":"Expedia","title":"Nice location, old hotel","reviewText":"We stayed in a room on the 9th floor with 1 king bed and a sofa. Although the hotel was not renewed recently, the room was spacious enough for a family (2 adults, 2 children). However, the sofa bed was not comfortable enough as the king bed. There was a microwave oven and a coffee machine in the room. The fridge was empty but was ready for your own food. Hotel staff was very friendly and the lady at the front office gave us very informative clues about the city. They also have prepared a short information document to underline popular visiting sites and local eats.\r\nBut the best thing of all was the location of the hotel. It was just adjacent to the Union square, where all shopping and activities are present. As a last word, it was a good experience to stay at the Donatello hotel.","featured":false,"ratingsOnly":false,"ratingRoomCleanliness":4,"ratingHotelCondition":3,"ratingService":4,"ratingRoomComfort":4,"positiveRemarks":"","negativeRemarks":"Renovation is necessary","locationRemarks":"","lastInitial":"","userLocation":"","reviewSubmissionTime":"2016-07-09T19:20:23Z","reviewerCategories":[{"categoryId":"Everyone","categoryLabel":"Everyone"}],"userDisplayName":"","roomTypeId":200626540,"isUnverified":false,"isFlaggable":true,"isRecommended":"YES"},{"hotelId":"11509","totalPositiveFeedbacks":0,"tpid":"1","eapid":"0","contentLocale":"en_us","totalThanks":0,"photos":[],"reviewId":"5777d6669bbe8d0b831b0c77","itinId":"1125068691743","moderationStatus":"APPROVED","contentCodes":"","managementResponses":[],"ratingOverall":5,"langId":"1033","userNickname":"Pawel","brandType":"Expedia","title":"Nice hotel in the center of SF.Very good location.","reviewText":"Perfect location for walking city center tours. Public transportation nearby. Rooms large and equipped with kitchen facilities.  ","featured":false,"ratingsOnly":false,"ratingRoomCleanliness":5,"ratingHotelCondition":4,"ratingService":5,"ratingRoomComfort":5,"positiveRemarks":"location","negativeRemarks":"","locationRemarks":"sightseen, shopping","lastInitial":"","userLocation":"Poland","reviewSubmissionTime":"2016-07-02T14:57:42Z","reviewerCategories":[{"categoryId":"Families","categoryLabel":"Families"}],"userDisplayName":"","roomTypeId":200626540,"isUnverified":false,"isFlaggable":true,"isRecommended":"YES"},{"hotelId":"11509","totalPositiveFeedbacks":1,"tpid":"1","eapid":"0","contentLocale":"en_us","totalThanks":1,"photos":[],"reviewId":"576b38c87749760b7eddc5d4","itinId":"1137737637105","moderationStatus":"APPROVED","contentCodes":"","managementResponses":[],"ratingOverall":5,"langId":"1033","userNickname":"","brandType":"Expedia","title":"","reviewText":"Pros: The room is great. We had the deluxe room and it included a kitchenette and plenty of space. \r\n\r\nCons: There was some noise coming from the street, it seems to be something common in San Francisco as you can see in other reviews.","featured":false,"ratingsOnly":false,"ratingRoomCleanliness":5,"ratingHotelCondition":5,"ratingService":5,"ratingRoomComfort":4,"positiveRemarks":"","negativeRemarks":"","locationRemarks":"","lastInitial":"","userLocation":"","reviewSubmissionTime":"2016-06-23T01:18:00Z","reviewerCategories":[{"categoryId":"Everyone","categoryLabel":"Everyone"}],"userDisplayName":"","roomTypeId":200626540,"isUnverified":false,"isFlaggable":true,"isRecommended":"YES"},{"hotelId":"11509","totalPositiveFeedbacks":4,"tpid":"1","eapid":"0","contentLocale":"en_us","totalThanks":4,"photos":[],"reviewId":"5762b30e1010030b24a6fcc3","itinId":"1126258310342","moderationStatus":"APPROVED","contentCodes":"","managementResponses":[],"ratingOverall":4,"langId":"1033","userNickname":"","brandType":"Expedia","title":"Spacious, well-located 2 night stay","reviewText":"We found the room to be, for four of us (two adults, two teens) to be spacious and comfortable.  There was enough room to spread out, and the fact that we had a microwave, fridge and all basic kitchen supplies (even including a bottle opener) was super.  Included in our rate we had access to the Club Level, which afforded us use of the gym, sauna, spa, coffee/tea area and the beautiful deck on that level.  We were made to feel welcome and felt that the location was great - a LOT of restaurants and shopping in the area.  ","featured":false,"ratingsOnly":false,"ratingRoomCleanliness":4,"ratingHotelCondition":4,"ratingService":4,"ratingRoomComfort":5,"positiveRemarks":"","negativeRemarks":"","locationRemarks":"","lastInitial":"","userLocation":"","reviewSubmissionTime":"2016-06-16T14:09:18Z","reviewerCategories":[{"categoryId":"Everyone","categoryLabel":"Everyone"}],"userDisplayName":"","roomTypeId":200626540,"isUnverified":false,"isFlaggable":true,"isRecommended":"YES"},{"hotelId":"11509","totalPositiveFeedbacks":1,"tpid":"1","eapid":"0","contentLocale":"en_us","totalThanks":1,"photos":[],"reviewId":"575d4b74308f550b25b7e3e2","itinId":"1126102576457","moderationStatus":"APPROVED","contentCodes":"","managementResponses":[],"ratingOverall":4,"langId":"1033","userNickname":"first time to W","brandType":"Expedia","title":"Nice hotel, many ammenities, good location.","reviewText":"Very positive. Hotel room exceptional. Short stay but memorable.","featured":false,"ratingsOnly":false,"ratingRoomCleanliness":4,"ratingHotelCondition":5,"ratingService":4,"ratingRoomComfort":4,"positiveRemarks":"","negativeRemarks":"","locationRemarks":"","lastInitial":"D","userLocation":"ocean , NJ","reviewSubmissionTime":"2016-06-12T11:45:56Z","reviewerCategories":[{"categoryId":"Everyone","categoryLabel":"Everyone"}],"userDisplayName":"","roomTypeId":200626540,"isUnverified":false,"isFlaggable":true,"isRecommended":"YES"},{"hotelId":"11509","totalPositiveFeedbacks":1,"tpid":"14","eapid":"0","contentLocale":"en_sg","totalThanks":1,"photos":[{"thumbnailUrl":"https://a.travel-assets.com/ugc/hotel-reviews/CE2AB143E43C2797BBCFBE6A458A93D0E062C97C1465449518968.jpg?resize=100:*","normalUrl":"https://a.travel-assets.com/ugc/hotel-reviews/CE2AB143E43C2797BBCFBE6A458A93D0E062C97C1465449518968.jpg?resize=360:*","caption":"King Size bed"}],"reviewId":"5758d8a9435dd80b2688384c","itinId":"127769556139","moderationStatus":"APPROVED","contentCodes":"HMP","managementResponses":[],"ratingOverall":5,"langId":"2057","userNickname":"KK","brandType":"Expedia","title":"Nice hotel at great location","reviewText":"We were greeted by friendly staff. The room was big and could easily accommodate 3 adults.  It is near union square and China town.  Uber to Fishman's wharf only costs us $7 plus which was almost the same as taking a bus for 3 persons.  It is also near Powell BART station which we also took the BART to Hayward to visit my university. Overall great experience.   ","featured":false,"ratingsOnly":false,"ratingRoomCleanliness":5,"ratingHotelCondition":5,"ratingService":5,"ratingRoomComfort":5,"positiveRemarks":"We like the location best.  The room is also big for 3 persons.","negativeRemarks":"","locationRemarks":"Union square and China town for shopping and dining.  Also worth to pay a visit to the cable car museum.","lastInitial":"","userLocation":"Singapore","reviewSubmissionTime":"2016-06-09T02:47:05Z","reviewerCategories":[{"categoryId":"Everyone","categoryLabel":"Everyone"}],"userDisplayName":"","roomTypeId":200626540,"isUnverified":false,"isFlaggable":false,"isRecommended":"YES"},{"hotelId":"11509","totalPositiveFeedbacks":0,"tpid":"1","eapid":"0","contentLocale":"en_us","totalThanks":0,"photos":[],"reviewId":"57521523773f350b50848251","itinId":"1131471356264","moderationStatus":"APPROVED","contentCodes":"","managementResponses":[],"ratingOverall":4,"langId":"1033","userNickname":"Aileen","brandType":"Expedia","title":"great location; cool \"club\" room","reviewText":"Got a great deal at the Donatello Hotel - definitely worth the money and the Club room was great because it had free coffee and hot chocolate and tea - perfect for warming up after being out in the crisp cold weather of SF.\r\nPerfect location, and the room was neat and large enough for our family of 4.\r\nThe timeshare presentation saleslady was a little annoying, but they weren't overly pushy when we ultimately decided that we didn't want to waste 2 hours listening to the presentation, even though we could have gotten a 2 night stay and $50 gift card.","featured":false,"ratingsOnly":false,"ratingRoomCleanliness":4,"ratingHotelCondition":4,"ratingService":4,"ratingRoomComfort":4,"positiveRemarks":"awesome location, staff was nice, room was nice, and free hot cocoa and coffee in the club room.","negativeRemarks":"","locationRemarks":"super close and convenient location to Union Square","lastInitial":"","userLocation":"Honolulu","reviewSubmissionTime":"2016-06-03T23:39:15Z","reviewerCategories":[{"categoryId":"Everyone","categoryLabel":"Everyone"}],"userDisplayName":"","roomTypeId":200626540,"isUnverified":false,"isFlaggable":true,"isRecommended":"YES"},{"hotelId":"11509","totalPositiveFeedbacks":1,"tpid":"1","eapid":"0","contentLocale":"en_us","totalThanks":1,"photos":[],"reviewId":"574f03d2122b6809de890aef","itinId":"1125885616720","moderationStatus":"APPROVED","contentCodes":"","managementResponses":[],"ratingOverall":4,"langId":"1033","userNickname":"","brandType":"Expedia","title":"Nice hotel close to Union Square","reviewText":"Room is clean, location is great and staffs are kind.","featured":false,"ratingsOnly":false,"ratingRoomCleanliness":5,"ratingHotelCondition":5,"ratingService":4,"ratingRoomComfort":5,"positiveRemarks":"location, cleaness","negativeRemarks":"","locationRemarks":"","lastInitial":"","userLocation":"","reviewSubmissionTime":"2016-06-01T15:48:34Z","reviewerCategories":[{"categoryId":"Everyone","categoryLabel":"Everyone"}],"userDisplayName":"","roomTypeId":200626540,"isUnverified":false,"isFlaggable":true,"isRecommended":"YES"},{"hotelId":"11509","totalPositiveFeedbacks":0,"tpid":"1","eapid":"0","contentLocale":"en_us","totalThanks":0,"photos":[],"reviewId":"57435570a022c10a02045fbd","itinId":"1129595686612","moderationStatus":"APPROVED","contentCodes":"","managementResponses":[],"ratingOverall":5,"langId":"1033","userNickname":"Susan","brandType":"Expedia","title":"","reviewText":"I absolutely loved this hotel. Near everything. Super safe area of town.","featured":false,"ratingsOnly":false,"ratingRoomCleanliness":5,"ratingHotelCondition":5,"ratingService":5,"ratingRoomComfort":5,"positiveRemarks":"","negativeRemarks":"","locationRemarks":"","lastInitial":"T","userLocation":"Birmingham, AL","reviewSubmissionTime":"2016-05-23T19:09:36Z","reviewerCategories":[{"categoryId":"Everyone","categoryLabel":"Everyone"}],"userDisplayName":"","roomTypeId":200626540,"isUnverified":false,"isFlaggable":true,"isRecommended":"YES"},{"hotelId":"11509","totalPositiveFeedbacks":0,"tpid":"1","eapid":"0","contentLocale":"en_us","totalThanks":0,"photos":[],"reviewId":"573c741105ae2609f6014145","itinId":"1134094085560","moderationStatus":"APPROVED","contentCodes":"","managementResponses":[],"ratingOverall":5,"langId":"1033","userNickname":"..","brandType":"Expedia","title":"Excellent location","reviewText":"It was a good experience, totally I would come back anytime","featured":false,"ratingsOnly":false,"ratingRoomCleanliness":5,"ratingHotelCondition":5,"ratingService":5,"ratingRoomComfort":5,"positiveRemarks":"","negativeRemarks":"","locationRemarks":"","lastInitial":".","userLocation":"..","reviewSubmissionTime":"2016-05-18T13:54:25Z","reviewerCategories":[{"categoryId":"Everyone","categoryLabel":"Everyone"}],"userDisplayName":"","roomTypeId":200626540,"isUnverified":false,"isFlaggable":true,"isRecommended":"YES"},{"hotelId":"11509","totalPositiveFeedbacks":0,"tpid":"1","eapid":"0","contentLocale":"en_us","totalThanks":0,"photos":[],"reviewId":"573c576369c3f409f8892a36","itinId":"1133580125247","moderationStatus":"APPROVED","contentCodes":"","managementResponses":[],"ratingOverall":5,"langId":"1033","userNickname":"","brandType":"Expedia","title":"","reviewText":"Hade a great stay at the Donatello and in San Francisco\r\n","featured":false,"ratingsOnly":false,"ratingRoomCleanliness":5,"ratingHotelCondition":5,"ratingService":5,"ratingRoomComfort":5,"positiveRemarks":"","negativeRemarks":"","locationRemarks":"","lastInitial":"","userLocation":"","reviewSubmissionTime":"2016-05-18T11:52:03Z","reviewerCategories":[{"categoryId":"Everyone","categoryLabel":"Everyone"}],"userDisplayName":"","roomTypeId":200626540,"isUnverified":false,"isFlaggable":true,"isRecommended":"YES"}]}}}
