{"reviewDetails":{"startIndex":0,"numberOfReviewsInThisPage":20,"reviewSummaryCollection":{"reviewSummary":[{"hotelId":"476728","totalReviewCnt":1286,"avgOverallRating":4.117418,"cleanliness":4.459561,"serviceAndStaff":4.3188186,"roomComfort":4.230947,"hotelCondition":4.122084,"convenienceOfLocation":4.612244,"neighborhoodSatisfaction":4.2857137,"roomQuality":0,"targetedBrand":"Expedia","originSummary":[{"origin":"Expedia","reviewCnt":1286,"recommendedPercent":87.636086,"avgOverallRating":4.117418,"cleanliness":4.459561,"serviceAndStaff":4.3188186,"roomComfort":4.230947,"hotelCondition":4.122084,"convenienceOfLocation":4.612244,"neighborhoodSatisfaction":4.2857137,"valueForMoney":0,"roomQuality":0,"categoryCounts":{"Everyone":1073,"Couples":40,"BusinessTravelers":6,"Students":1,"Families":51,"Other":4},"roomTypeIdCounts":{"200417171":1,"200487670":18,"159115":1,"287022":43,"200487672":21,"200261153":1,"200423074":295,"289782":15,"200423078":227,"200058488":1,"287184":10,"287024":4,"521010":3,"200433861":28,"200058324":1,"200450025":1,"200504527":83,"200045105":12,"200504526":14},"languageCounts":{"en":1286}}],"recommendedPercent":87.636086,"valueForMoney":0,"categoryCounts":{"Everyone":1073,"Couples":40,"BusinessTravelers":6,"Students":1,"Families":51,"Other":4},"roomTypeIdCounts":{"200417171":1,"200487670":18,"159115":1,"287022":43,"200487672":21,"200261153":1,"200423074":295,"289782":15,"200423078":227,"200058488":1,"287184":10,"287024":4,"521010":3,"200433861":28,"200058324":1,"200450025":1,"200504527":83,"200045105":12,"200504526":14},"languageCounts":{"en":1286},"featuredReview":{}}]},"reviewCollection":{"review":[{"hotelId":"476728","totalPositiveFeedbacks":0,"tpid":"4","eapid":"0","contentLocale":"en_ca","totalThanks":0,"photos":[],"reviewId":"57b62c8168fa700b765abf43","itinId":"1140707767974","moderationStatus":"APPROVED","contentCodes":"MMA","managementResponses":[],"ratingOverall":4,"langId":"4105","userNickname":"","brandType":"Expedia","title":"","reviewText":"Great stay would stay again clean room pleasant staff great location ","featured":false,"ratingsOnly":false,"ratingRoomCleanliness":5,"ratingHotelCondition":4,"ratingService":4,"ratingRoomComfort":5,"positiveRemarks":"","negativeRemarks":"","locationRemarks":"","lastInitial":"","userLocation":"","reviewSubmissionTime":"2016-08-18T21:45:37Z","reviewerCategories":[{"categoryId":"Everyone","categoryLabel":"Everyone"}],"userDisplayName":"","roomTypeId":200423074,"isUnverified":false,"isFlaggable":false,"isRecommended":"YES"},{"hotelId":"476728","totalPositiveFeedbacks":0,"tpid":"1","eapid":"0","contentLocale":"en_us","totalThanks":0,"photos":[],"reviewId":"57b5f64cf563f50b4f542a45","itinId":"1141676900110","moderationStatus":"APPROVED","contentCodes":"","managementResponses":[],"ratingOverall":5,"langId":"1033","userNickname":"Kim","brandType":"Expedia","title":"","reviewText":"Lovely décor, 2 blocks from Fishermans Wharf. Walking distance to many tourist sites.","featured":false,"ratingsOnly":false,"ratingRoomCleanliness":5,"ratingHotelCondition":5,"ratingService":5,"ratingRoomComfort":5,"positiveRemarks":"","negativeRemarks":"","locationRemarks":"","lastInitial":"","userLocation":"Palm Springs","reviewSubmissionTime":"2016-08-18T17:54:20Z","reviewerCategories":[{"categoryId":"Everyone","categoryLabel":"Everyone"}],"userDisplayName":"","roomTypeId":200423074,"isUnverified":false,"isFlaggable":true,"isRecommended":"YES"},{"hotelId":"476728","totalPositiveFeedbacks":0,"tpid":"1","eapid":"0","contentLocale":"en_us","totalThanks":0,"photos":[],"reviewId":"57b4ca3429b05a0b281e58bc","itinId":"1141520770086","moderationStatus":"APPROVED","contentCodes":"","managementResponses":[],"ratingOverall":4,"langId":"1033","userNickname":"Tim","brandType":"Expedia","title":"Good choice for first time visitors to San Fran","reviewText":"Got dropped off by taxi at hotel around 10:30am expecting to leave bags with bellman until afternoon check in. Instead, desk staff got me in a room right away. Then when I asked for a good place for lunch, he recommended Boudin Bakery. We took his suggestion and had a great crab and corn bread bowl. ","featured":false,"ratingsOnly":false,"ratingRoomCleanliness":5,"ratingHotelCondition":5,"ratingService":4,"ratingRoomComfort":5,"positiveRemarks":"Great location a short walk to Fishermans Wharf attractions.","negativeRemarks":"","locationRemarks":"","lastInitial":"","userLocation":"Chicago","reviewSubmissionTime":"2016-08-17T20:33:56Z","reviewerCategories":[{"categoryId":"Everyone","categoryLabel":"Everyone"}],"userDisplayName":"","roomTypeId":200423074,"isUnverified":false,"isFlaggable":true,"isRecommended":"YES"},{"hotelId":"476728","totalPositiveFeedbacks":0,"tpid":"3","eapid":"0","contentLocale":"en_gb","totalThanks":0,"photos":[],"reviewId":"57b4c83a4cd1560b2fa8a82a","itinId":"110542023692","moderationStatus":"APPROVED","contentCodes":"","managementResponses":[],"ratingOverall":5,"langId":"2057","userNickname":"","brandType":"Expedia","title":"","reviewText":"Well placed for Fishermans Wharf and Little Italy. Room was clean and modern ... good shower!","featured":false,"ratingsOnly":false,"ratingRoomCleanliness":5,"ratingHotelCondition":5,"ratingService":5,"ratingRoomComfort":5,"positiveRemarks":"","negativeRemarks":"Wi fi was a bit slow","locationRemarks":"","lastInitial":"","userLocation":"","reviewSubmissionTime":"2016-08-17T20:25:30Z","reviewerCategories":[{"categoryId":"Everyone","categoryLabel":"Everyone"}],"userDisplayName":"","roomTypeId":200423078,"isUnverified":false,"isFlaggable":true,"isRecommended":"YES"},{"hotelId":"476728","totalPositiveFeedbacks":1,"tpid":"3","eapid":"0","contentLocale":"en_gb","totalThanks":1,"photos":[],"reviewId":"57b47e0301a9bc0b26cf36f7","itinId":"110691914240","moderationStatus":"APPROVED","contentCodes":"","managementResponses":[],"ratingOverall":4,"langId":"2057","userNickname":"","brandType":"Expedia","title":"Good location","reviewText":"Check in ok, room well appointed. Basic bar area. Handy to have parking.  Near to Fishermans Wharf, so good for Alcatraz and close to Cable car.","featured":false,"ratingsOnly":false,"ratingRoomCleanliness":4,"ratingHotelCondition":3,"ratingService":4,"ratingRoomComfort":4,"positiveRemarks":"","negativeRemarks":"","locationRemarks":"","lastInitial":"","userLocation":"","reviewSubmissionTime":"2016-08-17T15:08:51Z","reviewerCategories":[{"categoryId":"Everyone","categoryLabel":"Everyone"}],"userDisplayName":"","roomTypeId":200423078,"isUnverified":false,"isFlaggable":true,"isRecommended":"YES"},{"hotelId":"476728","totalPositiveFeedbacks":0,"tpid":"4","eapid":"0","contentLocale":"en_ca","totalThanks":0,"photos":[],"reviewId":"57b3272146d3030b068bdbf6","itinId":"1136398695134","moderationStatus":"APPROVED","contentCodes":"","managementResponses":[],"ratingOverall":5,"langId":"4105","userNickname":"Lori","brandType":"Expedia","title":"Close to everything","reviewText":"This hotel was close to everything. Great places to eat as well. Really close to Fishermans Wharf. The bellman was terrific. ...went over and above his job to help us out. ","featured":false,"ratingsOnly":false,"ratingRoomCleanliness":5,"ratingHotelCondition":4,"ratingService":5,"ratingRoomComfort":5,"positiveRemarks":"","negativeRemarks":"","locationRemarks":"","lastInitial":"H","userLocation":"Toronto Ontario Canada","reviewSubmissionTime":"2016-08-16T14:45:53Z","reviewerCategories":[{"categoryId":"Everyone","categoryLabel":"Everyone"}],"userDisplayName":"","roomTypeId":200504527,"isUnverified":false,"isFlaggable":true,"isRecommended":"YES"},{"hotelId":"476728","totalPositiveFeedbacks":0,"tpid":"1","eapid":"0","contentLocale":"en_us","totalThanks":0,"photos":[],"reviewId":"57b276ade8dbc30b27d1e363","itinId":"1133656040675","moderationStatus":"APPROVED","contentCodes":"","managementResponses":[],"ratingOverall":5,"langId":"1033","userNickname":"D","brandType":"Expedia","title":"Vacation ","reviewText":"Nice hotel, close to everything especially Pier 39.","featured":false,"ratingsOnly":false,"ratingRoomCleanliness":5,"ratingHotelCondition":5,"ratingService":5,"ratingRoomComfort":5,"positiveRemarks":"","negativeRemarks":"","locationRemarks":"","lastInitial":"","userLocation":"Chicago","reviewSubmissionTime":"2016-08-16T02:13:01Z","reviewerCategories":[{"categoryId":"Everyone","categoryLabel":"Everyone"}],"userDisplayName":"","roomTypeId":200423078,"isUnverified":false,"isFlaggable":true,"isRecommended":"YES"},{"hotelId":"476728","totalPositiveFeedbacks":0,"tpid":"1","eapid":"0","contentLocale":"en_us","totalThanks":0,"photos":[],"reviewId":"57b1e592303d3d0b065d17bc","itinId":"1140543639561","moderationStatus":"APPROVED","contentCodes":"","managementResponses":[],"ratingOverall":4,"langId":"1033","userNickname":"Kimber","brandType":"Expedia","title":"","reviewText":"Nice sized room, relatively quiet, well maintained. Good location. A great base for my two teenage sons and I while we visited the city.","featured":false,"ratingsOnly":false,"ratingRoomCleanliness":5,"ratingHotelCondition":4,"ratingService":4,"ratingRoomComfort":5,"positiveRemarks":"","negativeRemarks":"","locationRemarks":"","lastInitial":"","userLocation":"ST LOUIS MO","reviewSubmissionTime":"2016-08-15T15:53:54Z","reviewerCategories":[{"categoryId":"Everyone","categoryLabel":"Everyone"}],"userDisplayName":"","roomTypeId":200504527,"isUnverified":false,"isFlaggable":true,"isRecommended":"YES"},{"hotelId":"476728","totalPositiveFeedbacks":0,"tpid":"1","eapid":"0","contentLocale":"en_us","totalThanks":0,"photos":[{"thumbnailUrl":"https://a.travel-assets.com/ugc/hotel-reviews/D4B77586344A6A48E2DF363CCAEB16979214C7B71471276919108.jpg?resize=100:*","normalUrl":"https://a.travel-assets.com/ugc/hotel-reviews/D4B77586344A6A48E2DF363CCAEB16979214C7B71471276919108.jpg?resize=360:*","caption":""}],"reviewId":"57b1e23e973cb70b41784cdd","itinId":"1143387080740","moderationStatus":"APPROVED","contentCodes":"HMP","managementResponses":[],"ratingOverall":5,"langId":"1033","userNickname":"Alexandra","brandType":"Expedia","title":"Very cute hotel in Fishermans Warf. ","reviewText":"Great location, we walked from the hotel to most of all touristic points. Very clean and modern, everything looks new. \r\nLoved it!","featured":false,"ratingsOnly":false,"ratingRoomCleanliness":5,"ratingHotelCondition":5,"ratingService":5,"ratingRoomComfort":5,"positiveRemarks":"","negativeRemarks":"","locationRemarks":"","lastInitial":"","userLocation":"","reviewSubmissionTime":"2016-08-15T15:39:42Z","reviewerCategories":[{"categoryId":"Everyone","categoryLabel":"Everyone"}],"userDisplayName":"","roomTypeId":200433861,"isUnverified":false,"isFlaggable":false,"isRecommended":"YES"},{"hotelId":"476728","totalPositiveFeedbacks":0,"tpid":"1","eapid":"0","contentLocale":"en_us","totalThanks":0,"photos":[],"reviewId":"57b1d2d26b0da90b053d405f","itinId":"1137992834957","moderationStatus":"APPROVED","contentCodes":"","managementResponses":[],"ratingOverall":4,"langId":"1033","userNickname":"chuck","brandType":"Expedia","title":"Nice hotel","reviewText":"Good experience and cetral location.  Staff was excellent ","featured":false,"ratingsOnly":false,"ratingRoomCleanliness":4,"ratingHotelCondition":4,"ratingService":5,"ratingRoomComfort":4,"positiveRemarks":"","negativeRemarks":"","locationRemarks":"","lastInitial":"","userLocation":"Jacksonville, Fl","reviewSubmissionTime":"2016-08-15T14:33:54Z","reviewerCategories":[{"categoryId":"Everyone","categoryLabel":"Everyone"}],"userDisplayName":"","roomTypeId":200423074,"isUnverified":false,"isFlaggable":true,"isRecommended":"YES"},{"hotelId":"476728","totalPositiveFeedbacks":0,"tpid":"3","eapid":"0","contentLocale":"en_gb","totalThanks":0,"photos":[],"reviewId":"57b1a222c855640b051efdbf","itinId":"110724288462","moderationStatus":"APPROVED","contentCodes":"","managementResponses":[],"ratingOverall":4,"langId":"2057","userNickname":"","brandType":"Expedia","title":"","reviewText":"a great start to our holiday - well located hotel.  A restaurant would have been an advantage but a few near by - pillows were lovely and soft","featured":false,"ratingsOnly":false,"ratingRoomCleanliness":4,"ratingHotelCondition":4,"ratingService":4,"ratingRoomComfort":4,"positiveRemarks":"","negativeRemarks":"","locationRemarks":"","lastInitial":"","userLocation":"","reviewSubmissionTime":"2016-08-15T11:06:10Z","reviewerCategories":[{"categoryId":"Everyone","categoryLabel":"Everyone"}],"userDisplayName":"","roomTypeId":200423078,"isUnverified":false,"isFlaggable":true,"isRecommended":"YES"},{"hotelId":"476728","totalPositiveFeedbacks":1,"tpid":"1","eapid":"0","contentLocale":"en_us","totalThanks":1,"photos":[],"reviewId":"57b09ebe973cb70b4159e7d8","itinId":"1138575542849","moderationStatus":"APPROVED","contentCodes":"","managementResponses":[],"ratingOverall":4,"langId":"1033","userNickname":"anonymous","brandType":"Expedia","title":"nice hotel close to Fisherman's Wharf","reviewText":"Staff were friendly and hotel clean.  Our room had some issues with leaking air conditioner unit as well as a some leaking from the room above ours.  We stayed for 7 nights and had a first floor outside (overlooking the street) room.  Was very loud, it would have been nice to have given us an interior room given we were there for so long.  ","featured":false,"ratingsOnly":false,"ratingRoomCleanliness":3,"ratingHotelCondition":3,"ratingService":4,"ratingRoomComfort":4,"positiveRemarks":"Location was key and the hotel was clean","negativeRemarks":"Some issues with the room (leaking) as well as noise from the street.","locationRemarks":"Great location walking distance to Fisherman's Wharf, Ghirdhelli Square.   ","lastInitial":"","userLocation":"Connecticut","reviewSubmissionTime":"2016-08-14T16:39:26Z","reviewerCategories":[{"categoryId":"Everyone","categoryLabel":"Everyone"}],"userDisplayName":"","roomTypeId":200504527,"isUnverified":false,"isFlaggable":true,"isRecommended":"YES"},{"hotelId":"476728","totalPositiveFeedbacks":0,"tpid":"1","eapid":"0","contentLocale":"en_us","totalThanks":0,"photos":[],"reviewId":"57b08afe973cb70b41f8b2ab","itinId":"1139008889362","moderationStatus":"APPROVED","contentCodes":"","managementResponses":[],"ratingOverall":4,"langId":"1033","userNickname":"Steve","brandType":"Expedia","title":"Family vacation in San Francisco","reviewText":"The Pier 2620 hotel is an excellent family hotel down at Fisherman's Wharf.  We stayed for 5 nights and thought the location was great...just a couple of blocks away from the madness of the wharf, yet much quieter in terms of foot traffic. Our room (3rd floor) had a nice view of the hills around the city though the auto traffic was sometimes a bit too noisy. Amenities were ok...no pool, free wi-fi, free coffee and water (2 small bottles).  Everything in SF is expensive during summer so be prepared to pay $350 per night after taxes.  Recommend that you take advantage of close proximity to North Beach and walk up the small incline to enjoy meals there at a lower cost than offered at the touristy wharf.  ","featured":false,"ratingsOnly":false,"ratingRoomCleanliness":5,"ratingHotelCondition":4,"ratingService":4,"ratingRoomComfort":4,"positiveRemarks":"","negativeRemarks":"","locationRemarks":"","lastInitial":"J","userLocation":"San Diego, CA","reviewSubmissionTime":"2016-08-14T15:15:10Z","reviewerCategories":[{"categoryId":"Everyone","categoryLabel":"Everyone"}],"userDisplayName":"","roomTypeId":200423074,"isUnverified":false,"isFlaggable":true,"isRecommended":"YES"},{"hotelId":"476728","totalPositiveFeedbacks":1,"tpid":"1","eapid":"0","contentLocale":"en_us","totalThanks":1,"photos":[],"reviewId":"57af4dabf489450b3f4346c2","itinId":"1139281431714","moderationStatus":"APPROVED","contentCodes":"","managementResponses":[],"ratingOverall":5,"langId":"1033","userNickname":"Kl","brandType":"Expedia","title":"Great location ","reviewText":"Near multiple bus lines, so easy access to any part of town!  Beds were very comfortable. Housekeeping did an excellent job.  We were able to check in early after an early arrival.  ","featured":false,"ratingsOnly":false,"ratingRoomCleanliness":5,"ratingHotelCondition":4,"ratingService":4,"ratingRoomComfort":5,"positiveRemarks":"","negativeRemarks":"","locationRemarks":"","lastInitial":"","userLocation":"dfw","reviewSubmissionTime":"2016-08-13T16:41:15Z","reviewerCategories":[{"categoryId":"Everyone","categoryLabel":"Everyone"}],"userDisplayName":"","roomTypeId":200504527,"isUnverified":false,"isFlaggable":true,"isRecommended":"YES"},{"hotelId":"476728","totalPositiveFeedbacks":1,"tpid":"1","eapid":"0","contentLocale":"en_us","totalThanks":1,"photos":[],"reviewId":"57af3367303d3d0b06a0bd18","itinId":"1127592226791","moderationStatus":"APPROVED","contentCodes":"","managementResponses":[],"ratingOverall":5,"langId":"1033","userNickname":"david","brandType":"Expedia","title":"Close to all attractions ","reviewText":"Rooms were very nice . Looks like they spent money on all the little things . Fixtures, counters, beds , Etc...   All very nice . Very comfortable room with nice bathrooms . Staff was mixed. Had one woman that went out of her way to help and had one guy that was a jerk ...  Very disappointed that they wanted to charge me $48 a night to park .  Total ripoff . I found parking around the corner for $36 a day . Overall , great hotel . I will stay there again . Just can't park there ","featured":false,"ratingsOnly":false,"ratingRoomCleanliness":5,"ratingHotelCondition":5,"ratingService":3,"ratingRoomComfort":5,"positiveRemarks":"","negativeRemarks":"","locationRemarks":"","lastInitial":"","userLocation":"m","reviewSubmissionTime":"2016-08-13T14:49:11Z","reviewerCategories":[{"categoryId":"Everyone","categoryLabel":"Everyone"}],"userDisplayName":"","roomTypeId":200423074,"isUnverified":false,"isFlaggable":true,"isRecommended":"YES"},{"hotelId":"476728","totalPositiveFeedbacks":1,"tpid":"1","eapid":"0","contentLocale":"en_us","totalThanks":1,"photos":[],"reviewId":"57af1eea303d3d0b066d4cd8","itinId":"1143212581928","moderationStatus":"APPROVED","contentCodes":"HMP MMD","managementResponses":[],"ratingOverall":2,"langId":"1033","userNickname":"Hembree","brandType":"Expedia","title":"The hotel was over priced, over populated. ","reviewText":"I feel I was deceived, we paid over 800$ to stay there and they didn't include breakfast that blows my mind. Also 150$ for parking, it was our 20 year honeymoon we went through 6 states over 3k miles and stayed in 4 hotels their prices we from 150$ a night to 88$ a night all free parking and free breakfast. I fell lied to and disappointed with their hotel. ","featured":false,"ratingsOnly":false,"ratingRoomCleanliness":3,"ratingHotelCondition":1,"ratingService":2,"ratingRoomComfort":4,"positiveRemarks":"","negativeRemarks":"","locationRemarks":"","lastInitial":"L","userLocation":"Camarillo, Ca ","reviewSubmissionTime":"2016-08-13T13:21:46Z","reviewerCategories":[{"categoryId":"Everyone","categoryLabel":"Everyone"}],"userDisplayName":"","roomTypeId":200433861,"isUnverified":false,"isFlaggable":false,"isRecommended":"NO"},{"hotelId":"476728","totalPositiveFeedbacks":0,"tpid":"1","eapid":"0","contentLocale":"en_us","totalThanks":0,"photos":[],"reviewId":"57aeafec5fef710b3cd39c35","itinId":"7186091113002","moderationStatus":"APPROVED","contentCodes":"","managementResponses":[],"ratingOverall":4,"langId":"1033","userNickname":"Keith ","brandType":"Expedia","title":"Unique hotel close to everything ","reviewText":"Even though check in started at 3 p.m., they let us check in at 11:30 a.m. Hotel is in nice area, just a couple blocks from the Fisherman's Wharf, Lombard street, Little Italy, and Ghirardelli Square. So many places to eat and shop! Hotel is well kept and very clean. Will definitely stay there again.","featured":false,"ratingsOnly":false,"ratingRoomCleanliness":5,"ratingHotelCondition":5,"ratingService":5,"ratingRoomComfort":5,"positiveRemarks":"","negativeRemarks":"","locationRemarks":"","lastInitial":"N","userLocation":"Huntley, Illinois ","reviewSubmissionTime":"2016-08-13T05:28:12Z","reviewerCategories":[{"categoryId":"Everyone","categoryLabel":"Everyone"}],"userDisplayName":"","roomTypeId":200423074,"isUnverified":false,"isFlaggable":true,"isRecommended":"YES"},{"hotelId":"476728","totalPositiveFeedbacks":0,"tpid":"1","eapid":"0","contentLocale":"en_us","totalThanks":0,"photos":[],"reviewId":"57ac9147d376420b05284cb5","itinId":"1134290222962","moderationStatus":"APPROVED","contentCodes":"","managementResponses":[],"ratingOverall":5,"langId":"1033","userNickname":"RM","brandType":"Expedia","title":"Great hotel","reviewText":"Friendly, helpful staff.  Clean, comfortable room.  Great location.  Walking distance to Fisherman's Wharf, Ghirardelli Square, cable cars, public transporation.","featured":false,"ratingsOnly":false,"ratingRoomCleanliness":5,"ratingHotelCondition":5,"ratingService":5,"ratingRoomComfort":5,"positiveRemarks":"","negativeRemarks":"","locationRemarks":"","lastInitial":"","userLocation":"Lindenhurst IL","reviewSubmissionTime":"2016-08-11T14:52:55Z","reviewerCategories":[{"categoryId":"Everyone","categoryLabel":"Everyone"}],"userDisplayName":"","roomTypeId":200487670,"isUnverified":false,"isFlaggable":true,"isRecommended":"YES"},{"hotelId":"476728","totalPositiveFeedbacks":0,"tpid":"1","eapid":"0","contentLocale":"en_us","totalThanks":0,"photos":[],"reviewId":"57ac78c5d376420b05f38678","itinId":"1141619340954","moderationStatus":"APPROVED","contentCodes":"","managementResponses":[],"ratingOverall":5,"langId":"1033","userNickname":"Tanner","brandType":"Expedia","title":"Great place!!","reviewText":"We definitely enjoyed our stay at Pier 2620. We arrived early and were able to check in early. The hotel is only a few blocks from the Wharf and MUNI transportation. Our morning flight out was cancelled and they pushed our check out time for two hours at no charge, then stored our bags while we toured around waiting for our new flight. Everyone was super friendly and the room was impeccably!!! If I ever visit SF again, I will certainly stay at Pier 2620!!!","featured":false,"ratingsOnly":false,"ratingRoomCleanliness":5,"ratingHotelCondition":5,"ratingService":5,"ratingRoomComfort":5,"positiveRemarks":"","negativeRemarks":"","locationRemarks":"","lastInitial":"","userLocation":"NC","reviewSubmissionTime":"2016-08-11T13:08:21Z","reviewerCategories":[{"categoryId":"Everyone","categoryLabel":"Everyone"}],"userDisplayName":"","roomTypeId":200423074,"isUnverified":false,"isFlaggable":true,"isRecommended":"YES"},{"hotelId":"476728","totalPositiveFeedbacks":0,"tpid":"1","eapid":"0","contentLocale":"en_us","totalThanks":0,"photos":[],"reviewId":"57ab2ea162a1050b06652197","itinId":"1140147686397","moderationStatus":"APPROVED","contentCodes":"","managementResponses":[],"ratingOverall":5,"langId":"1033","userNickname":"Janice","brandType":"Expedia","title":"Super location for a reasonable price","reviewText":"We loved the location - close to Fisherman's Wharf and Ghirardelli Square.  Easy access to public transportation.  Staff were very helpful and friendly.  The room was very comfortable - cool, heavy, wharf-style decor so different from average.  There was a huge TV.  We had a courtyard room so it was very quiet.  Probably the only drawback was that the sliding bathroom door didn't really close completely.  We did not eat at the restaurant but there were plenty of good breakfast cafes nearby.","featured":false,"ratingsOnly":false,"ratingRoomCleanliness":5,"ratingHotelCondition":5,"ratingService":5,"ratingRoomComfort":5,"positiveRemarks":"Location, room, staff.","negativeRemarks":"","locationRemarks":"Walking distance to Fisherman's Wharf, Ghirardelli Square and cable cars.","lastInitial":"","userLocation":"San Diego","reviewSubmissionTime":"2016-08-10T13:39:45Z","reviewerCategories":[{"categoryId":"Everyone","categoryLabel":"Everyone"}],"userDisplayName":"","roomTypeId":200423074,"isUnverified":false,"isFlaggable":true,"isRecommended":"YES"}]}}}
