{"reviewDetails":{"startIndex":0,"numberOfReviewsInThisPage":20,"reviewSummaryCollection":{"reviewSummary":[{"hotelId":"564858","totalReviewCnt":663,"avgOverallRating":4.574664,"cleanliness":4.705879,"serviceAndStaff":4.662142,"roomComfort":4.6168923,"hotelCondition":4.509804,"convenienceOfLocation":4.610526,"neighborhoodSatisfaction":4.399999,"roomQuality":0,"targetedBrand":"Expedia","originSummary":[{"origin":"Expedia","reviewCnt":663,"recommendedPercent":95.927605,"avgOverallRating":4.574664,"cleanliness":4.705879,"serviceAndStaff":4.662142,"roomComfort":4.6168923,"hotelCondition":4.509804,"convenienceOfLocation":4.610526,"neighborhoodSatisfaction":4.399999,"valueForMoney":0,"roomQuality":0,"categoryCounts":{"Everyone":321,"Couples":75,"BusinessTravelers":13,"Families":6,"Other":7},"roomTypeIdCounts":{"200133800":5,"200094443":32,"200440389":33,"22746":203,"200440393":5,"200440396":4},"languageCounts":{"en":663}}],"recommendedPercent":95.927605,"valueForMoney":0,"categoryCounts":{"Everyone":321,"Couples":75,"BusinessTravelers":13,"Families":6,"Other":7},"roomTypeIdCounts":{"200133800":5,"200094443":32,"200440389":33,"22746":203,"200440393":5,"200440396":4},"languageCounts":{"en":663},"featuredReview":{}}]},"reviewCollection":{"review":[{"hotelId":"564858","totalPositiveFeedbacks":0,"tpid":"1","eapid":"0","contentLocale":"en_us","totalThanks":0,"photos":[],"reviewId":"57aa645b0a400a0b0dd8987f","itinId":"1141308178068","moderationStatus":"APPROVED","contentCodes":"","managementResponses":[],"ratingOverall":5,"langId":"1033","userNickname":"","brandType":"Expedia","title":"","reviewText":"Very nice hotel, great location and friendly helpful staff.","featured":false,"ratingsOnly":false,"ratingRoomCleanliness":5,"ratingHotelCondition":4,"ratingService":5,"ratingRoomComfort":4,"positiveRemarks":"","negativeRemarks":"","locationRemarks":"","lastInitial":"","userLocation":"","reviewSubmissionTime":"2016-08-09T23:16:43Z","reviewerCategories":[{"categoryId":"Everyone","categoryLabel":"Everyone"}],"userDisplayName":"","roomTypeId":200094443,"isUnverified":false,"isFlaggable":true,"isRecommended":"YES"},{"hotelId":"564858","totalPositiveFeedbacks":1,"tpid":"4","eapid":"0","contentLocale":"en_ca","totalThanks":1,"photos":[],"reviewId":"57a8b01b849f110b289fb5fa","itinId":"1138008831448","moderationStatus":"APPROVED","contentCodes":"","managementResponses":[],"ratingOverall":5,"langId":"4105","userNickname":"","brandType":"Expedia","title":"Nice hotel close to all the action","reviewText":"Was really happy with the hotel's location, cleanliness and staff. It is located at Bush and Powell so within walking distance to Union Square and all the shops, Market St and all the shops and Chinatown. There is cable car access right outside the hotel that can get you right to the Wharf. There are numerous restaurants and bars all within walking distance and it is close to a car rental if you need that for a trip. Nothing negative to say here.","featured":false,"ratingsOnly":false,"ratingRoomCleanliness":5,"ratingHotelCondition":5,"ratingService":5,"ratingRoomComfort":5,"positiveRemarks":"","negativeRemarks":"","locationRemarks":"","lastInitial":"","userLocation":"","reviewSubmissionTime":"2016-08-08T16:15:23Z","reviewerCategories":[{"categoryId":"Everyone","categoryLabel":"Everyone"}],"userDisplayName":"","roomTypeId":200440389,"isUnverified":false,"isFlaggable":true,"isRecommended":"YES"},{"hotelId":"564858","totalPositiveFeedbacks":0,"tpid":"1","eapid":"0","contentLocale":"en_us","totalThanks":0,"photos":[],"reviewId":"57a7d607075f640b27c9e6c3","itinId":"1140100190092","moderationStatus":"APPROVED","contentCodes":"","managementResponses":[],"ratingOverall":5,"langId":"1033","userNickname":"","brandType":"Expedia","title":"","reviewText":"Great location near Union Square within walking distance to lots of great sites. ","featured":false,"ratingsOnly":false,"ratingRoomCleanliness":5,"ratingHotelCondition":5,"ratingService":5,"ratingRoomComfort":5,"positiveRemarks":"","negativeRemarks":"","locationRemarks":"","lastInitial":"","userLocation":"","reviewSubmissionTime":"2016-08-08T00:44:55Z","reviewerCategories":[{"categoryId":"Everyone","categoryLabel":"Everyone"}],"userDisplayName":"","roomTypeId":200440389,"isUnverified":false,"isFlaggable":true,"isRecommended":"YES"},{"hotelId":"564858","totalPositiveFeedbacks":0,"tpid":"4","eapid":"0","contentLocale":"en_ca","totalThanks":0,"photos":[],"reviewId":"5797e17b05197d0b278bd300","itinId":"1130340616456","moderationStatus":"APPROVED","contentCodes":"","managementResponses":[],"ratingOverall":5,"langId":"4105","userNickname":"","brandType":"Expedia","title":"Orchard Hotel is perfect all around.","reviewText":"We recently stayed at the Orchard Hotel for 2 nights in mid July.  It was very expensive for our Canadian dollar exchange, and normally I would not think the price was worth it...I was wrong.  The service at the hotel was exceptional - front desk valet, and concierge were above and beyond.  Very helpful from simple direction requests to recommendations for best places to eat off the beaten path, ideas for not to miss things to see as well as places to avoid for safety reasons.  \r\n\r\nI highly recommend the Orchard Hotel and hope to be back.  Thank you to Darnell...he was truly awesome.  :)","featured":false,"ratingsOnly":false,"ratingRoomCleanliness":4,"ratingHotelCondition":4,"ratingService":5,"ratingRoomComfort":4,"positiveRemarks":"Friendliness, location, safety...everything.","negativeRemarks":"","locationRemarks":"This hotel is walking distance to many attractions in San Francisco - cable cars, Fisherman's Wharf, Ghirardelli Square, China Town, etc.  Fabulous.","lastInitial":"","userLocation":"","reviewSubmissionTime":"2016-07-26T22:17:31Z","reviewerCategories":[{"categoryId":"Everyone","categoryLabel":"Everyone"}],"userDisplayName":"","roomTypeId":22746,"isUnverified":false,"isFlaggable":true,"isRecommended":"YES"},{"hotelId":"564858","totalPositiveFeedbacks":0,"tpid":"1","eapid":"0","contentLocale":"en_us","totalThanks":0,"photos":[],"reviewId":"579631767331850b27dad305","itinId":"1137463629728","moderationStatus":"APPROVED","contentCodes":"","managementResponses":[],"ratingOverall":5,"langId":"1033","userNickname":"","brandType":"Expedia","title":"Short stay in SF","reviewText":"Orchard Hotel was very clean and comfy. The staff was extremely welcoming. And the location was great. Would definitely stay here again!","featured":false,"ratingsOnly":false,"ratingRoomCleanliness":5,"ratingHotelCondition":5,"ratingService":5,"ratingRoomComfort":5,"positiveRemarks":"","negativeRemarks":"","locationRemarks":"","lastInitial":"","userLocation":"","reviewSubmissionTime":"2016-07-25T15:34:14Z","reviewerCategories":[{"categoryId":"Everyone","categoryLabel":"Everyone"}],"userDisplayName":"","roomTypeId":22746,"isUnverified":false,"isFlaggable":true,"isRecommended":"YES"},{"hotelId":"564858","totalPositiveFeedbacks":0,"tpid":"1","eapid":"0","contentLocale":"en_us","totalThanks":0,"photos":[],"reviewId":"57938624331f6e0b28392bf4","itinId":"1140884013501","moderationStatus":"APPROVED","contentCodes":"","managementResponses":[],"ratingOverall":5,"langId":"1033","userNickname":"","brandType":"Expedia","title":"Good location","reviewText":"Excellent hotel in a great part of town. Would recommend to a short or longer term visitor.","featured":false,"ratingsOnly":false,"ratingRoomCleanliness":5,"ratingHotelCondition":4,"ratingService":5,"ratingRoomComfort":5,"positiveRemarks":"Staff was great...particularly Joe....very helpful and accommodating. Location was excellent. ","negativeRemarks":"None","locationRemarks":"Good location at Cable car stop and near Chinatown. ","lastInitial":"","userLocation":"","reviewSubmissionTime":"2016-07-23T14:58:44Z","reviewerCategories":[{"categoryId":"Everyone","categoryLabel":"Everyone"}],"userDisplayName":"","roomTypeId":200440389,"isUnverified":false,"isFlaggable":true,"isRecommended":"YES"},{"hotelId":"564858","totalPositiveFeedbacks":0,"tpid":"1","eapid":"0","contentLocale":"en_us","totalThanks":0,"photos":[],"reviewId":"57932a7518db790b28d4ad36","itinId":"1140911927372","moderationStatus":"APPROVED","contentCodes":"HMP MMD","managementResponses":[],"ratingOverall":4,"langId":"1033","userNickname":"","brandType":"Expedia","title":"","reviewText":"It was pretty good!...................................","featured":false,"ratingsOnly":false,"ratingRoomCleanliness":4,"ratingHotelCondition":4,"ratingService":4,"ratingRoomComfort":4,"positiveRemarks":"","negativeRemarks":"","locationRemarks":"","lastInitial":"","userLocation":"","reviewSubmissionTime":"2016-07-23T08:27:33Z","reviewerCategories":[{"categoryId":"Everyone","categoryLabel":"Everyone"}],"userDisplayName":"","roomTypeId":200440393,"isUnverified":false,"isFlaggable":false,"isRecommended":"YES"},{"hotelId":"564858","totalPositiveFeedbacks":0,"tpid":"25","eapid":"0","contentLocale":"en_au","totalThanks":0,"photos":[],"reviewId":"578d651c0cb5d70b299d94c7","itinId":"18832608029","moderationStatus":"APPROVED","contentCodes":"MMA","managementResponses":[],"ratingOverall":5,"langId":"3081","userNickname":"Michael ","brandType":"Expedia","title":"Great location, great hotel ","reviewText":"From check in to check we did not have one issue with the staff or hotel. Room was great very spacious bathroom. Would stay again and recommend to anyone. Cable car went straight past the corner of the hotel so access to the piers was easy and being so close to union square was great for shopping and dinning. ","featured":false,"ratingsOnly":false,"ratingRoomCleanliness":5,"ratingHotelCondition":5,"ratingService":5,"ratingRoomComfort":5,"positiveRemarks":"","negativeRemarks":"","locationRemarks":"","lastInitial":"D","userLocation":"Australia","reviewSubmissionTime":"2016-07-18T23:24:12Z","reviewerCategories":[{"categoryId":"Everyone","categoryLabel":"Everyone"}],"userDisplayName":"","roomTypeId":22746,"isUnverified":false,"isFlaggable":false,"isRecommended":"YES"},{"hotelId":"564858","totalPositiveFeedbacks":0,"tpid":"1","eapid":"117764","contentLocale":"en_us","totalThanks":0,"photos":[],"reviewId":"5785669c23b4170b49f454fb","itinId":"1136943897968","moderationStatus":"APPROVED","contentCodes":"","managementResponses":[],"ratingOverall":4,"langId":"1033","userNickname":"andy","brandType":"Expedia","title":"Great hotel- good location","reviewText":"Orchard was great and the staff were all wonderful. Will stay again in the future. The room was nice and had a great experience at the Orchard hotel.","featured":false,"ratingsOnly":false,"ratingRoomCleanliness":4,"ratingHotelCondition":4,"ratingService":4,"ratingRoomComfort":4,"positiveRemarks":"The location and easy access to the areas of San Francisco.","negativeRemarks":"None at this time","locationRemarks":"Location was close to restaurants,the sights and safe.  ","lastInitial":"","userLocation":"","reviewSubmissionTime":"2016-07-12T21:52:28Z","reviewerCategories":[{"categoryId":"Everyone","categoryLabel":"Everyone"}],"userDisplayName":"","roomTypeId":200440389,"isUnverified":false,"isFlaggable":true,"isRecommended":"YES"},{"hotelId":"564858","totalPositiveFeedbacks":0,"tpid":"1","eapid":"0","contentLocale":"en_us","totalThanks":0,"photos":[],"reviewId":"578500239684e30b4a75d1ac","itinId":"1138219667785","moderationStatus":"APPROVED","contentCodes":"","managementResponses":[],"ratingOverall":4,"langId":"1033","userNickname":"Rodney","brandType":"Expedia","title":"Convenient to all of San Fran","reviewText":"Nice, clean hotel with an excellent, helpful, very friendly staff. Hotel is located conveniently to all things to do in San Fran (I.e., not far from Fishermans Wharf, Pier 39, Ghiradelli Chocolate, Chinatown, etc). This is not a hotel to exercise at though as their workout room is a vacant hotel room with an elliptical & a treadmill. Also, there was only one ice machine working in the hotel & it was located on the 6th floor. My wife & I did discover Uncle Vito's Pizzaria, located about 200 feet from the hotel, & we ate there 4 times during our six day stay! Everything was delicious, especially the pizza, burgers, & sautéed mushrooms!! Their prices are reasonable too for this high priced city. Highly recommend ","featured":false,"ratingsOnly":false,"ratingRoomCleanliness":4,"ratingHotelCondition":3,"ratingService":4,"ratingRoomComfort":4,"positiveRemarks":"","negativeRemarks":"","locationRemarks":"","lastInitial":"","userLocation":"East Texas","reviewSubmissionTime":"2016-07-12T14:35:15Z","reviewerCategories":[{"categoryId":"Everyone","categoryLabel":"Everyone"}],"userDisplayName":"","roomTypeId":200440389,"isUnverified":false,"isFlaggable":true,"isRecommended":"YES"},{"hotelId":"564858","totalPositiveFeedbacks":0,"tpid":"1","eapid":"0","contentLocale":"en_us","totalThanks":0,"photos":[],"reviewId":"5782cede23b4170b4943b340","itinId":"1139263852358","moderationStatus":"APPROVED","contentCodes":"MMA","managementResponses":[],"ratingOverall":5,"langId":"1033","userNickname":"","brandType":"Expedia","title":"Very nice hotel and great location.","reviewText":"We had a very nice stay.  Unfortunately, we had to leave a day early because my daughter was ill.  We were still charged due to Expedias policy which is unfortunate.","featured":false,"ratingsOnly":false,"ratingRoomCleanliness":5,"ratingHotelCondition":5,"ratingService":5,"ratingRoomComfort":5,"positiveRemarks":"","negativeRemarks":"","locationRemarks":"","lastInitial":"","userLocation":"","reviewSubmissionTime":"2016-07-10T22:40:30Z","reviewerCategories":[{"categoryId":"Everyone","categoryLabel":"Everyone"}],"userDisplayName":"","roomTypeId":200440389,"isUnverified":false,"isFlaggable":false,"isRecommended":"YES"},{"hotelId":"564858","totalPositiveFeedbacks":0,"tpid":"1","eapid":"0","contentLocale":"en_us","totalThanks":0,"photos":[],"reviewId":"577bcb56889b0b0b7a528747","itinId":"1129294805403","moderationStatus":"APPROVED","contentCodes":"","managementResponses":[],"ratingOverall":5,"langId":"1033","userNickname":"Al and Janice","brandType":"Expedia","title":"Great hotel right off Union Square.","reviewText":"First time stay, we found the Orchard very centrally located and close to Union Square.  Hotel and rooms felt very fresh and new, dining room had terrific breakfast selection.  All staff whether front desk, dining room, front door proved friendly and very helpful for everything from public transportation, travel directions to China town dinner suggestions.  Would def stay here again.","featured":false,"ratingsOnly":false,"ratingRoomCleanliness":5,"ratingHotelCondition":5,"ratingService":5,"ratingRoomComfort":5,"positiveRemarks":"Rooms were very nicely appointed and everything felt very fresh.","negativeRemarks":"It's all pretty darn good.","locationRemarks":"We wanted central, Union Square and convenient.  The Orchard has it.  Walk to Union Square and China town and catch a cable car on Powell.","lastInitial":"S","userLocation":"Cape Cod","reviewSubmissionTime":"2016-07-05T14:59:34Z","reviewerCategories":[{"categoryId":"Couples","categoryLabel":"Couples"}],"userDisplayName":"","roomTypeId":22746,"isUnverified":false,"isFlaggable":true,"isRecommended":"YES"},{"hotelId":"564858","totalPositiveFeedbacks":0,"tpid":"4","eapid":"0","contentLocale":"en_ca","totalThanks":0,"photos":[],"reviewId":"575c1780019dd20b2737776f","itinId":"1133482581957","moderationStatus":"APPROVED","contentCodes":"","managementResponses":[],"ratingOverall":5,"langId":"4105","userNickname":"Erick","brandType":"Expedia","title":"Was there for a convention. ","reviewText":"Great great location!   Great staff.   Super cumfy beds -  impeccable cleaningness","featured":false,"ratingsOnly":false,"ratingRoomCleanliness":5,"ratingHotelCondition":5,"ratingService":5,"ratingRoomComfort":5,"positiveRemarks":"","negativeRemarks":"","locationRemarks":"","lastInitial":"","userLocation":"Quebec,  Canada","reviewSubmissionTime":"2016-06-11T13:52:00Z","reviewerCategories":[{"categoryId":"Everyone","categoryLabel":"Everyone"}],"userDisplayName":"","roomTypeId":22746,"isUnverified":false,"isFlaggable":true,"isRecommended":"YES"},{"hotelId":"564858","totalPositiveFeedbacks":1,"tpid":"25","eapid":"0","contentLocale":"en_au","totalThanks":1,"photos":[],"reviewId":"5753f9b1ac0e430b483b80bd","itinId":"17593524113","moderationStatus":"APPROVED","contentCodes":"MMA","managementResponses":[],"ratingOverall":5,"langId":"3081","userNickname":"Leesa","brandType":"Expedia","title":"Fantastic hotel, great location","reviewText":"First time in San Francisco and couldn't have been happier with hotel choice. Really close to shops, cafes, restaurants and cable car line. Friendly door man. Rooms were spacious and super quiet. Nice comfortable beds and pillows. Would definitely stay here again.","featured":false,"ratingsOnly":false,"ratingRoomCleanliness":5,"ratingHotelCondition":5,"ratingService":4,"ratingRoomComfort":5,"positiveRemarks":"","negativeRemarks":"","locationRemarks":"","lastInitial":"","userLocation":"","reviewSubmissionTime":"2016-06-05T10:06:41Z","reviewerCategories":[{"categoryId":"Everyone","categoryLabel":"Everyone"}],"userDisplayName":"","roomTypeId":200440393,"isUnverified":false,"isFlaggable":false,"isRecommended":"YES"},{"hotelId":"564858","totalPositiveFeedbacks":1,"tpid":"25","eapid":"0","contentLocale":"en_au","totalThanks":1,"photos":[],"reviewId":"5749ed10363b5209fbf65135","itinId":"18026515022","moderationStatus":"APPROVED","contentCodes":"MMA HMP","managementResponses":[],"ratingOverall":5,"langId":"3081","userNickname":"Craig","brandType":"Expedia","title":"Nice hotel close to everything","reviewText":"Clean, quiet, lovely large room, tastefully decorated. Very helpful and friendly staff.","featured":false,"ratingsOnly":false,"ratingRoomCleanliness":5,"ratingHotelCondition":4,"ratingService":5,"ratingRoomComfort":5,"positiveRemarks":"","negativeRemarks":"","locationRemarks":"","lastInitial":"","userLocation":"Sydney","reviewSubmissionTime":"2016-05-28T19:10:08Z","reviewerCategories":[{"categoryId":"Everyone","categoryLabel":"Everyone"}],"userDisplayName":"","roomTypeId":22746,"isUnverified":false,"isFlaggable":false,"isRecommended":"YES"},{"hotelId":"564858","totalPositiveFeedbacks":3,"tpid":"25","eapid":"0","contentLocale":"en_au","totalThanks":3,"photos":[],"reviewId":"574544fb145d8109fd177171","itinId":"17681671961","moderationStatus":"APPROVED","contentCodes":"HMP MMD","managementResponses":[],"ratingOverall":5,"langId":"3081","userNickname":"Kathy","brandType":"Expedia","title":"Central location, safe, comfortable, good amenity","reviewText":"The Orchard hotel is handy to everything.  The cable car is just outside the door,  Union Square is a short walk down the hill, the trolly cars are also within walking distance. The car rental depot was just across the road as well so I was very happy with the location. There are lots of good cafes and restaurants very close by for breakfast and dinner. We didn't eat in the hotel so can't comment on their restaurant also it did look inviting.\r\nThe amenities were very good and the staff were friendly and helpful.\r\nThe only slight negative was the humming of the elevator in our room even though we weren't right next to it. The noise didn't keep us awake or bother us, it was just a sound that you noticed.","featured":false,"ratingsOnly":false,"ratingRoomCleanliness":5,"ratingHotelCondition":5,"ratingService":4,"ratingRoomComfort":4,"positiveRemarks":"The location was very good for the room rate and the rooms were very comfortable with very nice amenities","negativeRemarks":"Because you were right on the street front,  which I liked for the view of the city buildings, it would have been better to have double gazed windows.","locationRemarks":"Cable car at your door, restaurants and cafes very close by, walking distance to China Town and Union Square, walking distance to trolly cars","lastInitial":"","userLocation":"Brisbane, Australia","reviewSubmissionTime":"2016-05-25T06:23:55Z","reviewerCategories":[{"categoryId":"Everyone","categoryLabel":"Everyone"}],"userDisplayName":"","roomTypeId":200440389,"isUnverified":false,"isFlaggable":false,"isRecommended":"YES"},{"hotelId":"564858","totalPositiveFeedbacks":1,"tpid":"28","eapid":"0","contentLocale":"en_us","totalThanks":1,"photos":[],"reviewId":"573ab920bbb2c009fd96bdba","itinId":"16426944947","moderationStatus":"APPROVED","contentCodes":"HMP MMD","managementResponses":[],"ratingOverall":5,"langId":"1033","userNickname":"Mika","brandType":"Expedia","title":"Enjoyed the Very Clean Room and the Good Location.","reviewText":"The hotel is located close to the Union Squire and 5 mins. walk distance to Powell St. station on Market St.  You can catch the cable cars on Powell St., take Muni street cars and buses on Market St, and take Muni Metro and Bart from the Powell. St. station.\r\nThe room of the Orchard Hotel was so clean that I stayed there veeerry comfortably. \r\nThe clean staff who was in charge of the room, left his/her name card on the desk each day. \r\nI am certain I will stay at this hotel again.","featured":false,"ratingsOnly":false,"ratingRoomCleanliness":5,"ratingHotelCondition":5,"ratingService":4,"ratingRoomComfort":5,"positiveRemarks":"The location and the cleanliness","negativeRemarks":"Nothing to be improved","locationRemarks":"Several steps to Powell St. Enjoying relaxing time in the Union Square, eating at the food court in Westfield San Francisco Center.  ","lastInitial":"","userLocation":"Tokyo, JPN","reviewSubmissionTime":"2016-05-17T06:24:32Z","reviewerCategories":[{"categoryId":"Everyone","categoryLabel":"Everyone"}],"userDisplayName":"","roomTypeId":22746,"isUnverified":false,"isFlaggable":false,"isRecommended":"YES"},{"hotelId":"564858","totalPositiveFeedbacks":0,"tpid":"1","eapid":"0","contentLocale":"en_us","totalThanks":0,"photos":[],"reviewId":"572a8ab18ebbdb09fa84c832","itinId":"1130599232310","moderationStatus":"APPROVED","contentCodes":"","managementResponses":[],"ratingOverall":5,"langId":"1033","userNickname":"","brandType":"Expedia","title":"Good value","reviewText":"Staff was very helpful-- both the concierge and front desk.  The hotel is only a block or two out of the main activity.  Great value for the money compared to other hotels in the area.","featured":false,"ratingsOnly":false,"ratingRoomCleanliness":5,"ratingHotelCondition":4,"ratingService":5,"ratingRoomComfort":5,"positiveRemarks":"","negativeRemarks":"","locationRemarks":"","lastInitial":"","userLocation":"","reviewSubmissionTime":"2016-05-04T23:50:09Z","reviewerCategories":[{"categoryId":"Everyone","categoryLabel":"Everyone"}],"userDisplayName":"","roomTypeId":22746,"isUnverified":false,"isFlaggable":true,"isRecommended":"YES"},{"hotelId":"564858","totalPositiveFeedbacks":0,"tpid":"1","eapid":"0","contentLocale":"en_us","totalThanks":0,"photos":[],"reviewId":"57268f40e5ec2e09e0dcff62","itinId":"1132935414913","moderationStatus":"APPROVED","contentCodes":"HMP MMD","managementResponses":[],"ratingOverall":4,"langId":"1033","userNickname":"Harris","brandType":"Expedia","title":"Nice hotel in the heart of Downtown Santa Barbara","reviewText":"Last minute booking but was worth it. Small room, but very helpful and friendly staff. Super continental breakfast.\r\nGreat hotel location, restaurants and stores on the street.","featured":false,"ratingsOnly":false,"ratingRoomCleanliness":5,"ratingHotelCondition":5,"ratingService":5,"ratingRoomComfort":4,"positiveRemarks":"Great staff, breakfast, location, and parking.","negativeRemarks":"Price","locationRemarks":"Great location central to everything!","lastInitial":"","userLocation":"N.Y.","reviewSubmissionTime":"2016-05-01T23:20:32Z","reviewerCategories":[{"categoryId":"Everyone","categoryLabel":"Everyone"}],"userDisplayName":"","roomTypeId":22746,"isUnverified":false,"isFlaggable":false,"isRecommended":"YES"},{"hotelId":"564858","totalPositiveFeedbacks":0,"tpid":"3","eapid":"0","contentLocale":"en_gb","totalThanks":0,"photos":[],"reviewId":"570fce9e10926409f6323efb","itinId":"111119529009","moderationStatus":"APPROVED","contentCodes":"","managementResponses":[],"ratingOverall":5,"langId":"2057","userNickname":"","brandType":"Expedia","title":"business trip","reviewText":"Quiet restful hotel very close to Union Sq.  Staff helpful, room large and excellent. ","featured":false,"ratingsOnly":false,"ratingRoomCleanliness":5,"ratingHotelCondition":5,"ratingService":5,"ratingRoomComfort":5,"positiveRemarks":"clean quiet comfortable classy.","negativeRemarks":"Nothing I found.","locationRemarks":"Central San Francisco is very mixed - nice areas mixed in with rather tatty and seedy areas.  This hotel, like most in the area, is near the border.","lastInitial":"","userLocation":"","reviewSubmissionTime":"2016-04-14T17:08:46Z","reviewerCategories":[{"categoryId":"Everyone","categoryLabel":"Everyone"}],"userDisplayName":"","roomTypeId":22746,"isUnverified":false,"isFlaggable":true,"isRecommended":"YES"}]}}}
