{"reviewDetails":{"startIndex":0,"numberOfReviewsInThisPage":20,"reviewSummaryCollection":{"reviewSummary":[{"hotelId":"6666","totalReviewCnt":1124,"avgOverallRating":3.9679716,"cleanliness":4.266013,"serviceAndStaff":4.193952,"roomComfort":3.8950179,"hotelCondition":3.8620987,"convenienceOfLocation":4.787235,"neighborhoodSatisfaction":4.43617,"roomQuality":0,"targetedBrand":"Expedia","originSummary":[{"origin":"Expedia","reviewCnt":1124,"recommendedPercent":85.676155,"avgOverallRating":3.9679716,"cleanliness":4.266013,"serviceAndStaff":4.193952,"roomComfort":3.8950179,"hotelCondition":3.8620987,"convenienceOfLocation":4.787235,"neighborhoodSatisfaction":4.43617,"valueForMoney":0,"roomQuality":0,"categoryCounts":{"Everyone":658,"BusinessTravelers":20,"Couples":58,"Students":1,"Families":34,"Other":13},"roomTypeIdCounts":{"130821":48,"107829":45,"130823":147,"11352":159,"284216":148},"languageCounts":{"en":1124}}],"recommendedPercent":85.676155,"valueForMoney":0,"categoryCounts":{"Everyone":658,"BusinessTravelers":20,"Couples":58,"Students":1,"Families":34,"Other":13},"roomTypeIdCounts":{"130821":48,"107829":45,"130823":147,"11352":159,"284216":148},"languageCounts":{"en":1124},"featuredReview":{}}]},"reviewCollection":{"review":[{"hotelId":"6666","totalPositiveFeedbacks":0,"tpid":"1","eapid":"0","contentLocale":"en_us","totalThanks":0,"photos":[],"reviewId":"57b3acaf92a92c0b26b21daa","itinId":"1143228577087","moderationStatus":"APPROVED","contentCodes":"HMP MMD","managementResponses":[],"ratingOverall":3,"langId":"1033","userNickname":"Kimmie","brandType":"Expedia","title":"Well....","reviewText":"Staff was not friendly, they were down to all business.   Had to make appointment to use the sauna and it was on a different floor from the pool.  Hotel layout was confusing and the registration desk mentioned nothing about where any thing was.  The room floors cracked in several areas, it smelled old.","featured":false,"ratingsOnly":false,"ratingRoomCleanliness":3,"ratingHotelCondition":1,"ratingService":2,"ratingRoomComfort":1,"positiveRemarks":"","negativeRemarks":"","locationRemarks":"","lastInitial":"","userLocation":"San Francisco ","reviewSubmissionTime":"2016-08-17T00:15:43Z","reviewerCategories":[{"categoryId":"Everyone","categoryLabel":"Everyone"}],"userDisplayName":"","roomTypeId":130823,"isUnverified":false,"isFlaggable":false,"isRecommended":"NO"},{"hotelId":"6666","totalPositiveFeedbacks":0,"tpid":"1","eapid":"0","contentLocale":"en_us","totalThanks":0,"photos":[],"reviewId":"57b1e312d336b70b068aec1f","itinId":"1133813291861","moderationStatus":"APPROVED","contentCodes":"","managementResponses":[],"ratingOverall":4,"langId":"1033","userNickname":"","brandType":"Expedia","title":"","reviewText":"Great location, but rooms very small and stuffy, circulated air did not work well! Room service only offered until 10:00.","featured":false,"ratingsOnly":false,"ratingRoomCleanliness":4,"ratingHotelCondition":3,"ratingService":4,"ratingRoomComfort":2,"positiveRemarks":"","negativeRemarks":"","locationRemarks":"","lastInitial":"","userLocation":"","reviewSubmissionTime":"2016-08-15T15:43:14Z","reviewerCategories":[{"categoryId":"Everyone","categoryLabel":"Everyone"}],"userDisplayName":"","roomTypeId":11352,"isUnverified":false,"isFlaggable":true,"isRecommended":"YES"},{"hotelId":"6666","totalPositiveFeedbacks":1,"tpid":"1","eapid":"0","contentLocale":"en_us","totalThanks":1,"photos":[],"reviewId":"57ad3577bc6f8d0b27321060","itinId":"1141723211798","moderationStatus":"APPROVED","contentCodes":"","managementResponses":[],"ratingOverall":5,"langId":"1033","userNickname":"","brandType":"Expedia","title":"Great location, fantastic staff","reviewText":"I was a little concerned because of the higher than I was hoping price. However, the location places you right in the heart of SF and the staff was phenomenal. The price tag is worth the experience and location and I would go back to this hotel if I ever come back to the city.","featured":false,"ratingsOnly":false,"ratingRoomCleanliness":5,"ratingHotelCondition":4,"ratingService":5,"ratingRoomComfort":4,"positiveRemarks":"","negativeRemarks":"","locationRemarks":"","lastInitial":"","userLocation":"","reviewSubmissionTime":"2016-08-12T02:33:27Z","reviewerCategories":[{"categoryId":"Everyone","categoryLabel":"Everyone"}],"userDisplayName":"","roomTypeId":284216,"isUnverified":false,"isFlaggable":true,"isRecommended":"YES"},{"hotelId":"6666","totalPositiveFeedbacks":1,"tpid":"1","eapid":"0","contentLocale":"en_us","totalThanks":1,"photos":[],"reviewId":"57ac8628d376420b05167c74","itinId":"1140992003252","moderationStatus":"APPROVED","contentCodes":"","managementResponses":[],"ratingOverall":4,"langId":"1033","userNickname":"Katie","brandType":"Expedia","title":"","reviewText":"Nice central location close to shopping, downtown and Chinatown. A \"heart of the city experience.\"  Just a quick walk or cable car ride over Nob Hill to Fisherman's Wharf.  Staff was friendly.  Valet service was helpful, albeit a big additional expense.","featured":false,"ratingsOnly":false,"ratingRoomCleanliness":4,"ratingHotelCondition":4,"ratingService":4,"ratingRoomComfort":4,"positiveRemarks":"","negativeRemarks":"","locationRemarks":"","lastInitial":"","userLocation":"W. Durango, Co","reviewSubmissionTime":"2016-08-11T14:05:28Z","reviewerCategories":[{"categoryId":"Everyone","categoryLabel":"Everyone"}],"userDisplayName":"","roomTypeId":11352,"isUnverified":false,"isFlaggable":true,"isRecommended":"YES"},{"hotelId":"6666","totalPositiveFeedbacks":0,"tpid":"1","eapid":"0","contentLocale":"en_us","totalThanks":0,"photos":[],"reviewId":"57ab23c47f7e0d0b04b0e72e","itinId":"1142617401142","moderationStatus":"APPROVED","contentCodes":"","managementResponses":[],"ratingOverall":3,"langId":"1033","userNickname":"KM","brandType":"Expedia","title":"Good location, tiny room. ","reviewText":"$300 for a tiny, tiny room with a view of the HVAC equipment. Comfortable enough bed, but incredibly small room.","featured":false,"ratingsOnly":false,"ratingRoomCleanliness":3,"ratingHotelCondition":2,"ratingService":3,"ratingRoomComfort":2,"positiveRemarks":"Location","negativeRemarks":"","locationRemarks":"","lastInitial":"","userLocation":"Denver","reviewSubmissionTime":"2016-08-10T12:53:24Z","reviewerCategories":[{"categoryId":"BusinessTravelers","categoryLabel":"BusinessTravelers"}],"userDisplayName":"","roomTypeId":284216,"isUnverified":false,"isFlaggable":true,"isRecommended":"NO"},{"hotelId":"6666","totalPositiveFeedbacks":0,"tpid":"4","eapid":"0","contentLocale":"en_ca","totalThanks":0,"photos":[],"reviewId":"57a78f624f61260b262773e3","itinId":"1136996934113","moderationStatus":"APPROVED","contentCodes":"","managementResponses":[],"ratingOverall":3,"langId":"4105","userNickname":"Laura","brandType":"Expedia","title":"Great location in downtown San Fran.","reviewText":"We arrived via taxi from the airport and initially unsure of the precise location within downtown. The foyer was very busy with two queues waiting to check-in, there seemed to be plenty of staff stood in the foyer also. We eventually got to the front for a quick & efficient check-in. After dropping our bags in the room we headed out and soon realised the hotel is brilliantly located in the heart of downtown. We walked into various stores and bars and spent a great afternoon mooching round. That night we happened upon a great eatery virtually next door to The Handlery, Lefty O'Douls is a big buffet pub, the first we've come across in Canada & the US. The next day we Caught a tram up to Pacific Heights and walked back down Lombard Street. We briefly visited Fishermans Wharf on our way to catch our Alcatraz ferry crossing. ","featured":false,"ratingsOnly":false,"ratingRoomCleanliness":3,"ratingHotelCondition":3,"ratingService":3,"ratingRoomComfort":3,"positiveRemarks":"The location.","negativeRemarks":"Bathrooms very small, cramped even.","locationRemarks":"In the heart of down town, lots of touristy things, shops, cafes and bars to experience.","lastInitial":"","userLocation":"Alberta","reviewSubmissionTime":"2016-08-07T19:43:30Z","reviewerCategories":[{"categoryId":"Everyone","categoryLabel":"Everyone"}],"userDisplayName":"","roomTypeId":284216,"isUnverified":false,"isFlaggable":true,"isRecommended":"YES"},{"hotelId":"6666","totalPositiveFeedbacks":2,"tpid":"1","eapid":"0","contentLocale":"en_us","totalThanks":2,"photos":[],"reviewId":"57a3e44c849f110b2880526a","itinId":"1141133694201","moderationStatus":"APPROVED","contentCodes":"HMP MMD","managementResponses":[],"ratingOverall":4,"langId":"1033","userNickname":"Dee","brandType":"Expedia","title":"Can't beat the location!","reviewText":"This hotel is right in the center, and walking distance to the mall, with sjopping and restaurants all over. Room is very small with terrible view, but hey, we were barely there ascwe were busy crusing andvsight seein. Staff were extremely friendly and very helpful. We arrived early morning, and plan was to drop off our luggage and come back in the afternoon to check in, but Anthony found as an available room and let us checked in early. Thank you, we thoroughly enjoyed our stay in  San Fran!","featured":false,"ratingsOnly":false,"ratingRoomCleanliness":4,"ratingHotelCondition":4,"ratingService":5,"ratingRoomComfort":3,"positiveRemarks":"","negativeRemarks":"","locationRemarks":"","lastInitial":"","userLocation":"Denver","reviewSubmissionTime":"2016-08-05T00:56:44Z","reviewerCategories":[{"categoryId":"Everyone","categoryLabel":"Everyone"}],"userDisplayName":"","roomTypeId":284216,"isUnverified":false,"isFlaggable":false,"isRecommended":"YES"},{"hotelId":"6666","totalPositiveFeedbacks":0,"tpid":"4","eapid":"0","contentLocale":"en_ca","totalThanks":0,"photos":[],"reviewId":"57a017d53f9da40b2ad8d937","itinId":"1138485441953","moderationStatus":"APPROVED","contentCodes":"","managementResponses":[],"ratingOverall":2,"langId":"4105","userNickname":"","brandType":"Expedia","title":"Expensive stay, poor service ","reviewText":"Toilet overflow first night with water in bathroom. No windows to see daylight from room, 2 machines in gym- out of service . Slowest Internet ever. Expensive hotel with poor conditions","featured":false,"ratingsOnly":false,"ratingRoomCleanliness":1,"ratingHotelCondition":1,"ratingService":2,"ratingRoomComfort":1,"positiveRemarks":"Right in downtown ","negativeRemarks":"A lot of things...maybe everything ...","locationRemarks":"Shopping, hop on-off bus station nearby","lastInitial":"","userLocation":"","reviewSubmissionTime":"2016-08-02T03:47:33Z","reviewerCategories":[{"categoryId":"Everyone","categoryLabel":"Everyone"}],"userDisplayName":"","roomTypeId":130823,"isUnverified":false,"isFlaggable":true,"isRecommended":"NO"},{"hotelId":"6666","totalPositiveFeedbacks":0,"tpid":"1","eapid":"0","contentLocale":"en_us","totalThanks":0,"photos":[],"reviewId":"579e10f887f8460b06205a2e","itinId":"1141893951878","moderationStatus":"APPROVED","contentCodes":"","managementResponses":[],"ratingOverall":5,"langId":"1033","userNickname":"Virginia","brandType":"Expedia","title":"Nice hotel conveniently located . . .","reviewText":". . . close to Union Square, Powell/Hyde cable car, and Market Street BART stations.  One of few that has a pool, if that matters.\r\nParking is pricey, but that's the city.","featured":false,"ratingsOnly":false,"ratingRoomCleanliness":5,"ratingHotelCondition":5,"ratingService":5,"ratingRoomComfort":5,"positiveRemarks":"","negativeRemarks":"","locationRemarks":"","lastInitial":"","userLocation":"","reviewSubmissionTime":"2016-07-31T14:53:44Z","reviewerCategories":[{"categoryId":"Everyone","categoryLabel":"Everyone"}],"userDisplayName":"","roomTypeId":11352,"isUnverified":false,"isFlaggable":true,"isRecommended":"YES"},{"hotelId":"6666","totalPositiveFeedbacks":0,"tpid":"1","eapid":"0","contentLocale":"en_us","totalThanks":0,"photos":[],"reviewId":"57965e75c4201a0b29e100be","itinId":"1138458537066","moderationStatus":"APPROVED","contentCodes":"","managementResponses":[],"ratingOverall":4,"langId":"1033","userNickname":"","brandType":"Expedia","title":"Good location","reviewText":"Check in was easy and the room was small, but clean.  My only issue is the $60 ($52+8 parking tax) charge for parking.Ouch!\r\n","featured":false,"ratingsOnly":false,"ratingRoomCleanliness":4,"ratingHotelCondition":3,"ratingService":3,"ratingRoomComfort":3,"positiveRemarks":"","negativeRemarks":"","locationRemarks":"","lastInitial":"","userLocation":"","reviewSubmissionTime":"2016-07-25T18:46:13Z","reviewerCategories":[{"categoryId":"Everyone","categoryLabel":"Everyone"}],"userDisplayName":"","roomTypeId":130823,"isUnverified":false,"isFlaggable":true,"isRecommended":"YES"},{"hotelId":"6666","totalPositiveFeedbacks":0,"tpid":"1","eapid":"0","contentLocale":"en_us","totalThanks":0,"photos":[],"reviewId":"578f91d17331850b279664db","itinId":"1139998464046","moderationStatus":"APPROVED","contentCodes":"","managementResponses":[],"ratingOverall":4,"langId":"1033","userNickname":"","brandType":"Expedia","title":"","reviewText":"It was a good experience. Hotel location is very good","featured":false,"ratingsOnly":false,"ratingRoomCleanliness":5,"ratingHotelCondition":4,"ratingService":5,"ratingRoomComfort":4,"positiveRemarks":"","negativeRemarks":"","locationRemarks":"","lastInitial":"","userLocation":"","reviewSubmissionTime":"2016-07-20T14:59:29Z","reviewerCategories":[{"categoryId":"Everyone","categoryLabel":"Everyone"}],"userDisplayName":"","roomTypeId":284216,"isUnverified":false,"isFlaggable":true,"isRecommended":"YES"},{"hotelId":"6666","totalPositiveFeedbacks":0,"tpid":"1","eapid":"0","contentLocale":"en_us","totalThanks":0,"photos":[],"reviewId":"578e6bf356f59b0b2dce187c","itinId":"1137160733140","moderationStatus":"APPROVED","contentCodes":"","managementResponses":[],"ratingOverall":4,"langId":"1033","userNickname":"","brandType":"Expedia","title":"Close to everything.","reviewText":"Everyone was very nice and the hotel was clean, comfortable, and close to everything.","featured":false,"ratingsOnly":false,"ratingRoomCleanliness":4,"ratingHotelCondition":4,"ratingService":4,"ratingRoomComfort":4,"positiveRemarks":"","negativeRemarks":"Shower water pressure.","locationRemarks":"Great location to get anywhere in the city easily.","lastInitial":"","userLocation":"","reviewSubmissionTime":"2016-07-19T18:05:39Z","reviewerCategories":[{"categoryId":"Everyone","categoryLabel":"Everyone"}],"userDisplayName":"","roomTypeId":130823,"isUnverified":false,"isFlaggable":true,"isRecommended":"YES"},{"hotelId":"6666","totalPositiveFeedbacks":0,"tpid":"1","eapid":"0","contentLocale":"en_us","totalThanks":0,"photos":[],"reviewId":"578caf6d0cb5d70b2901ed3b","itinId":"1137141997645","moderationStatus":"APPROVED","contentCodes":"","managementResponses":[],"ratingOverall":4,"langId":"1033","userNickname":"Sue","brandType":"Expedia","title":"I'd recommend...","reviewText":"Location was great, bed was comfortable, had a pool and the bellmen ( especially Victor) was awesome!!","featured":false,"ratingsOnly":false,"ratingRoomCleanliness":4,"ratingHotelCondition":4,"ratingService":5,"ratingRoomComfort":4,"positiveRemarks":"","negativeRemarks":"","locationRemarks":"","lastInitial":"","userLocation":"","reviewSubmissionTime":"2016-07-18T10:29:01Z","reviewerCategories":[{"categoryId":"Everyone","categoryLabel":"Everyone"}],"userDisplayName":"","roomTypeId":284216,"isUnverified":false,"isFlaggable":true,"isRecommended":"YES"},{"hotelId":"6666","totalPositiveFeedbacks":0,"tpid":"4","eapid":"0","contentLocale":"en_ca","totalThanks":0,"photos":[],"reviewId":"578c51530cb5d70b29212a88","itinId":"1128702206037","moderationStatus":"APPROVED","contentCodes":"","managementResponses":[],"ratingOverall":5,"langId":"4105","userNickname":"","brandType":"Expedia","title":"Nice historic hotel","reviewText":"Easy check in, friendly staff, comfortable room, great amenities, great location, lively neighbourhood. Overall great place to stay in the city. ","featured":false,"ratingsOnly":false,"ratingRoomCleanliness":5,"ratingHotelCondition":5,"ratingService":5,"ratingRoomComfort":5,"positiveRemarks":"","negativeRemarks":"","locationRemarks":"","lastInitial":"","userLocation":"","reviewSubmissionTime":"2016-07-18T03:47:31Z","reviewerCategories":[{"categoryId":"Everyone","categoryLabel":"Everyone"}],"userDisplayName":"","roomTypeId":130823,"isUnverified":false,"isFlaggable":true,"isRecommended":"YES"},{"hotelId":"6666","totalPositiveFeedbacks":0,"tpid":"1","eapid":"0","contentLocale":"en_us","totalThanks":0,"photos":[],"reviewId":"5788c1302c54c70b287cf4ab","itinId":"1137850103045","moderationStatus":"APPROVED","contentCodes":"","managementResponses":[],"ratingOverall":4,"langId":"1033","userNickname":"Jose","brandType":"Expedia","title":"Nice Hotel close to everything","reviewText":"Very close to union square and hop on hop off stops.","featured":false,"ratingsOnly":false,"ratingRoomCleanliness":5,"ratingHotelCondition":4,"ratingService":4,"ratingRoomComfort":4,"positiveRemarks":"","negativeRemarks":"","locationRemarks":"","lastInitial":"","userLocation":"Miami","reviewSubmissionTime":"2016-07-15T10:55:44Z","reviewerCategories":[{"categoryId":"Everyone","categoryLabel":"Everyone"}],"userDisplayName":"","roomTypeId":130823,"isUnverified":false,"isFlaggable":true,"isRecommended":"YES"},{"hotelId":"6666","totalPositiveFeedbacks":0,"tpid":"1","eapid":"0","contentLocale":"en_us","totalThanks":0,"photos":[],"reviewId":"5787d24a0b3adc0b27b32d27","itinId":"1137480938923","moderationStatus":"APPROVED","contentCodes":"","managementResponses":[],"ratingOverall":4,"langId":"1033","userNickname":"","brandType":"Expedia","title":"","reviewText":"Great location. Hotel is close to transit stops and lots of restaurants.","featured":false,"ratingsOnly":false,"ratingRoomCleanliness":5,"ratingHotelCondition":4,"ratingService":5,"ratingRoomComfort":5,"positiveRemarks":"","negativeRemarks":"","locationRemarks":"","lastInitial":"","userLocation":"","reviewSubmissionTime":"2016-07-14T17:56:26Z","reviewerCategories":[{"categoryId":"Everyone","categoryLabel":"Everyone"}],"userDisplayName":"","roomTypeId":130823,"isUnverified":false,"isFlaggable":true,"isRecommended":"YES"},{"hotelId":"6666","totalPositiveFeedbacks":0,"tpid":"1","eapid":"0","contentLocale":"en_us","totalThanks":0,"photos":[],"reviewId":"5786afbc0cd612150d43e18f","itinId":"1128745792036","moderationStatus":"APPROVED","contentCodes":"","managementResponses":[],"ratingOverall":4,"langId":"1033","userNickname":"","brandType":"Expedia","title":"In the heart of Union Square very close to shops a","reviewText":"In the heart of Union Square very close to shops and restaurants. A very walkable area that felt safe","featured":false,"ratingsOnly":false,"ratingRoomCleanliness":5,"ratingHotelCondition":4,"ratingService":5,"ratingRoomComfort":5,"positiveRemarks":"","negativeRemarks":"","locationRemarks":"","lastInitial":"","userLocation":"","reviewSubmissionTime":"2016-07-13T21:16:44Z","reviewerCategories":[{"categoryId":"Everyone","categoryLabel":"Everyone"}],"userDisplayName":"","roomTypeId":284216,"isUnverified":false,"isFlaggable":true,"isRecommended":"YES"},{"hotelId":"6666","totalPositiveFeedbacks":0,"tpid":"1","eapid":"0","contentLocale":"en_us","totalThanks":0,"photos":[],"reviewId":"577ee2e4e7401f0b47c99f25","itinId":"1134165729883","moderationStatus":"APPROVED","contentCodes":"","managementResponses":[],"ratingOverall":5,"langId":"1033","userNickname":"","brandType":"Expedia","title":"It was very close to a lot of good entertainment! ","reviewText":"It was very close to restaurants, bars and stores, as well as close to China town and the Civic Center! It has close parking as well! ","featured":false,"ratingsOnly":false,"ratingRoomCleanliness":5,"ratingHotelCondition":4,"ratingService":5,"ratingRoomComfort":4,"positiveRemarks":"","negativeRemarks":"","locationRemarks":"","lastInitial":"","userLocation":"","reviewSubmissionTime":"2016-07-07T23:16:52Z","reviewerCategories":[{"categoryId":"Everyone","categoryLabel":"Everyone"}],"userDisplayName":"","roomTypeId":130823,"isUnverified":false,"isFlaggable":true,"isRecommended":"YES"},{"hotelId":"6666","totalPositiveFeedbacks":0,"tpid":"1","eapid":"0","contentLocale":"en_us","totalThanks":0,"photos":[],"reviewId":"577c09d12c268d0b7e9504a1","itinId":"1137960345868","moderationStatus":"APPROVED","contentCodes":"","managementResponses":[],"ratingOverall":3,"langId":"1033","userNickname":"","brandType":"Expedia","title":"","reviewText":"Hotel Staff was helpful and overall is good customer service. Most disappointed was 2 factors: 1. Room insolation was very bed, we wasn't able to sleep at night as you can hear how people walking in a walkway 3 am in a morning and #2. No ventilation: we wasn't able to have a fresh air as windows permanently close and system wasn't working properly, it was a quite smelly and air wasn't clean.  ","featured":false,"ratingsOnly":false,"ratingRoomCleanliness":3,"ratingHotelCondition":2,"ratingService":5,"ratingRoomComfort":2,"positiveRemarks":"","negativeRemarks":"","locationRemarks":"","lastInitial":"","userLocation":"","reviewSubmissionTime":"2016-07-05T19:26:09Z","reviewerCategories":[{"categoryId":"Everyone","categoryLabel":"Everyone"}],"userDisplayName":"","roomTypeId":284216,"isUnverified":false,"isFlaggable":true,"isRecommended":"NO"},{"hotelId":"6666","totalPositiveFeedbacks":1,"tpid":"1","eapid":"0","contentLocale":"en_us","totalThanks":1,"photos":[],"reviewId":"577681fc25628c0b7c5a2f52","itinId":"1133385213632","moderationStatus":"APPROVED","contentCodes":"","managementResponses":[],"ratingOverall":5,"langId":"1033","userNickname":"Dan","brandType":"Expedia","title":"VERY pleasant surprise","reviewText":"We stayed in a Premier room on the 7th floor of the hotel. Had heard about Union Square area being very noisy, but our room was very quiet (day and night). Maybe due to double pane glass.\r\nCheck-in was quick and we arrived early and they still had a room ready when we arrived 3 hours before check-in.\r\nHotel is reasonably priced (for SF) and very well located to all the major sights.\r\nConcierge was extremely helpful with both directions and dinner suggestions.\r\nAfter reading mixed reviews on Expedia and Trip Advisor, we were VERY pleasantly surprised and had an excellent stay.","featured":false,"ratingsOnly":false,"ratingRoomCleanliness":5,"ratingHotelCondition":4,"ratingService":5,"ratingRoomComfort":5,"positiveRemarks":"Everything. Premier room was very spacious for a family of 4.","negativeRemarks":"We had no complaints","locationRemarks":"","lastInitial":"","userLocation":"NY","reviewSubmissionTime":"2016-07-01T14:45:16Z","reviewerCategories":[{"categoryId":"Families","categoryLabel":"Families"}],"userDisplayName":"","roomTypeId":130821,"isUnverified":false,"isFlaggable":true,"isRecommended":"YES"}]}}}
