{"reviewDetails":{"startIndex":0,"numberOfReviewsInThisPage":20,"reviewSummaryCollection":{"reviewSummary":[{"hotelId":"444672","totalReviewCnt":693,"avgOverallRating":3.1139958,"cleanliness":3.4126978,"serviceAndStaff":3.4761913,"roomComfort":3.1529589,"hotelCondition":2.9018774,"convenienceOfLocation":3.9148936,"neighborhoodSatisfaction":2.755319,"roomQuality":0,"targetedBrand":"Expedia","originSummary":[{"origin":"Expedia","reviewCnt":693,"recommendedPercent":60.17316,"avgOverallRating":3.1139958,"cleanliness":3.4126978,"serviceAndStaff":3.4761913,"roomComfort":3.1529589,"hotelCondition":2.9018774,"convenienceOfLocation":3.9148936,"neighborhoodSatisfaction":2.755319,"valueForMoney":0,"roomQuality":0,"categoryCounts":{"Everyone":385,"BusinessTravelers":4,"Couples":40,"Students":13,"Families":13,"Other":19},"roomTypeIdCounts":{"28108":131,"6173":215},"languageCounts":{"en":693}}],"recommendedPercent":60.17316,"valueForMoney":0,"categoryCounts":{"Everyone":385,"BusinessTravelers":4,"Couples":40,"Students":13,"Families":13,"Other":19},"roomTypeIdCounts":{"28108":131,"6173":215},"languageCounts":{"en":693},"featuredReview":{}}]},"reviewCollection":{"review":[{"hotelId":"444672","totalPositiveFeedbacks":0,"tpid":"1","eapid":"0","contentLocale":"en_us","totalThanks":0,"photos":[],"reviewId":"57b42c3029b05a0b2866eb0f","itinId":"1142990765515","moderationStatus":"APPROVED","contentCodes":"HMP MMD","managementResponses":[],"ratingOverall":1,"langId":"1033","userNickname":"Angie","brandType":"Expedia","title":"Old and Smelly","reviewText":"My room smelled of pee as soon as I walked in. This smell never went away. ","featured":false,"ratingsOnly":false,"ratingRoomCleanliness":2,"ratingHotelCondition":2,"ratingService":4,"ratingRoomComfort":2,"positiveRemarks":"Nothing much to like. ","negativeRemarks":"The entire hotel needs a brand new makeover. ","locationRemarks":"","lastInitial":"","userLocation":"Seattle","reviewSubmissionTime":"2016-08-17T09:19:44Z","reviewerCategories":[{"categoryId":"Everyone","categoryLabel":"Everyone"}],"userDisplayName":"","roomTypeId":28108,"isUnverified":false,"isFlaggable":false,"isRecommended":"NO"},{"hotelId":"444672","totalPositiveFeedbacks":1,"tpid":"1","eapid":"0","contentLocale":"en_us","totalThanks":1,"photos":[],"reviewId":"57b0a58b973cb70b417d88a3","itinId":"1142622788732","moderationStatus":"APPROVED","contentCodes":"","managementResponses":[],"ratingOverall":3,"langId":"1033","userNickname":"d","brandType":"Expedia","title":"Noises","reviewText":"The motel was in the financial district to far from where we needed to be for  our meetings,, cost a lot of money in taxi fees,, very noisey, neighborhood dirty. ","featured":false,"ratingsOnly":false,"ratingRoomCleanliness":4,"ratingHotelCondition":3,"ratingService":4,"ratingRoomComfort":2,"positiveRemarks":"Free coffee ","negativeRemarks":"Updated ","locationRemarks":"Nothing to do close by everything was far away ","lastInitial":"h","userLocation":"nv","reviewSubmissionTime":"2016-08-14T17:08:27Z","reviewerCategories":[{"categoryId":"Everyone","categoryLabel":"Everyone"}],"userDisplayName":"","roomTypeId":28108,"isUnverified":false,"isFlaggable":true,"isRecommended":"YES"},{"hotelId":"444672","totalPositiveFeedbacks":1,"tpid":"1","eapid":"0","contentLocale":"en_us","totalThanks":1,"photos":[],"reviewId":"57af55fa6b0da90b05b82cf9","itinId":"1141592855885","moderationStatus":"APPROVED","contentCodes":"NLI HMP MMD","managementResponses":[],"ratingOverall":1,"langId":"1033","userNickname":"","brandType":"Expedia","title":"Horrible location","reviewText":"I would recommend this hotel to one of the hundreds of homeless people around the hotel. It's not safe to walk in the streets near the hotel, it's not safe even to leave your things in the room. I pre paid three nights without knowing this and after the first night (we get to SF at night) we went to another hotel. Guys from Expedia you shouldn't advertise this hotel ","featured":false,"ratingsOnly":false,"ratingRoomCleanliness":1,"ratingHotelCondition":1,"ratingService":1,"ratingRoomComfort":1,"positiveRemarks":"","negativeRemarks":"","locationRemarks":"","lastInitial":"","userLocation":"","reviewSubmissionTime":"2016-08-13T17:16:42Z","reviewerCategories":[{"categoryId":"Everyone","categoryLabel":"Everyone"}],"userDisplayName":"","roomTypeId":28108,"isUnverified":false,"isFlaggable":false,"isRecommended":"NO"},{"hotelId":"444672","totalPositiveFeedbacks":1,"tpid":"1","eapid":"0","contentLocale":"en_us","totalThanks":1,"photos":[],"reviewId":"57af3617d336b70b06e75fb5","itinId":"1140499577388","moderationStatus":"APPROVED","contentCodes":"MMA","managementResponses":[],"ratingOverall":2,"langId":"1033","userNickname":"Robert","brandType":"Expedia","title":"not a good hotel to stay in","reviewText":"this hotel looks good in the photos only ,but when you arrive there its a totally wrong .","featured":false,"ratingsOnly":false,"ratingRoomCleanliness":1,"ratingHotelCondition":1,"ratingService":2,"ratingRoomComfort":1,"positiveRemarks":"nothing ","negativeRemarks":"everything","locationRemarks":"i find out after a few days from my local co workers that i was in a hotel that located in the worst area of downtown SF","lastInitial":"","userLocation":"Los Angeles","reviewSubmissionTime":"2016-08-13T15:00:39Z","reviewerCategories":[{"categoryId":"Everyone","categoryLabel":"Everyone"}],"userDisplayName":"","roomTypeId":6173,"isUnverified":false,"isFlaggable":false,"isRecommended":"NO"},{"hotelId":"444672","totalPositiveFeedbacks":1,"tpid":"1","eapid":"0","contentLocale":"en_us","totalThanks":1,"photos":[],"reviewId":"57ae0ac1f805130b08907e0a","itinId":"1141833313167","moderationStatus":"APPROVED","contentCodes":"","managementResponses":[],"ratingOverall":3,"langId":"1033","userNickname":"","brandType":"Expedia","title":"Convenient location but not recommended for family","reviewText":"The Monarch hotel was located by a community center, so it was no surprise that there were strange figures on the streets outside of the hotel. The location itself was in the middle of the city, close to Union Square, which made up for the sketchy surrounding neighborhood. The hotel itself is fine. The rooms are comfortable and cozy, but very outdated. The elevator of the hotel is best described as vintage.","featured":false,"ratingsOnly":false,"ratingRoomCleanliness":2,"ratingHotelCondition":2,"ratingService":4,"ratingRoomComfort":3,"positiveRemarks":"Staff were very friendly and helpful. The rooms had all the basic necessities.","negativeRemarks":"Cleanliness and maintenance of the hotel facilities.","locationRemarks":"Union Square, Fisherman's Wharf.","lastInitial":"","userLocation":"","reviewSubmissionTime":"2016-08-12T17:43:29Z","reviewerCategories":[{"categoryId":"Students","categoryLabel":"Students"}],"userDisplayName":"","roomTypeId":6173,"isUnverified":false,"isFlaggable":true,"isRecommended":"NO"},{"hotelId":"444672","totalPositiveFeedbacks":1,"tpid":"1","eapid":"0","contentLocale":"en_us","totalThanks":1,"photos":[],"reviewId":"57a9f49647c4f60b0485c697","itinId":"1131718969152","moderationStatus":"APPROVED","contentCodes":"","managementResponses":[],"ratingOverall":4,"langId":"1033","userNickname":"Jeff","brandType":"Expedia","title":"Small but close to everything","reviewText":"Small hotel, but for the price it's not bad. Room was clean & the neighborhood is filled with places to see & go","featured":false,"ratingsOnly":false,"ratingRoomCleanliness":4,"ratingHotelCondition":3,"ratingService":5,"ratingRoomComfort":3,"positiveRemarks":"","negativeRemarks":"","locationRemarks":"","lastInitial":"","userLocation":"C","reviewSubmissionTime":"2016-08-09T15:19:50Z","reviewerCategories":[{"categoryId":"Everyone","categoryLabel":"Everyone"}],"userDisplayName":"","roomTypeId":6173,"isUnverified":false,"isFlaggable":true,"isRecommended":"YES"},{"hotelId":"444672","totalPositiveFeedbacks":1,"tpid":"1","eapid":"0","contentLocale":"en_us","totalThanks":1,"photos":[],"reviewId":"57a8fc410383a70b072881da","itinId":"1140894711684","moderationStatus":"APPROVED","contentCodes":"","managementResponses":[],"ratingOverall":3,"langId":"1033","userNickname":"","brandType":"Expedia","title":"Nice old hotel close to market street","reviewText":"We stayed there for 3 nights.\r\nBad: The elevator is really old, and there will be homeless people sleeping right across the hotel at night.\r\nGood: It's right in the middle of Downtown and close to Market Street. Hotel staff are nice. They can hold your luggage for you after you check out and even book the shuttle to the airport for the fair price. ","featured":false,"ratingsOnly":false,"ratingRoomCleanliness":4,"ratingHotelCondition":3,"ratingService":4,"ratingRoomComfort":4,"positiveRemarks":"The bed is comfortable.\r\nClose to malls in a walkable distance.","negativeRemarks":"","locationRemarks":"","lastInitial":"","userLocation":"","reviewSubmissionTime":"2016-08-08T21:40:17Z","reviewerCategories":[{"categoryId":"Everyone","categoryLabel":"Everyone"}],"userDisplayName":"","roomTypeId":28108,"isUnverified":false,"isFlaggable":true,"isRecommended":"YES"},{"hotelId":"444672","totalPositiveFeedbacks":1,"tpid":"1","eapid":"0","contentLocale":"en_us","totalThanks":1,"photos":[],"reviewId":"57a8a5164f61260b267a6c4b","itinId":"1140172789478","moderationStatus":"APPROVED","contentCodes":"HMP MMD","managementResponses":[],"ratingOverall":3,"langId":"1033","userNickname":"Diane","brandType":"Expedia","title":"New sleeping area, old bathroom, forget the wi-fi","reviewText":"The room appeared to be rather recently renovated: the carpet and drapes were clean and attractive. The room was pleasant. The bathroom, however, was in need of repair. The door squeaked horribly (and they couldn't come up with a can of WD-40 on a Saturday), the countertop was separated, the toilet was quite low. That said, the bathroom seemed clean.\r\n\r\nThe \"free wi-fi\"  was really bad for someone who checks email regularly and uses the web to find information. I could see -- occasionally -- that I had messages, but I could rarely get the files open to read them. And the couple of times I got that far, I couldn't send the answer. Sometimes my tablet couldn't find the server. The front desk folks said it was due to the hotel's being full.","featured":false,"ratingsOnly":false,"ratingRoomCleanliness":5,"ratingHotelCondition":3,"ratingService":4,"ratingRoomComfort":5,"positiveRemarks":"The staff was friendly, coffee and tea were always available in the lobby, the room was attractively furnished.","negativeRemarks":"A more powerful wi-fi system needs to be installed. The bathroom -- at least in our room -- needs to be renovated.","locationRemarks":"There are a few restaurants in the area. It's very convenient for some buses to Fisherman's Wharf. It's walking distance to Union Square.","lastInitial":"T","userLocation":"Tucson, AZ","reviewSubmissionTime":"2016-08-08T15:28:22Z","reviewerCategories":[{"categoryId":"Everyone","categoryLabel":"Everyone"}],"userDisplayName":"","roomTypeId":6173,"isUnverified":false,"isFlaggable":false,"isRecommended":"YES"},{"hotelId":"444672","totalPositiveFeedbacks":2,"tpid":"1","eapid":"0","contentLocale":"en_us","totalThanks":2,"photos":[],"reviewId":"57a34ee13ee2a90b261fc3ef","itinId":"1142126350237","moderationStatus":"APPROVED","contentCodes":"HMP MMD","managementResponses":[],"ratingOverall":2,"langId":"1033","userNickname":"","brandType":"Expedia","title":"not good","reviewText":"First room, shower didn't work right and drain was clogged. Bathroom was dated and the room smelled bad. Moved to a different room, staff was nice but room didn't improve much except the drain in tub was not clogged. Would not stay there again or recommend to anyone.","featured":false,"ratingsOnly":false,"ratingRoomCleanliness":1,"ratingHotelCondition":1,"ratingService":4,"ratingRoomComfort":2,"positiveRemarks":"","negativeRemarks":"","locationRemarks":"","lastInitial":"","userLocation":"","reviewSubmissionTime":"2016-08-04T14:19:13Z","reviewerCategories":[{"categoryId":"Everyone","categoryLabel":"Everyone"}],"userDisplayName":"","roomTypeId":28108,"isUnverified":false,"isFlaggable":false,"isRecommended":"NO"},{"hotelId":"444672","totalPositiveFeedbacks":1,"tpid":"1","eapid":"0","contentLocale":"en_us","totalThanks":1,"photos":[],"reviewId":"57a15c5d3f9da40b2a32813b","itinId":"1140702829189","moderationStatus":"APPROVED","contentCodes":"","managementResponses":[],"ratingOverall":4,"langId":"1033","userNickname":"","brandType":"Expedia","title":"Was ok, worth the money!","reviewText":"They lack in amenities, and staff are not easy to work with...but we where compfortable!","featured":false,"ratingsOnly":false,"ratingRoomCleanliness":4,"ratingHotelCondition":3,"ratingService":3,"ratingRoomComfort":5,"positiveRemarks":"","negativeRemarks":"","locationRemarks":"","lastInitial":"","userLocation":"","reviewSubmissionTime":"2016-08-03T02:52:13Z","reviewerCategories":[{"categoryId":"Everyone","categoryLabel":"Everyone"}],"userDisplayName":"","roomTypeId":6173,"isUnverified":false,"isFlaggable":true,"isRecommended":"YES"},{"hotelId":"444672","totalPositiveFeedbacks":1,"tpid":"1","eapid":"0","contentLocale":"en_us","totalThanks":1,"photos":[],"reviewId":"57a0b66a647eae0b29e08afa","itinId":"1141595301768","moderationStatus":"APPROVED","contentCodes":"","managementResponses":[],"ratingOverall":3,"langId":"1033","userNickname":"Ruben ","brandType":"Expedia","title":"Looks nice in pictures. Last minute booking ","reviewText":"I had a nice time in SF for the 3 days of my vacation ","featured":false,"ratingsOnly":false,"ratingRoomCleanliness":3,"ratingHotelCondition":2,"ratingService":5,"ratingRoomComfort":3,"positiveRemarks":"","negativeRemarks":"","locationRemarks":"","lastInitial":"","userLocation":"Los Angeles, Ca ","reviewSubmissionTime":"2016-08-02T15:04:10Z","reviewerCategories":[{"categoryId":"Everyone","categoryLabel":"Everyone"}],"userDisplayName":"","roomTypeId":6173,"isUnverified":false,"isFlaggable":true,"isRecommended":"NO"},{"hotelId":"444672","totalPositiveFeedbacks":2,"tpid":"1","eapid":"0","contentLocale":"en_us","totalThanks":2,"photos":[],"reviewId":"579fbb6efef6e20b28c6d42e","itinId":"1139280885265","moderationStatus":"APPROVED","contentCodes":"HMP MMD","managementResponses":[],"ratingOverall":1,"langId":"1033","userNickname":"","brandType":"Expedia","title":"Misleading website","reviewText":"The hotel was nothing like what was shown on their website.  It is very old, dirty and smelly.  We were scheduled to stay there 3 nights but left after one because it was so bad.","featured":false,"ratingsOnly":false,"ratingRoomCleanliness":1,"ratingHotelCondition":1,"ratingService":4,"ratingRoomComfort":1,"positiveRemarks":"Nothing","negativeRemarks":"Clean the room & bathroom.  Update the room & fix the bathroom door so it closes.","locationRemarks":"","lastInitial":"","userLocation":"","reviewSubmissionTime":"2016-08-01T21:13:18Z","reviewerCategories":[{"categoryId":"Everyone","categoryLabel":"Everyone"}],"userDisplayName":"","roomTypeId":28108,"isUnverified":false,"isFlaggable":false,"isRecommended":"NO"},{"hotelId":"444672","totalPositiveFeedbacks":0,"tpid":"1","eapid":"0","contentLocale":"en_us","totalThanks":0,"photos":[],"reviewId":"579f67f64d74660b29d5605d","itinId":"1138649822182","moderationStatus":"APPROVED","contentCodes":"NLI PD HMP MMD","managementResponses":[],"ratingOverall":3,"langId":"1033","userNickname":"Mary","brandType":"Expedia","title":"Decent hotel in heart of San Francisco","reviewText":"The hotel was ok. It was clean but the bed was broken so we were sleeping very uncomfortable. The elevator is very old and makes a terrible rumbling sound and shakes when it stops at the floors. That would have been good to know before we got in it and thought we were going to die. The Valet service is expensive and your vehicle is taken off site. You have to call 30 minutes ahead before you want it even if you are just accessing it to retrieve something. There is a body shop next door that it appears charges less money but seems maybe a little sketchy to leave your car outside unattended in the neighborhood. There was/is construction going on across the street so it was very loud even on the weekend so check into that before you go. The picture showed a fridge but there was not one in the room when we got it. ","featured":false,"ratingsOnly":false,"ratingRoomCleanliness":3,"ratingHotelCondition":2,"ratingService":3,"ratingRoomComfort":2,"positiveRemarks":"","negativeRemarks":"","locationRemarks":"The location was good. 15 minute walk to union Station and lots of food nearby. ","lastInitial":"","userLocation":"Oregon","reviewSubmissionTime":"2016-08-01T15:17:10Z","reviewerCategories":[{"categoryId":"Everyone","categoryLabel":"Everyone"}],"userDisplayName":"","roomTypeId":28108,"isUnverified":false,"isFlaggable":false,"isRecommended":"YES"},{"hotelId":"444672","totalPositiveFeedbacks":0,"tpid":"1","eapid":"0","contentLocale":"en_us","totalThanks":0,"photos":[],"reviewId":"579f5bfc2b34e10b29888b62","itinId":"1139638672047","moderationStatus":"APPROVED","contentCodes":"","managementResponses":[],"ratingOverall":1,"langId":"1033","userNickname":"Pacer","brandType":"Expedia","title":"Marathon stay","reviewText":"Lot's of homeless outside. Valet parking only\r\nAt $50.  Centralized location if you don't mind walking Or buses and cabs. Its not for the foo foo. This place is for the economical that don't need all the gadgets and somewhere to sleep. ","featured":false,"ratingsOnly":false,"ratingRoomCleanliness":2,"ratingHotelCondition":2,"ratingService":3,"ratingRoomComfort":3,"positiveRemarks":"","negativeRemarks":"","locationRemarks":"","lastInitial":"P","userLocation":"California","reviewSubmissionTime":"2016-08-01T14:26:04Z","reviewerCategories":[{"categoryId":"Everyone","categoryLabel":"Everyone"}],"userDisplayName":"","roomTypeId":6173,"isUnverified":false,"isFlaggable":true,"isRecommended":"NO"},{"hotelId":"444672","totalPositiveFeedbacks":1,"tpid":"4","eapid":"0","contentLocale":"en_ca","totalThanks":1,"photos":[],"reviewId":"579c623f89ba8c0b063a2ee5","itinId":"1141337353934","moderationStatus":"APPROVED","contentCodes":"","managementResponses":[],"ratingOverall":3,"langId":"4105","userNickname":"L","brandType":"Expedia","title":"SF Adventure ","reviewText":"The Monarch Hotel was a perfect place to stay for me. Central location and price was right. It was clean and served me well for my San Francisco adventure. I hit City Lights Books and the Cannery, all walking. Used Uber for longer distances. The staff were polite and friendly, and helped me save money on my trip. It's not a grand hotel, however, I had a spacious room, king size bed and private bath. Clean, clean, clean. Recommended.","featured":false,"ratingsOnly":false,"ratingRoomCleanliness":5,"ratingHotelCondition":3,"ratingService":5,"ratingRoomComfort":4,"positiveRemarks":"","negativeRemarks":"","locationRemarks":"","lastInitial":"J","userLocation":"Vancouver, Canada","reviewSubmissionTime":"2016-07-30T08:15:59Z","reviewerCategories":[{"categoryId":"Everyone","categoryLabel":"Everyone"}],"userDisplayName":"","roomTypeId":6173,"isUnverified":false,"isFlaggable":true,"isRecommended":"YES"},{"hotelId":"444672","totalPositiveFeedbacks":0,"tpid":"1","eapid":"0","contentLocale":"en_us","totalThanks":0,"photos":[],"reviewId":"579be53fd4c4650b0d14a1bd","itinId":"1140809235674","moderationStatus":"APPROVED","contentCodes":"","managementResponses":[],"ratingOverall":4,"langId":"1033","userNickname":"Lancelot","brandType":"Expedia","title":"Good, clean, cheap","reviewText":"Many other reviews said the neighborhood was dangerous and messy, but I didn't find it too bad. Rooms were a little old and small but clean. Great deal for the price.","featured":false,"ratingsOnly":false,"ratingRoomCleanliness":4,"ratingHotelCondition":3,"ratingService":5,"ratingRoomComfort":3,"positiveRemarks":"","negativeRemarks":"","locationRemarks":"","lastInitial":"W","userLocation":"Washington, DC","reviewSubmissionTime":"2016-07-29T23:22:39Z","reviewerCategories":[{"categoryId":"Students","categoryLabel":"Students"}],"userDisplayName":"","roomTypeId":28108,"isUnverified":false,"isFlaggable":true,"isRecommended":"YES"},{"hotelId":"444672","totalPositiveFeedbacks":0,"tpid":"1","eapid":"0","contentLocale":"en_us","totalThanks":0,"photos":[],"reviewId":"579ab1a309b6970b28dc07b5","itinId":"1134010800276","moderationStatus":"APPROVED","contentCodes":"HMP MMD","managementResponses":[],"ratingOverall":1,"langId":"1033","userNickname":"Bob","brandType":"Expedia","title":"Bad Area","reviewText":"Hotel needs a lot of upgrades. Room smelled musty. This is a no frills hotel but pricy for what you get.  Extremely bad area, a lot of homeless and would not recommend walking around at night. Website makes it look ok but buyer beware.  Only there 2 nights but could not wait to leave. Would not recommend this hotel to anyone","featured":false,"ratingsOnly":false,"ratingRoomCleanliness":2,"ratingHotelCondition":1,"ratingService":4,"ratingRoomComfort":2,"positiveRemarks":"","negativeRemarks":"","locationRemarks":"","lastInitial":"J","userLocation":"New Hampshire","reviewSubmissionTime":"2016-07-29T01:30:11Z","reviewerCategories":[{"categoryId":"Everyone","categoryLabel":"Everyone"}],"userDisplayName":"","roomTypeId":28108,"isUnverified":false,"isFlaggable":false,"isRecommended":"NO"},{"hotelId":"444672","totalPositiveFeedbacks":0,"tpid":"1","eapid":"0","contentLocale":"en_us","totalThanks":0,"photos":[],"reviewId":"579a196ecba9300b3aff9347","itinId":"1141516155376","moderationStatus":"APPROVED","contentCodes":"","managementResponses":[],"ratingOverall":2,"langId":"1033","userNickname":"miguel","brandType":"Expedia","title":"Nice view but bad sorroundings ","reviewText":"The location of these hotel is perfect we can walk to museums market Street is nearby there's a lot of shopping nearby Gym nearby dining. The only thing bad around this is the surrounding there's a lot of homeless and a mechanic next to the building but it's quiet because of the soundproof all the windows","featured":false,"ratingsOnly":false,"ratingRoomCleanliness":3,"ratingHotelCondition":2,"ratingService":3,"ratingRoomComfort":3,"positiveRemarks":"","negativeRemarks":"","locationRemarks":"","lastInitial":"","userLocation":"N","reviewSubmissionTime":"2016-07-28T14:40:46Z","reviewerCategories":[{"categoryId":"Everyone","categoryLabel":"Everyone"}],"userDisplayName":"","roomTypeId":6173,"isUnverified":false,"isFlaggable":true,"isRecommended":"YES"},{"hotelId":"444672","totalPositiveFeedbacks":0,"tpid":"1","eapid":"0","contentLocale":"en_us","totalThanks":0,"photos":[],"reviewId":"57995fd0d51e5a0b28ba2da1","itinId":"1141346620638","moderationStatus":"APPROVED","contentCodes":"","managementResponses":[],"ratingOverall":5,"langId":"1033","userNickname":"","brandType":"Expedia","title":"Nice hotel and very helpful staff!  ","reviewText":"The staff was very helpful and accommodating. The room was nice and clean.   I would stay there again.  ","featured":false,"ratingsOnly":false,"ratingRoomCleanliness":5,"ratingHotelCondition":4,"ratingService":5,"ratingRoomComfort":4,"positiveRemarks":"","negativeRemarks":"","locationRemarks":"","lastInitial":"","userLocation":"","reviewSubmissionTime":"2016-07-28T01:28:48Z","reviewerCategories":[{"categoryId":"Everyone","categoryLabel":"Everyone"}],"userDisplayName":"","roomTypeId":28108,"isUnverified":false,"isFlaggable":true,"isRecommended":"YES"},{"hotelId":"444672","totalPositiveFeedbacks":0,"tpid":"1","eapid":"0","contentLocale":"en_us","totalThanks":0,"photos":[],"reviewId":"57957a01bff7f60b2fc5cb80","itinId":"1127601446733","moderationStatus":"APPROVED","contentCodes":"MMA","managementResponses":[],"ratingOverall":1,"langId":"1033","userNickname":"","brandType":"Expedia","title":"not good","reviewText":"not what advertised, very old and dirty. terrible location in downtown","featured":false,"ratingsOnly":false,"ratingRoomCleanliness":1,"ratingHotelCondition":1,"ratingService":2,"ratingRoomComfort":1,"positiveRemarks":"","negativeRemarks":"","locationRemarks":"","lastInitial":"","userLocation":"","reviewSubmissionTime":"2016-07-25T02:31:29Z","reviewerCategories":[{"categoryId":"Everyone","categoryLabel":"Everyone"}],"userDisplayName":"","roomTypeId":28108,"isUnverified":false,"isFlaggable":false,"isRecommended":"NO"}]}}}
