{"reviewDetails":{"startIndex":0,"numberOfReviewsInThisPage":20,"reviewSummaryCollection":{"reviewSummary":[{"hotelId":"287112","totalReviewCnt":331,"avgOverallRating":4.190333,"cleanliness":4.5226564,"serviceAndStaff":4.377645,"roomComfort":4.277946,"hotelCondition":4.3202395,"convenienceOfLocation":4.5555553,"neighborhoodSatisfaction":4.25,"roomQuality":0,"targetedBrand":"Expedia","originSummary":[{"origin":"Expedia","reviewCnt":331,"recommendedPercent":82.175224,"avgOverallRating":4.190333,"cleanliness":4.5226564,"serviceAndStaff":4.377645,"roomComfort":4.277946,"hotelCondition":4.3202395,"convenienceOfLocation":4.5555553,"neighborhoodSatisfaction":4.25,"valueForMoney":0,"roomQuality":0,"categoryCounts":{"Everyone":168,"BusinessTravelers":11,"Couples":34,"Students":1,"Families":9,"Other":4},"roomTypeIdCounts":{"200415664":1,"200415668":6,"255300":5,"200824240":17,"200824241":16,"201166772":1,"200824242":1,"3786":15,"255305":1,"200824243":9,"200415673":9,"200824244":19,"200859157":1,"201166771":3,"201166770":1,"200162529":1,"511379":33,"200415657":2,"200167283":4,"200415660":8},"languageCounts":{"en":331}}],"recommendedPercent":82.175224,"valueForMoney":0,"categoryCounts":{"Everyone":168,"BusinessTravelers":11,"Couples":34,"Students":1,"Families":9,"Other":4},"roomTypeIdCounts":{"200415664":1,"200415668":6,"255300":5,"200824240":17,"200824241":16,"201166772":1,"200824242":1,"3786":15,"255305":1,"200824243":9,"200415673":9,"200824244":19,"200859157":1,"201166771":3,"201166770":1,"200162529":1,"511379":33,"200415657":2,"200167283":4,"200415660":8},"languageCounts":{"en":331},"featuredReview":{}}]},"reviewCollection":{"review":[{"hotelId":"287112","totalPositiveFeedbacks":0,"tpid":"1","eapid":"0","contentLocale":"en_us","totalThanks":0,"photos":[],"reviewId":"57b6b3484751ca0b79ff1b78","itinId":"1143136967794","moderationStatus":"APPROVED","contentCodes":"","managementResponses":[],"ratingOverall":4,"langId":"1033","userNickname":"","brandType":"Expedia","title":"","reviewText":"The condition of the room is not good, first two floors are a club, pretty noisy at midnight! Not worth the price of expensive hotel! ","featured":false,"ratingsOnly":false,"ratingRoomCleanliness":4,"ratingHotelCondition":2,"ratingService":5,"ratingRoomComfort":3,"positiveRemarks":"","negativeRemarks":"","locationRemarks":"","lastInitial":"","userLocation":"","reviewSubmissionTime":"2016-08-19T07:20:40Z","reviewerCategories":[{"categoryId":"Everyone","categoryLabel":"Everyone"}],"userDisplayName":"","roomTypeId":200824240,"isUnverified":false,"isFlaggable":true,"isRecommended":"NO"},{"hotelId":"287112","totalPositiveFeedbacks":0,"tpid":"1","eapid":"0","contentLocale":"en_us","totalThanks":0,"photos":[],"reviewId":"57b18cae973cb70b41fd234c","itinId":"1142911602729","moderationStatus":"APPROVED","contentCodes":"HMP MMD","managementResponses":[],"ratingOverall":4,"langId":"1033","userNickname":"","brandType":"Expedia","title":"Nice hotel to stay at downtown. Close to market st","reviewText":"The trip started off as a nightmare because the airline lost our bags and it was so cold I was forced to spend a bunch of money on all new clothes for both my son and myself. \r\nThe hotel staff was super nice but I had a nightmare with the airline in both ways. ","featured":false,"ratingsOnly":false,"ratingRoomCleanliness":4,"ratingHotelCondition":4,"ratingService":5,"ratingRoomComfort":4,"positiveRemarks":"","negativeRemarks":"","locationRemarks":"","lastInitial":"","userLocation":"","reviewSubmissionTime":"2016-08-15T09:34:38Z","reviewerCategories":[{"categoryId":"Everyone","categoryLabel":"Everyone"}],"userDisplayName":"","roomTypeId":200824240,"isUnverified":false,"isFlaggable":false,"isRecommended":"YES"},{"hotelId":"287112","totalPositiveFeedbacks":0,"tpid":"1","eapid":"0","contentLocale":"en_us","totalThanks":0,"photos":[],"reviewId":"57af4b6ffa63590b3ce8dd98","itinId":"1142005517665","moderationStatus":"APPROVED","contentCodes":"","managementResponses":[],"ratingOverall":4,"langId":"1033","userNickname":"Wesam","brandType":"Expedia","title":"Good hotel for business trip","reviewText":"The hotel is good in OK location; stuff was friendly and supportive. For families there are other better options. ","featured":false,"ratingsOnly":false,"ratingRoomCleanliness":3,"ratingHotelCondition":3,"ratingService":4,"ratingRoomComfort":3,"positiveRemarks":"","negativeRemarks":"","locationRemarks":"","lastInitial":"S","userLocation":"Syria","reviewSubmissionTime":"2016-08-13T16:31:43Z","reviewerCategories":[{"categoryId":"Everyone","categoryLabel":"Everyone"}],"userDisplayName":"","roomTypeId":201166771,"isUnverified":false,"isFlaggable":true,"isRecommended":"YES"},{"hotelId":"287112","totalPositiveFeedbacks":0,"tpid":"1","eapid":"0","contentLocale":"en_us","totalThanks":0,"photos":[],"reviewId":"57a624551563430b2904522a","itinId":"1137643656863","moderationStatus":"APPROVED","contentCodes":"","managementResponses":[],"ratingOverall":5,"langId":"1033","userNickname":"","brandType":"Expedia","title":"Nice spot to begin a visit","reviewText":"Close to where we wanted to be and walking distance to restaurants.  Parking the rental car for two nights= OUCH","featured":false,"ratingsOnly":false,"ratingRoomCleanliness":5,"ratingHotelCondition":5,"ratingService":5,"ratingRoomComfort":5,"positiveRemarks":"","negativeRemarks":"","locationRemarks":"","lastInitial":"","userLocation":"","reviewSubmissionTime":"2016-08-06T17:54:29Z","reviewerCategories":[{"categoryId":"Everyone","categoryLabel":"Everyone"}],"userDisplayName":"","roomTypeId":200824241,"isUnverified":false,"isFlaggable":true,"isRecommended":"YES"},{"hotelId":"287112","totalPositiveFeedbacks":0,"tpid":"1","eapid":"0","contentLocale":"en_us","totalThanks":0,"photos":[],"reviewId":"579dfef107d2240b0ae6c4db","itinId":"1140611074269","moderationStatus":"APPROVED","contentCodes":"","managementResponses":[],"ratingOverall":5,"langId":"1033","userNickname":"","brandType":"Expedia","title":"Nice hotel close to the Marconie ","reviewText":"Great hotel with a nice staff. Very clean and comfortable. The area is a bit boring, but worth it. ","featured":false,"ratingsOnly":false,"ratingRoomCleanliness":5,"ratingHotelCondition":5,"ratingService":5,"ratingRoomComfort":5,"positiveRemarks":"","negativeRemarks":"","locationRemarks":"","lastInitial":"","userLocation":"","reviewSubmissionTime":"2016-07-31T13:36:49Z","reviewerCategories":[{"categoryId":"Everyone","categoryLabel":"Everyone"}],"userDisplayName":"","roomTypeId":200824240,"isUnverified":false,"isFlaggable":true,"isRecommended":"YES"},{"hotelId":"287112","totalPositiveFeedbacks":0,"tpid":"1","eapid":"0","contentLocale":"en_us","totalThanks":0,"photos":[],"reviewId":"578bb0d32c54c70b285ae873","itinId":"1137335560602","moderationStatus":"APPROVED","contentCodes":"","managementResponses":[],"ratingOverall":5,"langId":"1033","userNickname":"","brandType":"Expedia","title":"Excelent !!","reviewText":"This hotel is close to everything.  Easy access and confortable ","featured":false,"ratingsOnly":false,"ratingRoomCleanliness":5,"ratingHotelCondition":5,"ratingService":5,"ratingRoomComfort":5,"positiveRemarks":"","negativeRemarks":"","locationRemarks":"","lastInitial":"","userLocation":"","reviewSubmissionTime":"2016-07-17T16:22:43Z","reviewerCategories":[{"categoryId":"Everyone","categoryLabel":"Everyone"}],"userDisplayName":"","roomTypeId":201166772,"isUnverified":false,"isFlaggable":true,"isRecommended":"YES"},{"hotelId":"287112","totalPositiveFeedbacks":0,"tpid":"1","eapid":"0","contentLocale":"en_us","totalThanks":0,"photos":[],"reviewId":"57867c1fe250ac15126ad612","itinId":"1132360138736","moderationStatus":"APPROVED","contentCodes":"","managementResponses":[],"ratingOverall":5,"langId":"1033","userNickname":"Ed","brandType":"Expedia","title":"","reviewText":"Hotel clean (except for carpeting; I suspect the vacuum used had not been cleaned recently), everything worked.","featured":false,"ratingsOnly":false,"ratingRoomCleanliness":2,"ratingHotelCondition":5,"ratingService":5,"ratingRoomComfort":3,"positiveRemarks":"It had zing!","negativeRemarks":"Clean the floors!","locationRemarks":"Very central, especially to MOMA_ SF.","lastInitial":"W","userLocation":"NYC","reviewSubmissionTime":"2016-07-13T17:36:31Z","reviewerCategories":[{"categoryId":"Everyone","categoryLabel":"Everyone"}],"userDisplayName":"","roomTypeId":200824241,"isUnverified":false,"isFlaggable":true,"isRecommended":"YES"},{"hotelId":"287112","totalPositiveFeedbacks":0,"tpid":"1","eapid":"0","contentLocale":"en_us","totalThanks":0,"photos":[],"reviewId":"5784342295608f0b4918291e","itinId":"1134567861467","moderationStatus":"APPROVED","contentCodes":"","managementResponses":[],"ratingOverall":5,"langId":"1033","userNickname":"Lori","brandType":"Expedia","title":"Modern amenities + benefits of a fanastic staff!","reviewText":"Rooms are clean and comfortable,  well decorated but the jewel of this hotel is the staff! From the curbside check in to the front desk staff and the conseige, we couldn't of asked for better service! In the heart of the city, walking distance to Wharf area (about 4 miles)!","featured":false,"ratingsOnly":false,"ratingRoomCleanliness":5,"ratingHotelCondition":4,"ratingService":5,"ratingRoomComfort":4,"positiveRemarks":"","negativeRemarks":"","locationRemarks":"","lastInitial":"","userLocation":"Baton Rouge,  LA ","reviewSubmissionTime":"2016-07-12T00:04:50Z","reviewerCategories":[{"categoryId":"Everyone","categoryLabel":"Everyone"}],"userDisplayName":"","roomTypeId":200824243,"isUnverified":false,"isFlaggable":true,"isRecommended":"YES"},{"hotelId":"287112","totalPositiveFeedbacks":0,"tpid":"1","eapid":"0","contentLocale":"en_us","totalThanks":0,"photos":[],"reviewId":"57826d429395710b49e6b7b2","itinId":"1139350021769","moderationStatus":"APPROVED","contentCodes":"","managementResponses":[],"ratingOverall":5,"langId":"1033","userNickname":"Gary","brandType":"Expedia","title":"It's the W! ","reviewText":" Typical W modern hotel with a cool bar and lots of people frequenting it. The ne The rooms we're pretty good - not a huge fan of the carpet choice bit perfectly fine. Gym as cool looking and had the minimum of what was needed. ","featured":false,"ratingsOnly":false,"ratingRoomCleanliness":5,"ratingHotelCondition":5,"ratingService":5,"ratingRoomComfort":5,"positiveRemarks":"","negativeRemarks":"","locationRemarks":"","lastInitial":"","userLocation":"S - scottsdale","reviewSubmissionTime":"2016-07-10T15:44:02Z","reviewerCategories":[{"categoryId":"Everyone","categoryLabel":"Everyone"}],"userDisplayName":"","roomTypeId":200824240,"isUnverified":false,"isFlaggable":true,"isRecommended":"YES"},{"hotelId":"287112","totalPositiveFeedbacks":0,"tpid":"1","eapid":"0","contentLocale":"en_us","totalThanks":0,"photos":[],"reviewId":"577e9bcce250ac151240c5c6","itinId":"1138467465751","moderationStatus":"APPROVED","contentCodes":"","managementResponses":[],"ratingOverall":4,"langId":"1033","userNickname":"Shelly","brandType":"Expedia","title":"Great location!!","reviewText":"Pretty hotel! We had a neat view of the Bay Bridge. Loved watching its light display at night. We walked pretty much everywhere we wanted to go. Giants game, China town, Fishernan's Wharf, etc. ","featured":false,"ratingsOnly":false,"ratingRoomCleanliness":5,"ratingHotelCondition":4,"ratingService":5,"ratingRoomComfort":5,"positiveRemarks":"","negativeRemarks":"","locationRemarks":"","lastInitial":"L","userLocation":"Newton, KS","reviewSubmissionTime":"2016-07-07T18:13:32Z","reviewerCategories":[{"categoryId":"Everyone","categoryLabel":"Everyone"}],"userDisplayName":"","roomTypeId":200824240,"isUnverified":false,"isFlaggable":true,"isRecommended":"YES"},{"hotelId":"287112","totalPositiveFeedbacks":0,"tpid":"1","eapid":"0","contentLocale":"en_us","totalThanks":0,"photos":[],"reviewId":"577d8a41e7401f0b478907e9","itinId":"1138112537417","moderationStatus":"APPROVED","contentCodes":"","managementResponses":[],"ratingOverall":4,"langId":"1033","userNickname":"Matt","brandType":"Expedia","title":"Nice hotel in the middle of the big city. ","reviewText":"From check in to check out I had a great experience, hotel staff was there when you needed them and not in your face when you didn't. I had a pleasant experience and next time I go to the city I will probably stay at the W depending on the activities I will be doing. ","featured":false,"ratingsOnly":false,"ratingRoomCleanliness":5,"ratingHotelCondition":5,"ratingService":5,"ratingRoomComfort":5,"positiveRemarks":"The beds were almost too comfortable, I didn't want to get out of bed! But seriously, I was sleeping on a cloud. ","negativeRemarks":"Nothing comes to mind. ","locationRemarks":"Go to pier 39 and fishermans warf, drive the little yellow cars around (GoCar) and explore the city! Ignore the homeless people!","lastInitial":"P","userLocation":"Los Angeles","reviewSubmissionTime":"2016-07-06T22:46:25Z","reviewerCategories":[{"categoryId":"Everyone","categoryLabel":"Everyone"}],"userDisplayName":"","roomTypeId":200824243,"isUnverified":false,"isFlaggable":true,"isRecommended":"YES"},{"hotelId":"287112","totalPositiveFeedbacks":0,"tpid":"1","eapid":"0","contentLocale":"en_us","totalThanks":0,"photos":[],"reviewId":"5770f9364963a40b7ddd3587","itinId":"1138481775018","moderationStatus":"APPROVED","contentCodes":"","managementResponses":[],"ratingOverall":3,"langId":"1033","userNickname":"","brandType":"Expedia","title":"","reviewText":"Unfriendly staff, old furnitures, rooms are not sound proof. Very noisy even late into night.","featured":false,"ratingsOnly":false,"ratingRoomCleanliness":4,"ratingHotelCondition":3,"ratingService":2,"ratingRoomComfort":3,"positiveRemarks":"","negativeRemarks":"","locationRemarks":"","lastInitial":"","userLocation":"","reviewSubmissionTime":"2016-06-27T10:00:22Z","reviewerCategories":[{"categoryId":"Everyone","categoryLabel":"Everyone"}],"userDisplayName":"","roomTypeId":201166771,"isUnverified":false,"isFlaggable":true,"isRecommended":"NO"},{"hotelId":"287112","totalPositiveFeedbacks":0,"tpid":"1","eapid":"0","contentLocale":"en_us","totalThanks":0,"photos":[],"reviewId":"57695cc19fe6d20b47ba850d","itinId":"1138105160025","moderationStatus":"APPROVED","contentCodes":"","managementResponses":[],"ratingOverall":3,"langId":"1033","userNickname":"","brandType":"Expedia","title":"Run down rooms","reviewText":"Carpet was dirty and staff were new an unprepared to answer questions. ","featured":false,"ratingsOnly":false,"ratingRoomCleanliness":1,"ratingHotelCondition":1,"ratingService":2,"ratingRoomComfort":3,"positiveRemarks":"","negativeRemarks":"","locationRemarks":"","lastInitial":"b","userLocation":"o","reviewSubmissionTime":"2016-06-21T15:26:57Z","reviewerCategories":[{"categoryId":"Everyone","categoryLabel":"Everyone"}],"userDisplayName":"","roomTypeId":200824241,"isUnverified":false,"isFlaggable":true,"isRecommended":"NO"},{"hotelId":"287112","totalPositiveFeedbacks":0,"tpid":"1","eapid":"0","contentLocale":"en_us","totalThanks":0,"photos":[],"reviewId":"57649b5df74cdc0b7d5436d2","itinId":"1137372533299","moderationStatus":"APPROVED","contentCodes":"","managementResponses":[],"ratingOverall":5,"langId":"1033","userNickname":"","brandType":"Expedia","title":"Nice hotel in downtown","reviewText":"Great Experience, great location in the middle of the city","featured":false,"ratingsOnly":false,"ratingRoomCleanliness":5,"ratingHotelCondition":5,"ratingService":5,"ratingRoomComfort":5,"positiveRemarks":"Very Nice Hotel in downtown","negativeRemarks":"","locationRemarks":"Restaurants, and shopping","lastInitial":"","userLocation":"","reviewSubmissionTime":"2016-06-18T00:52:45Z","reviewerCategories":[{"categoryId":"Everyone","categoryLabel":"Everyone"}],"userDisplayName":"","roomTypeId":200824244,"isUnverified":false,"isFlaggable":true,"isRecommended":"YES"},{"hotelId":"287112","totalPositiveFeedbacks":0,"tpid":"4","eapid":"0","contentLocale":"en_ca","totalThanks":0,"photos":[],"reviewId":"574633f0d1bea409faae7790","itinId":"1128839701687","moderationStatus":"APPROVED","contentCodes":"","managementResponses":[],"ratingOverall":3,"langId":"4105","userNickname":"Yvonne","brandType":"Expedia","title":"Okay","reviewText":"The rooms were fine but the noise from the bar which takes up most of the lobby was very off putting...as was the $62. per night fee for car parking.\r\n\r\n","featured":false,"ratingsOnly":false,"ratingRoomCleanliness":3,"ratingHotelCondition":3,"ratingService":3,"ratingRoomComfort":3,"positiveRemarks":"Nice room amenities...soaps and bathroom particularly good.","negativeRemarks":"Lighting in the rooms...very difficult for one person to read when the other would like to sleep","locationRemarks":"Very good location.  Walking distance to AT &T ball park, movie theatres, BART station and restaurants","lastInitial":"","userLocation":"Vancouver, BC","reviewSubmissionTime":"2016-05-25T23:23:28Z","reviewerCategories":[{"categoryId":"Everyone","categoryLabel":"Everyone"}],"userDisplayName":"","roomTypeId":200824243,"isUnverified":false,"isFlaggable":true,"isRecommended":"NO"},{"hotelId":"287112","totalPositiveFeedbacks":0,"tpid":"1","eapid":"0","contentLocale":"en_us","totalThanks":0,"photos":[],"reviewId":"57163d82548ee509f703726d","itinId":"1128235614389","moderationStatus":"APPROVED","contentCodes":"","managementResponses":[],"ratingOverall":4,"langId":"1033","userNickname":"Scott","brandType":"Expedia","title":"Nice hotel Excellwnt lobby bar lounge ","reviewText":"It's a W if you've stayed at another W hotel then you know what to expect. Great for people looking for convenience, fresh, modern and wonderful vibrant lobby bar/lounge with folks of different ages and backgrounds. If you're looking for a place to start your night and finish it this hotel offers that. ","featured":false,"ratingsOnly":false,"ratingRoomCleanliness":4,"ratingHotelCondition":4,"ratingService":4,"ratingRoomComfort":4,"positiveRemarks":"","negativeRemarks":"","locationRemarks":"","lastInitial":"","userLocation":"Houston, TX","reviewSubmissionTime":"2016-04-19T14:15:30Z","reviewerCategories":[{"categoryId":"Everyone","categoryLabel":"Everyone"}],"userDisplayName":"","roomTypeId":200824241,"isUnverified":false,"isFlaggable":true,"isRecommended":"YES"},{"hotelId":"287112","totalPositiveFeedbacks":0,"tpid":"1","eapid":"0","contentLocale":"en_us","totalThanks":0,"photos":[],"reviewId":"5711ae9b7d8a6009f5b3d59b","itinId":"1129704930670","moderationStatus":"APPROVED","contentCodes":"","managementResponses":[],"ratingOverall":5,"langId":"1033","userNickname":"Mari","brandType":"Expedia","title":"In town to go watch the Dodgers play","reviewText":"Beautiful welcoming hotel staff and very clean. Was close to everything, walking distance to food,coffee, ballpark. Overall very happy with hotel and would book a room again in San Francisco.","featured":false,"ratingsOnly":false,"ratingRoomCleanliness":5,"ratingHotelCondition":5,"ratingService":5,"ratingRoomComfort":5,"positiveRemarks":"","negativeRemarks":"","locationRemarks":"","lastInitial":"M","userLocation":"B C ","reviewSubmissionTime":"2016-04-16T03:16:43Z","reviewerCategories":[{"categoryId":"Everyone","categoryLabel":"Everyone"}],"userDisplayName":"","roomTypeId":200824241,"isUnverified":false,"isFlaggable":true,"isRecommended":"YES"},{"hotelId":"287112","totalPositiveFeedbacks":0,"tpid":"1","eapid":"0","contentLocale":"en_us","totalThanks":0,"photos":[],"reviewId":"570e940310a48809f745004e","itinId":"1129168158402","moderationStatus":"APPROVED","contentCodes":"","managementResponses":[],"ratingOverall":4,"langId":"1033","userNickname":"Deborah","brandType":"Expedia","title":"Convenient to Moscone Center, pleasant atmosphere","reviewText":"Did not spend too much time in the room but when I was there it was very comfortable.  Concierge was very helpful.","featured":false,"ratingsOnly":false,"ratingRoomCleanliness":5,"ratingHotelCondition":5,"ratingService":4,"ratingRoomComfort":5,"positiveRemarks":"It is a perfect hotel for a vacationer as far as not being too distant from tourist sites and is great for a business trip held at Moscone center.","negativeRemarks":"Outdoor patio/bar area","locationRemarks":"","lastInitial":"","userLocation":"Southern California","reviewSubmissionTime":"2016-04-13T18:46:27Z","reviewerCategories":[{"categoryId":"BusinessTravelers","categoryLabel":"BusinessTravelers"}],"userDisplayName":"","roomTypeId":200824240,"isUnverified":false,"isFlaggable":true,"isRecommended":"YES"},{"hotelId":"287112","totalPositiveFeedbacks":0,"tpid":"1","eapid":"0","contentLocale":"en_us","totalThanks":0,"photos":[],"reviewId":"570be9f1f9167309dbbf2f1f","itinId":"1129754825268","moderationStatus":"APPROVED","contentCodes":"","managementResponses":[],"ratingOverall":5,"langId":"1033","userNickname":"","brandType":"Expedia","title":"","reviewText":"Good hotel close to convention center and shopping area.","featured":false,"ratingsOnly":false,"ratingRoomCleanliness":5,"ratingHotelCondition":5,"ratingService":5,"ratingRoomComfort":5,"positiveRemarks":"","negativeRemarks":"","locationRemarks":"","lastInitial":"","userLocation":"","reviewSubmissionTime":"2016-04-11T18:16:17Z","reviewerCategories":[{"categoryId":"BusinessTravelers","categoryLabel":"BusinessTravelers"}],"userDisplayName":"","roomTypeId":200824243,"isUnverified":false,"isFlaggable":true,"isRecommended":"YES"},{"hotelId":"287112","totalPositiveFeedbacks":0,"tpid":"1","eapid":"0","contentLocale":"en_us","totalThanks":0,"photos":[],"reviewId":"5709a186f9167309dbb7f7f2","itinId":"1129216134091","moderationStatus":"APPROVED","contentCodes":"MMA","managementResponses":[],"ratingOverall":3,"langId":"1033","userNickname":"Liz","brandType":"Expedia","title":"Beautiful lobby and restaurant. Room OK.","reviewText":"Checked in and went to the room on the 16th floor. Front desk had not given us our breakfast coupons, location of restaurant or hours. Went back down to retrieve. Room was clean and seemed nice when we first arrived. We could hear a lot of loud noises after a while through to early morning and it never seemed to really cease. Realized on checkout we had been given a room right next to the supply maintenance room. Not much sleep.","featured":false,"ratingsOnly":false,"ratingRoomCleanliness":4,"ratingHotelCondition":4,"ratingService":3,"ratingRoomComfort":3,"positiveRemarks":"Lobby, location, and restaurant. Restaurant had excellent food and service also. Highly recommend going here for a drink or food. ","negativeRemarks":"Service with some of the staff. I'm thinking some just aren't trained well.","locationRemarks":"Close to restaurants, shopping, transportation. Great restaurant and bar within.","lastInitial":"T","userLocation":"Sonoma, CA","reviewSubmissionTime":"2016-04-10T00:42:46Z","reviewerCategories":[{"categoryId":"Everyone","categoryLabel":"Everyone"}],"userDisplayName":"","roomTypeId":200824241,"isUnverified":false,"isFlaggable":false,"isRecommended":"NO"}]}}}
