{"reviewDetails":{"startIndex":0,"numberOfReviewsInThisPage":20,"reviewSummaryCollection":{"reviewSummary":[{"hotelId":"891239","totalReviewCnt":162,"avgOverallRating":3.4876552,"cleanliness":3.8395066,"serviceAndStaff":3.851852,"roomComfort":3.5432098,"hotelCondition":3.3950617,"convenienceOfLocation":4.3636365,"neighborhoodSatisfaction":4.3636365,"roomQuality":0,"targetedBrand":"Expedia","originSummary":[{"origin":"Expedia","reviewCnt":162,"recommendedPercent":78.395065,"avgOverallRating":3.4876552,"cleanliness":3.8395066,"serviceAndStaff":3.851852,"roomComfort":3.5432098,"hotelCondition":3.3950617,"convenienceOfLocation":4.3636365,"neighborhoodSatisfaction":4.3636365,"valueForMoney":0,"roomQuality":0,"categoryCounts":{"Everyone":135,"Couples":9,"BusinessTravelers":2,"Students":1,"Families":5},"roomTypeIdCounts":{"200864811":17,"200864812":11,"200864813":21,"200069012":28,"200069013":36},"languageCounts":{"en":162}}],"recommendedPercent":78.395065,"valueForMoney":0,"categoryCounts":{"Everyone":135,"Couples":9,"BusinessTravelers":2,"Students":1,"Families":5},"roomTypeIdCounts":{"200864811":17,"200864812":11,"200864813":21,"200069012":28,"200069013":36},"languageCounts":{"en":162},"featuredReview":{}}]},"reviewCollection":{"review":[{"hotelId":"891239","totalPositiveFeedbacks":0,"tpid":"1","eapid":"0","contentLocale":"en_us","totalThanks":0,"photos":[],"reviewId":"57aab6271563430b294ad55b","itinId":"1142424529123","moderationStatus":"APPROVED","contentCodes":"","managementResponses":[],"ratingOverall":4,"langId":"1033","userNickname":"harry","brandType":"Expedia","title":"Was very surprised how nice it was","reviewText":"Room was very clean The staff very helpful. Area was nice. It was close to shopping.","featured":false,"ratingsOnly":false,"ratingRoomCleanliness":5,"ratingHotelCondition":4,"ratingService":4,"ratingRoomComfort":5,"positiveRemarks":"","negativeRemarks":"","locationRemarks":"","lastInitial":"","userLocation":"eureka  calif.","reviewSubmissionTime":"2016-08-10T05:05:43Z","reviewerCategories":[{"categoryId":"Everyone","categoryLabel":"Everyone"}],"userDisplayName":"","roomTypeId":200864811,"isUnverified":false,"isFlaggable":true,"isRecommended":"YES"},{"hotelId":"891239","totalPositiveFeedbacks":0,"tpid":"1","eapid":"0","contentLocale":"en_us","totalThanks":0,"photos":[],"reviewId":"57a1dd54379e130b27b8add3","itinId":"1128270773794","moderationStatus":"APPROVED","contentCodes":"","managementResponses":[{"userNickname":"trupti","displayLocale":"en_us","isFlaggable":true,"date":"2016-08-03T15:39:15Z","response":"Thanks for staying with us. We work hard to make our guests happy and appreciate your feedback!","status":"APPROVED","id":"bd7513ee-0540-4334-a96b-652479f00504"}],"ratingOverall":4,"langId":"1033","userNickname":"Rob ","brandType":"Expedia","title":"Nice location in SF","reviewText":"Smaller hotel in the San Francisco area. Nice location. Very peaceful place. You can walk a block or two in several directions to catch different buses to go to area attractions. Very easily done once you figure out the stops and routes. Hotel staff was very friendly and helpful. Overall enjoyable stay. Would use this hotel again","featured":false,"ratingsOnly":false,"ratingRoomCleanliness":4,"ratingHotelCondition":4,"ratingService":5,"ratingRoomComfort":4,"positiveRemarks":"","negativeRemarks":"","locationRemarks":"","lastInitial":"B","userLocation":"Tennessee","reviewSubmissionTime":"2016-08-03T12:02:28Z","reviewerCategories":[{"categoryId":"Everyone","categoryLabel":"Everyone"}],"userDisplayName":"","roomTypeId":200864813,"isUnverified":false,"isFlaggable":true,"isRecommended":"YES"},{"hotelId":"891239","totalPositiveFeedbacks":0,"tpid":"1","eapid":"0","contentLocale":"en_us","totalThanks":0,"photos":[],"reviewId":"578eace27331850b2758711b","itinId":"1139488733098","moderationStatus":"APPROVED","contentCodes":"","managementResponses":[{"userNickname":"t","displayLocale":"en_us","isFlaggable":true,"date":"2016-07-20T16:55:44Z","response":"Thanks for staying with us. We work hard to make our guests happy and appreciate your feedback!","status":"APPROVED","id":"6525d33f-25e5-483f-a4ce-08c172fff147"}],"ratingOverall":4,"langId":"1033","userNickname":"","brandType":"Expedia","title":"","reviewText":"Needed place close to the Presidio.  This place fit the bill.  Room was OK.  Clean, bed good.  Furnishing was a bit eclectic, but I don't need anything impressive other than cleanliness and comfort of bedding.  Location was very good for me.  Only negative is the very limited parking and we could not park a truck in the tiny lot.","featured":false,"ratingsOnly":false,"ratingRoomCleanliness":4,"ratingHotelCondition":4,"ratingService":4,"ratingRoomComfort":4,"positiveRemarks":"","negativeRemarks":"","locationRemarks":"","lastInitial":"","userLocation":"","reviewSubmissionTime":"2016-07-19T22:42:42Z","reviewerCategories":[{"categoryId":"Everyone","categoryLabel":"Everyone"}],"userDisplayName":"","roomTypeId":200864812,"isUnverified":false,"isFlaggable":true,"isRecommended":"YES"},{"hotelId":"891239","totalPositiveFeedbacks":0,"tpid":"1","eapid":"0","contentLocale":"en_us","totalThanks":0,"photos":[],"reviewId":"57772a3325628c0b7c4ea2a0","itinId":"1135280457596","moderationStatus":"APPROVED","contentCodes":"","managementResponses":[{"userNickname":"trudu","displayLocale":"en_us","isFlaggable":true,"date":"2016-07-02T15:34:05Z","response":"Thanks for staying with us. We work hard to make our guests happy and appreciate your feedback!","status":"APPROVED","id":"df63adc4-c475-4806-962d-12a2c7433d68"}],"ratingOverall":4,"langId":"1033","userNickname":"","brandType":"Expedia","title":"Very limited parking at the hotel.","reviewText":"The only problem was that the hotel had very limited parking. There wasn't too much to do within walking distance so i didn't want to move my car from the parking lot at the hotel so i wouldn't have to deal with parking on the street. Otherwise, the room was adequate and my 2 kids and i felt safe there/","featured":false,"ratingsOnly":false,"ratingRoomCleanliness":4,"ratingHotelCondition":4,"ratingService":4,"ratingRoomComfort":4,"positiveRemarks":"felt safe","negativeRemarks":"better parking","locationRemarks":"","lastInitial":"","userLocation":"","reviewSubmissionTime":"2016-07-02T02:42:59Z","reviewerCategories":[{"categoryId":"Everyone","categoryLabel":"Everyone"}],"userDisplayName":"","roomTypeId":200864813,"isUnverified":false,"isFlaggable":true,"isRecommended":"NO"},{"hotelId":"891239","totalPositiveFeedbacks":0,"tpid":"1","eapid":"0","contentLocale":"en_us","totalThanks":0,"photos":[],"reviewId":"5773c941f450ed332a236c32","itinId":"1132487669048","moderationStatus":"APPROVED","contentCodes":"","managementResponses":[{"userNickname":"trudy","displayLocale":"en_us","isFlaggable":true,"date":"2016-06-30T19:24:10Z","response":"Dear Valued Guest,\r\n\r\nThank you for staying at Country Hearth. We are pleased to hear that you had a great experience and enjoyed your stay. We hope to see you again during your future visits to San Francisco!\r\n\r\nWarm regards,","status":"APPROVED","id":"d45b01d5-2336-4f4c-b045-5d4be96b5555"}],"ratingOverall":4,"langId":"1033","userNickname":"Paul ","brandType":"Expedia","title":"Nice Hotel For Decent Price in San Fran","reviewText":"Staff was friendly and helped get checked in at a very late hour.  Parking is ridiculously cramped but they allowed me to squeeze in to a non-parking spot overnight until I could get a spot in the morning.  Room was small but cozy and cleaner than most.  If you need a base while you sightsee in San Fran this would be a good hotel for you, provided you are spending most of your time elsewhere (not the hotel).  Would definitely recommend to others.","featured":false,"ratingsOnly":false,"ratingRoomCleanliness":4,"ratingHotelCondition":3,"ratingService":4,"ratingRoomComfort":4,"positiveRemarks":"","negativeRemarks":"","locationRemarks":"","lastInitial":"H","userLocation":"Oklahoma","reviewSubmissionTime":"2016-06-29T13:12:33Z","reviewerCategories":[{"categoryId":"Everyone","categoryLabel":"Everyone"}],"userDisplayName":"","roomTypeId":200864812,"isUnverified":false,"isFlaggable":true,"isRecommended":"YES"},{"hotelId":"891239","totalPositiveFeedbacks":0,"tpid":"1","eapid":"0","contentLocale":"en_us","totalThanks":0,"photos":[],"reviewId":"576eac4bf544680b7c1f8b74","itinId":"1133422989769","moderationStatus":"APPROVED","contentCodes":"","managementResponses":[{"userNickname":"trudy","displayLocale":"en_us","isFlaggable":true,"date":"2016-06-27T04:25:13Z","response":"Dear Valued Guest,\r\n\r\nThank you for staying at Country Hearth. We are pleased to hear that you had a great experience and enjoyed your stay. We hope to see you again during your future visits to San Francisco!\r\n\r\nWarm regards,","status":"APPROVED","id":"fd21cac8-523c-4b77-b606-165e617710c6"}],"ratingOverall":4,"langId":"1033","userNickname":"","brandType":"Expedia","title":"","reviewText":"Great location and quiet comfortable room. Very comfy bed.","featured":false,"ratingsOnly":false,"ratingRoomCleanliness":4,"ratingHotelCondition":4,"ratingService":4,"ratingRoomComfort":4,"positiveRemarks":"","negativeRemarks":"","locationRemarks":"","lastInitial":"","userLocation":"","reviewSubmissionTime":"2016-06-25T16:07:39Z","reviewerCategories":[{"categoryId":"Everyone","categoryLabel":"Everyone"}],"userDisplayName":"","roomTypeId":200864812,"isUnverified":false,"isFlaggable":true,"isRecommended":"YES"},{"hotelId":"891239","totalPositiveFeedbacks":0,"tpid":"1","eapid":"0","contentLocale":"en_us","totalThanks":0,"photos":[],"reviewId":"575ee024019dd20b27604320","itinId":"1135521607811","moderationStatus":"APPROVED","contentCodes":"","managementResponses":[{"userNickname":"T","displayLocale":"en_us","isFlaggable":true,"date":"2016-06-15T17:21:33Z","response":"Dear Valued Guest,\r\n\r\nThank you for staying at Country Hearth. We are pleased to hear that you had a great experience and enjoyed your stay. We hope to see you again during your future visits to San Francisco!\r\n\r\nWarm regards,","status":"APPROVED","id":"ab68e3de-2840-43e3-b9e0-f6cc8d13c568"}],"ratingOverall":3,"langId":"1033","userNickname":"Mike","brandType":"Expedia","title":"Convenient hotel ","reviewText":"This is a very conveniently located hotel to get downtown.  Two bus lines are available within a block of the hotel and at $2.25 a ride it could be the best value you'll find.\r\n\r\nThe staff is very friendly and helpful.  When we registered we were given a map and he circled all the tourist highlights.\r\n\r\nBreakfast included coffee, tea, 2 juices, assorted fruits and pastries. The pastries  and bananas were usually slightly past their prime. \r\n\r\nWhile we didn't have a car, there was parking for approximately 50% of the rooms.\r\n\r\nThe rooms were a little small but very clean.  \r\n\r\n\r\n\r\n\r\n \r\n\r\n\r\n","featured":false,"ratingsOnly":false,"ratingRoomCleanliness":5,"ratingHotelCondition":4,"ratingService":4,"ratingRoomComfort":3,"positiveRemarks":"","negativeRemarks":"","locationRemarks":"Very convenient to bus lines to get downtown","lastInitial":"","userLocation":"Rochester, NY","reviewSubmissionTime":"2016-06-13T16:32:36Z","reviewerCategories":[{"categoryId":"Everyone","categoryLabel":"Everyone"}],"userDisplayName":"","roomTypeId":200864813,"isUnverified":false,"isFlaggable":true,"isRecommended":"YES"},{"hotelId":"891239","totalPositiveFeedbacks":0,"tpid":"1","eapid":"0","contentLocale":"en_us","totalThanks":0,"photos":[],"reviewId":"575ac7ca4407ab0b26e5b130","itinId":"1135434242848","moderationStatus":"APPROVED","contentCodes":"","managementResponses":[{"userNickname":"TRUDY","displayLocale":"en_us","isFlaggable":true,"date":"2016-06-11T17:39:04Z","response":"Dear Valued Guest,\r\n\r\nThank you for staying at Country Hearth. We are pleased to hear that you had a great experience and enjoyed your stay. We hope to see you again during your future visits to San Francisco!\r\n\r\nWarm regards,","status":"APPROVED","id":"f9e8561f-bf9d-49b2-a57f-f4fef14932dd"}],"ratingOverall":5,"langId":"1033","userNickname":"Mark","brandType":"Expedia","title":"Good location near the Presideo","reviewText":"Nice place to stay. We also enjoyed the neighborhood. The staff were nice.","featured":false,"ratingsOnly":false,"ratingRoomCleanliness":4,"ratingHotelCondition":4,"ratingService":5,"ratingRoomComfort":4,"positiveRemarks":"","negativeRemarks":"","locationRemarks":"","lastInitial":"","userLocation":"","reviewSubmissionTime":"2016-06-10T13:59:38Z","reviewerCategories":[{"categoryId":"Everyone","categoryLabel":"Everyone"}],"userDisplayName":"","roomTypeId":200864813,"isUnverified":false,"isFlaggable":true,"isRecommended":"YES"},{"hotelId":"891239","totalPositiveFeedbacks":0,"tpid":"1","eapid":"0","contentLocale":"en_us","totalThanks":0,"photos":[],"reviewId":"572629534de9e809e3911c5e","itinId":"1129683831478","moderationStatus":"APPROVED","contentCodes":"","managementResponses":[{"userNickname":"T","displayLocale":"en_us","isFlaggable":true,"date":"2016-05-02T17:17:42Z","response":"Dear Valued Guest,\r\n\r\nThank you for staying at Country Hearth. We are pleased to hear that you had a great experience and enjoyed your stay. We hope to see you again during your future visits to San Francisco!\r\n\r\nWarm regards,","status":"APPROVED","id":"faf45528-f36b-44a1-aa53-2d3bb44bb219"}],"ratingOverall":5,"langId":"1033","userNickname":"","brandType":"Expedia","title":"great hotel!","reviewText":"If your looking to stay in an affordable hotel with parking this is the place! It's very close to all attractions about a 10-20 min drive to all! Very close to the popular fishermans warf and the marina that has some really great restaurants! The rooms are very clean and are nice in person than on photos it's more modern! The staff was great very helpful. The breakfast was mainly pastries, coffee and juice. But overall it's a great affordable place! I really loved it!","featured":false,"ratingsOnly":false,"ratingRoomCleanliness":5,"ratingHotelCondition":5,"ratingService":5,"ratingRoomComfort":5,"positiveRemarks":"","negativeRemarks":"","locationRemarks":"","lastInitial":"","userLocation":"","reviewSubmissionTime":"2016-05-01T16:05:39Z","reviewerCategories":[{"categoryId":"Everyone","categoryLabel":"Everyone"}],"userDisplayName":"","roomTypeId":200864813,"isUnverified":false,"isFlaggable":true,"isRecommended":"YES"},{"hotelId":"891239","totalPositiveFeedbacks":0,"tpid":"1","eapid":"0","contentLocale":"en_us","totalThanks":0,"photos":[],"reviewId":"571297b310a48809f7557e28","itinId":"1132038669711","moderationStatus":"APPROVED","contentCodes":"","managementResponses":[{"userNickname":"t","displayLocale":"en_us","isFlaggable":true,"date":"2016-04-18T18:12:15Z","response":"Dear Valued Guest,\r\n\r\nThank you for staying at Country Hearth. We are pleased to hear that you had a great experience and enjoyed your stay. We hope to see you again during your future visits to San Francisco!\r\n\r\nWarm regards,\r\n‹ contact information ›","status":"APPROVED","id":"1acb18f1-8ab1-4011-a75b-b6c447f6838c"}],"ratingOverall":4,"langId":"1033","userNickname":"Dana ","brandType":"Expedia","title":"Nice location ","reviewText":"Nice place to stay short term...clean rooms nice staff..the parking is first come first serve","featured":false,"ratingsOnly":false,"ratingRoomCleanliness":5,"ratingHotelCondition":4,"ratingService":5,"ratingRoomComfort":4,"positiveRemarks":"","negativeRemarks":"","locationRemarks":"","lastInitial":"","userLocation":"California ","reviewSubmissionTime":"2016-04-16T19:51:15Z","reviewerCategories":[{"categoryId":"Everyone","categoryLabel":"Everyone"}],"userDisplayName":"","roomTypeId":200864811,"isUnverified":false,"isFlaggable":true,"isRecommended":"YES"},{"hotelId":"891239","totalPositiveFeedbacks":0,"tpid":"1","eapid":"0","contentLocale":"en_us","totalThanks":0,"photos":[],"reviewId":"570ef23fde253609fa1ba342","itinId":"1129908703374","moderationStatus":"APPROVED","contentCodes":"MMA HMP","managementResponses":[{"userNickname":"t","displayLocale":"en_us","isFlaggable":false,"date":"2016-04-16T21:15:13Z","response":"Thank you for staying at country hearth inn.","status":"APPROVED","id":"586da762-e481-4e15-8040-b3ad3e4826ab"}],"ratingOverall":3,"langId":"1033","userNickname":"Alaine","brandType":"Expedia","title":"","reviewText":"Owners were very pleasant and accommodating.Room was clean and nicely furnished","featured":false,"ratingsOnly":false,"ratingRoomCleanliness":5,"ratingHotelCondition":4,"ratingService":4,"ratingRoomComfort":4,"positiveRemarks":"","negativeRemarks":"","locationRemarks":"","lastInitial":"S","userLocation":"Texas","reviewSubmissionTime":"2016-04-14T01:28:31Z","reviewerCategories":[{"categoryId":"Couples","categoryLabel":"Couples"}],"userDisplayName":"","roomTypeId":200864812,"isUnverified":false,"isFlaggable":false,"isRecommended":"YES"},{"hotelId":"891239","totalPositiveFeedbacks":0,"tpid":"1","eapid":"0","contentLocale":"en_us","totalThanks":0,"photos":[],"reviewId":"56fa9aba4f20ca097a23326e","itinId":"1127199006639","moderationStatus":"APPROVED","contentCodes":"","managementResponses":[{"userNickname":"t","displayLocale":"en_us","isFlaggable":true,"date":"2016-03-31T17:15:00Z","response":"Dear Valued Guest,\r\n\r\nThank you for staying at Country Hearth. We are pleased to hear that you had a great experience and enjoyed your stay. We hope to see you again during your future visits to San Francisco!\r\n\r\nWarm regards,","status":"APPROVED","id":"9c5cf5ee-beea-4fdb-8c64-ecc67b443cef"}],"ratingOverall":3,"langId":"1033","userNickname":"","brandType":"Expedia","title":"Perfectly located in the city","reviewText":"The hotel is cozy and easy on your wallet, the location is just perfect too. Goleden gate bridge and fishermas ward are a 15 min car ride so you can easily get around. Restaurants and utility stores are located in walking distance so one can also explore the area around. Biggest flaw thou, the wifi is terrible, it's next to non-existent honestly. Otherwise it's perfect for the money you pay! ","featured":false,"ratingsOnly":false,"ratingRoomCleanliness":3,"ratingHotelCondition":1,"ratingService":3,"ratingRoomComfort":2,"positiveRemarks":"","negativeRemarks":"","locationRemarks":"","lastInitial":"","userLocation":"","reviewSubmissionTime":"2016-03-29T15:09:46Z","reviewerCategories":[{"categoryId":"Everyone","categoryLabel":"Everyone"}],"userDisplayName":"","roomTypeId":200864813,"isUnverified":false,"isFlaggable":true,"isRecommended":"YES"},{"hotelId":"891239","totalPositiveFeedbacks":1,"tpid":"4","eapid":"0","contentLocale":"en_ca","totalThanks":1,"photos":[],"reviewId":"56eb2a803555880979a70619","itinId":"1129880001403","moderationStatus":"APPROVED","contentCodes":"","managementResponses":[{"userNickname":"trudy","displayLocale":"en_us","isFlaggable":true,"date":"2016-03-18T16:52:58Z","response":"Thanks for staying with us. We work hard to make our guests happy and appreciate your feedback!","status":"APPROVED","id":"e8f61957-1bee-4f5d-b9e8-00bbb3d750a5"}],"ratingOverall":4,"langId":"4105","userNickname":"Kelly","brandType":"Expedia","title":"Excellent location, clean and nice staff.","reviewText":"We were there for 2 nights and were perfectly happy with our room. We got our own bathroom and the room had a nice flat screen tv.","featured":false,"ratingsOnly":false,"ratingRoomCleanliness":4,"ratingHotelCondition":3,"ratingService":5,"ratingRoomComfort":3,"positiveRemarks":"","negativeRemarks":"","locationRemarks":"Take a bus wherever you go! You can transfer from route to route for hours, for $2.25!","lastInitial":"","userLocation":"Canada","reviewSubmissionTime":"2016-03-17T22:06:56Z","reviewerCategories":[{"categoryId":"Everyone","categoryLabel":"Everyone"}],"userDisplayName":"","roomTypeId":200864811,"isUnverified":false,"isFlaggable":true,"isRecommended":"YES"},{"hotelId":"891239","totalPositiveFeedbacks":0,"tpid":"25","eapid":"0","contentLocale":"en_au","totalThanks":0,"photos":[],"reviewId":"56e43dbf35e96009652db917","itinId":"16382664442","moderationStatus":"APPROVED","contentCodes":"MMA","managementResponses":[{"userNickname":"t","displayLocale":"en_us","isFlaggable":false,"date":"2016-03-15T17:30:19Z","response":"Thanks for staying with us. We work hard to make our guests happy and appreciate your feedback!","status":"APPROVED","id":"6865338c-7590-4395-81bd-8ab174a9c1ff"}],"ratingOverall":3,"langId":"3081","userNickname":"Jaclyn ","brandType":"Expedia","title":"Clean, warm and comfortable ","reviewText":"This hotel is very close to the marina and Golden Gate Bridge and definitely walking distance to Alcatraz departure and Fishermans warf. There is also very easy access to union street shops and nice places along Fillmore. \r\n","featured":false,"ratingsOnly":false,"ratingRoomCleanliness":4,"ratingHotelCondition":4,"ratingService":3,"ratingRoomComfort":4,"positiveRemarks":"","negativeRemarks":"","locationRemarks":"","lastInitial":"","userLocation":"membourne, AU","reviewSubmissionTime":"2016-03-12T16:03:11Z","reviewerCategories":[{"categoryId":"Everyone","categoryLabel":"Everyone"}],"userDisplayName":"","roomTypeId":200864811,"isUnverified":false,"isFlaggable":false,"isRecommended":"YES"},{"hotelId":"891239","totalPositiveFeedbacks":0,"tpid":"15","eapid":"0","contentLocale":"en_my","totalThanks":0,"photos":[],"reviewId":"56e285484b5e3c0999c35927","itinId":"127807216033","moderationStatus":"APPROVED","contentCodes":"HMP MMD","managementResponses":[{"userNickname":"trudy","displayLocale":"en_us","isFlaggable":false,"date":"2016-03-15T17:30:19Z","response":"Thanks for staying with us. We work hard to make our guests happy and appreciate your feedback!","status":"APPROVED","id":"a0aeb711-8b6e-4839-a157-e7e7e1114c47"}],"ratingOverall":3,"langId":"2057","userNickname":"N","brandType":"Expedia","title":"","reviewText":"It was great. the staff could guide me to do sightseeing the city. the location was good. ","featured":false,"ratingsOnly":false,"ratingRoomCleanliness":5,"ratingHotelCondition":3,"ratingService":3,"ratingRoomComfort":4,"positiveRemarks":"","negativeRemarks":"","locationRemarks":"","lastInitial":"","userLocation":"","reviewSubmissionTime":"2016-03-11T08:43:52Z","reviewerCategories":[{"categoryId":"Everyone","categoryLabel":"Everyone"}],"userDisplayName":"","roomTypeId":200864811,"isUnverified":false,"isFlaggable":false,"isRecommended":"YES"},{"hotelId":"891239","totalPositiveFeedbacks":0,"tpid":"1","eapid":"0","contentLocale":"en_us","totalThanks":0,"photos":[],"reviewId":"56c51a99dcec1d09813007fb","itinId":"1127251420142","moderationStatus":"APPROVED","contentCodes":"MMA","managementResponses":[{"userNickname":"t","displayLocale":"en_us","isFlaggable":false,"date":"2016-02-29T15:30:46Z","response":"Thank you for staying at country hearth inn","status":"APPROVED","id":"76f3fc54-0357-45c3-b4cc-276b07b0938f"}],"ratingOverall":4,"langId":"1033","userNickname":"","brandType":"Expedia","title":"","reviewText":"The location is very convenient. Also, it's a quiet place in a busy and noisy Lombard street. The room was spacious and comfortable. Friendly staff. But the breakfast was pretty poor.","featured":false,"ratingsOnly":false,"ratingRoomCleanliness":5,"ratingHotelCondition":4,"ratingService":5,"ratingRoomComfort":5,"positiveRemarks":"","negativeRemarks":"","locationRemarks":"","lastInitial":"","userLocation":"","reviewSubmissionTime":"2016-02-18T01:12:57Z","reviewerCategories":[{"categoryId":"Everyone","categoryLabel":"Everyone"}],"userDisplayName":"","roomTypeId":200864813,"isUnverified":false,"isFlaggable":false,"isRecommended":"YES"},{"hotelId":"891239","totalPositiveFeedbacks":0,"tpid":"1","eapid":"0","contentLocale":"en_us","totalThanks":0,"photos":[],"reviewId":"56c1453e7df9a60995c764cb","itinId":"1127312675206","moderationStatus":"APPROVED","contentCodes":"","managementResponses":[{"userNickname":"t","displayLocale":"en_us","isFlaggable":true,"date":"2016-02-16T17:35:03Z","response":"Dear Valued Guest,\r\n\r\nThank you for staying at Country Hearth. We are pleased to hear that you had a great experience and enjoyed your stay. We hope to see you again during your future visits to San Francisco!\r\n\r\nWarm regards,","status":"APPROVED","id":"d3b69024-7bdd-4217-9b35-3985772c5782"}],"ratingOverall":5,"langId":"1033","userNickname":"","brandType":"Expedia","title":"Great place to stay!","reviewText":"Off the main Lombard drag. Close enough to walk to the Marina District for food and shopping, but also a close walk to the Presidio. You can hear traffic, but not as bad as if it was on the Main drag.","featured":false,"ratingsOnly":false,"ratingRoomCleanliness":5,"ratingHotelCondition":5,"ratingService":5,"ratingRoomComfort":5,"positiveRemarks":"","negativeRemarks":"","locationRemarks":"","lastInitial":"","userLocation":"","reviewSubmissionTime":"2016-02-15T03:25:50Z","reviewerCategories":[{"categoryId":"BusinessTravelers","categoryLabel":"BusinessTravelers"}],"userDisplayName":"","roomTypeId":200864811,"isUnverified":false,"isFlaggable":true,"isRecommended":"YES"},{"hotelId":"891239","totalPositiveFeedbacks":0,"tpid":"4","eapid":"0","contentLocale":"en_ca","totalThanks":0,"photos":[],"reviewId":"56b0d9a381c5100981a4e049","itinId":"1118292114977","moderationStatus":"APPROVED","contentCodes":"","managementResponses":[{"userNickname":"t","displayLocale":"en_us","isFlaggable":true,"date":"2016-02-16T17:34:51Z","response":"Dear Valued Guest,\r\n\r\nThank you for staying at Country Hearth. We are pleased to hear that you had a great experience and enjoyed your stay. We hope to see you again during your future visits to San Francisco!\r\n\r\nWarm regards,","status":"APPROVED","id":"ae61cd00-9d1a-4251-a9c6-80f35485530e"}],"ratingOverall":4,"langId":"4105","userNickname":"","brandType":"Expedia","title":"","reviewText":"Was a nice hotel about a 40 min walk easy to Golden Gate Bridge and same distance the other way to the pier. Only frustration we had was they were doing renovations and started early in the morning so it was a noisy wake up","featured":false,"ratingsOnly":false,"ratingRoomCleanliness":3,"ratingHotelCondition":3,"ratingService":4,"ratingRoomComfort":3,"positiveRemarks":"","negativeRemarks":"","locationRemarks":"","lastInitial":"","userLocation":"","reviewSubmissionTime":"2016-02-02T16:30:27Z","reviewerCategories":[{"categoryId":"Everyone","categoryLabel":"Everyone"}],"userDisplayName":"","roomTypeId":200864811,"isUnverified":false,"isFlaggable":true,"isRecommended":"YES"},{"hotelId":"891239","totalPositiveFeedbacks":0,"tpid":"4","eapid":"0","contentLocale":"en_ca","totalThanks":0,"photos":[],"reviewId":"569c6dd52226f6096540595e","itinId":"1122932540376","moderationStatus":"APPROVED","contentCodes":"","managementResponses":[{"userNickname":"t","displayLocale":"en_us","isFlaggable":true,"date":"2016-03-09T18:23:48Z","response":"Dear Valued Guest,\r\n\r\nThank you for staying at Country Hearth. We are pleased to hear that you had a great experience and enjoyed your stay. We hope to see you again during your future visits to San Francisco!\r\n\r\nWarm regards,","status":"APPROVED","id":"70f47986-7809-4ce0-945e-1fcf09e1a2df"}],"ratingOverall":3,"langId":"4105","userNickname":"Wayne","brandType":"Expedia","title":" Hotel Within Walking Distance Of Attractions","reviewText":"Hotels situated on the quite stretch of Lombard St.. Room was clean, Staff were friendly. Hotel offered a small continental Breakfast, muffins, juice, and coffee. No place to eat thougfh and the room had no table. Safe wouldn't work ,so couldn't lock up our passports and valuables.  Bed was comfortable but pillows not so great. All in all I'd stay there again. ","featured":false,"ratingsOnly":false,"ratingRoomCleanliness":5,"ratingHotelCondition":4,"ratingService":5,"ratingRoomComfort":3,"positiveRemarks":"Location, close to attractions and restaurants. ","negativeRemarks":"Soundproofing, add a small table and chairs to the room. Need to do a little cosmetic repair.\r\n","locationRemarks":"Hotel location is about a half hour walk to Golden Gate bridge, Warf area, and a few blocks over from Crescent Street where the restaurant are located","lastInitial":"","userLocation":"winnipeg Mb.","reviewSubmissionTime":"2016-01-18T04:45:09Z","reviewerCategories":[{"categoryId":"Couples","categoryLabel":"Couples"}],"userDisplayName":"","roomTypeId":200864812,"isUnverified":false,"isFlaggable":true,"isRecommended":"YES"},{"hotelId":"891239","totalPositiveFeedbacks":0,"tpid":"29","eapid":"0","contentLocale":"en_au","totalThanks":0,"photos":[],"reviewId":"56973094c761a409671b0eba","itinId":"120605898593","moderationStatus":"APPROVED","contentCodes":"MMA","managementResponses":[{"userNickname":"t","displayLocale":"en_us","isFlaggable":false,"date":"2016-03-10T17:45:35Z","response":"Dear Valued Guest,\r\n\r\nThank you for staying at Country Hearth. We are pleased to hear that you had a great experience and enjoyed your stay. We hope to see you again during your future visits to San Francisco!\r\n\r\nWarm regards,","status":"APPROVED","id":"179726fc-4ee1-4690-9777-a81267b78b77"}],"ratingOverall":3,"langId":"3081","userNickname":"Sue","brandType":"Expedia","title":"Budget hotel that has what you need.","reviewText":"Staff were friendly and helpful. Room was basic but fine. Breakfast was basic but a good way to start the day. Only downside was it was a little too far from downtown. If you stay here you should like walking or use public transport. ","featured":false,"ratingsOnly":false,"ratingRoomCleanliness":4,"ratingHotelCondition":3,"ratingService":4,"ratingRoomComfort":4,"positiveRemarks":"","negativeRemarks":"","locationRemarks":"","lastInitial":"","userLocation":"Hamilton,  New Zealand ","reviewSubmissionTime":"2016-01-14T05:22:28Z","reviewerCategories":[{"categoryId":"Everyone","categoryLabel":"Everyone"}],"userDisplayName":"","roomTypeId":200864813,"isUnverified":false,"isFlaggable":false,"isRecommended":"YES"}]}}}
