{"reviewDetails":{"startIndex":0,"numberOfReviewsInThisPage":20,"reviewSummaryCollection":{"reviewSummary":[{"hotelId":"18320","totalReviewCnt":145,"avgOverallRating":4.3931036,"cleanliness":4.579309,"serviceAndStaff":4.5586205,"roomComfort":4.3448277,"hotelCondition":4.482758,"convenienceOfLocation":0,"neighborhoodSatisfaction":0,"roomQuality":0,"targetedBrand":"Expedia","originSummary":[{"origin":"Expedia","reviewCnt":145,"recommendedPercent":90.344826,"avgOverallRating":4.3931036,"cleanliness":4.579309,"serviceAndStaff":4.5586205,"roomComfort":4.3448277,"hotelCondition":4.482758,"convenienceOfLocation":0,"neighborhoodSatisfaction":0,"valueForMoney":0,"roomQuality":0,"categoryCounts":{"Everyone":128,"Couples":12,"BusinessTravelers":4,"Families":1},"roomTypeIdCounts":{"200251662":5,"200671762":2,"200177963":3,"200592850":10,"200592851":7,"200592861":26,"200592862":25,"200592868":4,"200671776":3,"200177977":11,"200177973":3,"200671784":5,"200177968":8},"languageCounts":{"en":145}}],"recommendedPercent":90.344826,"valueForMoney":0,"categoryCounts":{"Everyone":128,"Couples":12,"BusinessTravelers":4,"Families":1},"roomTypeIdCounts":{"200251662":5,"200671762":2,"200177963":3,"200592850":10,"200592851":7,"200592861":26,"200592862":25,"200592868":4,"200671776":3,"200177977":11,"200177973":3,"200671784":5,"200177968":8},"languageCounts":{"en":145},"featuredReview":{}}]},"reviewCollection":{"review":[{"hotelId":"18320","totalPositiveFeedbacks":0,"tpid":"3","eapid":"0","contentLocale":"en_gb","totalThanks":0,"photos":[],"reviewId":"57a65dde94356f0b28b4d0e7","itinId":"111719171093","moderationStatus":"APPROVED","contentCodes":"","managementResponses":[{"userNickname":"Sean Front Desk Manager","displayLocale":"en_us","isFlaggable":true,"date":"2016-08-07T16:08:25Z","response":"Scots family,\r\n\r\nWe are thrilled you all enjoyed your stay with us at Hotel Zetta!! The game room is a great way to unwind and have some friendly competition! \r\n\r\nWe can't wait to have you back with us on your next trip to San Francisco! ","status":"APPROVED","id":"b09bf214-d852-443a-b2ab-bed15d7e9ba6"}],"ratingOverall":5,"langId":"2057","userNickname":"scots family","brandType":"Expedia","title":"Well located stylish hotel ","reviewText":"Great hotel, great location (handy for street cars, BART etc and Tommy was perfect for us and 2 kids. Games room was good fun","featured":false,"ratingsOnly":false,"ratingRoomCleanliness":5,"ratingHotelCondition":4,"ratingService":5,"ratingRoomComfort":5,"positiveRemarks":"","negativeRemarks":"","locationRemarks":"","lastInitial":"","userLocation":"","reviewSubmissionTime":"2016-08-06T21:59:58Z","reviewerCategories":[{"categoryId":"Everyone","categoryLabel":"Everyone"}],"userDisplayName":"","roomTypeId":200592850,"isUnverified":false,"isFlaggable":true,"isRecommended":"YES"},{"hotelId":"18320","totalPositiveFeedbacks":0,"tpid":"1","eapid":"0","contentLocale":"en_us","totalThanks":0,"photos":[],"reviewId":"57a1efb73ee2a90b2684630d","itinId":"1135147941451","moderationStatus":"APPROVED","contentCodes":"","managementResponses":[{"userNickname":"Sean Front Desk Manager","displayLocale":"en_us","isFlaggable":true,"date":"2016-08-03T23:59:32Z","response":"Paul,\r\n\r\nIm thrilled you had a wonderful time in our game room! It always makes us happy to hear our guests loving their stay!\r\n\r\nWe look forward to welcoming you back!\r\n\r\nBest,","status":"APPROVED","id":"bdaa8162-d9b6-4143-a698-c482fb2f1cee"}],"ratingOverall":5,"langId":"1033","userNickname":"Paul","brandType":"Expedia","title":"Beautiful hotel in a great location","reviewText":"We stayed here for 5 days and it was an amazing experience. First, the game room was wonderful. It was great to come back to the hotel and relax while playing a game or two. We'd often find families playing which we enjoyed.\r\n\r\nThe location is the best. Great place for easy access to everything ","featured":false,"ratingsOnly":false,"ratingRoomCleanliness":5,"ratingHotelCondition":5,"ratingService":5,"ratingRoomComfort":5,"positiveRemarks":"","negativeRemarks":"","locationRemarks":"","lastInitial":"B","userLocation":"Louisiana","reviewSubmissionTime":"2016-08-03T13:20:55Z","reviewerCategories":[{"categoryId":"Everyone","categoryLabel":"Everyone"}],"userDisplayName":"","roomTypeId":200671762,"isUnverified":false,"isFlaggable":true,"isRecommended":"YES"},{"hotelId":"18320","totalPositiveFeedbacks":0,"tpid":"25","eapid":"0","contentLocale":"en_au","totalThanks":0,"photos":[{"thumbnailUrl":"https://a.travel-assets.com/ugc/hotel-reviews/A1BF3B845EB3A5A575C4FE1C6DEF95B3059F402E1470171716204.jpg?resize=100:*","normalUrl":"https://a.travel-assets.com/ugc/hotel-reviews/A1BF3B845EB3A5A575C4FE1C6DEF95B3059F402E1470171716204.jpg?resize=360:*","caption":"Beautiful flowers "},{"thumbnailUrl":"https://a.travel-assets.com/ugc/hotel-reviews/62F184577BAE2FFE20F64AEB4B7591F1386818E21470171718086.jpg?resize=100:*","normalUrl":"https://a.travel-assets.com/ugc/hotel-reviews/62F184577BAE2FFE20F64AEB4B7591F1386818E21470171718086.jpg?resize=360:*","caption":"Outside hotel"},{"thumbnailUrl":"https://a.travel-assets.com/ugc/hotel-reviews/B030D046ACA05DEA54B50289E5493BC5177252F41470171720935.jpg?resize=100:*","normalUrl":"https://a.travel-assets.com/ugc/hotel-reviews/B030D046ACA05DEA54B50289E5493BC5177252F41470171720935.jpg?resize=360:*","caption":"Welcome home"},{"thumbnailUrl":"https://a.travel-assets.com/ugc/hotel-reviews/D388059250A6E22BC663C1D306999A472AD172F71470171724937.jpg?resize=*:75","normalUrl":"https://a.travel-assets.com/ugc/hotel-reviews/D388059250A6E22BC663C1D306999A472AD172F71470171724937.jpg?resize=*:270","caption":"Alcatraz on wall in lobby"}],"reviewId":"57a1000a3f9da40b2a5d33f2","itinId":"18856524141","moderationStatus":"APPROVED","contentCodes":"HMP","managementResponses":[{"userNickname":"Sean Front Desk Manager","displayLocale":"en_us","isFlaggable":false,"date":"","response":"Sonia,\r\n\r\nRosemary is beyond happy she was able to curate an exceptional stay with us at Hotel Zetta! \r\n\r\nWe are looking forward to welcoming you back on your next trip!","status":"APPROVED","id":"dc017d4a-f25b-4446-89ae-96219656a806"}],"ratingOverall":5,"langId":"3081","userNickname":"sonia","brandType":"Expedia","title":"Great hotel close to major shops and cable car.","reviewText":"Warm welcome on arrival. Staff helpful with tips on great restaurants and things to do. Especially Rosemary at the front desk. Would recommend this hotel as it's easy to get around.","featured":false,"ratingsOnly":false,"ratingRoomCleanliness":4,"ratingHotelCondition":4,"ratingService":5,"ratingRoomComfort":4,"positiveRemarks":"","negativeRemarks":"","locationRemarks":"","lastInitial":"","userLocation":"sydney","reviewSubmissionTime":"2016-08-02T20:18:18Z","reviewerCategories":[{"categoryId":"Everyone","categoryLabel":"Everyone"}],"userDisplayName":"","roomTypeId":200592850,"isUnverified":false,"isFlaggable":false,"isRecommended":"YES"},{"hotelId":"18320","totalPositiveFeedbacks":0,"tpid":"3","eapid":"0","contentLocale":"en_gb","totalThanks":0,"photos":[],"reviewId":"579d6c8d87f8460b0615197e","itinId":"111999030256","moderationStatus":"APPROVED","contentCodes":"","managementResponses":[{"userNickname":"Sean Front Desk Manager","displayLocale":"en_us","isFlaggable":true,"date":"2016-07-31T20:41:52Z","response":"Sean,\r\n\r\nThank you for the outstanding review regarding your stay at Hotel Zetta!\r\n\r\nI’m thrilled you enjoyed the game room and lobby bar! The Hotel being located so close to shopping and the heart of the city is excellent for our traveling guests!\r\n\r\nI look forward to welcoming you back on your next trip to San Francisco!\r\n\r\nBest,\r\n","status":"APPROVED","id":"f1631556-ec79-4fd7-9fdf-4c493a7593fc"}],"ratingOverall":4,"langId":"2057","userNickname":"Sean","brandType":"Expedia","title":"Good choice hotel for visitors to San Francisco.","reviewText":"The hotel is in a great location for daytime activities.  The lobby, bar and games area are very stylish.  The rooms are not bad, if a little dark if you get put on the wrong side of the building.  We were given an option of two rooms as there were four of us including two kids and the first room was light but too small so we opted for the larger room which didn't have much sunlight but as we weren't planning on staying in the room except to sleep we opted for the larger space.\r\nWe weren't given any assistance getting all our bags out of the cab which was a bit of a poor first impression but after that the staff were great.  \r\nThe location is great for tourists as you are close to transport; subways, trams and buses and right in Market Street which is the main route down to the waterfront and all the attractions down there.\r\nAt night the local area it is a bit sketchy as my SF cousins called but really it's fine if you stay aware and don't turn down the wrong street.  Plus my advice would be to use Uber after dark anyway.\r\n","featured":false,"ratingsOnly":false,"ratingRoomCleanliness":4,"ratingHotelCondition":4,"ratingService":4,"ratingRoomComfort":4,"positiveRemarks":"Cool hotel with good transport links to everything you would want to see in this city.","negativeRemarks":"","locationRemarks":"See above plus the Westield shopping centre directly next door is huge with all the top brand stores.","lastInitial":"B","userLocation":"London","reviewSubmissionTime":"2016-07-31T03:12:13Z","reviewerCategories":[{"categoryId":"Everyone","categoryLabel":"Everyone"}],"userDisplayName":"","roomTypeId":200592851,"isUnverified":false,"isFlaggable":true,"isRecommended":"YES"},{"hotelId":"18320","totalPositiveFeedbacks":0,"tpid":"1","eapid":"0","contentLocale":"en_us","totalThanks":0,"photos":[],"reviewId":"5795bbe4331f6e0b28aacf86","itinId":"1137156453036","moderationStatus":"APPROVED","contentCodes":"","managementResponses":[],"ratingOverall":5,"langId":"1033","userNickname":"","brandType":"Expedia","title":"Perfect location. ","reviewText":"This hotel is right next to the Westfield Mall. You can take the BART in from SFO and walk less than a block to the hotel. It is also very close to union square. Rooms are comfortable with free wi-fi. Front desk was great at check in and check out the second floor game room. Highly recommended. ","featured":false,"ratingsOnly":false,"ratingRoomCleanliness":5,"ratingHotelCondition":5,"ratingService":5,"ratingRoomComfort":5,"positiveRemarks":"","negativeRemarks":"","locationRemarks":"","lastInitial":"","userLocation":"","reviewSubmissionTime":"2016-07-25T07:12:36Z","reviewerCategories":[{"categoryId":"Everyone","categoryLabel":"Everyone"}],"userDisplayName":"","roomTypeId":200592861,"isUnverified":false,"isFlaggable":true,"isRecommended":"YES"},{"hotelId":"18320","totalPositiveFeedbacks":0,"tpid":"1","eapid":"0","contentLocale":"en_us","totalThanks":0,"photos":[],"reviewId":"578b9010c830d90b271a3f3e","itinId":"1135232420345","moderationStatus":"APPROVED","contentCodes":"","managementResponses":[{"userNickname":"Sean Front Desk Manager","displayLocale":"en_us","isFlaggable":true,"date":"2016-07-17T20:26:54Z","response":"Roxanne,\r\nI'm thrilled you you enjoyed your stay with us at Hotel Zetta!! We can't wait to have you back on your next trip to San Francisco!\r\n\r\nBest,","status":"APPROVED","id":"d2585094-654d-4106-8282-933b5517078c"}],"ratingOverall":5,"langId":"1033","userNickname":"Roxanne ","brandType":"Expedia","title":"A fantastic place with lovely folks, funky vibe","reviewText":"Great location close to everything...a unique, funky and engaging place...sleek rooms, a post industrial theme, cool art and amazing, helpful staff. Game room was a hit with our teenagers. Top notch in every way -- Highly recommended. ","featured":false,"ratingsOnly":false,"ratingRoomCleanliness":5,"ratingHotelCondition":5,"ratingService":5,"ratingRoomComfort":5,"positiveRemarks":"","negativeRemarks":"","locationRemarks":"","lastInitial":"","userLocation":"New York, Ny","reviewSubmissionTime":"2016-07-17T14:02:56Z","reviewerCategories":[{"categoryId":"Everyone","categoryLabel":"Everyone"}],"userDisplayName":"","roomTypeId":200592861,"isUnverified":false,"isFlaggable":true,"isRecommended":"YES"},{"hotelId":"18320","totalPositiveFeedbacks":0,"tpid":"1","eapid":"0","contentLocale":"en_us","totalThanks":0,"photos":[],"reviewId":"578664485a68010b49db67a2","itinId":"1139933899245","moderationStatus":"APPROVED","contentCodes":"HMP MMD","managementResponses":[],"ratingOverall":4,"langId":"1033","userNickname":"","brandType":"Expedia","title":"Wonderful hotel but the staff is incompetent!","reviewText":"I won't say much just that the hotel is beautiful and has clean modern rooms. However, the staff is very incompetent. First, the man who checked us in double charged us for the room and then they \"could not\" reverse the charge because it has to be done through through creditor... Really ??? Also,  they couldn't provide a receipt that the $ will be credited back to us. Yes, eventually we got our money back BUT it was such a hassle and definitely ruined our stay there!!! ","featured":false,"ratingsOnly":false,"ratingRoomCleanliness":4,"ratingHotelCondition":5,"ratingService":2,"ratingRoomComfort":4,"positiveRemarks":"Modern, clean rooms and a fabulous play room with pool table, ping pong , giant jenga, etc!","negativeRemarks":"Customer Service","locationRemarks":"","lastInitial":"","userLocation":"","reviewSubmissionTime":"2016-07-13T15:54:48Z","reviewerCategories":[{"categoryId":"Everyone","categoryLabel":"Everyone"}],"userDisplayName":"","roomTypeId":200592861,"isUnverified":false,"isFlaggable":false,"isRecommended":"YES"},{"hotelId":"18320","totalPositiveFeedbacks":0,"tpid":"1","eapid":"0","contentLocale":"en_us","totalThanks":0,"photos":[],"reviewId":"576d2f5907bda70b7c350741","itinId":"1134883742046","moderationStatus":"APPROVED","contentCodes":"HMP MMD","managementResponses":[{"userNickname":"Sean Front Desk Manager","displayLocale":"en_us","isFlaggable":false,"date":"2016-07-09T15:45:24Z","response":"Lisa,\r\n\r\nWe are thrilled Zetta exceeded your expectations! We cannot wait to welcome you back! \r\n\r\nBest,","status":"APPROVED","id":"c740cceb-8454-4174-90f7-b46919bfdee0"}],"ratingOverall":5,"langId":"1033","userNickname":"Lisa","brandType":"Expedia","title":"Great location close to everything","reviewText":"My company chose this location for the NAA Conference. It was a great location being close to Moscone Center and shopping. The staff was awesome!!!!! Great boutique hotel but worth the money. The Cavalier Restaurant which is part of the hotel has excellent food with great service!! I'm looking forward to my next stay!","featured":false,"ratingsOnly":false,"ratingRoomCleanliness":5,"ratingHotelCondition":5,"ratingService":4,"ratingRoomComfort":5,"positiveRemarks":"Atmosphere, staff, location","negativeRemarks":"","locationRemarks":"","lastInitial":"","userLocation":"Charlotte","reviewSubmissionTime":"2016-06-24T13:02:17Z","reviewerCategories":[{"categoryId":"Everyone","categoryLabel":"Everyone"}],"userDisplayName":"","roomTypeId":200592850,"isUnverified":false,"isFlaggable":false,"isRecommended":"YES"},{"hotelId":"18320","totalPositiveFeedbacks":0,"tpid":"3","eapid":"0","contentLocale":"en_gb","totalThanks":0,"photos":[],"reviewId":"5756992ec023fa0b4f41064d","itinId":"111974435118","moderationStatus":"APPROVED","contentCodes":"","managementResponses":[],"ratingOverall":3,"langId":"2057","userNickname":"Kate","brandType":"Expedia","title":"Nice hotel - but starting to look tired. No atmosp","reviewText":"This is my second stay at The Zetta. It is very conveniently located for sight seeing and shopping. I thought the hotel looked a little tired this time, the lobby was empty and lacking in atmosphere (was there any other guests?) and the air con was incredibly aggressive - like an ice box when it wasn't that warm outside. The rooms a nice and large with large bathrooms and lots of amenities. However having no free water and charging $10 for bottles of water in the room was a total rip off - I was shocked that coming in jet lagged and tired I couldn't get any water.","featured":false,"ratingsOnly":false,"ratingRoomCleanliness":4,"ratingHotelCondition":3,"ratingService":3,"ratingRoomComfort":5,"positiveRemarks":"Good rooms, nice design, coffee machine in room","negativeRemarks":"Free water in the room. I needed help with travel to Santa Clara and the reception staff weren't able to help at all other than to  get an Uber","locationRemarks":"Great for shopping and public transport. Good sushi takeaway next door.","lastInitial":"M","userLocation":"UK","reviewSubmissionTime":"2016-06-07T09:51:42Z","reviewerCategories":[{"categoryId":"Everyone","categoryLabel":"Everyone"}],"userDisplayName":"","roomTypeId":200592861,"isUnverified":false,"isFlaggable":true,"isRecommended":"YES"},{"hotelId":"18320","totalPositiveFeedbacks":0,"tpid":"1","eapid":"0","contentLocale":"en_us","totalThanks":0,"photos":[],"reviewId":"5754b5dec023fa0b4fe6cf7f","itinId":"1133787661446","moderationStatus":"APPROVED","contentCodes":"","managementResponses":[{"userNickname":"Sean Front Desk Manager","displayLocale":"en_us","isFlaggable":true,"date":"2016-06-06T20:52:25Z","response":"Anonymous,\r\n\r\nThank you for the 5 star review! We are thrilled the location worked perfectly for your stay! Our colleagues love giving our guests the inside scoop on the best SF has to offer! We look forward to welcoming you back soon!","status":"APPROVED","id":"7f4e37da-1c14-4a70-a426-0bd368dcc786"}],"ratingOverall":5,"langId":"1033","userNickname":"","brandType":"Expedia","title":"","reviewText":"Nice, clean hotel, with courteous staff.  The hotel is close to lots of shops and restaurants and will give you good tips on places to visit.","featured":false,"ratingsOnly":false,"ratingRoomCleanliness":5,"ratingHotelCondition":5,"ratingService":5,"ratingRoomComfort":5,"positiveRemarks":"","negativeRemarks":"","locationRemarks":"","lastInitial":"","userLocation":"","reviewSubmissionTime":"2016-06-05T23:29:34Z","reviewerCategories":[{"categoryId":"Everyone","categoryLabel":"Everyone"}],"userDisplayName":"","roomTypeId":200592850,"isUnverified":false,"isFlaggable":true,"isRecommended":"YES"},{"hotelId":"18320","totalPositiveFeedbacks":0,"tpid":"1","eapid":"0","contentLocale":"en_us","totalThanks":0,"photos":[],"reviewId":"573c60db191d1509f7eabe4e","itinId":"1125408253201","moderationStatus":"APPROVED","contentCodes":"","managementResponses":[{"userNickname":"Sean Front Desk Manager","displayLocale":"en_us","isFlaggable":true,"date":"2016-05-19T01:00:06Z","response":"Anonymous,\r\n\r\nThank you for the 5 star review! I'm thrilled you had a chance to enjoy our playroom! We look forward to welcoming you back! Hopefully for a vacation!\r\n\r\nBest, ","status":"APPROVED","id":"2ea68428-8ca8-46ef-b4e8-428a4ee88576"}],"ratingOverall":5,"langId":"1033","userNickname":"","brandType":"Expedia","title":" Modern, interesting, good amenities ","reviewText":" Stayed for a conference at the conference center. Short walk there. Good dining options in the surroundings. Nice hotel. Interesting playroom. Lively. Comfortable. Interesting amenities ","featured":false,"ratingsOnly":false,"ratingRoomCleanliness":5,"ratingHotelCondition":5,"ratingService":5,"ratingRoomComfort":5,"positiveRemarks":"","negativeRemarks":"","locationRemarks":"","lastInitial":"","userLocation":"","reviewSubmissionTime":"2016-05-18T12:32:27Z","reviewerCategories":[{"categoryId":"Everyone","categoryLabel":"Everyone"}],"userDisplayName":"","roomTypeId":200671776,"isUnverified":false,"isFlaggable":true,"isRecommended":"YES"},{"hotelId":"18320","totalPositiveFeedbacks":0,"tpid":"4","eapid":"0","contentLocale":"en_ca","totalThanks":0,"photos":[],"reviewId":"57249d2ce7c31209e202e484","itinId":"1133369785754","moderationStatus":"APPROVED","contentCodes":"","managementResponses":[{"userNickname":"Sean Front Desk Manager","displayLocale":"en_us","isFlaggable":true,"date":"2016-05-02T22:51:07Z","response":"Adriana,\r\n\r\nThank you for the spectacular review! We take pride in our service and always look for a way to make our guests stay exceptional! We hope to have the pleasure of welcoming you back on your next trip to SF!!","status":"APPROVED","id":"b4e8f387-48bf-4d62-8ee6-ee77d7b834d4"}],"ratingOverall":5,"langId":"4105","userNickname":"Adriana","brandType":"Expedia","title":"Attentive staff and great location.","reviewText":"We found our corner room spacious and really comfortable. We were also really impressed by how helpful and attentive the staff was, and you couldn't beat the location.","featured":false,"ratingsOnly":false,"ratingRoomCleanliness":4,"ratingHotelCondition":5,"ratingService":5,"ratingRoomComfort":4,"positiveRemarks":"Loved the size of the room and staff.","negativeRemarks":"","locationRemarks":"You're right in the heart of the shopping district, and a short walk to the waterfront.","lastInitial":"","userLocation":"Toronto","reviewSubmissionTime":"2016-04-30T11:55:24Z","reviewerCategories":[{"categoryId":"Everyone","categoryLabel":"Everyone"}],"userDisplayName":"","roomTypeId":200592850,"isUnverified":false,"isFlaggable":true,"isRecommended":"YES"},{"hotelId":"18320","totalPositiveFeedbacks":0,"tpid":"1","eapid":"0","contentLocale":"en_us","totalThanks":0,"photos":[],"reviewId":"571e8e3634dec709dbb3b3b2","itinId":"1132451062575","moderationStatus":"APPROVED","contentCodes":"","managementResponses":[{"userNickname":"Sean Front Desk Manager","displayLocale":"en_us","isFlaggable":true,"date":"2016-04-28T00:57:29Z","response":"Amanda,\r\n\r\nWow! Thank you for the stellar review! I’m thrilled to hear you loved the location and design of Hotel Zetta! It would truly be our pleasure to welcome you back and maybe challenge you in a game of ping pong! We hope to see you again soon!\r\n\r\nBest,\r\n","status":"APPROVED","id":"82a801f9-4668-453c-b97d-f16f17e99b9d"}],"ratingOverall":5,"langId":"1033","userNickname":"Amanda","brandType":"Expedia","title":"Stylish hotel with easy access to everything ","reviewText":"This hotel was decorated in a quirky, modern style. Really great vibe with a small bar in the lobby, could be kid friendly with a large game room (also great for the kid-at-heart). Don't let that \"kid friendly\" scare you away though because I only saw 1 child while I was visiting. Rooms were spacious enough, again with the modern decor, I really loved it. We had some issues working the AC but opened a window and that took care of everything. The staff was mostly very friendly, 1 woman seemed to have a bit of an attitude on the 2 occasions I saw her but nothing that would cause me not to return. The location is very close to the BART which is convenient for the airport, and walkable to many bars, restaurants, even the ferry building is a short 1 mile. I didn't mind walking anywhere in the city though because there's almost always a view or something to look at and its very temperate. Overall great experience at Hotel Zetta, would definitely recommend!","featured":false,"ratingsOnly":false,"ratingRoomCleanliness":5,"ratingHotelCondition":5,"ratingService":4,"ratingRoomComfort":4,"positiveRemarks":"","negativeRemarks":"","locationRemarks":"","lastInitial":"W","userLocation":"Houston, TX","reviewSubmissionTime":"2016-04-25T21:37:58Z","reviewerCategories":[{"categoryId":"Everyone","categoryLabel":"Everyone"}],"userDisplayName":"","roomTypeId":200671784,"isUnverified":false,"isFlaggable":true,"isRecommended":"YES"},{"hotelId":"18320","totalPositiveFeedbacks":0,"tpid":"1","eapid":"0","contentLocale":"en_us","totalThanks":0,"photos":[],"reviewId":"571baec4209d2c09db60052c","itinId":"1126026173767","moderationStatus":"APPROVED","contentCodes":"","managementResponses":[{"userNickname":"Sean Front Desk Manager","displayLocale":"en_us","isFlaggable":true,"date":"2016-04-24T17:18:34Z","response":"Thundergs,\r\n\r\nThank you for staying with us while in San Francisco! I appreciate the feedback regarding the room, this allows us to correct the issue and ensure a wonderful future stay. We hope to have you back on your next adventure to the city!\r\n\r\nBest,","status":"APPROVED","id":"ed26e659-e79f-49a9-ba1a-c833cf6c97a5"}],"ratingOverall":3,"langId":"1033","userNickname":"thundergs","brandType":"Expedia","title":"Two night stay in SF","reviewText":"The staff was very friendly and accommodating. However, there were a couple of issues with the room. The shower easily floods the bathroom - no separation...just a curtain. My room is next to the ally where garbage and recycling (lots of glass bottles) seem to be collected at 3AM every morning...","featured":false,"ratingsOnly":false,"ratingRoomCleanliness":3,"ratingHotelCondition":4,"ratingService":5,"ratingRoomComfort":3,"positiveRemarks":"Nice atmosphere. ","negativeRemarks":"Better sound proofing and glass door for the shower?","locationRemarks":"Close to cable car, BART, Westfield shopping center.","lastInitial":"","userLocation":"Los Gatos, CA","reviewSubmissionTime":"2016-04-23T17:20:04Z","reviewerCategories":[{"categoryId":"Everyone","categoryLabel":"Everyone"}],"userDisplayName":"","roomTypeId":200592862,"isUnverified":false,"isFlaggable":true,"isRecommended":"YES"},{"hotelId":"18320","totalPositiveFeedbacks":0,"tpid":"3","eapid":"0","contentLocale":"en_gb","totalThanks":0,"photos":[],"reviewId":"5710cc781fcf7f09f8d711b0","itinId":"110736013889","moderationStatus":"APPROVED","contentCodes":"","managementResponses":[{"userNickname":"Sean Front Desk Manager","displayLocale":"en_us","isFlaggable":true,"date":"2016-04-17T17:46:13Z","response":"Kofi,\r\n\r\nWow! Thank you for the stellar review! We are thrilled you enjoyed your stay with us on your first trip to San Francisco! I’m proud both Carolyn and Kristin exceeded your expectations! \r\n\r\nEveryone here at Zetta looks forward to the privilege of welcoming you back! \r\nBest,\r\n","status":"APPROVED","id":"2cdd665f-29e4-4cd6-be2e-72aa5ee1c06e"}],"ratingOverall":4,"langId":"2057","userNickname":"kofi","brandType":"Expedia","title":"Nice hotel","reviewText":"Stayed five nights in April. Nice boutique hotel in central location. Comfortable bed, good sized room, full sized toiletries. Good sound proofing. Small, buzzy bar. Didn't have kids with me but seemed kid friendly. Games room. \r\n\r\nFirst time in SF so it was good to be centrally located close to the BART, cable cars and other transport. Hotel staff, particularly Carolyn and Kristin were awesome. Always smiling and tooK their time to offer great recommendations and couldn't do enough for me. Would definitely recommend.  ","featured":false,"ratingsOnly":false,"ratingRoomCleanliness":5,"ratingHotelCondition":4,"ratingService":5,"ratingRoomComfort":5,"positiveRemarks":"","negativeRemarks":"","locationRemarks":"","lastInitial":"","userLocation":"london","reviewSubmissionTime":"2016-04-15T11:11:52Z","reviewerCategories":[{"categoryId":"Everyone","categoryLabel":"Everyone"}],"userDisplayName":"","roomTypeId":200592861,"isUnverified":false,"isFlaggable":true,"isRecommended":"YES"},{"hotelId":"18320","totalPositiveFeedbacks":1,"tpid":"1","eapid":"0","contentLocale":"en_us","totalThanks":1,"photos":[],"reviewId":"56f04992b800f7097a85e2cc","itinId":"1129923862172","moderationStatus":"APPROVED","contentCodes":"MMA","managementResponses":[{"userNickname":"Sean Front Desk Manager","displayLocale":"en_us","isFlaggable":true,"date":"2016-03-25T00:01:57Z","response":"Jean,\r\n\r\nThank you for staying with us on your trip to San Francisco, it looks like we missed the mark during your stay and would love to have you back to exceed your expectations! ","status":"APPROVED","id":"9c3fbb32-778d-4f52-a6d0-50790e19ea8d"}],"ratingOverall":3,"langId":"1033","userNickname":"jean","brandType":"Expedia","title":"Boutique hotel","reviewText":"Stayed 1 night. Convenient to shopping in Union Square. Not in the best location. The room was nothing special. Felt claustrophobic with a small window that faced another building. Terrible room location in the hotel. Bathroom was spacious. ","featured":false,"ratingsOnly":false,"ratingRoomCleanliness":4,"ratingHotelCondition":4,"ratingService":5,"ratingRoomComfort":3,"positiveRemarks":"","negativeRemarks":"","locationRemarks":"","lastInitial":"j","userLocation":"k","reviewSubmissionTime":"2016-03-21T19:20:50Z","reviewerCategories":[{"categoryId":"Everyone","categoryLabel":"Everyone"}],"userDisplayName":"","roomTypeId":200592861,"isUnverified":false,"isFlaggable":false,"isRecommended":"NO"},{"hotelId":"18320","totalPositiveFeedbacks":0,"tpid":"1","eapid":"0","contentLocale":"en_us","totalThanks":0,"photos":[],"reviewId":"56cc8626864c250982e10e2e","itinId":"1128288279384","moderationStatus":"APPROVED","contentCodes":"","managementResponses":[{"userNickname":"Sean Assistant Rooms Manager","displayLocale":"en_us","isFlaggable":true,"date":"2016-02-29T19:51:38Z","response":"Good afternoon Neth,\r\n\r\nEveryone here at Zetta is thrilled to hear you loved the stay! We cannot wait to have you back with us on your next trip to San Francisco! \r\n\r\nIt is my pleasure to be your personal ambassador on your next trip to SF!\r\n\r\nBest, \r\n","status":"APPROVED","id":"ee52e53d-6d12-496c-b262-3caf179c8636"}],"ratingOverall":5,"langId":"1033","userNickname":"Neth","brandType":"Expedia","title":"Pleasant staff! The ","reviewText":"This hotel is not A Hilton family hotel but the service and the quality of the hotel makes us think is upscale than the hotel that we stayed in our first night(Hampton Inn).Zetta let us pre check in at 10am since we are all tired and frustrated in our first night stay in the other hotel,they also let us park for an hour outside for free while we're waiting for our company.We definitely come back again.","featured":false,"ratingsOnly":false,"ratingRoomCleanliness":5,"ratingHotelCondition":5,"ratingService":5,"ratingRoomComfort":5,"positiveRemarks":"","negativeRemarks":"","locationRemarks":"","lastInitial":"","userLocation":"P","reviewSubmissionTime":"2016-02-23T16:17:42Z","reviewerCategories":[{"categoryId":"Everyone","categoryLabel":"Everyone"}],"userDisplayName":"","roomTypeId":200592850,"isUnverified":false,"isFlaggable":true,"isRecommended":"YES"},{"hotelId":"18320","totalPositiveFeedbacks":0,"tpid":"18","eapid":"0","contentLocale":"en_hk","totalThanks":0,"photos":[],"reviewId":"56c76522e57189099532f886","itinId":"124005636836","moderationStatus":"APPROVED","contentCodes":"HMP MMD","managementResponses":[{"userNickname":"Sean Assistant Rooms Manager","displayLocale":"en_us","isFlaggable":false,"date":"2016-02-29T21:00:45Z","response":"Anonymous,\r\n\r\nThank you for staying with us at Hotel Zetta! I’m thrilled to hear you enjoyed the in-room amenities! The Jambox is most definitely a fun addition to our guest rooms! \r\n\r\nI look forward to having you back with us on your next trip to San Francisco!\r\n\r\nBest,\r\n","status":"APPROVED","id":"e19675c7-16dc-416f-84e1-e0d762eb3728"}],"ratingOverall":5,"langId":"2057","userNickname":"","brandType":"Expedia","title":"Nice room and very close to the transpotation","reviewText":"Nice room! I didnt expect it has the bluetooth speaker, smart tv and a coffe machine inside the room! ","featured":false,"ratingsOnly":false,"ratingRoomCleanliness":4,"ratingHotelCondition":4,"ratingService":5,"ratingRoomComfort":5,"positiveRemarks":"","negativeRemarks":"","locationRemarks":"","lastInitial":"","userLocation":"","reviewSubmissionTime":"2016-02-19T18:55:30Z","reviewerCategories":[{"categoryId":"Everyone","categoryLabel":"Everyone"}],"userDisplayName":"","roomTypeId":200592861,"isUnverified":false,"isFlaggable":false,"isRecommended":"YES"},{"hotelId":"18320","totalPositiveFeedbacks":0,"tpid":"1","eapid":"0","contentLocale":"en_us","totalThanks":0,"photos":[],"reviewId":"56c661a5880b3d0996cbdce5","itinId":"1122449301971","moderationStatus":"APPROVED","contentCodes":"","managementResponses":[{"userNickname":"Sean Front Desk Manager","displayLocale":"en_us","isFlaggable":true,"date":"2016-04-03T18:20:30Z","response":"Anonymous,\r\n\r\nThank you for staying with us on your trip to San Francisco! We truly appreciate your feedback and will use your response as a training insight with our colleagues. I’m thrilled you enjoyed the Cavalier and hope to welcome you back soon!\r\n\r\nBest,\r\n","status":"APPROVED","id":"4d537060-95f4-448a-8bfb-88be802fae4f"}],"ratingOverall":4,"langId":"1033","userNickname":"","brandType":"Expedia","title":"Internet connection lousy","reviewText":"Room cleaning was Always late. \r\nThe restaurant was good","featured":false,"ratingsOnly":false,"ratingRoomCleanliness":3,"ratingHotelCondition":4,"ratingService":4,"ratingRoomComfort":3,"positiveRemarks":"","negativeRemarks":"","locationRemarks":"","lastInitial":"","userLocation":"","reviewSubmissionTime":"2016-02-19T00:28:21Z","reviewerCategories":[{"categoryId":"Everyone","categoryLabel":"Everyone"}],"userDisplayName":"","roomTypeId":200592862,"isUnverified":false,"isFlaggable":true,"isRecommended":"YES"},{"hotelId":"18320","totalPositiveFeedbacks":0,"tpid":"1","eapid":"0","contentLocale":"en_us","totalThanks":0,"photos":[],"reviewId":"56bf4800c5a5bd0995b588de","itinId":"1127168676416","moderationStatus":"APPROVED","contentCodes":"","managementResponses":[{"userNickname":"Sean Front Desk Manager","displayLocale":"en_us","isFlaggable":true,"date":"2016-04-19T17:43:03Z","response":"Tonya,\r\n\r\nWow! Thank you for the fantastic 5 star review!! We look forward to welcoming you back to Hotel Zetta on your next trip to SF!","status":"APPROVED","id":"cd0b9cd5-97e9-4355-b3bf-c357471f433f"}],"ratingOverall":5,"langId":"1033","userNickname":"Tonya Hall","brandType":"Expedia","title":"Nice hotel friendly staff","reviewText":"I loved the staff they were so friendly and so accomidating! They took care of everything I needed! I loved the trendy modern feel and again can't rave enough about the awesome staff! ","featured":false,"ratingsOnly":false,"ratingRoomCleanliness":5,"ratingHotelCondition":5,"ratingService":5,"ratingRoomComfort":5,"positiveRemarks":"","negativeRemarks":"","locationRemarks":"","lastInitial":"H","userLocation":"Atlanya, Ga","reviewSubmissionTime":"2016-02-13T15:13:04Z","reviewerCategories":[{"categoryId":"Everyone","categoryLabel":"Everyone"}],"userDisplayName":"","roomTypeId":200592862,"isUnverified":false,"isFlaggable":true,"isRecommended":"YES"}]}}}
