{"reviewDetails":{"startIndex":0,"numberOfReviewsInThisPage":20,"reviewSummaryCollection":{"reviewSummary":[{"hotelId":"5830","totalReviewCnt":872,"avgOverallRating":4.307342,"cleanliness":4.5275297,"serviceAndStaff":4.3841767,"roomComfort":4.4426584,"hotelCondition":4.4048114,"convenienceOfLocation":4.1566267,"neighborhoodSatisfaction":4.1566257,"roomQuality":0,"targetedBrand":"Expedia","originSummary":[{"origin":"Expedia","reviewCnt":872,"recommendedPercent":88.18808,"avgOverallRating":4.307342,"cleanliness":4.5275297,"serviceAndStaff":4.3841767,"roomComfort":4.4426584,"hotelCondition":4.4048114,"convenienceOfLocation":4.1566267,"neighborhoodSatisfaction":4.1566257,"valueForMoney":0,"roomQuality":0,"categoryCounts":{"Everyone":557,"BusinessTravelers":52,"Couples":43,"Families":28,"Other":9},"roomTypeIdCounts":{"232626":93,"232631":133,"232634":52,"232618":182,"232638":12,"232636":17},"languageCounts":{"en":872}}],"recommendedPercent":88.18808,"valueForMoney":0,"categoryCounts":{"Everyone":557,"BusinessTravelers":52,"Couples":43,"Families":28,"Other":9},"roomTypeIdCounts":{"232626":93,"232631":133,"232634":52,"232618":182,"232638":12,"232636":17},"languageCounts":{"en":872},"featuredReview":{}}]},"reviewCollection":{"review":[{"hotelId":"5830","totalPositiveFeedbacks":0,"tpid":"1","eapid":"0","contentLocale":"en_us","totalThanks":0,"photos":[],"reviewId":"57b204afc25ece0b069c9fe6","itinId":"1139790390892","moderationStatus":"APPROVED","contentCodes":"","managementResponses":[],"ratingOverall":5,"langId":"1033","userNickname":"Danny","brandType":"Expedia","title":"Very nice Hotel. Enjoyed our stay. ","reviewText":"Really enjoyed our stay. This hotel seems to cater more toward the corporate crowd with all the big corporate businesses nearby. But we felt very comfortable there for a family vacation even if we weren't dressed in suits. I would definitely stay there again. ","featured":false,"ratingsOnly":false,"ratingRoomCleanliness":5,"ratingHotelCondition":4,"ratingService":5,"ratingRoomComfort":4,"positiveRemarks":"","negativeRemarks":"","locationRemarks":"","lastInitial":"","userLocation":"San Antonio, Tx","reviewSubmissionTime":"2016-08-15T18:06:39Z","reviewerCategories":[{"categoryId":"Everyone","categoryLabel":"Everyone"}],"userDisplayName":"","roomTypeId":232634,"isUnverified":false,"isFlaggable":true,"isRecommended":"YES"},{"hotelId":"5830","totalPositiveFeedbacks":0,"tpid":"1","eapid":"40462","contentLocale":"en_us","totalThanks":0,"photos":[],"reviewId":"57b0131ffc689a0b07852758","itinId":"1142838466689","moderationStatus":"APPROVED","contentCodes":"","managementResponses":[],"ratingOverall":5,"langId":"1033","userNickname":"Faye","brandType":"Expedia","title":"Nice hotel convenient to all venues in the Bay Are","reviewText":"I had such excellent service and room was clean, hotel still look new. I love everything about this hotel. I will definitely recommend this hotel to my family, friends and co-workers.","featured":false,"ratingsOnly":false,"ratingRoomCleanliness":5,"ratingHotelCondition":5,"ratingService":4,"ratingRoomComfort":5,"positiveRemarks":"Cleanliness and fresh scent everywhere.","negativeRemarks":"Maybe the valet parking service. ","locationRemarks":"The location is perfectly quiet and not too close to freeway noise. Yet, it is convenient to all shops, airport and city locations.","lastInitial":"","userLocation":"Sacramento","reviewSubmissionTime":"2016-08-14T06:43:43Z","reviewerCategories":[{"categoryId":"Everyone","categoryLabel":"Everyone"}],"userDisplayName":"","roomTypeId":232634,"isUnverified":false,"isFlaggable":true,"isRecommended":"YES"},{"hotelId":"5830","totalPositiveFeedbacks":0,"tpid":"1","eapid":"0","contentLocale":"en_us","totalThanks":0,"photos":[],"reviewId":"57af4baef489450b3f40fb83","itinId":"1140762304892","moderationStatus":"APPROVED","contentCodes":"","managementResponses":[],"ratingOverall":3,"langId":"1033","userNickname":"Sarah","brandType":"Expedia","title":"Decent hotel, overpriced for what it is","reviewText":"Sofitel San Francisco Bay thinks it is a posh city hotel, but it's really just an average hotel trying to look fancy. None of the staff was particularly friendly or went out of their way to help. We were four to a room, and were given only two sets of towels. When I called down to the front desk, they fixed it, but acted annoyed about it. The pillows are so mushy, your head sinks to the bed. And the restaurant is extremely expensive, although the food is very good. That said, everything was very clean. Just nothing particularly great to make you rave about the hotel. Compared to our stay at the Doubletree in Berkeley, this wasn't great.","featured":false,"ratingsOnly":false,"ratingRoomCleanliness":4,"ratingHotelCondition":4,"ratingService":3,"ratingRoomComfort":3,"positiveRemarks":"","negativeRemarks":"","locationRemarks":"","lastInitial":"M","userLocation":"New York","reviewSubmissionTime":"2016-08-13T16:32:46Z","reviewerCategories":[{"categoryId":"Everyone","categoryLabel":"Everyone"}],"userDisplayName":"","roomTypeId":232626,"isUnverified":false,"isFlaggable":true,"isRecommended":"NO"},{"hotelId":"5830","totalPositiveFeedbacks":0,"tpid":"1","eapid":"0","contentLocale":"en_us","totalThanks":0,"photos":[],"reviewId":"57ae5d58c25ece0b06060cf9","itinId":"1142739256913","moderationStatus":"APPROVED","contentCodes":"","managementResponses":[],"ratingOverall":5,"langId":"1033","userNickname":"","brandType":"Expedia","title":"","reviewText":"Excellent staff and beautiful hotel.Pool is warm and hotel view was amazing! ","featured":false,"ratingsOnly":false,"ratingRoomCleanliness":5,"ratingHotelCondition":5,"ratingService":5,"ratingRoomComfort":5,"positiveRemarks":"","negativeRemarks":"","locationRemarks":"","lastInitial":"","userLocation":"","reviewSubmissionTime":"2016-08-12T23:35:52Z","reviewerCategories":[{"categoryId":"Everyone","categoryLabel":"Everyone"}],"userDisplayName":"","roomTypeId":232636,"isUnverified":false,"isFlaggable":true,"isRecommended":"YES"},{"hotelId":"5830","totalPositiveFeedbacks":1,"tpid":"1","eapid":"0","contentLocale":"en_us","totalThanks":1,"photos":[],"reviewId":"57a8dcf0f49d580b062e9dad","itinId":"1140622098186","moderationStatus":"APPROVED","contentCodes":"","managementResponses":[],"ratingOverall":4,"langId":"1033","userNickname":"michael","brandType":"Expedia","title":"","reviewText":"very nice hotel,forty min from the piers, 20 min to air port.  break fast over priced but over all I loved the place . visitors did not tip the shuttle drivers,i did.   free shuttle from airport to hotel during operating hours ","featured":false,"ratingsOnly":false,"ratingRoomCleanliness":5,"ratingHotelCondition":5,"ratingService":5,"ratingRoomComfort":5,"positiveRemarks":"super clean very good late nite pizza","negativeRemarks":"breakfast buffet should be lower price","locationRemarks":"","lastInitial":"m","userLocation":"denver","reviewSubmissionTime":"2016-08-08T19:26:40Z","reviewerCategories":[{"categoryId":"Everyone","categoryLabel":"Everyone"}],"userDisplayName":"","roomTypeId":232631,"isUnverified":false,"isFlaggable":true,"isRecommended":"YES"},{"hotelId":"5830","totalPositiveFeedbacks":0,"tpid":"1","eapid":"0","contentLocale":"en_us","totalThanks":0,"photos":[],"reviewId":"57a89349849f110b284b3013","itinId":"1139136472963","moderationStatus":"APPROVED","contentCodes":"","managementResponses":[],"ratingOverall":5,"langId":"1033","userNickname":"Jay","brandType":"Expedia","title":"Nice place in upscale area.","reviewText":"Had a very pleasant over night, nut didn't spend much time at hotel.","featured":false,"ratingsOnly":false,"ratingRoomCleanliness":5,"ratingHotelCondition":5,"ratingService":4,"ratingRoomComfort":3,"positiveRemarks":"Styling, the location, safety.","negativeRemarks":"The single piece bedding cover is too hot for a normal temperature room.  With a comforter like that, it would have had to been in the 50's F to sleep","locationRemarks":"Near bay, probably could walk on some paths with views.  Especially quiet during weekends because its an office area.","lastInitial":"","userLocation":"So Cal","reviewSubmissionTime":"2016-08-08T14:12:25Z","reviewerCategories":[{"categoryId":"Everyone","categoryLabel":"Everyone"}],"userDisplayName":"","roomTypeId":232618,"isUnverified":false,"isFlaggable":true,"isRecommended":"YES"},{"hotelId":"5830","totalPositiveFeedbacks":0,"tpid":"1","eapid":"0","contentLocale":"en_us","totalThanks":0,"photos":[],"reviewId":"57a85f05e40c4a0b2817bb6f","itinId":"1142832682770","moderationStatus":"APPROVED","contentCodes":"","managementResponses":[],"ratingOverall":5,"langId":"1033","userNickname":"","brandType":"Expedia","title":"Close to airport, but far enough away.","reviewText":"Beautiful setting. Located on bay inlet. Listed as four star. Beautiful.\r\n","featured":false,"ratingsOnly":false,"ratingRoomCleanliness":5,"ratingHotelCondition":5,"ratingService":5,"ratingRoomComfort":5,"positiveRemarks":"New appearance. Staff well trained. Eager to help. ","negativeRemarks":"Other hotels could learn from them.","locationRemarks":"When leaving SFO, great place to say goodbye from.","lastInitial":"","userLocation":"","reviewSubmissionTime":"2016-08-08T10:29:25Z","reviewerCategories":[{"categoryId":"Everyone","categoryLabel":"Everyone"}],"userDisplayName":"","roomTypeId":232631,"isUnverified":false,"isFlaggable":true,"isRecommended":"YES"},{"hotelId":"5830","totalPositiveFeedbacks":0,"tpid":"1","eapid":"0","contentLocale":"en_us","totalThanks":0,"photos":[],"reviewId":"57a78e7d075f640b27ff9b59","itinId":"1140978135358","moderationStatus":"APPROVED","contentCodes":"","managementResponses":[],"ratingOverall":4,"langId":"1033","userNickname":"","brandType":"Expedia","title":"Slightly tired hotel by the bay","reviewText":"Nice hotel; nice staff. But the common areas need to be freshened up.","featured":false,"ratingsOnly":false,"ratingRoomCleanliness":5,"ratingHotelCondition":3,"ratingService":5,"ratingRoomComfort":4,"positiveRemarks":"Pleasant staff","negativeRemarks":"common areas need to be updated","locationRemarks":"convenient to SFO","lastInitial":"","userLocation":"","reviewSubmissionTime":"2016-08-07T19:39:41Z","reviewerCategories":[{"categoryId":"Everyone","categoryLabel":"Everyone"}],"userDisplayName":"","roomTypeId":232631,"isUnverified":false,"isFlaggable":true,"isRecommended":"YES"},{"hotelId":"5830","totalPositiveFeedbacks":0,"tpid":"1","eapid":"0","contentLocale":"en_us","totalThanks":0,"photos":[],"reviewId":"57a76cf74f61260b26dbb69f","itinId":"1138761317549","moderationStatus":"APPROVED","contentCodes":"","managementResponses":[],"ratingOverall":5,"langId":"1033","userNickname":"Glenn","brandType":"Expedia","title":"Beautiful hotel close to SFO airport","reviewText":"Beautiful hotel; reasonable price for the quality. About 15 miles to SFO so it was convenient\r\n","featured":false,"ratingsOnly":false,"ratingRoomCleanliness":5,"ratingHotelCondition":5,"ratingService":5,"ratingRoomComfort":5,"positiveRemarks":"","negativeRemarks":"","locationRemarks":"","lastInitial":"R","userLocation":"Yardley PA","reviewSubmissionTime":"2016-08-07T17:16:39Z","reviewerCategories":[{"categoryId":"Everyone","categoryLabel":"Everyone"}],"userDisplayName":"","roomTypeId":232626,"isUnverified":false,"isFlaggable":true,"isRecommended":"YES"},{"hotelId":"5830","totalPositiveFeedbacks":0,"tpid":"1","eapid":"0","contentLocale":"en_us","totalThanks":0,"photos":[],"reviewId":"57a5f2e54f61260b268ba852","itinId":"1138142058263","moderationStatus":"APPROVED","contentCodes":"HMP MMD","managementResponses":[],"ratingOverall":3,"langId":"1033","userNickname":"","brandType":"Expedia","title":"","reviewText":"Decent. First stay, booked room for 3, they had a roll away bed set up.. Only 2 towels in the room for 3 guests. Second stay, booked same room for 3 guests. No roll away bed set up. Had to call to request one and was told I was going to be charged $20 when I reserved the same room as the first stay for 3 guests. They did not end up charging me. Still only 2 towels for 3 guests. Breakfast of any form is not included which I find highly unacceptable. You are paying a large amount to stay here so breakfast should be included especially if you are a calling yourself a luxury hotel. Parking should also be included. You pay for a room, you should get all of the comforts and amenities to support your stay there. The pool was VERY dirty. ","featured":false,"ratingsOnly":false,"ratingRoomCleanliness":4,"ratingHotelCondition":3,"ratingService":3,"ratingRoomComfort":4,"positiveRemarks":"","negativeRemarks":"","locationRemarks":"","lastInitial":"","userLocation":"","reviewSubmissionTime":"2016-08-06T14:23:33Z","reviewerCategories":[{"categoryId":"Everyone","categoryLabel":"Everyone"}],"userDisplayName":"","roomTypeId":232631,"isUnverified":false,"isFlaggable":false,"isRecommended":"NO"},{"hotelId":"5830","totalPositiveFeedbacks":0,"tpid":"1","eapid":"0","contentLocale":"en_us","totalThanks":0,"photos":[],"reviewId":"57a3c740e40c4a0b2843b9ad","itinId":"1139338934191","moderationStatus":"APPROVED","contentCodes":"","managementResponses":[],"ratingOverall":4,"langId":"1033","userNickname":"Val","brandType":"Expedia","title":"Close to the airport.","reviewText":"Clean and comfortable room. Close to the airport but far from the city. ","featured":false,"ratingsOnly":false,"ratingRoomCleanliness":5,"ratingHotelCondition":4,"ratingService":4,"ratingRoomComfort":5,"positiveRemarks":"","negativeRemarks":"","locationRemarks":"","lastInitial":"","userLocation":"New York","reviewSubmissionTime":"2016-08-04T22:52:48Z","reviewerCategories":[{"categoryId":"Everyone","categoryLabel":"Everyone"}],"userDisplayName":"","roomTypeId":232618,"isUnverified":false,"isFlaggable":true,"isRecommended":"YES"},{"hotelId":"5830","totalPositiveFeedbacks":0,"tpid":"1","eapid":"0","contentLocale":"en_us","totalThanks":0,"photos":[],"reviewId":"5797fc660c26b20b2954c46a","itinId":"1140420374630","moderationStatus":"APPROVED","contentCodes":"","managementResponses":[],"ratingOverall":4,"langId":"1033","userNickname":"","brandType":"Expedia","title":"This is really just a near airport hotel","reviewText":"I've stayed at other Sofitel hotels, and always found them to be very nice. This one was s bit of a disappointment. The location is basically a corporate park with nothing nearby. The very small pool was just ok, no hot tub. The bar/lounge area lookednice but we got out and had a lovely dinner in south San Francisco. \r\nLong wait to check in, but staff were very nice.","featured":false,"ratingsOnly":false,"ratingRoomCleanliness":4,"ratingHotelCondition":4,"ratingService":4,"ratingRoomComfort":4,"positiveRemarks":"","negativeRemarks":"","locationRemarks":"","lastInitial":"","userLocation":"","reviewSubmissionTime":"2016-07-27T00:12:22Z","reviewerCategories":[{"categoryId":"Everyone","categoryLabel":"Everyone"}],"userDisplayName":"","roomTypeId":232618,"isUnverified":false,"isFlaggable":true,"isRecommended":"NO"},{"hotelId":"5830","totalPositiveFeedbacks":0,"tpid":"1","eapid":"0","contentLocale":"en_us","totalThanks":0,"photos":[],"reviewId":"5793d5a53a803a0b288f2525","itinId":"1140472502780","moderationStatus":"APPROVED","contentCodes":"","managementResponses":[],"ratingOverall":4,"langId":"1033","userNickname":"Susan","brandType":"Expedia","title":"Great for me and my dog!","reviewText":"Lovely, pet friendly hotel. The only complaint is the parking structure is the only place to park in the area, and they charge $25 for an overnight stay (I arrived at 11pm and left by 10am). I didn't ask what 2 nights would have cost...\r\nAlso, the tub/shower had nicks that weren't repaired, but being on the dog floor, I didn't mind.\r\nEveryone was friendly and helpful.","featured":false,"ratingsOnly":false,"ratingRoomCleanliness":5,"ratingHotelCondition":3,"ratingService":5,"ratingRoomComfort":5,"positiveRemarks":"","negativeRemarks":"Parking should be included.","locationRemarks":"Just passing through.","lastInitial":"S","userLocation":"Santa Barbara, CA","reviewSubmissionTime":"2016-07-23T20:37:57Z","reviewerCategories":[{"categoryId":"Everyone","categoryLabel":"Everyone"}],"userDisplayName":"","roomTypeId":232618,"isUnverified":false,"isFlaggable":true,"isRecommended":"YES"},{"hotelId":"5830","totalPositiveFeedbacks":0,"tpid":"1","eapid":"0","contentLocale":"en_us","totalThanks":0,"photos":[],"reviewId":"57928e1f92b3430b295851ba","itinId":"1140423096021","moderationStatus":"APPROVED","contentCodes":"","managementResponses":[],"ratingOverall":5,"langId":"1033","userNickname":"","brandType":"Expedia","title":"","reviewText":"excellent hotel, staff, location. It has a shuttle service.","featured":false,"ratingsOnly":false,"ratingRoomCleanliness":5,"ratingHotelCondition":4,"ratingService":5,"ratingRoomComfort":5,"positiveRemarks":"","negativeRemarks":"","locationRemarks":"","lastInitial":"","userLocation":"","reviewSubmissionTime":"2016-07-22T21:20:31Z","reviewerCategories":[{"categoryId":"Everyone","categoryLabel":"Everyone"}],"userDisplayName":"","roomTypeId":232618,"isUnverified":false,"isFlaggable":true,"isRecommended":"YES"},{"hotelId":"5830","totalPositiveFeedbacks":0,"tpid":"1","eapid":"0","contentLocale":"en_us","totalThanks":0,"photos":[],"reviewId":"5790f0c792b3430b299650bb","itinId":"1138268527232","moderationStatus":"APPROVED","contentCodes":"MMA","managementResponses":[],"ratingOverall":1,"langId":"1033","userNickname":"","brandType":"Expedia","title":"I would not recommend ","reviewText":"Food was below average, staff morale seem low and not happy people, over priced for what you get, rooms are outdated. \r\n\r\nI travel to the Bay Area frequently and would not recommend. Work or pleasure ","featured":false,"ratingsOnly":false,"ratingRoomCleanliness":1,"ratingHotelCondition":1,"ratingService":1,"ratingRoomComfort":1,"positiveRemarks":"","negativeRemarks":"","locationRemarks":"","lastInitial":"k","userLocation":"p","reviewSubmissionTime":"2016-07-21T15:56:55Z","reviewerCategories":[{"categoryId":"Everyone","categoryLabel":"Everyone"}],"userDisplayName":"","roomTypeId":232626,"isUnverified":false,"isFlaggable":false,"isRecommended":"NO"},{"hotelId":"5830","totalPositiveFeedbacks":0,"tpid":"1","eapid":"0","contentLocale":"en_us","totalThanks":0,"photos":[{"thumbnailUrl":"https://a.travel-assets.com/ugc/hotel-reviews/6B3DE9FD47D3F30536562A4BEAD6A1E1DE480F271468962083269.jpg?resize=100:*","normalUrl":"https://a.travel-assets.com/ugc/hotel-reviews/6B3DE9FD47D3F30536562A4BEAD6A1E1DE480F271468962083269.jpg?resize=360:*","caption":""},{"thumbnailUrl":"https://a.travel-assets.com/ugc/hotel-reviews/219562D76F9F0A0B05FA11CD349917AD3C3AE7D71468962087608.jpg?resize=100:*","normalUrl":"https://a.travel-assets.com/ugc/hotel-reviews/219562D76F9F0A0B05FA11CD349917AD3C3AE7D71468962087608.jpg?resize=360:*","caption":""}],"reviewId":"578e90f292a6f20b27f6ef77","itinId":"1138625207656","moderationStatus":"APPROVED","contentCodes":"HMP","managementResponses":[],"ratingOverall":5,"langId":"1033","userNickname":"Desire","brandType":"Expedia","title":"Lovely hotel","reviewText":"Loved my stay. Everything was great. Comfy bed, clean new bathroom, great hotel amenities, stable internet connection, free shutle to the airport. ","featured":false,"ratingsOnly":false,"ratingRoomCleanliness":5,"ratingHotelCondition":4,"ratingService":4,"ratingRoomComfort":5,"positiveRemarks":"","negativeRemarks":"","locationRemarks":"","lastInitial":"","userLocation":"","reviewSubmissionTime":"2016-07-19T20:43:30Z","reviewerCategories":[{"categoryId":"Everyone","categoryLabel":"Everyone"}],"userDisplayName":"","roomTypeId":232618,"isUnverified":false,"isFlaggable":false,"isRecommended":"YES"},{"hotelId":"5830","totalPositiveFeedbacks":1,"tpid":"3","eapid":"0","contentLocale":"en_gb","totalThanks":1,"photos":[],"reviewId":"5789d973c830d90b279ccf0b","itinId":"112105344323","moderationStatus":"APPROVED","contentCodes":"","managementResponses":[],"ratingOverall":4,"langId":"2057","userNickname":"Charles","brandType":"Expedia","title":"Nice hotel, great staff, good location","reviewText":"Reception staff always friendly and very helpful.\r\n\r\nLocation on the lake is great for getting out to complete my morning exercise and also made a nice walk to the office and back with the colleagues I had over for a workshop.\r\n\r\nRestaurant small and friendly with good food, never felt crowded. Good service in the bar area. Rooms a nice size and comfortable.","featured":false,"ratingsOnly":false,"ratingRoomCleanliness":5,"ratingHotelCondition":4,"ratingService":5,"ratingRoomComfort":4,"positiveRemarks":"Staff service, particularly the way they addressed an issue not of their making, which really demonstrated customer focused flexibility. Great sleep!","negativeRemarks":"Larger gym with more bikes and some weights - can get very busy some mornings and only one upright bike.","locationRemarks":"Quiet business location on a lake which is nice. Walking distance to offices. For restaurants outside the hotel you need a car/taxi.","lastInitial":"S","userLocation":"UK","reviewSubmissionTime":"2016-07-16T06:51:31Z","reviewerCategories":[{"categoryId":"BusinessTravelers","categoryLabel":"BusinessTravelers"}],"userDisplayName":"","roomTypeId":232618,"isUnverified":false,"isFlaggable":true,"isRecommended":"YES"},{"hotelId":"5830","totalPositiveFeedbacks":1,"tpid":"1","eapid":"0","contentLocale":"en_us","totalThanks":1,"photos":[],"reviewId":"5782571d0cd612150dbacf16","itinId":"1138191485313","moderationStatus":"APPROVED","contentCodes":"","managementResponses":[],"ratingOverall":5,"langId":"1033","userNickname":"","brandType":"Expedia","title":"","reviewText":"2nd time staying here..great experience both times..\r\n","featured":false,"ratingsOnly":false,"ratingRoomCleanliness":5,"ratingHotelCondition":5,"ratingService":5,"ratingRoomComfort":4,"positiveRemarks":"","negativeRemarks":"","locationRemarks":"","lastInitial":"","userLocation":"","reviewSubmissionTime":"2016-07-10T14:09:33Z","reviewerCategories":[{"categoryId":"Everyone","categoryLabel":"Everyone"}],"userDisplayName":"","roomTypeId":232618,"isUnverified":false,"isFlaggable":true,"isRecommended":"YES"},{"hotelId":"5830","totalPositiveFeedbacks":1,"tpid":"1","eapid":"0","contentLocale":"en_us","totalThanks":1,"photos":[],"reviewId":"5781b9235a68010b49ecabc9","itinId":"1138873499007","moderationStatus":"APPROVED","contentCodes":"","managementResponses":[],"ratingOverall":5,"langId":"1033","userNickname":"","brandType":"Expedia","title":"","reviewText":"Our view through our Junior suite was very impressive.  Room service was excellent. Faster than I expected. Definitely looking forward to booking this hotel again on out next visit to the Bay Area. ","featured":false,"ratingsOnly":false,"ratingRoomCleanliness":5,"ratingHotelCondition":5,"ratingService":5,"ratingRoomComfort":5,"positiveRemarks":"","negativeRemarks":"","locationRemarks":"","lastInitial":"","userLocation":"","reviewSubmissionTime":"2016-07-10T02:55:31Z","reviewerCategories":[{"categoryId":"Everyone","categoryLabel":"Everyone"}],"userDisplayName":"","roomTypeId":232636,"isUnverified":false,"isFlaggable":true,"isRecommended":"YES"},{"hotelId":"5830","totalPositiveFeedbacks":1,"tpid":"1","eapid":"0","contentLocale":"en_us","totalThanks":1,"photos":[],"reviewId":"57810e1c86a89c0b48e18683","itinId":"1138914258543","moderationStatus":"APPROVED","contentCodes":"","managementResponses":[],"ratingOverall":5,"langId":"1033","userNickname":"Dr. Cheney","brandType":"Expedia","title":"Nice hotel by a beautiful bay.","reviewText":"excellent.  The only pity is the food  in the restaurant is too \"expensive\" given the amount and quality of it, i.e., value does not match the amount of money paid for the food.","featured":false,"ratingsOnly":false,"ratingRoomCleanliness":5,"ratingHotelCondition":5,"ratingService":5,"ratingRoomComfort":5,"positiveRemarks":"excellent location in a beautiful setting, comfortable room and bed and amenities; nice staff.","negativeRemarks":"more alternatives in prepared food with lower prices; a nice map highlighting local restaurants, attractions, famous companies such as Oracle. ","locationRemarks":"location is wonderful, but not sure what things we could do since the information from the Concierge was not enough -learn from Courtyard by Marriott.","lastInitial":"","userLocation":"","reviewSubmissionTime":"2016-07-09T14:45:48Z","reviewerCategories":[{"categoryId":"Everyone","categoryLabel":"Everyone"}],"userDisplayName":"","roomTypeId":232618,"isUnverified":false,"isFlaggable":true,"isRecommended":"YES"}]}}}
