{"reviewDetails":{"startIndex":0,"numberOfReviewsInThisPage":20,"reviewSummaryCollection":{"reviewSummary":[{"hotelId":"808403","totalReviewCnt":77,"avgOverallRating":4.038962,"cleanliness":4.389611,"serviceAndStaff":4.051949,"roomComfort":4.25974,"hotelCondition":4.142857,"convenienceOfLocation":4.4615383,"neighborhoodSatisfaction":3.7692308,"roomQuality":0,"targetedBrand":"Expedia","originSummary":[{"origin":"Expedia","reviewCnt":77,"recommendedPercent":90.909096,"avgOverallRating":4.038962,"cleanliness":4.389611,"serviceAndStaff":4.051949,"roomComfort":4.25974,"hotelCondition":4.142857,"convenienceOfLocation":4.4615383,"neighborhoodSatisfaction":3.7692308,"valueForMoney":0,"roomQuality":0,"categoryCounts":{"Everyone":57,"Couples":4,"BusinessTravelers":7,"Families":6},"roomTypeIdCounts":{"504882":7,"504880":28,"504879":9},"languageCounts":{"en":77}}],"recommendedPercent":90.909096,"valueForMoney":0,"categoryCounts":{"Everyone":57,"Couples":4,"BusinessTravelers":7,"Families":6},"roomTypeIdCounts":{"504882":7,"504880":28,"504879":9},"languageCounts":{"en":77},"featuredReview":{}}]},"reviewCollection":{"review":[{"hotelId":"808403","totalPositiveFeedbacks":0,"tpid":"3","eapid":"0","contentLocale":"en_gb","totalThanks":0,"photos":[],"reviewId":"57a8aa4b4f61260b268695a3","itinId":"111516812678","moderationStatus":"APPROVED","contentCodes":"","managementResponses":[],"ratingOverall":4,"langId":"2057","userNickname":"Peter","brandType":"Expedia","title":"Good location really close to SFO but not noisy","reviewText":"Spent two weeks there end July/start August.  Clean, comfortable and well positioned for exploring.  BART and CalTrain station really was 7 minutes away.  Good breakfast buffet.  Staff friendly and helpful. ","featured":false,"ratingsOnly":false,"ratingRoomCleanliness":5,"ratingHotelCondition":5,"ratingService":5,"ratingRoomComfort":4,"positiveRemarks":"Location, comfort, staff. Very quiet despite SFO being under 2 miles away.","negativeRemarks":"A small one - provide syrup for breakfast junkies like me!","locationRemarks":"On El Camino Real - easy to go to SF or south, surrounded by restaurants mainly Asian style,  Very handy for the train - 7 mins easy walk.  ","lastInitial":"A","userLocation":"Telford, UK","reviewSubmissionTime":"2016-08-08T15:50:35Z","reviewerCategories":[{"categoryId":"Everyone","categoryLabel":"Everyone"}],"userDisplayName":"","roomTypeId":504882,"isUnverified":false,"isFlaggable":true,"isRecommended":"YES"},{"hotelId":"808403","totalPositiveFeedbacks":0,"tpid":"1","eapid":"0","contentLocale":"en_us","totalThanks":0,"photos":[],"reviewId":"57a0b37defe1630b283323b9","itinId":"1140565644610","moderationStatus":"APPROVED","contentCodes":"","managementResponses":[],"ratingOverall":4,"langId":"1033","userNickname":"Tenayacal","brandType":"Expedia","title":"Nicer than our expensive apartment","reviewText":"We very very impressed with our room at the Fairfield Inn in Millbrae. Not really a room, but it was a suite with separate rooms for sleeping and one for relaxing.  The room was very clean, well appointed and comfortable.\r\nGreat bed and pillows!\r\nBest of all was the price; very reasonable for the Bay Area.  Great location, too.\r\nVery close to BART, Caltrain and SFO Airport.\r\nIt is also a short easy trip to downtown San Francisco.\r\nThe only negatives, the last name on our reservation was incorrect, so it took a few minutes to find our booking.  And, it is close to Caltrain, so the train horns may be audible from some rooms.\r\n\r\n","featured":false,"ratingsOnly":false,"ratingRoomCleanliness":5,"ratingHotelCondition":5,"ratingService":4,"ratingRoomComfort":4,"positiveRemarks":"","negativeRemarks":"","locationRemarks":"","lastInitial":"","userLocation":"Mountain View CA","reviewSubmissionTime":"2016-08-02T14:51:41Z","reviewerCategories":[{"categoryId":"Everyone","categoryLabel":"Everyone"}],"userDisplayName":"","roomTypeId":504880,"isUnverified":false,"isFlaggable":true,"isRecommended":"YES"},{"hotelId":"808403","totalPositiveFeedbacks":0,"tpid":"1","eapid":"0","contentLocale":"en_us","totalThanks":0,"photos":[],"reviewId":"57863c2e9684e30b4a7157bf","itinId":"1127525309286","moderationStatus":"APPROVED","contentCodes":"","managementResponses":[],"ratingOverall":3,"langId":"1033","userNickname":"Karen","brandType":"Expedia","title":"Close to airport but overpriced ","reviewText":"Good amenities but a bit shabby and nothing out the ordinary.","featured":false,"ratingsOnly":false,"ratingRoomCleanliness":3,"ratingHotelCondition":3,"ratingService":3,"ratingRoomComfort":4,"positiveRemarks":"","negativeRemarks":"","locationRemarks":"","lastInitial":"","userLocation":"The lslands","reviewSubmissionTime":"2016-07-13T13:03:42Z","reviewerCategories":[{"categoryId":"Everyone","categoryLabel":"Everyone"}],"userDisplayName":"","roomTypeId":504880,"isUnverified":false,"isFlaggable":true,"isRecommended":"NO"},{"hotelId":"808403","totalPositiveFeedbacks":0,"tpid":"1","eapid":"0","contentLocale":"en_us","totalThanks":0,"photos":[],"reviewId":"5748abfd2b7c4e09fb9c4ac3","itinId":"1127775358799","moderationStatus":"APPROVED","contentCodes":"","managementResponses":[],"ratingOverall":5,"langId":"1033","userNickname":"","brandType":"Expedia","title":"Good Location","reviewText":"Good neighborhood, with some restaurant choices.   Biggest plus....is that it is a very nice hotel and very close to the airport !","featured":false,"ratingsOnly":false,"ratingRoomCleanliness":5,"ratingHotelCondition":5,"ratingService":5,"ratingRoomComfort":5,"positiveRemarks":"","negativeRemarks":"","locationRemarks":"","lastInitial":"","userLocation":"","reviewSubmissionTime":"2016-05-27T20:20:13Z","reviewerCategories":[{"categoryId":"Everyone","categoryLabel":"Everyone"}],"userDisplayName":"","roomTypeId":504880,"isUnverified":false,"isFlaggable":true,"isRecommended":"YES"},{"hotelId":"808403","totalPositiveFeedbacks":1,"tpid":"1","eapid":"0","contentLocale":"en_us","totalThanks":1,"photos":[],"reviewId":"573b2ab8900e6a09f9b7ff5b","itinId":"1134642680758","moderationStatus":"APPROVED","contentCodes":"","managementResponses":[],"ratingOverall":5,"langId":"1033","userNickname":"Ruth","brandType":"Expedia","title":"","reviewText":"We only stayed one night and didn't use the amenities.  The shuttle to the airport must stop at all the other area hotels as they said it would take 30 mins to get to the airport, so we took a Lyft and it was 10 mins.  Overall a nice hotel.","featured":false,"ratingsOnly":false,"ratingRoomCleanliness":5,"ratingHotelCondition":5,"ratingService":5,"ratingRoomComfort":5,"positiveRemarks":"","negativeRemarks":"","locationRemarks":"","lastInitial":"","userLocation":"","reviewSubmissionTime":"2016-05-17T14:29:12Z","reviewerCategories":[{"categoryId":"Everyone","categoryLabel":"Everyone"}],"userDisplayName":"","roomTypeId":504880,"isUnverified":false,"isFlaggable":true,"isRecommended":"YES"},{"hotelId":"808403","totalPositiveFeedbacks":0,"tpid":"1","eapid":"0","contentLocale":"en_us","totalThanks":0,"photos":[],"reviewId":"573681438ebbdb09fa2331b5","itinId":"1127981005298","moderationStatus":"APPROVED","contentCodes":"HMP MMD","managementResponses":[],"ratingOverall":2,"langId":"1033","userNickname":"Ben","brandType":"Expedia","title":"Not what we expected from a Marriott Hotel","reviewText":"My husband and I stayed here between our flights from Hawaii to Maryland. We didn't want to make the 12 hour trip so we spent the night in between trips at the Fairfield by Marriott at the San Francisco airport. We had been on a plane for 5 hours. We arrived around 11 pm and had to leave at 4:30 the next morning. When we arrived we got the key to our room. When we got to our room the keys didn't work. Went back downstairs for new keys. When we got in the room it smelled funny and the AC was broken. Back downstairs again for a new room. Got to the room only to find out that one side of the bed was so close to the bump out wall for the AC that my husband couldn't get out of the bed without bumping into the wall. We were so glad we only had to spend 5 hours in the room.\r\nDid I mention the train going by at 3:30 am. The train was blowing the horn a lot. \r\n","featured":false,"ratingsOnly":false,"ratingRoomCleanliness":3,"ratingHotelCondition":2,"ratingService":2,"ratingRoomComfort":2,"positiveRemarks":"The bed was comfortable. ","negativeRemarks":"The bump out wall was ridiculous. The ACs should be checked out to make sure they work and the rooms should not have an odor. ","locationRemarks":"Just stayed for a few hours so I can't say. ","lastInitial":"G","userLocation":"Maryland","reviewSubmissionTime":"2016-05-14T01:37:07Z","reviewerCategories":[{"categoryId":"Everyone","categoryLabel":"Everyone"}],"userDisplayName":"","roomTypeId":504880,"isUnverified":false,"isFlaggable":false,"isRecommended":"NO"},{"hotelId":"808403","totalPositiveFeedbacks":0,"tpid":"25","eapid":"0","contentLocale":"en_au","totalThanks":0,"photos":[],"reviewId":"57130e4c7d8a6009f56cd946","itinId":"17616784573","moderationStatus":"APPROVED","contentCodes":"HMP MMD","managementResponses":[],"ratingOverall":4,"langId":"3081","userNickname":"Stuart","brandType":"Expedia","title":"Easy access, friendly staff","reviewText":"We dealt with four front desk staff over our stay and all were friendly and accommodating.  Access was easy (you ring for a shuttle from the hotel shuttle area at the airport - be aware that this is on the departure level of the international terminal NOT the arrival level - you have to go upstairs if you are arriving).  Our room was on the ground floor, overlooking the Chinese restaurant car park, but it was quiet enough given the location.  Very central to the BART, local restaurants and a Safeway up the road.  Fridge, microwave and coffee maker provided.  Free newspaper.  Breakfast quite good.  Gym had two runners a cross trainer and small set of free weights.","featured":false,"ratingsOnly":false,"ratingRoomCleanliness":5,"ratingHotelCondition":4,"ratingService":5,"ratingRoomComfort":5,"positiveRemarks":"","negativeRemarks":"","locationRemarks":"","lastInitial":"","userLocation":"Australia","reviewSubmissionTime":"2016-04-17T04:17:16Z","reviewerCategories":[{"categoryId":"Everyone","categoryLabel":"Everyone"}],"userDisplayName":"","roomTypeId":504880,"isUnverified":false,"isFlaggable":false,"isRecommended":"YES"},{"hotelId":"808403","totalPositiveFeedbacks":0,"tpid":"25","eapid":"0","contentLocale":"en_au","totalThanks":0,"photos":[],"reviewId":"570821d6b82a1409fd0457bd","itinId":"17575508851","moderationStatus":"APPROVED","contentCodes":"MMA","managementResponses":[],"ratingOverall":5,"langId":"3081","userNickname":"","brandType":"Expedia","title":"Close to airport","reviewText":"We only spent one night in this hotel as we had to catch an early flight the next morning. The room was very clean and comfortable with a separate sitting area. The staff was very helpful. Complementary breakfast was provided which was very convenient, as was the free airport shuttle bus. A great place to stay.","featured":false,"ratingsOnly":false,"ratingRoomCleanliness":5,"ratingHotelCondition":5,"ratingService":5,"ratingRoomComfort":5,"positiveRemarks":"The separate sitting room is great.","negativeRemarks":"","locationRemarks":"Airport is close","lastInitial":"","userLocation":"Melbourne","reviewSubmissionTime":"2016-04-08T21:25:42Z","reviewerCategories":[{"categoryId":"Couples","categoryLabel":"Couples"}],"userDisplayName":"","roomTypeId":504880,"isUnverified":false,"isFlaggable":false,"isRecommended":"YES"},{"hotelId":"808403","totalPositiveFeedbacks":1,"tpid":"1","eapid":"0","contentLocale":"en_us","totalThanks":1,"photos":[],"reviewId":"56ed4059a6b720097ae48e14","itinId":"1128001736929","moderationStatus":"APPROVED","contentCodes":"","managementResponses":[],"ratingOverall":4,"langId":"1033","userNickname":"","brandType":"Expedia","title":"Close to SFO, has a shuttle","reviewText":"We needed a nice place to stay. This one came up at a great rate, one they couldn't match over the phone. We were very pleased with the room, it was clean and more like a suite. The seperate living room and desk made it easy for my wife to work. 2 tvs meant I didn't disturb her. The breakfast was excellent!","featured":false,"ratingsOnly":false,"ratingRoomCleanliness":4,"ratingHotelCondition":4,"ratingService":4,"ratingRoomComfort":5,"positiveRemarks":"Convenient to \r\nSFO","negativeRemarks":"","locationRemarks":"Close to SFO, shopping center  just down the road.","lastInitial":"","userLocation":"","reviewSubmissionTime":"2016-03-19T12:04:41Z","reviewerCategories":[{"categoryId":"Everyone","categoryLabel":"Everyone"}],"userDisplayName":"","roomTypeId":504880,"isUnverified":false,"isFlaggable":true,"isRecommended":"YES"},{"hotelId":"808403","totalPositiveFeedbacks":0,"tpid":"1","eapid":"0","contentLocale":"en_us","totalThanks":0,"photos":[{"thumbnailUrl":"https://a.travel-assets.com/ugc/hotel-reviews/AE68438DCEDE56C6873912A231B95EE7434168B21457582455238.jpg?resize=100:*","normalUrl":"https://a.travel-assets.com/ugc/hotel-reviews/AE68438DCEDE56C6873912A231B95EE7434168B21457582455238.jpg?resize=360:*","caption":""}],"reviewId":"56e0e998b40d27099665dd23","itinId":"1128313802439","moderationStatus":"APPROVED","contentCodes":"HMP","managementResponses":[],"ratingOverall":3,"langId":"1033","userNickname":"Jill","brandType":"Expedia","title":"Reasonably priced near Half Moon Bay. ","reviewText":"The staff was very friendly and let us check in early, on the condition that we took a handicap room.  I would not want a handicap room again as the set up is a little different and not as cozy. I have heard from another hotel that Expedia bookings are being pushed toward handicap rooms. The parking is convenient and easy in a covered garage, which was great since it was raining! The hotel is clean and the breakfast was good and satisfying. The hotel is directly next to a Taco Bell which could be convenient if we did not have an immediate view of Taco Bell drive up. Being in a city you could hear sirens and traffic, but the beds were comfortable and we actually slept very well. I would stay here again as it is only 15 minutes to beautiful Half Moon Bay and 25 minutes to San Francisco without the City prices. The hot tub looked very enticing but it was raining hard, so we did not get to try it out.","featured":false,"ratingsOnly":false,"ratingRoomCleanliness":4,"ratingHotelCondition":3,"ratingService":5,"ratingRoomComfort":3,"positiveRemarks":"Friendly staff! Convenient, easy parking garage and a good breakfast!","negativeRemarks":"","locationRemarks":"Close to Half Moon Bay, only a 15 minute drive. Near San Francisco, only 30 minute drive to Golden Gate Bridge.","lastInitial":"F","userLocation":"Nevada","reviewSubmissionTime":"2016-03-10T03:27:20Z","reviewerCategories":[{"categoryId":"Everyone","categoryLabel":"Everyone"}],"userDisplayName":"","roomTypeId":504879,"isUnverified":false,"isFlaggable":false,"isRecommended":"YES"},{"hotelId":"808403","totalPositiveFeedbacks":0,"tpid":"1","eapid":"0","contentLocale":"en_us","totalThanks":0,"photos":[],"reviewId":"56cb3942e5718909951f0a53","itinId":"1127784380164","moderationStatus":"APPROVED","contentCodes":"","managementResponses":[],"ratingOverall":4,"langId":"1033","userNickname":"","brandType":"Expedia","title":"great location, right by downtown burlingame ","reviewText":"loved the layout of the room. we had two TV's, one in the living room and another in the bedroom. the gym didn't have much, but it was clean and all the equipment seemed new. the staff was very helpful and friendly. ","featured":false,"ratingsOnly":false,"ratingRoomCleanliness":5,"ratingHotelCondition":4,"ratingService":5,"ratingRoomComfort":5,"positiveRemarks":"loved the gluten free cheerios included in the breakfast! everything was very comfortable","negativeRemarks":"we talked to someone in the elevator saying that their curtains were torn and their room smelt bad, but we didn't have any issues like that. ","locationRemarks":"blue line pizza - absolutely delicious, and it is in a fun downtown section","lastInitial":"","userLocation":"","reviewSubmissionTime":"2016-02-22T16:37:22Z","reviewerCategories":[{"categoryId":"Everyone","categoryLabel":"Everyone"}],"userDisplayName":"","roomTypeId":504880,"isUnverified":false,"isFlaggable":true,"isRecommended":"YES"},{"hotelId":"808403","totalPositiveFeedbacks":1,"tpid":"1","eapid":"0","contentLocale":"en_us","totalThanks":1,"photos":[],"reviewId":"56bb3ca14fdaae0994d15e6f","itinId":"1125822178300","moderationStatus":"APPROVED","contentCodes":"","managementResponses":[{"userNickname":"Janice P","displayLocale":"en_us","isFlaggable":true,"date":"2016-02-11T18:30:46Z","response":"Dear Traveler,\r\nThank you for your recent correspondence regarding your stay with us.  We do appreciate hearing from our guests, as their comments are vital for us to continue improving our accommodations.\r\nWe hope to see you again in the near future.","status":"APPROVED","id":"3b384de5-ac21-41e0-9b87-373c8a8fb9f0"}],"ratingOverall":3,"langId":"1033","userNickname":"","brandType":"Expedia","title":"Nice hotel close to the airport","reviewText":"Hotel was clean although a little run down. What I expected for what I paid","featured":false,"ratingsOnly":false,"ratingRoomCleanliness":4,"ratingHotelCondition":3,"ratingService":5,"ratingRoomComfort":4,"positiveRemarks":"Online search","negativeRemarks":"Bathroom a little run down","locationRemarks":"Walking distance to amendment ties","lastInitial":"","userLocation":"","reviewSubmissionTime":"2016-02-10T13:35:29Z","reviewerCategories":[{"categoryId":"Everyone","categoryLabel":"Everyone"}],"userDisplayName":"","roomTypeId":504880,"isUnverified":false,"isFlaggable":true,"isRecommended":"YES"},{"hotelId":"808403","totalPositiveFeedbacks":2,"tpid":"1","eapid":"0","contentLocale":"en_us","totalThanks":2,"photos":[],"reviewId":"56ab742eb5101d0995a3e76d","itinId":"1123162159814","moderationStatus":"APPROVED","contentCodes":"","managementResponses":[],"ratingOverall":4,"langId":"1033","userNickname":"","brandType":"Expedia","title":"","reviewText":"This hotel was close to the airport and my corporate office.  Check in was quick and easy.  There is a nice eating area where you can get a decent breakfast.","featured":false,"ratingsOnly":false,"ratingRoomCleanliness":4,"ratingHotelCondition":4,"ratingService":4,"ratingRoomComfort":4,"positiveRemarks":"Access to freeway, airport and restaurants within walking distance.","negativeRemarks":"It would be nice if there was a fire pit outside in the courtyard.","locationRemarks":"Even though you are close to the airport, you don't hear a lot of air traffic. A lot of restaurant choices.","lastInitial":"","userLocation":"","reviewSubmissionTime":"2016-01-29T14:16:14Z","reviewerCategories":[{"categoryId":"Everyone","categoryLabel":"Everyone"}],"userDisplayName":"","roomTypeId":504880,"isUnverified":false,"isFlaggable":true,"isRecommended":"YES"},{"hotelId":"808403","totalPositiveFeedbacks":1,"tpid":"1","eapid":"0","contentLocale":"en_us","totalThanks":1,"photos":[],"reviewId":"567a2b29603da6111d26194f","itinId":"1120080605739","moderationStatus":"APPROVED","contentCodes":"","managementResponses":[],"ratingOverall":5,"langId":"1033","userNickname":"","brandType":"Expedia","title":"Nice hotel close to the airport","reviewText":"This is the second time we stayed in this hotel. We like it because it is close to the airport and has some really great restaurants close by. Our favorite was O Solo Mio around the block. Lots of Asian cuisine. They let us leave our luggage in a storage room for the whole day until we had to cTch our plane for no charge.","featured":false,"ratingsOnly":false,"ratingRoomCleanliness":5,"ratingHotelCondition":5,"ratingService":5,"ratingRoomComfort":5,"positiveRemarks":"Clean, vicinity to airport","negativeRemarks":"Breakfast is only so-so. ","locationRemarks":"Lots of great restaurants, also close to a BART station.","lastInitial":"","userLocation":"","reviewSubmissionTime":"2015-12-23T05:03:37Z","reviewerCategories":[{"categoryId":"Everyone","categoryLabel":"Everyone"}],"userDisplayName":"","roomTypeId":504882,"isUnverified":false,"isFlaggable":true,"isRecommended":"YES"},{"hotelId":"808403","totalPositiveFeedbacks":2,"tpid":"1","eapid":"0","contentLocale":"en_us","totalThanks":2,"photos":[],"reviewId":"563566dc456627094a4b40af","itinId":"1117602728411","moderationStatus":"APPROVED","contentCodes":"HMP MMD","managementResponses":[],"ratingOverall":5,"langId":"1033","userNickname":"Linda","brandType":"Expedia","title":"A weekend getaway to visit family","reviewText":"The hotel offers amenities that I need.  It is close to SFO airport and Bart/Caltrain station.  I can take the airport shuttle to SFO International Terminal to take the Bart to downtown San Francisco.  Even if I prefer to walk to the Bart station that is close to the hotel, it is a short walk.  The neighborhood offers a good selection of cuisine, in particular, Cantonese dim sum/seafood.  Complimentary breakfast offered at the hotel is also good.  There is a fairly good amount of breakfast choices.  As soon as certain items are gone, these items are instantly replaced by the staff.  Although my stay at the hotel is a short one but I like the location and what it is able to offer to guests.","featured":false,"ratingsOnly":false,"ratingRoomCleanliness":5,"ratingHotelCondition":5,"ratingService":5,"ratingRoomComfort":4,"positiveRemarks":"","negativeRemarks":"","locationRemarks":"","lastInitial":"","userLocation":"New York, NY","reviewSubmissionTime":"2015-11-01T01:11:56Z","reviewerCategories":[{"categoryId":"Everyone","categoryLabel":"Everyone"}],"userDisplayName":"","roomTypeId":504880,"isUnverified":false,"isFlaggable":false,"isRecommended":"YES"},{"hotelId":"808403","totalPositiveFeedbacks":0,"tpid":"4","eapid":"0","contentLocale":"en_ca","totalThanks":0,"photos":[],"reviewId":"56310b7f0c6c53094a33e54b","itinId":"1118155448294","moderationStatus":"APPROVED","contentCodes":"HMP MMD","managementResponses":[],"ratingOverall":3,"langId":"4105","userNickname":"lucio","brandType":"Expedia","title":"Personal trip,room smells from ground,","reviewText":"Personal trip,room smells from ground. It includes breakfast, internet, that beating. 10minutes walking to BART ","featured":false,"ratingsOnly":false,"ratingRoomCleanliness":3,"ratingHotelCondition":3,"ratingService":3,"ratingRoomComfort":3,"positiveRemarks":"","negativeRemarks":"","locationRemarks":"","lastInitial":"","userLocation":"vancouver, canada","reviewSubmissionTime":"2015-10-28T17:53:03Z","reviewerCategories":[{"categoryId":"Everyone","categoryLabel":"Everyone"}],"userDisplayName":"","roomTypeId":504880,"isUnverified":false,"isFlaggable":false,"isRecommended":"YES"},{"hotelId":"808403","totalPositiveFeedbacks":0,"tpid":"1","eapid":"0","contentLocale":"en_us","totalThanks":0,"photos":[],"reviewId":"55fb1cea9efce608fb98df28","itinId":"1116866200762","moderationStatus":"APPROVED","contentCodes":"","managementResponses":[],"ratingOverall":4,"langId":"1033","userNickname":"","brandType":"Expedia","title":"Great service","reviewText":"The staff was excellent. We enjoyed our stay. We will stay here agsin in the future and would suggest this hotel to others visiting the area.","featured":false,"ratingsOnly":false,"ratingRoomCleanliness":4,"ratingHotelCondition":4,"ratingService":4,"ratingRoomComfort":4,"positiveRemarks":"","negativeRemarks":"","locationRemarks":"","lastInitial":"","userLocation":"","reviewSubmissionTime":"2015-09-17T20:04:58Z","reviewerCategories":[{"categoryId":"Everyone","categoryLabel":"Everyone"}],"userDisplayName":"","roomTypeId":504879,"isUnverified":false,"isFlaggable":true,"isRecommended":"YES"},{"hotelId":"808403","totalPositiveFeedbacks":0,"tpid":"1","eapid":"0","contentLocale":"en_us","totalThanks":0,"photos":[],"reviewId":"55e7a4f24ec1d608f0a07175","itinId":"190397238667","moderationStatus":"APPROVED","contentCodes":"","managementResponses":[],"ratingOverall":4,"langId":"1033","userNickname":"NewtonTraveler","brandType":"Expedia","title":"Convenient for brief San Francisco visit","reviewText":"We stayed twice at this hotel, when passing through San Francisco on a longer trip.  It has a free shuttle to and from San Francisco airport, and we used BART (a short walk from the hotel) to go into San Francisco and return.","featured":false,"ratingsOnly":false,"ratingRoomCleanliness":4,"ratingHotelCondition":4,"ratingService":4,"ratingRoomComfort":4,"positiveRemarks":"Much less expensive than downtown SF hotels, yet convenient to San Francisco public transportation. Free short airport shuttle ride.  Good quality.","negativeRemarks":"","locationRemarks":"Not much nearby, except good transportation.","lastInitial":"","userLocation":"Massachusetts","reviewSubmissionTime":"2015-09-03T01:40:02Z","reviewerCategories":[{"categoryId":"Everyone","categoryLabel":"Everyone"}],"userDisplayName":"","roomTypeId":"","isUnverified":false,"isFlaggable":true,"isRecommended":"YES"},{"hotelId":"808403","totalPositiveFeedbacks":0,"tpid":"1","eapid":"0","contentLocale":"en_us","totalThanks":0,"photos":[],"reviewId":"55db2bca2cc7a908f089b9ba","itinId":"1114766458550","moderationStatus":"APPROVED","contentCodes":"","managementResponses":[],"ratingOverall":4,"langId":"1033","userNickname":"","brandType":"Expedia","title":"Clean hotel, ","reviewText":"I loved the enormous amount of pillows. Awesome. There were plenty of eating establishments within walking distance. A great location","featured":false,"ratingsOnly":false,"ratingRoomCleanliness":4,"ratingHotelCondition":4,"ratingService":4,"ratingRoomComfort":4,"positiveRemarks":"","negativeRemarks":"","locationRemarks":"","lastInitial":"","userLocation":"","reviewSubmissionTime":"2015-08-24T14:35:54Z","reviewerCategories":[{"categoryId":"Everyone","categoryLabel":"Everyone"}],"userDisplayName":"","roomTypeId":504880,"isUnverified":false,"isFlaggable":true,"isRecommended":"YES"},{"hotelId":"808403","totalPositiveFeedbacks":0,"tpid":"1","eapid":"0","contentLocale":"en_us","totalThanks":0,"photos":[],"reviewId":"55c9015ba398530908e5a317","itinId":"1104999333101","moderationStatus":"APPROVED","contentCodes":"HMP MMD","managementResponses":[],"ratingOverall":3,"langId":"1033","userNickname":"tc","brandType":"Expedia","title":"Location location","reviewText":"Very good location 5 minutes from SFO with free shuttle. 5 minutes walk to Bart stations. Used Bart to AT&T park took 30 minutes. Shopping and dining with lots of options all within walking distance. Hotel staffs and conditions were average. Expect better for the rate they charge. ","featured":false,"ratingsOnly":false,"ratingRoomCleanliness":3,"ratingHotelCondition":3,"ratingService":2,"ratingRoomComfort":2,"positiveRemarks":"","negativeRemarks":"","locationRemarks":"","lastInitial":"","userLocation":"beaumont CA","reviewSubmissionTime":"2015-08-10T19:54:03Z","reviewerCategories":[{"categoryId":"Everyone","categoryLabel":"Everyone"}],"userDisplayName":"","roomTypeId":"","isUnverified":false,"isFlaggable":false,"isRecommended":"YES"}]}}}
