{"reviewDetails":{"startIndex":0,"numberOfReviewsInThisPage":20,"reviewSummaryCollection":{"reviewSummary":[{"hotelId":"455591","totalReviewCnt":410,"avgOverallRating":3.4365854,"cleanliness":3.7146342,"serviceAndStaff":3.802439,"roomComfort":3.5512195,"hotelCondition":3.307317,"convenienceOfLocation":3.935484,"neighborhoodSatisfaction":3.2741935,"roomQuality":0,"targetedBrand":"Expedia","originSummary":[{"origin":"Expedia","reviewCnt":410,"recommendedPercent":71.70731,"avgOverallRating":3.4365854,"cleanliness":3.7146342,"serviceAndStaff":3.802439,"roomComfort":3.5512195,"hotelCondition":3.307317,"convenienceOfLocation":3.935484,"neighborhoodSatisfaction":3.2741935,"valueForMoney":0,"roomQuality":0,"categoryCounts":{"Everyone":273,"BusinessTravelers":24,"Couples":22,"Students":5,"Families":20,"Other":5},"roomTypeIdCounts":{"200323169":19,"266326":64,"266332":3,"200015910":34,"403565":33,"200015911":9,"266328":74},"languageCounts":{"en":410}}],"recommendedPercent":71.70731,"valueForMoney":0,"categoryCounts":{"Everyone":273,"BusinessTravelers":24,"Couples":22,"Students":5,"Families":20,"Other":5},"roomTypeIdCounts":{"200323169":19,"266326":64,"266332":3,"200015910":34,"403565":33,"200015911":9,"266328":74},"languageCounts":{"en":410},"featuredReview":{}}]},"reviewCollection":{"review":[{"hotelId":"455591","totalPositiveFeedbacks":0,"tpid":"1","eapid":"0","contentLocale":"en_us","totalThanks":0,"photos":[],"reviewId":"57aca4697f7e0d0b0402238e","itinId":"1142624227159","moderationStatus":"APPROVED","contentCodes":"","managementResponses":[],"ratingOverall":3,"langId":"1033","userNickname":"","brandType":"Expedia","title":"Close to SFO","reviewText":"Hotel is close to SFO and so easy to make early morning flights.  Lobby and elevators need to be upgraded.  THe room was fine.","featured":false,"ratingsOnly":false,"ratingRoomCleanliness":3,"ratingHotelCondition":2,"ratingService":3,"ratingRoomComfort":3,"positiveRemarks":"Proximity to SF airport.","negativeRemarks":"Lobby and elevators need to be upgraded.","locationRemarks":"","lastInitial":"","userLocation":"","reviewSubmissionTime":"2016-08-11T16:14:33Z","reviewerCategories":[{"categoryId":"Everyone","categoryLabel":"Everyone"}],"userDisplayName":"","roomTypeId":200323169,"isUnverified":false,"isFlaggable":true,"isRecommended":"YES"},{"hotelId":"455591","totalPositiveFeedbacks":0,"tpid":"30029","eapid":"0","contentLocale":"en_us","totalThanks":0,"photos":[],"reviewId":"57abb4ba1563430b29709888","itinId":"15315352584","moderationStatus":"APPROVED","contentCodes":"MMA","managementResponses":[],"ratingOverall":4,"langId":"1033","userNickname":"World Traveler","brandType":"Expedia","title":"A quick one day turn around trip.","reviewText":"Hotel staff tries hard to please; however, need professional repair person to fix inoperable lighting fixture.","featured":false,"ratingsOnly":false,"ratingRoomCleanliness":4,"ratingHotelCondition":4,"ratingService":4,"ratingRoomComfort":4,"positiveRemarks":"","negativeRemarks":"","locationRemarks":"","lastInitial":"","userLocation":"Honolulu","reviewSubmissionTime":"2016-08-10T23:11:54Z","reviewerCategories":[{"categoryId":"Everyone","categoryLabel":"Everyone"}],"userDisplayName":"","roomTypeId":200323169,"isUnverified":false,"isFlaggable":false,"isRecommended":"YES"},{"hotelId":"455591","totalPositiveFeedbacks":0,"tpid":"1","eapid":"0","contentLocale":"en_us","totalThanks":0,"photos":[],"reviewId":"57a9e12d379e130b274d7495","itinId":"1132717978992","moderationStatus":"APPROVED","contentCodes":"","managementResponses":[],"ratingOverall":2,"langId":"1033","userNickname":"","brandType":"Expedia","title":"Expensive","reviewText":"Used two nights. Short staff. Piling trash at breakfast room. ","featured":false,"ratingsOnly":false,"ratingRoomCleanliness":3,"ratingHotelCondition":3,"ratingService":2,"ratingRoomComfort":4,"positiveRemarks":"","negativeRemarks":"","locationRemarks":"","lastInitial":"","userLocation":"","reviewSubmissionTime":"2016-08-09T13:57:01Z","reviewerCategories":[{"categoryId":"Everyone","categoryLabel":"Everyone"}],"userDisplayName":"","roomTypeId":200015910,"isUnverified":false,"isFlaggable":true,"isRecommended":"NO"},{"hotelId":"455591","totalPositiveFeedbacks":0,"tpid":"1","eapid":"0","contentLocale":"en_us","totalThanks":0,"photos":[],"reviewId":"579575c456f59b0b2db0cf4b","itinId":"1137875352913","moderationStatus":"APPROVED","contentCodes":"HMP MMD","managementResponses":[],"ratingOverall":2,"langId":"1033","userNickname":"","brandType":"Expedia","title":"Just the basics","reviewText":"No one at the desk for 15 minutes upon check in. No hair dryer in room. If you needed one you had to take the elevator down 2 flights and borrow one from desk.  No outlet in bathroom . Desk clerk had scant knowledge of good restaurants nearby, they will never see us again even though we are through the airport at least 3 times per year.","featured":false,"ratingsOnly":false,"ratingRoomCleanliness":3,"ratingHotelCondition":2,"ratingService":1,"ratingRoomComfort":3,"positiveRemarks":"","negativeRemarks":"","locationRemarks":"","lastInitial":"","userLocation":"","reviewSubmissionTime":"2016-07-25T02:13:24Z","reviewerCategories":[{"categoryId":"Everyone","categoryLabel":"Everyone"}],"userDisplayName":"","roomTypeId":266328,"isUnverified":false,"isFlaggable":false,"isRecommended":"NO"},{"hotelId":"455591","totalPositiveFeedbacks":0,"tpid":"1","eapid":"0","contentLocale":"en_us","totalThanks":0,"photos":[],"reviewId":"5794cbd0bff7f60b2f4a45fa","itinId":"1136669417746","moderationStatus":"APPROVED","contentCodes":"","managementResponses":[],"ratingOverall":3,"langId":"1033","userNickname":"Francois","brandType":"Expedia","title":"Close to airport.","reviewText":"Rooms are ok   Close to airport. No other facility. Good if you arrive late and depart early. ","featured":false,"ratingsOnly":false,"ratingRoomCleanliness":4,"ratingHotelCondition":3,"ratingService":2,"ratingRoomComfort":3,"positiveRemarks":"","negativeRemarks":"","locationRemarks":"","lastInitial":"","userLocation":"Caribbean","reviewSubmissionTime":"2016-07-24T14:08:16Z","reviewerCategories":[{"categoryId":"Everyone","categoryLabel":"Everyone"}],"userDisplayName":"","roomTypeId":266328,"isUnverified":false,"isFlaggable":true,"isRecommended":"YES"},{"hotelId":"455591","totalPositiveFeedbacks":0,"tpid":"1","eapid":"0","contentLocale":"en_us","totalThanks":0,"photos":[],"reviewId":"57941aa156f59b0b2d71312b","itinId":"1138041253057","moderationStatus":"APPROVED","contentCodes":"","managementResponses":[],"ratingOverall":3,"langId":"1033","userNickname":"","brandType":"Expedia","title":"","reviewText":"rooms were a tight space for 4 people with luggage. no reason to complain, no reason to return","featured":false,"ratingsOnly":false,"ratingRoomCleanliness":4,"ratingHotelCondition":3,"ratingService":3,"ratingRoomComfort":2,"positiveRemarks":"","negativeRemarks":"","locationRemarks":"","lastInitial":"","userLocation":"","reviewSubmissionTime":"2016-07-24T01:32:17Z","reviewerCategories":[{"categoryId":"Everyone","categoryLabel":"Everyone"}],"userDisplayName":"","roomTypeId":200015910,"isUnverified":false,"isFlaggable":true,"isRecommended":"NO"},{"hotelId":"455591","totalPositiveFeedbacks":0,"tpid":"1","eapid":"0","contentLocale":"en_us","totalThanks":0,"photos":[],"reviewId":"578f4e55331f6e0b2854620f","itinId":"1134411404782","moderationStatus":"APPROVED","contentCodes":"","managementResponses":[],"ratingOverall":3,"langId":"1033","userNickname":"heading home","brandType":"Expedia","title":"Flying early ","reviewText":"Hotel did what we needed it to do good area and good food close walking ","featured":false,"ratingsOnly":false,"ratingRoomCleanliness":5,"ratingHotelCondition":4,"ratingService":3,"ratingRoomComfort":4,"positiveRemarks":"","negativeRemarks":"","locationRemarks":"","lastInitial":"","userLocation":"DE","reviewSubmissionTime":"2016-07-20T10:11:33Z","reviewerCategories":[{"categoryId":"Everyone","categoryLabel":"Everyone"}],"userDisplayName":"","roomTypeId":403565,"isUnverified":false,"isFlaggable":true,"isRecommended":"YES"},{"hotelId":"455591","totalPositiveFeedbacks":0,"tpid":"1","eapid":"0","contentLocale":"en_us","totalThanks":0,"photos":[],"reviewId":"578512e20cd612150db78256","itinId":"1133578475562","moderationStatus":"APPROVED","contentCodes":"","managementResponses":[],"ratingOverall":5,"langId":"1033","userNickname":"","brandType":"Expedia","title":"great place great location for airpiort great staf","reviewText":"staff really helped us at checkin and gave us an upgraded suite for same price !!","featured":false,"ratingsOnly":false,"ratingRoomCleanliness":5,"ratingHotelCondition":5,"ratingService":5,"ratingRoomComfort":5,"positiveRemarks":"","negativeRemarks":"","locationRemarks":"","lastInitial":"","userLocation":"houston tx","reviewSubmissionTime":"2016-07-12T15:55:14Z","reviewerCategories":[{"categoryId":"Everyone","categoryLabel":"Everyone"}],"userDisplayName":"","roomTypeId":266326,"isUnverified":false,"isFlaggable":true,"isRecommended":"YES"},{"hotelId":"455591","totalPositiveFeedbacks":0,"tpid":"29","eapid":"0","contentLocale":"en_au","totalThanks":0,"photos":[],"reviewId":"578424cd86a89c0b48696b15","itinId":"129872825320","moderationStatus":"APPROVED","contentCodes":"MMA","managementResponses":[],"ratingOverall":5,"langId":"3081","userNickname":"","brandType":"Expedia","title":"","reviewText":"Nice place great to have elevator and beds are super comfy","featured":false,"ratingsOnly":false,"ratingRoomCleanliness":5,"ratingHotelCondition":5,"ratingService":5,"ratingRoomComfort":5,"positiveRemarks":"","negativeRemarks":"","locationRemarks":"","lastInitial":"","userLocation":"","reviewSubmissionTime":"2016-07-11T22:59:25Z","reviewerCategories":[{"categoryId":"Everyone","categoryLabel":"Everyone"}],"userDisplayName":"","roomTypeId":266328,"isUnverified":false,"isFlaggable":false,"isRecommended":"YES"},{"hotelId":"455591","totalPositiveFeedbacks":0,"tpid":"25","eapid":"0","contentLocale":"en_au","totalThanks":0,"photos":[],"reviewId":"577f28d60cd612150d177890","itinId":"19034067025","moderationStatus":"APPROVED","contentCodes":"MMA","managementResponses":[],"ratingOverall":3,"langId":"3081","userNickname":"lisa","brandType":"Expedia","title":"Nice hotel for the price","reviewText":"Good distance from airport. Breakfast reasonable. ","featured":false,"ratingsOnly":false,"ratingRoomCleanliness":4,"ratingHotelCondition":3,"ratingService":4,"ratingRoomComfort":4,"positiveRemarks":"","negativeRemarks":"","locationRemarks":"","lastInitial":"","userLocation":"australia ","reviewSubmissionTime":"2016-07-08T04:15:18Z","reviewerCategories":[{"categoryId":"Students","categoryLabel":"Students"}],"userDisplayName":"","roomTypeId":266328,"isUnverified":false,"isFlaggable":false,"isRecommended":"YES"},{"hotelId":"455591","totalPositiveFeedbacks":0,"tpid":"1","eapid":"0","contentLocale":"en_us","totalThanks":0,"photos":[],"reviewId":"577b01724ee2800b7d246680","itinId":"1135480315897","moderationStatus":"APPROVED","contentCodes":"","managementResponses":[],"ratingOverall":3,"langId":"1033","userNickname":"Wally","brandType":"Expedia","title":"Functional","reviewText":"Good value near airport for early morning departures.","featured":false,"ratingsOnly":false,"ratingRoomCleanliness":4,"ratingHotelCondition":3,"ratingService":4,"ratingRoomComfort":4,"positiveRemarks":"","negativeRemarks":"","locationRemarks":"","lastInitial":"","userLocation":"Santa Cruz, CA","reviewSubmissionTime":"2016-07-05T00:38:10Z","reviewerCategories":[{"categoryId":"Everyone","categoryLabel":"Everyone"}],"userDisplayName":"","roomTypeId":266326,"isUnverified":false,"isFlaggable":true,"isRecommended":"YES"},{"hotelId":"455591","totalPositiveFeedbacks":0,"tpid":"1","eapid":"0","contentLocale":"en_us","totalThanks":0,"photos":[],"reviewId":"577148ce00db110b7a7b6678","itinId":"1136598985578","moderationStatus":"APPROVED","contentCodes":"","managementResponses":[],"ratingOverall":3,"langId":"1033","userNickname":"","brandType":"Expedia","title":"Good choice for 1 night stay","reviewText":"Basic hotel, perfect for sleeping near the airport. Very comfortable be and fairly large room. The AC controls were very confusing and it made a lot of noise.","featured":false,"ratingsOnly":false,"ratingRoomCleanliness":3,"ratingHotelCondition":3,"ratingService":3,"ratingRoomComfort":4,"positiveRemarks":"Close to our daughter's house and BART.","negativeRemarks":"Have a sign showing the way to the lobby from the parking lot. We walked all the way around the hotel because we couldn't find the entrance. Noisy AC.","locationRemarks":"","lastInitial":"","userLocation":"","reviewSubmissionTime":"2016-06-27T15:39:58Z","reviewerCategories":[{"categoryId":"Everyone","categoryLabel":"Everyone"}],"userDisplayName":"","roomTypeId":200323169,"isUnverified":false,"isFlaggable":true,"isRecommended":"YES"},{"hotelId":"455591","totalPositiveFeedbacks":0,"tpid":"4","eapid":"0","contentLocale":"en_ca","totalThanks":0,"photos":[],"reviewId":"577095df0620330b7d8dc7e7","itinId":"1117350459164","moderationStatus":"APPROVED","contentCodes":"","managementResponses":[],"ratingOverall":4,"langId":"4105","userNickname":"Jay","brandType":"Expedia","title":"Affordable and convenient","reviewText":"The Hotel is generally in good shape as it seems to be newly renovated.  Rooms are clean and front desk staff are friendly.  They could use more staff to man the breakfast area to keep up with the replenishment of stuff like coffee or plates & others.","featured":false,"ratingsOnly":false,"ratingRoomCleanliness":3,"ratingHotelCondition":3,"ratingService":4,"ratingRoomComfort":4,"positiveRemarks":"conveniently located close to the airport.","negativeRemarks":"Hazard items like some electrical cabling sticking out of the floor (in the breakfast area) must be protected and covered/labeled so people are safe. ","locationRemarks":"there are shops around the area and coin laundry within walking distance.","lastInitial":"","userLocation":"Canada","reviewSubmissionTime":"2016-06-27T02:56:31Z","reviewerCategories":[{"categoryId":"Everyone","categoryLabel":"Everyone"}],"userDisplayName":"","roomTypeId":403565,"isUnverified":false,"isFlaggable":true,"isRecommended":"YES"},{"hotelId":"455591","totalPositiveFeedbacks":0,"tpid":"1","eapid":"0","contentLocale":"en_us","totalThanks":0,"photos":[],"reviewId":"57697e2e9cd5dd0b48f06e5e","itinId":"1133288375208","moderationStatus":"APPROVED","contentCodes":"","managementResponses":[],"ratingOverall":3,"langId":"1033","userNickname":"Ken","brandType":"Expedia","title":"good for SFO access","reviewText":"hotel is currently being remodeled.  Access to it is difficult from the street due to traffic barriers.  Rooms are relatively quiet and new remodel is a great improvement, but lobby is very confined and check-in has no temporary parking.","featured":false,"ratingsOnly":false,"ratingRoomCleanliness":4,"ratingHotelCondition":3,"ratingService":2,"ratingRoomComfort":4,"positiveRemarks":"new decor","negativeRemarks":"more front desk staff.  Even when I rang their counter bell, no one came.","locationRemarks":"convenient to SFO","lastInitial":"","userLocation":"Washington state","reviewSubmissionTime":"2016-06-21T17:49:34Z","reviewerCategories":[{"categoryId":"Everyone","categoryLabel":"Everyone"}],"userDisplayName":"","roomTypeId":266326,"isUnverified":false,"isFlaggable":true,"isRecommended":"YES"},{"hotelId":"455591","totalPositiveFeedbacks":0,"tpid":"1","eapid":"0","contentLocale":"en_us","totalThanks":0,"photos":[],"reviewId":"575f3189e61a690b28ab970c","itinId":"1131024806064","moderationStatus":"APPROVED","contentCodes":"","managementResponses":[],"ratingOverall":4,"langId":"1033","userNickname":"","brandType":"Expedia","title":"","reviewText":"It was fine but all we did was sleep there most of the days we were in the city.","featured":false,"ratingsOnly":false,"ratingRoomCleanliness":4,"ratingHotelCondition":3,"ratingService":4,"ratingRoomComfort":4,"positiveRemarks":"","negativeRemarks":"","locationRemarks":"","lastInitial":"","userLocation":"","reviewSubmissionTime":"2016-06-13T22:19:53Z","reviewerCategories":[{"categoryId":"Everyone","categoryLabel":"Everyone"}],"userDisplayName":"","roomTypeId":200015911,"isUnverified":false,"isFlaggable":true,"isRecommended":"YES"},{"hotelId":"455591","totalPositiveFeedbacks":0,"tpid":"1","eapid":"0","contentLocale":"en_us","totalThanks":0,"photos":[],"reviewId":"575ee1619609030b27c72bdb","itinId":"1126275084467","moderationStatus":"APPROVED","contentCodes":"","managementResponses":[],"ratingOverall":3,"langId":"1033","userNickname":"C","brandType":"Expedia","title":"Convenient","reviewText":"Under construction, order place, but not too expensive.","featured":false,"ratingsOnly":false,"ratingRoomCleanliness":4,"ratingHotelCondition":3,"ratingService":3,"ratingRoomComfort":4,"positiveRemarks":"","negativeRemarks":"","locationRemarks":"","lastInitial":"B","userLocation":"monterey","reviewSubmissionTime":"2016-06-13T16:37:53Z","reviewerCategories":[{"categoryId":"Everyone","categoryLabel":"Everyone"}],"userDisplayName":"","roomTypeId":266326,"isUnverified":false,"isFlaggable":true,"isRecommended":"YES"},{"hotelId":"455591","totalPositiveFeedbacks":3,"tpid":"1","eapid":"0","contentLocale":"en_us","totalThanks":3,"photos":[],"reviewId":"57547c139b7c1c0b7be5ea74","itinId":"1135839415471","moderationStatus":"APPROVED","contentCodes":"HMP MMD","managementResponses":[],"ratingOverall":1,"langId":"1033","userNickname":"","brandType":"Expedia","title":"Only positive was close to airport","reviewText":"Terrible terrible terrible Extremely noisy and staff very rude.  They could have cared less that we did not want the rooms that they assigned us.  They were right next to the lobby and you could hear every word that was said all night.  The elevator broke sometime during the wee early morning hours and there was beating and pounding.  Maybe someone trying to get out of the elevator.  Kids were running all over upstairs.  It was a nightmare and none of us in the three rooms slept the entire night.  ","featured":false,"ratingsOnly":false,"ratingRoomCleanliness":3,"ratingHotelCondition":2,"ratingService":1,"ratingRoomComfort":3,"positiveRemarks":"Nothing","negativeRemarks":"everything","locationRemarks":"Went to the airport","lastInitial":"","userLocation":"South Carolina","reviewSubmissionTime":"2016-06-05T19:22:59Z","reviewerCategories":[{"categoryId":"Everyone","categoryLabel":"Everyone"}],"userDisplayName":"","roomTypeId":403565,"isUnverified":false,"isFlaggable":false,"isRecommended":"NO"},{"hotelId":"455591","totalPositiveFeedbacks":2,"tpid":"1","eapid":"0","contentLocale":"en_us","totalThanks":2,"photos":[],"reviewId":"57547b1fcaa9ae0b81eca0ee","itinId":"1134023191161","moderationStatus":"APPROVED","contentCodes":"MMA","managementResponses":[],"ratingOverall":1,"langId":"1033","userNickname":"","brandType":"Expedia","title":"The only positive thing was that it was close  to","reviewText":"Terrible.  Noisy beyond words. Extremely rude staff and manager.","featured":false,"ratingsOnly":false,"ratingRoomCleanliness":3,"ratingHotelCondition":2,"ratingService":1,"ratingRoomComfort":3,"positiveRemarks":"Nothing","negativeRemarks":"Everything","locationRemarks":"Close to airport that is all that was positive","lastInitial":"","userLocation":"South Carolina","reviewSubmissionTime":"2016-06-05T19:18:55Z","reviewerCategories":[{"categoryId":"Everyone","categoryLabel":"Everyone"}],"userDisplayName":"","roomTypeId":403565,"isUnverified":false,"isFlaggable":false,"isRecommended":"NO"},{"hotelId":"455591","totalPositiveFeedbacks":1,"tpid":"1","eapid":"0","contentLocale":"en_us","totalThanks":1,"photos":[],"reviewId":"575069148476ea09fbe84320","itinId":"1134428840464","moderationStatus":"APPROVED","contentCodes":"HMP MMD","managementResponses":[],"ratingOverall":1,"langId":"1033","userNickname":"Brittany","brandType":"Expedia","title":"Horrible service.","reviewText":"I was unable to utilize my hotel room because a passenger on my flight had to be escorted off by paramedics and it was late arriving at the destination.  I was supposed to arrive around 1 AM which is why I booked the hotel but ended up arriving at 5 AM which was then too late for a hotel stay.  The hotel wouldn't do ANYTHING to help me out with either cancelling or rescheduling for a different night.  The company standards are low enough that when something happens that is 1000% outside of the consumer's control they're unwilling to do anything as a courtesy.  $130 wasted on this hotel and it was completely outside of my control.  I would NEVER recommend this hotel to anyone simply based on absolutely poor customer service.","featured":false,"ratingsOnly":false,"ratingRoomCleanliness":3,"ratingHotelCondition":3,"ratingService":1,"ratingRoomComfort":1,"positiveRemarks":"","negativeRemarks":"","locationRemarks":"","lastInitial":"L","userLocation":"San Francisco, CA","reviewSubmissionTime":"2016-06-02T17:12:52Z","reviewerCategories":[{"categoryId":"Everyone","categoryLabel":"Everyone"}],"userDisplayName":"","roomTypeId":200015910,"isUnverified":false,"isFlaggable":false,"isRecommended":"NO"},{"hotelId":"455591","totalPositiveFeedbacks":0,"tpid":"1","eapid":"0","contentLocale":"en_us","totalThanks":0,"photos":[],"reviewId":"574fe7fe4dc48609fb0b79c1","itinId":"1136137606369","moderationStatus":"APPROVED","contentCodes":"","managementResponses":[],"ratingOverall":5,"langId":"1033","userNickname":"","brandType":"Expedia","title":"The room was comfortable and clean.","reviewText":"The room was comfortable and clean. Parking was limited.","featured":false,"ratingsOnly":false,"ratingRoomCleanliness":5,"ratingHotelCondition":5,"ratingService":5,"ratingRoomComfort":5,"positiveRemarks":"","negativeRemarks":"","locationRemarks":"","lastInitial":"","userLocation":"","reviewSubmissionTime":"2016-06-02T08:02:06Z","reviewerCategories":[{"categoryId":"Everyone","categoryLabel":"Everyone"}],"userDisplayName":"","roomTypeId":200015910,"isUnverified":false,"isFlaggable":true,"isRecommended":"YES"}]}}}
