{"reviewDetails":{"startIndex":0,"numberOfReviewsInThisPage":20,"reviewSummaryCollection":{"reviewSummary":[{"hotelId":"12539","totalReviewCnt":3694,"avgOverallRating":4.230648,"cleanliness":4.4921494,"serviceAndStaff":4.278288,"roomComfort":4.291021,"hotelCondition":4.2834344,"convenienceOfLocation":4.7557406,"neighborhoodSatisfaction":4.281836,"roomQuality":0,"targetedBrand":"Expedia","originSummary":[{"origin":"Expedia","reviewCnt":3694,"recommendedPercent":87.76394,"avgOverallRating":4.230648,"cleanliness":4.4921494,"serviceAndStaff":4.278288,"roomComfort":4.291021,"hotelCondition":4.2834344,"convenienceOfLocation":4.7557406,"neighborhoodSatisfaction":4.281836,"valueForMoney":0,"roomQuality":0,"categoryCounts":{"Everyone":1548,"BusinessTravelers":67,"Couples":261,"Students":1,"Families":89,"Other":47},"roomTypeIdCounts":{"170561":376,"200207562":1,"170567":247,"200162408":1,"200906974":136,"170570":101,"200906963":84,"201125590":3,"170569":104,"27691":1,"170574":46,"170572":40,"201125587":1,"200906986":32,"200152282":53,"201125578":1,"200906990":7,"491824":1,"200906977":30,"201125572":5,"163194":1,"200906978":31,"201211299":1},"languageCounts":{"en":3694}}],"recommendedPercent":87.76394,"valueForMoney":0,"categoryCounts":{"Everyone":1548,"BusinessTravelers":67,"Couples":261,"Students":1,"Families":89,"Other":47},"roomTypeIdCounts":{"170561":376,"200207562":1,"170567":247,"200162408":1,"200906974":136,"170570":101,"200906963":84,"201125590":3,"170569":104,"27691":1,"170574":46,"170572":40,"201125587":1,"200906986":32,"200152282":53,"201125578":1,"200906990":7,"491824":1,"200906977":30,"201125572":5,"163194":1,"200906978":31,"201211299":1},"languageCounts":{"en":3694},"featuredReview":{}}]},"reviewCollection":{"review":[{"hotelId":"12539","totalPositiveFeedbacks":0,"tpid":"3","eapid":"0","contentLocale":"en_gb","totalThanks":0,"photos":[],"reviewId":"57b5d78e65534f0b7741a9c6","itinId":"110535703213","moderationStatus":"APPROVED","contentCodes":"","managementResponses":[],"ratingOverall":4,"langId":"2057","userNickname":"sue","brandType":"Expedia","title":"Great central location","reviewText":"We (family of 4) had 4 nights on the 12th floor of this hotel. Great base for exploring San Francisco. All sorts of public transport options on the doorstep. Places to eat and lots of shopping too. Good central city location for site seeing. Free Wifi only in lobby.","featured":false,"ratingsOnly":false,"ratingRoomCleanliness":5,"ratingHotelCondition":4,"ratingService":4,"ratingRoomComfort":5,"positiveRemarks":"Location.","negativeRemarks":"","locationRemarks":"","lastInitial":"","userLocation":"London","reviewSubmissionTime":"2016-08-18T15:43:10Z","reviewerCategories":[{"categoryId":"Families","categoryLabel":"Families"}],"userDisplayName":"","roomTypeId":200906974,"isUnverified":false,"isFlaggable":true,"isRecommended":"YES"},{"hotelId":"12539","totalPositiveFeedbacks":0,"tpid":"1","eapid":"0","contentLocale":"en_us","totalThanks":0,"photos":[],"reviewId":"57b5b2744751ca0b793e7ab9","itinId":"1137682976457","moderationStatus":"APPROVED","contentCodes":"","managementResponses":[],"ratingOverall":4,"langId":"1033","userNickname":"","brandType":"Expedia","title":"","reviewText":"Shower doesn't work very well.\r\n9koooooooooooooooooooooooooooooooooooooooooooooo","featured":false,"ratingsOnly":false,"ratingRoomCleanliness":5,"ratingHotelCondition":4,"ratingService":5,"ratingRoomComfort":5,"positiveRemarks":"","negativeRemarks":"","locationRemarks":"","lastInitial":"","userLocation":"","reviewSubmissionTime":"2016-08-18T13:04:52Z","reviewerCategories":[{"categoryId":"Everyone","categoryLabel":"Everyone"}],"userDisplayName":"","roomTypeId":200906963,"isUnverified":false,"isFlaggable":true,"isRecommended":"YES"},{"hotelId":"12539","totalPositiveFeedbacks":0,"tpid":"4","eapid":"0","contentLocale":"en_ca","totalThanks":0,"photos":[],"reviewId":"57b32564f7d85d0b05ebcc8a","itinId":"1134119219940","moderationStatus":"APPROVED","contentCodes":"","managementResponses":[],"ratingOverall":5,"langId":"4105","userNickname":"Burnsie ","brandType":"Expedia","title":"10 year Anniversary. ","reviewText":"Excellent place to stay, would stay there again.  Close to Bart, shopping and Union Square. ","featured":false,"ratingsOnly":false,"ratingRoomCleanliness":5,"ratingHotelCondition":4,"ratingService":5,"ratingRoomComfort":5,"positiveRemarks":"","negativeRemarks":"","locationRemarks":"","lastInitial":"D","userLocation":"Calgary, Alberta, Canada ","reviewSubmissionTime":"2016-08-16T14:38:28Z","reviewerCategories":[{"categoryId":"Everyone","categoryLabel":"Everyone"}],"userDisplayName":"","roomTypeId":200906963,"isUnverified":false,"isFlaggable":true,"isRecommended":"YES"},{"hotelId":"12539","totalPositiveFeedbacks":0,"tpid":"1","eapid":"0","contentLocale":"en_us","totalThanks":0,"photos":[],"reviewId":"57b047146b0da90b05843346","itinId":"1135175207344","moderationStatus":"APPROVED","contentCodes":"","managementResponses":[],"ratingOverall":4,"langId":"1033","userNickname":"Jim ","brandType":"Expedia","title":"Clean and comfortable, great staff","reviewText":"Parc55 was another good example of the quality we have  come to expect from Hilton hotels. The staff was friendly, knowledgeable, and very accommodating. Our room was comfortable, clean, and spacious. As a Hilton Honors member, management provided us free Internet, even though we didn't book directly through Hilton. The complimentary microwave came in handy for those big meals we couldn't finish in the restaurant. First class visit stay again !","featured":false,"ratingsOnly":false,"ratingRoomCleanliness":4,"ratingHotelCondition":4,"ratingService":4,"ratingRoomComfort":4,"positiveRemarks":"","negativeRemarks":"","locationRemarks":"","lastInitial":"","userLocation":"","reviewSubmissionTime":"2016-08-14T10:25:24Z","reviewerCategories":[{"categoryId":"Everyone","categoryLabel":"Everyone"}],"userDisplayName":"","roomTypeId":200906974,"isUnverified":false,"isFlaggable":true,"isRecommended":"YES"},{"hotelId":"12539","totalPositiveFeedbacks":0,"tpid":"1","eapid":"0","contentLocale":"en_us","totalThanks":0,"photos":[],"reviewId":"57ae6472c25ece0b060ec7dc","itinId":"1139286010918","moderationStatus":"APPROVED","contentCodes":"","managementResponses":[],"ratingOverall":4,"langId":"1033","userNickname":"Robert","brandType":"Expedia","title":"Beautiful Hotel with rooms that have great.","reviewText":"We Had a wonderful vacation in San Francisco and could easily get to all sites worth seeing from our hotel at Parc 55. The only thing for travelers to know is it is an expensive hotel. They don't give a continental breakfast in fact except the room coffee. you have to pay $2 for coffee in the lobby (save the cup for refills) $7 for grab n go, bagels, muffins ect. The big shocker was the hot breakfast buffet for $32/ person. Other than that the place was great and had alternatives for breakfast right out the front door.  ","featured":false,"ratingsOnly":false,"ratingRoomCleanliness":5,"ratingHotelCondition":4,"ratingService":5,"ratingRoomComfort":5,"positiveRemarks":"Beautiful views from room. The helpful Staff.","negativeRemarks":"They should give a cup of coffee to you.","locationRemarks":"Right in the middle of the financial district, next to all the shop til you drop stores. Also any means of transportation, taxi, MUNI buses, Subway.","lastInitial":"O","userLocation":"San Francisco","reviewSubmissionTime":"2016-08-13T00:06:10Z","reviewerCategories":[{"categoryId":"Everyone","categoryLabel":"Everyone"}],"userDisplayName":"","roomTypeId":201125578,"isUnverified":false,"isFlaggable":true,"isRecommended":"YES"},{"hotelId":"12539","totalPositiveFeedbacks":1,"tpid":"1","eapid":"0","contentLocale":"en_us","totalThanks":1,"photos":[],"reviewId":"57ac2632ad25060b0971d7ad","itinId":"1142697770305","moderationStatus":"APPROVED","contentCodes":"","managementResponses":[],"ratingOverall":4,"langId":"1033","userNickname":"Lee","brandType":"Expedia","title":"Perfect location for SF experience","reviewText":"This is a lovely hotel for those who want to be in the center of SF and is easily accessible by public transportation and shopping. \r\nDownside is the onsite eating is limited and there is no in room dining service. However, this is SF and the dining options are stellar in the city.","featured":false,"ratingsOnly":false,"ratingRoomCleanliness":5,"ratingHotelCondition":3,"ratingService":4,"ratingRoomComfort":5,"positiveRemarks":"comfortable beds, clean rooms, and accessibility","negativeRemarks":"","locationRemarks":"","lastInitial":"C","userLocation":"Walnut Creek","reviewSubmissionTime":"2016-08-11T07:16:02Z","reviewerCategories":[{"categoryId":"Everyone","categoryLabel":"Everyone"}],"userDisplayName":"","roomTypeId":200906974,"isUnverified":false,"isFlaggable":true,"isRecommended":"NO"},{"hotelId":"12539","totalPositiveFeedbacks":1,"tpid":"1","eapid":"0","contentLocale":"en_us","totalThanks":1,"photos":[],"reviewId":"57abe8db0a400a0b0d6b32c3","itinId":"1134720406186","moderationStatus":"APPROVED","contentCodes":"","managementResponses":[],"ratingOverall":4,"langId":"1033","userNickname":"","brandType":"Expedia","title":"","reviewText":"rooms could use some updating ... but overall it was a good experience. ","featured":false,"ratingsOnly":false,"ratingRoomCleanliness":5,"ratingHotelCondition":4,"ratingService":4,"ratingRoomComfort":5,"positiveRemarks":"","negativeRemarks":"","locationRemarks":"","lastInitial":"","userLocation":"","reviewSubmissionTime":"2016-08-11T02:54:19Z","reviewerCategories":[{"categoryId":"Everyone","categoryLabel":"Everyone"}],"userDisplayName":"","roomTypeId":200906986,"isUnverified":false,"isFlaggable":true,"isRecommended":"YES"},{"hotelId":"12539","totalPositiveFeedbacks":1,"tpid":"1","eapid":"0","contentLocale":"en_us","totalThanks":1,"photos":[],"reviewId":"57a8cfc7849f110b28f86c37","itinId":"1133354258913","moderationStatus":"APPROVED","contentCodes":"","managementResponses":[],"ratingOverall":5,"langId":"1033","userNickname":"Jess","brandType":"Expedia","title":"Great location, and amazing beds!","reviewText":"The staff was always extremely helpful and friendly. We had a great time in San Francisco for our girls weekend! Would definitely return to and recommend this hotel. ","featured":false,"ratingsOnly":false,"ratingRoomCleanliness":5,"ratingHotelCondition":5,"ratingService":5,"ratingRoomComfort":5,"positiveRemarks":"The staff! The location was very convenient, and the rooms - the beds - were very comfortable and clean.","negativeRemarks":"Nothing we can think of at this time.","locationRemarks":"Near transportation. Within an hours walk of the pier and warf. Not too far from other fun places as well.","lastInitial":"","userLocation":"Seattle, WA","reviewSubmissionTime":"2016-08-08T18:30:31Z","reviewerCategories":[{"categoryId":"Everyone","categoryLabel":"Everyone"}],"userDisplayName":"","roomTypeId":200906974,"isUnverified":false,"isFlaggable":true,"isRecommended":"YES"},{"hotelId":"12539","totalPositiveFeedbacks":0,"tpid":"1","eapid":"0","contentLocale":"en_us","totalThanks":0,"photos":[],"reviewId":"57a8a05f7b42f40b287149d1","itinId":"1142670077606","moderationStatus":"APPROVED","contentCodes":"MMA HMP","managementResponses":[],"ratingOverall":3,"langId":"1033","userNickname":"","brandType":"Expedia","title":"Nothing terrible.  Nothing great.","reviewText":"Rooms were good. Hotel lobby..nice. Might want to put up a sign for the line at check in that says \"wait here\". A lot of confusion and upset people.","featured":false,"ratingsOnly":false,"ratingRoomCleanliness":3,"ratingHotelCondition":3,"ratingService":3,"ratingRoomComfort":4,"positiveRemarks":"","negativeRemarks":"","locationRemarks":"","lastInitial":"","userLocation":"","reviewSubmissionTime":"2016-08-08T15:08:15Z","reviewerCategories":[{"categoryId":"Everyone","categoryLabel":"Everyone"}],"userDisplayName":"","roomTypeId":200906974,"isUnverified":false,"isFlaggable":false,"isRecommended":"NO"},{"hotelId":"12539","totalPositiveFeedbacks":0,"tpid":"1","eapid":"0","contentLocale":"en_us","totalThanks":0,"photos":[],"reviewId":"57a7e01394356f0b284e777c","itinId":"1141192477516","moderationStatus":"APPROVED","contentCodes":"","managementResponses":[],"ratingOverall":4,"langId":"1033","userNickname":"Sarah","brandType":"Expedia","title":"Very good hotel, location was great","reviewText":"Hotel staff was accommodating, arrived before official check in time, and they gave us a room. Requested late check out and was allowed to stay an extra 2 hours at no charge. I was completely happy about that, so thank you Parc Hotel. ","featured":false,"ratingsOnly":false,"ratingRoomCleanliness":4,"ratingHotelCondition":4,"ratingService":5,"ratingRoomComfort":4,"positiveRemarks":"Cleanliness. Great location, Union Square and shopping.","negativeRemarks":"I wish they could have provided more cream for the coffee. The 2 packs hardly contain enough cream for one cup let alone 2 cups","locationRemarks":"Market Street/ Union Square location. Westfield mall is literally 5 min walk","lastInitial":"M","userLocation":"Thousand Oaks, CA","reviewSubmissionTime":"2016-08-08T01:27:47Z","reviewerCategories":[{"categoryId":"Everyone","categoryLabel":"Everyone"}],"userDisplayName":"","roomTypeId":200906974,"isUnverified":false,"isFlaggable":true,"isRecommended":"YES"},{"hotelId":"12539","totalPositiveFeedbacks":0,"tpid":"1","eapid":"0","contentLocale":"en_us","totalThanks":0,"photos":[],"reviewId":"57a54b40075f640b2762727b","itinId":"1140310687802","moderationStatus":"APPROVED","contentCodes":"","managementResponses":[],"ratingOverall":5,"langId":"1033","userNickname":"","brandType":"Expedia","title":"Great location while staying in San Francisco.","reviewText":"Great hotel to stay while in San Francisco. Easy to get around all areas.","featured":false,"ratingsOnly":false,"ratingRoomCleanliness":5,"ratingHotelCondition":5,"ratingService":5,"ratingRoomComfort":5,"positiveRemarks":"","negativeRemarks":"","locationRemarks":"","lastInitial":"","userLocation":"","reviewSubmissionTime":"2016-08-06T02:28:16Z","reviewerCategories":[{"categoryId":"Everyone","categoryLabel":"Everyone"}],"userDisplayName":"","roomTypeId":200906978,"isUnverified":false,"isFlaggable":true,"isRecommended":"YES"},{"hotelId":"12539","totalPositiveFeedbacks":0,"tpid":"1","eapid":"0","contentLocale":"en_us","totalThanks":0,"photos":[],"reviewId":"579fa7af34799a0b28636445","itinId":"1139940733997","moderationStatus":"APPROVED","contentCodes":"","managementResponses":[],"ratingOverall":4,"langId":"1033","userNickname":"","brandType":"Expedia","title":"Nice hotel but be paid A LOT for parking!","reviewText":"When we got to the hotel we couldn't find a convenient place to park so we had to use their valet parking, which was way more than we are normally used to paying.  Checking in and getting to our room was easy, but when we wanted to eat dinner we chose the in hotel restaurant.  The food was good, but the serving sizes were small compared to what they cost.  Next time I'd rather stay at a a motel with onsite parking.","featured":false,"ratingsOnly":false,"ratingRoomCleanliness":5,"ratingHotelCondition":4,"ratingService":5,"ratingRoomComfort":4,"positiveRemarks":"The room and the staff.","negativeRemarks":"Pricing, but I don't think there's much you could do about that.","locationRemarks":"The cable car is just around the corner but we didn't get to see much else around.","lastInitial":"","userLocation":"","reviewSubmissionTime":"2016-08-01T19:49:03Z","reviewerCategories":[{"categoryId":"Everyone","categoryLabel":"Everyone"}],"userDisplayName":"","roomTypeId":200906963,"isUnverified":false,"isFlaggable":true,"isRecommended":"NO"},{"hotelId":"12539","totalPositiveFeedbacks":0,"tpid":"1","eapid":"0","contentLocale":"en_us","totalThanks":0,"photos":[],"reviewId":"579f7b6634799a0b28e8646e","itinId":"1131746180613","moderationStatus":"APPROVED","contentCodes":"","managementResponses":[],"ratingOverall":4,"langId":"1033","userNickname":"Janet","brandType":"Expedia","title":"Close to Bart, shopping, Union Square!","reviewText":"Great location, clean and spacious rooms. Comfortable beds and pillows. Request a high floor room. City streets are loud. I was told because I booked Expedia rate I was on a low floor (5th) and couldn't use my Hilton Honors for free internet, which is disappointing. So I was given ear plugs to wear at night.....","featured":false,"ratingsOnly":false,"ratingRoomCleanliness":4,"ratingHotelCondition":4,"ratingService":4,"ratingRoomComfort":4,"positiveRemarks":"","negativeRemarks":"","locationRemarks":"","lastInitial":"","userLocation":"Seattle","reviewSubmissionTime":"2016-08-01T16:40:06Z","reviewerCategories":[{"categoryId":"Everyone","categoryLabel":"Everyone"}],"userDisplayName":"","roomTypeId":200906963,"isUnverified":false,"isFlaggable":true,"isRecommended":"YES"},{"hotelId":"12539","totalPositiveFeedbacks":0,"tpid":"1","eapid":"0","contentLocale":"en_us","totalThanks":0,"photos":[],"reviewId":"57979950bff7f60b2f88cea8","itinId":"1133865001281","moderationStatus":"APPROVED","contentCodes":"","managementResponses":[],"ratingOverall":4,"langId":"1033","userNickname":"","brandType":"Expedia","title":"","reviewText":"This is a beautiful hotel, convenient to lots of shops and restaurants.","featured":false,"ratingsOnly":false,"ratingRoomCleanliness":4,"ratingHotelCondition":4,"ratingService":4,"ratingRoomComfort":4,"positiveRemarks":"","negativeRemarks":"","locationRemarks":"","lastInitial":"","userLocation":"","reviewSubmissionTime":"2016-07-26T17:09:36Z","reviewerCategories":[{"categoryId":"Everyone","categoryLabel":"Everyone"}],"userDisplayName":"","roomTypeId":200906974,"isUnverified":false,"isFlaggable":true,"isRecommended":"YES"},{"hotelId":"12539","totalPositiveFeedbacks":0,"tpid":"1","eapid":"0","contentLocale":"en_us","totalThanks":0,"photos":[],"reviewId":"5796afe018db790b28d53cdd","itinId":"1139403943238","moderationStatus":"APPROVED","contentCodes":"","managementResponses":[],"ratingOverall":4,"langId":"1033","userNickname":"sasha","brandType":"Expedia","title":"Nice hotel close center, shops, cable ride","reviewText":"Stayed at hotel 4 days, close to everything, very convenient, specially if no car","featured":false,"ratingsOnly":false,"ratingRoomCleanliness":4,"ratingHotelCondition":4,"ratingService":4,"ratingRoomComfort":4,"positiveRemarks":"","negativeRemarks":"","locationRemarks":"","lastInitial":"","userLocation":"new york","reviewSubmissionTime":"2016-07-26T00:33:36Z","reviewerCategories":[{"categoryId":"Everyone","categoryLabel":"Everyone"}],"userDisplayName":"","roomTypeId":200906974,"isUnverified":false,"isFlaggable":true,"isRecommended":"YES"},{"hotelId":"12539","totalPositiveFeedbacks":0,"tpid":"1","eapid":"0","contentLocale":"en_us","totalThanks":0,"photos":[],"reviewId":"579599d2331f6e0b2865b8bf","itinId":"1128947527174","moderationStatus":"APPROVED","contentCodes":"","managementResponses":[],"ratingOverall":4,"langId":"1033","userNickname":"Lorraine","brandType":"Expedia","title":"Nice hotel good location ","reviewText":"It was clean and comfortable. Had everything we needed. Small fridge was nice but a microwave too would have been better. ","featured":false,"ratingsOnly":false,"ratingRoomCleanliness":5,"ratingHotelCondition":3,"ratingService":4,"ratingRoomComfort":5,"positiveRemarks":"","negativeRemarks":"","locationRemarks":"","lastInitial":"","userLocation":"South Dakota","reviewSubmissionTime":"2016-07-25T04:47:14Z","reviewerCategories":[{"categoryId":"Everyone","categoryLabel":"Everyone"}],"userDisplayName":"","roomTypeId":200906974,"isUnverified":false,"isFlaggable":true,"isRecommended":"YES"},{"hotelId":"12539","totalPositiveFeedbacks":0,"tpid":"1","eapid":"0","contentLocale":"en_us","totalThanks":0,"photos":[],"reviewId":"579515a518db790b28111324","itinId":"1140507108789","moderationStatus":"APPROVED","contentCodes":"MMA","managementResponses":[],"ratingOverall":1,"langId":"1033","userNickname":"","brandType":"Expedia","title":"Poor Service and Unfriendly staff","reviewText":"Since the check in the level of service by the staff was very poor and unfriendly. Following every day breakfast and checkout. Please seems not to work in a Hilton Hotel","featured":false,"ratingsOnly":false,"ratingRoomCleanliness":4,"ratingHotelCondition":4,"ratingService":1,"ratingRoomComfort":3,"positiveRemarks":"","negativeRemarks":"","locationRemarks":"","lastInitial":"","userLocation":"","reviewSubmissionTime":"2016-07-24T19:23:17Z","reviewerCategories":[{"categoryId":"Everyone","categoryLabel":"Everyone"}],"userDisplayName":"","roomTypeId":200906978,"isUnverified":false,"isFlaggable":false,"isRecommended":"NO"},{"hotelId":"12539","totalPositiveFeedbacks":0,"tpid":"1","eapid":"0","contentLocale":"en_us","totalThanks":0,"photos":[],"reviewId":"5795033d7331850b274b33e3","itinId":"1139874518334","moderationStatus":"APPROVED","contentCodes":"HMP MMD","managementResponses":[],"ratingOverall":3,"langId":"1033","userNickname":"works","brandType":"Expedia","title":"Too Old","reviewText":"The hotel room looks so old that it needs an upgrade. Also, the armchairs are too uncomfortable since the sides are too tall. There also weren't many electrical sockets. Not only that, there were not a single socket near the desk. Their Internet was sloooow. The valet parking people aren't so kind................\r\n","featured":false,"ratingsOnly":false,"ratingRoomCleanliness":4,"ratingHotelCondition":2,"ratingService":4,"ratingRoomComfort":3,"positiveRemarks":"","negativeRemarks":"","locationRemarks":"","lastInitial":"","userLocation":"SF","reviewSubmissionTime":"2016-07-24T18:04:45Z","reviewerCategories":[{"categoryId":"Everyone","categoryLabel":"Everyone"}],"userDisplayName":"","roomTypeId":200906978,"isUnverified":false,"isFlaggable":false,"isRecommended":"NO"},{"hotelId":"12539","totalPositiveFeedbacks":0,"tpid":"1","eapid":"0","contentLocale":"en_us","totalThanks":0,"photos":[],"reviewId":"578d80002c54c70b285dfe6f","itinId":"1140247266387","moderationStatus":"APPROVED","contentCodes":"","managementResponses":[],"ratingOverall":4,"langId":"1033","userNickname":"","brandType":"Expedia","title":"","reviewText":"I thought for $170 you would get free wifi and continental breakfast included, but nope. I guess that's extra...","featured":false,"ratingsOnly":false,"ratingRoomCleanliness":5,"ratingHotelCondition":2,"ratingService":5,"ratingRoomComfort":5,"positiveRemarks":"","negativeRemarks":"","locationRemarks":"","lastInitial":"","userLocation":"","reviewSubmissionTime":"2016-07-19T01:18:56Z","reviewerCategories":[{"categoryId":"Everyone","categoryLabel":"Everyone"}],"userDisplayName":"","roomTypeId":200906963,"isUnverified":false,"isFlaggable":true,"isRecommended":"NO"},{"hotelId":"12539","totalPositiveFeedbacks":0,"tpid":"1","eapid":"0","contentLocale":"en_us","totalThanks":0,"photos":[],"reviewId":"578d0fa8c830d90b27d08ce8","itinId":"1129907918991","moderationStatus":"APPROVED","contentCodes":"HMP MMD","managementResponses":[],"ratingOverall":3,"langId":"1033","userNickname":"D","brandType":"Expedia","title":"Good location, nice rooms, hotel is a little dated","reviewText":"Bad check in experience. Arrived at 4:30, check in time as 4pm. Was told no king rooms available except for a corner room which would cost an extra $40 a night. I passed on that, they said they would text me when a room came available. The wife & I went to the bar and waited. An hour later after noticing people walking up and getting rooms I asked again and yes they had rooms available now and yet no one had texted me.  ","featured":false,"ratingsOnly":false,"ratingRoomCleanliness":5,"ratingHotelCondition":4,"ratingService":2,"ratingRoomComfort":5,"positiveRemarks":"","negativeRemarks":"","locationRemarks":"","lastInitial":"B","userLocation":"Dallas","reviewSubmissionTime":"2016-07-18T17:19:36Z","reviewerCategories":[{"categoryId":"Everyone","categoryLabel":"Everyone"}],"userDisplayName":"","roomTypeId":200906963,"isUnverified":false,"isFlaggable":false,"isRecommended":"YES"}]}}}
