{"reviewDetails":{"startIndex":0,"numberOfReviewsInThisPage":20,"reviewSummaryCollection":{"reviewSummary":[{"hotelId":"855749","totalReviewCnt":59,"avgOverallRating":2.7966099,"cleanliness":3.1016948,"serviceAndStaff":3.338983,"roomComfort":3.0508475,"hotelCondition":2.6779664,"convenienceOfLocation":3.8888888,"neighborhoodSatisfaction":2.4444444,"roomQuality":0,"targetedBrand":"Expedia","originSummary":[{"origin":"Expedia","reviewCnt":59,"recommendedPercent":52.54237,"avgOverallRating":2.7966099,"cleanliness":3.1016948,"serviceAndStaff":3.338983,"roomComfort":3.0508475,"hotelCondition":2.6779664,"convenienceOfLocation":3.8888888,"neighborhoodSatisfaction":2.4444444,"valueForMoney":0,"roomQuality":0,"categoryCounts":{"Everyone":47,"BusinessTravelers":2,"Couples":5,"Students":1,"Families":1},"roomTypeIdCounts":{"503478":1,"200383474":7,"503476":4,"200383465":4,"503465":10,"200383470":12},"languageCounts":{"en":59}}],"recommendedPercent":52.54237,"valueForMoney":0,"categoryCounts":{"Everyone":47,"BusinessTravelers":2,"Couples":5,"Students":1,"Families":1},"roomTypeIdCounts":{"503478":1,"200383474":7,"503476":4,"200383465":4,"503465":10,"200383470":12},"languageCounts":{"en":59},"featuredReview":{}}]},"reviewCollection":{"review":[{"hotelId":"855749","totalPositiveFeedbacks":0,"tpid":"1","eapid":"0","contentLocale":"en_us","totalThanks":0,"photos":[],"reviewId":"578fca4f92b3430b29e55b05","itinId":"1139767373254","moderationStatus":"APPROVED","contentCodes":"","managementResponses":[],"ratingOverall":3,"langId":"1033","userNickname":"","brandType":"Expedia","title":"","reviewText":"Not the kind of hotel I am used to staying at.  But it was ok for a few days.","featured":false,"ratingsOnly":false,"ratingRoomCleanliness":3,"ratingHotelCondition":3,"ratingService":4,"ratingRoomComfort":3,"positiveRemarks":"","negativeRemarks":"","locationRemarks":"","lastInitial":"","userLocation":"","reviewSubmissionTime":"2016-07-20T19:00:31Z","reviewerCategories":[{"categoryId":"BusinessTravelers","categoryLabel":"BusinessTravelers"}],"userDisplayName":"","roomTypeId":200383474,"isUnverified":false,"isFlaggable":true,"isRecommended":"YES"},{"hotelId":"855749","totalPositiveFeedbacks":2,"tpid":"1","eapid":"0","contentLocale":"en_us","totalThanks":2,"photos":[],"reviewId":"578d9e64756ba70b27540ee8","itinId":"1120072478663","moderationStatus":"APPROVED","contentCodes":"HMP MMD","managementResponses":[],"ratingOverall":2,"langId":"1033","userNickname":"T.J.","brandType":"Expedia","title":"Cheap for California - you get what you pay for","reviewText":"As I have read in other posts, the hotel is not in the best part of town hence the cheap prices.  You may have a certain level of anxiety staying there.  In order to increase security, though, they have installed many, bright security lights.  You should expect to see many people there with various backgrounds.  The walls in the room are painted in a stucco fashion.  The carpet in my room has seen better days.  The bathroom was ok except for the placement of the bathroom tissue holder (very inconvenient).  The cleaning staff made the bed but afterward did not want to replace the thin, decorative bed accent at the foot of the bed.  Also, they changed the towels but were regularly reluctant to empty the trash or vacuum the floors as necessary.  I did, however, see someone spot check some of the rooms.  Moreover, as in other posts, I smelled cigarette and other smoke that came into my room although all windows and doors were closed.  So, while you may have asked for a non-smoking room, you may come into contact with it anyway.  Additionally, I had to request an ironing board but received a small ironing board that lays on the bed.  You should, moreover, expect to pay the full costs of your stay at the time of check-in.  I will say that the hotel office staff were very helpful.  The upside of the hotel is knowing that they are currently renovating/modernizing the rooms and exterior.  Check back with them in a year or eighteen months and perhaps the accommodations will be better.","featured":false,"ratingsOnly":false,"ratingRoomCleanliness":3,"ratingHotelCondition":2,"ratingService":2,"ratingRoomComfort":3,"positiveRemarks":"Since it was in a suburb of a major city, the price was low in comparison to costs in the city or near main attractions. ","negativeRemarks":"The hotel recognizes the need to modernize and is undertaking steps to improve the facility.  ","locationRemarks":"In San Francisco, boat rides, Alcatraz, aquarium, Madame Tussauds, Ripley's believe it or not, The Dungeons, Chinatown, Exploratorium, street cars.","lastInitial":"","userLocation":"Maryland","reviewSubmissionTime":"2016-07-19T03:28:36Z","reviewerCategories":[{"categoryId":"Everyone","categoryLabel":"Everyone"}],"userDisplayName":"","roomTypeId":200383465,"isUnverified":false,"isFlaggable":false,"isRecommended":"NO"},{"hotelId":"855749","totalPositiveFeedbacks":3,"tpid":"1","eapid":"0","contentLocale":"en_us","totalThanks":3,"photos":[],"reviewId":"56bf98c1db6422099559cfa2","itinId":"1127285687229","moderationStatus":"APPROVED","contentCodes":"HMP MMD","managementResponses":[],"ratingOverall":3,"langId":"1033","userNickname":"chanel","brandType":"Expedia","title":"Vday get away","reviewText":"It was a nice stay clean rooms lost of parking. But don't understand why they don't have more towels and the area it's in A 50$ deposit should not be added to $90 and 109.90$ cheap looking rooms..","featured":false,"ratingsOnly":false,"ratingRoomCleanliness":4,"ratingHotelCondition":4,"ratingService":3,"ratingRoomComfort":5,"positiveRemarks":"","negativeRemarks":"","locationRemarks":"","lastInitial":"","userLocation":"Berkeley ca","reviewSubmissionTime":"2016-02-13T20:57:37Z","reviewerCategories":[{"categoryId":"Everyone","categoryLabel":"Everyone"}],"userDisplayName":"","roomTypeId":200383470,"isUnverified":false,"isFlaggable":false,"isRecommended":"YES"},{"hotelId":"855749","totalPositiveFeedbacks":3,"tpid":"1","eapid":"0","contentLocale":"en_us","totalThanks":3,"photos":[],"reviewId":"56b9105d0320d609942c2ab3","itinId":"1125904315431","moderationStatus":"APPROVED","contentCodes":"NLI HMP MMD","managementResponses":[],"ratingOverall":1,"langId":"1033","userNickname":"","brandType":"Expedia","title":"run","reviewText":"mold in shower, room smelled of something(?) continental breakfast was a cup of luke warm coffee, with packaged sugar and cream and a packaged pastry.  had to go to the office two times before there was coffee available.","featured":false,"ratingsOnly":false,"ratingRoomCleanliness":1,"ratingHotelCondition":1,"ratingService":3,"ratingRoomComfort":1,"positiveRemarks":"","negativeRemarks":"","locationRemarks":"","lastInitial":"","userLocation":"","reviewSubmissionTime":"2016-02-08T22:02:05Z","reviewerCategories":[{"categoryId":"Everyone","categoryLabel":"Everyone"}],"userDisplayName":"","roomTypeId":200383465,"isUnverified":false,"isFlaggable":false,"isRecommended":"NO"},{"hotelId":"855749","totalPositiveFeedbacks":1,"tpid":"1","eapid":"0","contentLocale":"en_us","totalThanks":1,"photos":[],"reviewId":"56b059606ec0060981b64ba8","itinId":"1126626721901","moderationStatus":"APPROVED","contentCodes":"","managementResponses":[],"ratingOverall":5,"langId":"1033","userNickname":"Nidia","brandType":"Expedia","title":"Awesome service 🙆 ","reviewText":"Love it would have love it more if there was a fridge and microwave but it don't matter it was just grate","featured":false,"ratingsOnly":false,"ratingRoomCleanliness":5,"ratingHotelCondition":5,"ratingService":5,"ratingRoomComfort":5,"positiveRemarks":"","negativeRemarks":"","locationRemarks":"","lastInitial":"","userLocation":"CA","reviewSubmissionTime":"2016-02-02T07:23:12Z","reviewerCategories":[{"categoryId":"Everyone","categoryLabel":"Everyone"}],"userDisplayName":"","roomTypeId":200383465,"isUnverified":false,"isFlaggable":true,"isRecommended":"YES"},{"hotelId":"855749","totalPositiveFeedbacks":1,"tpid":"1","eapid":"0","contentLocale":"en_us","totalThanks":1,"photos":[],"reviewId":"561ffd6c56583b09492069a9","itinId":"1118838735367","moderationStatus":"APPROVED","contentCodes":"CSN NLI HMP MMD","managementResponses":[],"ratingOverall":1,"langId":"1033","userNickname":"Kenz","brandType":"Expedia","title":"Poor. won't stay there EVER","reviewText":"I made a quick reservation - expedia said the hotel was within 3 miles of the venue I was planning on going that night. Turns out it was more like 8 - 10 miles which sucked because of the cab fare - I wanted a hotel within 5 mile radius - Thanks for the lie Expedia. Anyways I wasn't planning on staying in a hotel, but I decided I needed one last minute. I checked in after 3PM and go to find my room - the door was wide open... Do I go in? or wait? I went in because I needed to start getting ready. I had no towels and there were oreos left in the freezer?!?! What in the heck. Honestly, I went to bed hoping that I was sleeping in clean sheets - I probably should have just slept in my car. The area was sketchy and the hotel service was terrible. at least it had free wifi because my service was terrible on my phone. I am glad I had my best friend to share this adventure with though. Wouldn't recommend for the faint at heart.","featured":false,"ratingsOnly":false,"ratingRoomCleanliness":1,"ratingHotelCondition":1,"ratingService":1,"ratingRoomComfort":1,"positiveRemarks":"It had Wifi","negativeRemarks":"Cleanliness, prompt check in times, rooms prepared and ready for the guest, accommodating staff","locationRemarks":"Terrible - scary. stay out of that area. ","lastInitial":"","userLocation":"Sacramento, CA","reviewSubmissionTime":"2015-10-15T19:24:28Z","reviewerCategories":[{"categoryId":"Everyone","categoryLabel":"Everyone"}],"userDisplayName":"","roomTypeId":200383470,"isUnverified":false,"isFlaggable":false,"isRecommended":"NO"},{"hotelId":"855749","totalPositiveFeedbacks":1,"tpid":"1","eapid":"0","contentLocale":"en_us","totalThanks":1,"photos":[],"reviewId":"561968741222d1094b5146fe","itinId":"1118617036421","moderationStatus":"APPROVED","contentCodes":"","managementResponses":[],"ratingOverall":4,"langId":"1033","userNickname":"Tina","brandType":"Expedia","title":"Good value, easy location","reviewText":"Everything was clean and comfortable. Bed very comfortable. Even had a nice size refrigerator and microwave, and best of all a regular coffee maker (not one of those lousy little one-cup things)! Higher than 2 stars, I think - more like a 3-star place!","featured":false,"ratingsOnly":false,"ratingRoomCleanliness":4,"ratingHotelCondition":4,"ratingService":4,"ratingRoomComfort":4,"positiveRemarks":"","negativeRemarks":"","locationRemarks":"","lastInitial":"U","userLocation":"Mt Shasta CA","reviewSubmissionTime":"2015-10-10T19:35:16Z","reviewerCategories":[{"categoryId":"Everyone","categoryLabel":"Everyone"}],"userDisplayName":"","roomTypeId":200383470,"isUnverified":false,"isFlaggable":true,"isRecommended":"YES"},{"hotelId":"855749","totalPositiveFeedbacks":0,"tpid":"1","eapid":"0","contentLocale":"en_us","totalThanks":0,"photos":[],"reviewId":"560996faf2909a08f0f8ac9f","itinId":"1117703102684","moderationStatus":"APPROVED","contentCodes":"NLI HMP MMD","managementResponses":[],"ratingOverall":2,"langId":"1033","userNickname":"Celeste","brandType":"Expedia","title":"Cheap. ","reviewText":"Very cheap both quality and financially cheap. Walls are thin was able to hear my neighbor. TV was not a flat screen. No fridge unless it's a king room. Door lock was not screwed in all the way. The shower head was incorrect. Couldn't get it in the middle it was either way too cold or way too hot. I would turn it to cold but it was actually hot. Room was just cheap. If you don't care about the quality of the room then stay here, it's inexpensive. ","featured":false,"ratingsOnly":false,"ratingRoomCleanliness":2,"ratingHotelCondition":2,"ratingService":2,"ratingRoomComfort":2,"positiveRemarks":"","negativeRemarks":"","locationRemarks":"","lastInitial":"","userLocation":"Los Angeles ","reviewSubmissionTime":"2015-09-28T19:37:30Z","reviewerCategories":[{"categoryId":"Everyone","categoryLabel":"Everyone"}],"userDisplayName":"","roomTypeId":200383465,"isUnverified":false,"isFlaggable":false,"isRecommended":"NO"},{"hotelId":"855749","totalPositiveFeedbacks":0,"tpid":"1","eapid":"0","contentLocale":"en_us","totalThanks":0,"photos":[],"reviewId":"5602c6210ab52408f834ce90","itinId":"1117120971456","moderationStatus":"APPROVED","contentCodes":"","managementResponses":[],"ratingOverall":3,"langId":"1033","userNickname":"","brandType":"Expedia","title":"Clean Hotel/Moderate price","reviewText":"I was nicely surprised by the customer service provided by the front desk person Ganga. Always ready to help you to make your stay more comfortable. He is a service oriented person. We need more like him working at the hotels!","featured":false,"ratingsOnly":false,"ratingRoomCleanliness":5,"ratingHotelCondition":4,"ratingService":5,"ratingRoomComfort":5,"positiveRemarks":"Clean, everything worked!","negativeRemarks":"It is good in general!","locationRemarks":"I didnt think it was a great location not many options to eat, walk to the Bart, etc. You have to have a car!","lastInitial":"","userLocation":"","reviewSubmissionTime":"2015-09-23T15:32:49Z","reviewerCategories":[{"categoryId":"Everyone","categoryLabel":"Everyone"}],"userDisplayName":"","roomTypeId":200383470,"isUnverified":false,"isFlaggable":true,"isRecommended":"YES"},{"hotelId":"855749","totalPositiveFeedbacks":0,"tpid":"1","eapid":"0","contentLocale":"en_us","totalThanks":0,"photos":[],"reviewId":"55fce1c2ae7a1508ef20d513","itinId":"1116475064105","moderationStatus":"APPROVED","contentCodes":"","managementResponses":[],"ratingOverall":3,"langId":"1033","userNickname":"","brandType":"Expedia","title":"My hotel room was clean, spacious, and neat.","reviewText":"My trip included one night only at this hotel, so my experience is very limited. Still, for those who are travelling to the East bay Area (Richmond, Berkeley, etc.), this hotel is a good option.","featured":false,"ratingsOnly":false,"ratingRoomCleanliness":4,"ratingHotelCondition":3,"ratingService":5,"ratingRoomComfort":4,"positiveRemarks":"The room was spacious, need and very clean.","negativeRemarks":"Have more visible outlets or power strips to charge my computer, phone, and wi-fi device (I always bring my own).","locationRemarks":"The location is not good if you want to do business or sightseeing in San Francisco.","lastInitial":"","userLocation":"Seattle","reviewSubmissionTime":"2015-09-19T04:17:06Z","reviewerCategories":[{"categoryId":"Everyone","categoryLabel":"Everyone"}],"userDisplayName":"","roomTypeId":200383470,"isUnverified":false,"isFlaggable":true,"isRecommended":"YES"},{"hotelId":"855749","totalPositiveFeedbacks":0,"tpid":"1","eapid":"0","contentLocale":"en_us","totalThanks":0,"photos":[],"reviewId":"55fac9949efce608fb2ea2e2","itinId":"1116539763836","moderationStatus":"APPROVED","contentCodes":"","managementResponses":[],"ratingOverall":3,"langId":"1033","userNickname":"","brandType":"Expedia","title":"","reviewText":"We were a little worried since it does not look good from the outside. Once there the staff was very friendly and the check in quick. Our room was a big surprise since it was newly made. Clean bathroom and toilet and nice beds. There is a fridge and microwave also a Tv. There are a lot of workers, and they were on the weekends pretty loud at night. The motel is off the freeway, but it was not too loud.","featured":false,"ratingsOnly":false,"ratingRoomCleanliness":4,"ratingHotelCondition":4,"ratingService":4,"ratingRoomComfort":3,"positiveRemarks":"","negativeRemarks":"","locationRemarks":"","lastInitial":"","userLocation":"","reviewSubmissionTime":"2015-09-17T14:09:24Z","reviewerCategories":[{"categoryId":"Students","categoryLabel":"Students"}],"userDisplayName":"","roomTypeId":"","isUnverified":false,"isFlaggable":true,"isRecommended":"YES"},{"hotelId":"855749","totalPositiveFeedbacks":0,"tpid":"1","eapid":"0","contentLocale":"en_us","totalThanks":0,"photos":[],"reviewId":"55e14df8763afc08f16850e5","itinId":"1110654355468","moderationStatus":"APPROVED","contentCodes":"MMA","managementResponses":[],"ratingOverall":3,"langId":"1033","userNickname":"Jenny","brandType":"Expedia","title":"","reviewText":"The hitel was under construction, a little bit  noisy, maybe it will be better after the renovation.","featured":false,"ratingsOnly":false,"ratingRoomCleanliness":3,"ratingHotelCondition":3,"ratingService":4,"ratingRoomComfort":3,"positiveRemarks":"","negativeRemarks":"","locationRemarks":"","lastInitial":"","userLocation":"south californis","reviewSubmissionTime":"2015-08-29T06:15:20Z","reviewerCategories":[{"categoryId":"Everyone","categoryLabel":"Everyone"}],"userDisplayName":"","roomTypeId":"","isUnverified":false,"isFlaggable":false,"isRecommended":"YES"},{"hotelId":"855749","totalPositiveFeedbacks":0,"tpid":"1","eapid":"0","contentLocale":"en_us","totalThanks":0,"photos":[],"reviewId":"55cbd8ced1e06e08fab7bfcf","itinId":"1112999897202","moderationStatus":"APPROVED","contentCodes":"MMA","managementResponses":[],"ratingOverall":2,"langId":"1033","userNickname":"","brandType":"Expedia","title":"The room smells bad , bathroom is not clean","reviewText":"It is supposed to be a non-smoking room, but it smells very bad, the wall paint is coming off. The room is very small, bathroom is not clean","featured":false,"ratingsOnly":false,"ratingRoomCleanliness":2,"ratingHotelCondition":1,"ratingService":4,"ratingRoomComfort":1,"positiveRemarks":"","negativeRemarks":"","locationRemarks":"","lastInitial":"","userLocation":"","reviewSubmissionTime":"2015-08-12T23:37:50Z","reviewerCategories":[{"categoryId":"Everyone","categoryLabel":"Everyone"}],"userDisplayName":"","roomTypeId":"","isUnverified":false,"isFlaggable":false,"isRecommended":"NO"},{"hotelId":"855749","totalPositiveFeedbacks":0,"tpid":"1","eapid":"0","contentLocale":"en_us","totalThanks":0,"photos":[],"reviewId":"55c77e65b1e7ec08f4d4f622","itinId":"1113399619871","moderationStatus":"APPROVED","contentCodes":"HMP MMD","managementResponses":[],"ratingOverall":2,"langId":"1033","userNickname":"","brandType":"Expedia","title":"Just a cheap place to crash for the night ","reviewText":"The hotel was old, had mold, and was next to a very busy freeway so could hear traffic noise all night (I'm a light sleeper) so if you're a light sleeper, I would not recommend this place. The walls were pretty thin so we could hear the occupants in the next door.","featured":false,"ratingsOnly":false,"ratingRoomCleanliness":2,"ratingHotelCondition":2,"ratingService":4,"ratingRoomComfort":3,"positiveRemarks":"","negativeRemarks":"","locationRemarks":"","lastInitial":"","userLocation":"","reviewSubmissionTime":"2015-08-09T16:23:01Z","reviewerCategories":[{"categoryId":"Everyone","categoryLabel":"Everyone"}],"userDisplayName":"","roomTypeId":"","isUnverified":false,"isFlaggable":false,"isRecommended":"NO"},{"hotelId":"855749","totalPositiveFeedbacks":0,"tpid":"1","eapid":"0","contentLocale":"en_us","totalThanks":0,"photos":[],"reviewId":"55be3bc38abbda090728600a","itinId":"1112771024690","moderationStatus":"APPROVED","contentCodes":"MMA","managementResponses":[],"ratingOverall":2,"langId":"1033","userNickname":"","brandType":"Expedia","title":"","reviewText":"Very dirty holesin the wall / no TV service , overall very dirty ugly area .","featured":false,"ratingsOnly":false,"ratingRoomCleanliness":1,"ratingHotelCondition":1,"ratingService":3,"ratingRoomComfort":2,"positiveRemarks":"","negativeRemarks":"","locationRemarks":"","lastInitial":"","userLocation":"","reviewSubmissionTime":"2015-08-02T15:48:19Z","reviewerCategories":[{"categoryId":"Everyone","categoryLabel":"Everyone"}],"userDisplayName":"","roomTypeId":"","isUnverified":false,"isFlaggable":false,"isRecommended":"NO"},{"hotelId":"855749","totalPositiveFeedbacks":0,"tpid":"1","eapid":"0","contentLocale":"en_us","totalThanks":0,"photos":[],"reviewId":"55ad462007a3390905d48200","itinId":"1110404452779","moderationStatus":"APPROVED","contentCodes":"HMP MMD","managementResponses":[],"ratingOverall":2,"langId":"1033","userNickname":"Anna","brandType":"Expedia","title":"Convenient for BART access!","reviewText":"Aside from the closeness to the BART station (30 min. walk according to front desk staff, or one exit away driving) - there is not a whole lot more that is 'good'. Upon arrival we found the parking lot full of old furniture, mattresses etc.which made us wonder if the 'hotel' was even open! It was. Room on second level offered two beds as booked, a wobbly fridge, a coffee maker, a shower with 'either' cold or hot water (no mix available!) and a door frame through which daylight was visible. No food service of any kind close by, except back at the BART station (El Cerrito North). ","featured":false,"ratingsOnly":false,"ratingRoomCleanliness":2,"ratingHotelCondition":2,"ratingService":3,"ratingRoomComfort":3,"positiveRemarks":"Closeness to the BART station","negativeRemarks":"","locationRemarks":"","lastInitial":"","userLocation":"Truckee","reviewSubmissionTime":"2015-07-20T19:04:00Z","reviewerCategories":[{"categoryId":"Everyone","categoryLabel":"Everyone"}],"userDisplayName":"","roomTypeId":200383474,"isUnverified":false,"isFlaggable":false,"isRecommended":"NO"},{"hotelId":"855749","totalPositiveFeedbacks":1,"tpid":"1","eapid":"0","contentLocale":"en_us","totalThanks":1,"photos":[],"reviewId":"55a20a2e88016b08ddae198f","itinId":"1109424403187","moderationStatus":"APPROVED","contentCodes":"HMP MMD","managementResponses":[{"userNickname":"Kp","displayLocale":"en_us","isFlaggable":true,"date":"2015-08-19T02:05:03Z","response":"thank for taking the time to say a few words about our Hotel, Yes we are now into exterior renovation.\r\n\r\nGM \r\nAmericas best value Inn \r\nRichmond/San Francisco","status":"APPROVED","id":"3abb3fdd-2834-48f3-a7a9-2ba2843cea0c"}],"ratingOverall":4,"langId":"1033","userNickname":"","brandType":"Expedia","title":"Surprisingly nice stay!","reviewText":"The outside appearance of this motel was not very appealing at all. We were kind of scared to stay, however when speaking to the manager, he assured us that we were in a good area. But, as we moved in to our room, we were happily surprised!  The room was clean, the bed were so comfortable, and it smelled very nice. We slept very good on the mattresses; the bathroom was clean and updated. We were very happy with our room. \r\n\r\nWe plan to use this motel again when we are back in the area. As the renovations are completed, we're hoping that the outer appearance catches up to the inside.\r\n\r\nThanks!","featured":false,"ratingsOnly":false,"ratingRoomCleanliness":5,"ratingHotelCondition":2,"ratingService":4,"ratingRoomComfort":5,"positiveRemarks":"The mattress and pillows were super comfortable!  We also liked the cleanliness of the room. The window was very quaint.","negativeRemarks":"The exterior could be cleaned up and manicured. It was not very eye appealing.","locationRemarks":"In driving the area, San Pablo took us to Berkeley and downtown Oakland. We had a great time!","lastInitial":"","userLocation":"","reviewSubmissionTime":"2015-07-12T06:33:18Z","reviewerCategories":[{"categoryId":"Everyone","categoryLabel":"Everyone"}],"userDisplayName":"","roomTypeId":200383474,"isUnverified":false,"isFlaggable":false,"isRecommended":"YES"},{"hotelId":"855749","totalPositiveFeedbacks":0,"tpid":"1","eapid":"0","contentLocale":"en_us","totalThanks":0,"photos":[],"reviewId":"55865979bfb1a909699e0810","itinId":"1108592984913","moderationStatus":"APPROVED","contentCodes":"CRMD REMOD HMP MMD","managementResponses":[],"ratingOverall":1,"langId":"1033","userNickname":"","brandType":"Expedia","title":"","reviewText":"These people are horrible they took $95 out of our card and we didn't even stay at their hotel ","featured":false,"ratingsOnly":false,"ratingRoomCleanliness":1,"ratingHotelCondition":1,"ratingService":1,"ratingRoomComfort":1,"positiveRemarks":"","negativeRemarks":"","locationRemarks":"","lastInitial":"","userLocation":"","reviewSubmissionTime":"2015-06-21T06:28:09Z","reviewerCategories":[{"categoryId":"Everyone","categoryLabel":"Everyone"}],"userDisplayName":"","roomTypeId":200383470,"isUnverified":false,"isFlaggable":false,"isRecommended":"NO"},{"hotelId":"855749","totalPositiveFeedbacks":1,"tpid":"1","eapid":"0","contentLocale":"en_us","totalThanks":1,"photos":[],"reviewId":"556bc4160497650a0c50ab22","itinId":"1104648473911","moderationStatus":"APPROVED","contentCodes":"MMA","managementResponses":[],"ratingOverall":1,"langId":"1033","userNickname":"star","brandType":"Expedia","title":"","reviewText":"Staff were very nice but hotel is in a very ghetto area. Other people at hotel were very loud outside couldn't go to sleep until  3am when I called the front desk to ask them if they could talk to them and they did. Room was small found trash under bed. Overall not the best hotel but very good staff thank you for all your help.","featured":false,"ratingsOnly":false,"ratingRoomCleanliness":2,"ratingHotelCondition":2,"ratingService":2,"ratingRoomComfort":1,"positiveRemarks":"","negativeRemarks":"","locationRemarks":"","lastInitial":"s","userLocation":"s.n  richmond ca ","reviewSubmissionTime":"2015-06-01T02:31:50Z","reviewerCategories":[{"categoryId":"Everyone","categoryLabel":"Everyone"}],"userDisplayName":"","roomTypeId":200383470,"isUnverified":false,"isFlaggable":false,"isRecommended":"NO"},{"hotelId":"855749","totalPositiveFeedbacks":1,"tpid":"1","eapid":"0","contentLocale":"en_us","totalThanks":1,"photos":[],"reviewId":"5569c999b8fce30a0abcdaca","itinId":"1104709196159","moderationStatus":"APPROVED","contentCodes":"MMA HMP","managementResponses":[],"ratingOverall":2,"langId":"1033","userNickname":"Sonoma traveler","brandType":"Expedia","title":"Run down but convenient location","reviewText":"The hotel is close to the freeway so there's easy access to Berkeley (which is 10 minutes south). The area of town is marginal, and the motel is very dated. But the bed was comfortable. The sink is outside the toilet/shower room, a short distance away, and is very small. I won't go back, even though the price is one of the best in the Berkeley area.","featured":false,"ratingsOnly":false,"ratingRoomCleanliness":3,"ratingHotelCondition":2,"ratingService":3,"ratingRoomComfort":3,"positiveRemarks":"Location","negativeRemarks":"The room is dark and feels dingy.","locationRemarks":"Location is in a marginal part of town. There's big signs in the parking area about how the hotel is not responsible for any thefts.","lastInitial":"","userLocation":"","reviewSubmissionTime":"2015-05-30T14:30:49Z","reviewerCategories":[{"categoryId":"Everyone","categoryLabel":"Everyone"}],"userDisplayName":"","roomTypeId":200383470,"isUnverified":false,"isFlaggable":false,"isRecommended":"NO"}]}}}
