{"reviewDetails":{"startIndex":0,"numberOfReviewsInThisPage":20,"reviewSummaryCollection":{"reviewSummary":[{"hotelId":"17616","totalReviewCnt":539,"avgOverallRating":4.1391473,"cleanliness":4.4118705,"serviceAndStaff":4.4712462,"roomComfort":4.1447105,"hotelCondition":3.9499073,"convenienceOfLocation":4.813953,"neighborhoodSatisfaction":4.6976748,"roomQuality":0,"targetedBrand":"Expedia","originSummary":[{"origin":"Expedia","reviewCnt":539,"recommendedPercent":88.497215,"avgOverallRating":4.1391473,"cleanliness":4.4118705,"serviceAndStaff":4.4712462,"roomComfort":4.1447105,"hotelCondition":3.9499073,"convenienceOfLocation":4.813953,"neighborhoodSatisfaction":4.6976748,"valueForMoney":0,"roomQuality":0,"categoryCounts":{"Everyone":379,"BusinessTravelers":10,"Couples":45,"Families":10,"Other":9},"roomTypeIdCounts":{"1761":243,"1762":84,"201387794":3,"201518935":7,"201518933":5,"201518938":4,"121913":1,"201387801":2,"201518936":2,"201518937":4},"languageCounts":{"en":539}}],"recommendedPercent":88.497215,"valueForMoney":0,"categoryCounts":{"Everyone":379,"BusinessTravelers":10,"Couples":45,"Families":10,"Other":9},"roomTypeIdCounts":{"1761":243,"1762":84,"201387794":3,"201518935":7,"201518933":5,"201518938":4,"121913":1,"201387801":2,"201518936":2,"201518937":4},"languageCounts":{"en":539},"featuredReview":{}}]},"reviewCollection":{"review":[{"hotelId":"17616","totalPositiveFeedbacks":1,"tpid":"1","eapid":"0","contentLocale":"en_us","totalThanks":1,"photos":[],"reviewId":"57b0e997973cb70b41cd193c","itinId":"1141644425786","moderationStatus":"APPROVED","contentCodes":"","managementResponses":[],"ratingOverall":4,"langId":"1033","userNickname":"","brandType":"Expedia","title":"","reviewText":"Mario, was charmimg, and gave us a history of the hotel and the area. \r\nThe hotel is historic and well maintained, very comfortable, clean and quiet, and walking distance to Union Square. \r\nExcellent tea in the Lobby in am, and coffee offered on floors 9 and 11.","featured":false,"ratingsOnly":false,"ratingRoomCleanliness":5,"ratingHotelCondition":4,"ratingService":5,"ratingRoomComfort":5,"positiveRemarks":"quiet,clean, helpful staff, walking distance to Union Square for shopping, close to Apple store, walking distance to Museum of Modern Art (MOMA).","negativeRemarks":"One elevator was out of order, elevator was a bit slow, but acceptable. There could be a small exercise room with an elliptical , treadmill, bike.","locationRemarks":"As above, great location for walking to Union \r\nSq,, Theater District, MOMA, Yerba Buena Center. ","lastInitial":"","userLocation":"Phoenix,AZ","reviewSubmissionTime":"2016-08-14T21:58:47Z","reviewerCategories":[{"categoryId":"Everyone","categoryLabel":"Everyone"}],"userDisplayName":"","roomTypeId":201518935,"isUnverified":false,"isFlaggable":true,"isRecommended":"YES"},{"hotelId":"17616","totalPositiveFeedbacks":1,"tpid":"1","eapid":"0","contentLocale":"en_us","totalThanks":1,"photos":[],"reviewId":"57a5fd08e40c4a0b288c7035","itinId":"1141308825063","moderationStatus":"APPROVED","contentCodes":"","managementResponses":[],"ratingOverall":4,"langId":"1033","userNickname":"Karen","brandType":"Expedia","title":"Great location with walking to Union Square","reviewText":"Lovely SF boutique hotel. Helpful and friendly staff and good service. Room was nice, clean and with adequate amenities. Quiet even though it is in the hub of the city. Walking to Union Square, shopping, cable cars, good restaurants. Not fancy but charming. Coffee and sherry in the evening, coffee in the morning as well as in-room. Good beds. Windows can be partially opened for fresh air.","featured":false,"ratingsOnly":false,"ratingRoomCleanliness":5,"ratingHotelCondition":4,"ratingService":4,"ratingRoomComfort":5,"positiveRemarks":"see above","negativeRemarks":"elevator was down to just one function ","locationRemarks":"see above","lastInitial":"G","userLocation":"Sacramento ","reviewSubmissionTime":"2016-08-06T15:06:48Z","reviewerCategories":[{"categoryId":"Everyone","categoryLabel":"Everyone"}],"userDisplayName":"","roomTypeId":201518933,"isUnverified":false,"isFlaggable":true,"isRecommended":"YES"},{"hotelId":"17616","totalPositiveFeedbacks":0,"tpid":"1","eapid":"0","contentLocale":"en_us","totalThanks":0,"photos":[],"reviewId":"579f29acded0010b26676fe7","itinId":"1122760861289","moderationStatus":"APPROVED","contentCodes":"","managementResponses":[],"ratingOverall":5,"langId":"1033","userNickname":"","brandType":"Expedia","title":"","reviewText":"The location of the hotel was excellent.  You could catch the Cable Car right on the corner. \r\nMany restaurants nicely located at many different price points. It was an older hotel but it has very well kept.","featured":false,"ratingsOnly":false,"ratingRoomCleanliness":5,"ratingHotelCondition":5,"ratingService":5,"ratingRoomComfort":5,"positiveRemarks":"","negativeRemarks":"","locationRemarks":"","lastInitial":"","userLocation":"","reviewSubmissionTime":"2016-08-01T10:51:24Z","reviewerCategories":[{"categoryId":"Everyone","categoryLabel":"Everyone"}],"userDisplayName":"","roomTypeId":1761,"isUnverified":false,"isFlaggable":true,"isRecommended":"YES"},{"hotelId":"17616","totalPositiveFeedbacks":0,"tpid":"1","eapid":"0","contentLocale":"en_us","totalThanks":0,"photos":[],"reviewId":"579e197814ab710b0cbef501","itinId":"1141406719177","moderationStatus":"APPROVED","contentCodes":"","managementResponses":[],"ratingOverall":4,"langId":"1033","userNickname":"Rebecca","brandType":"Expedia","title":"","reviewText":"The room was great and conveniently located! Friendly staff. The valet stole money out of our car but the hotel itself was excellent.","featured":false,"ratingsOnly":false,"ratingRoomCleanliness":4,"ratingHotelCondition":4,"ratingService":3,"ratingRoomComfort":5,"positiveRemarks":"","negativeRemarks":"","locationRemarks":"","lastInitial":"","userLocation":"B","reviewSubmissionTime":"2016-07-31T15:30:00Z","reviewerCategories":[{"categoryId":"Everyone","categoryLabel":"Everyone"}],"userDisplayName":"","roomTypeId":201518938,"isUnverified":false,"isFlaggable":true,"isRecommended":"YES"},{"hotelId":"17616","totalPositiveFeedbacks":0,"tpid":"1","eapid":"0","contentLocale":"en_us","totalThanks":0,"photos":[],"reviewId":"579e02f8d4c4650b0df05a20","itinId":"1138910861839","moderationStatus":"APPROVED","contentCodes":"","managementResponses":[],"ratingOverall":3,"langId":"1033","userNickname":"knox traveler","brandType":"Expedia","title":"Nice old hotel, needs updating","reviewText":"Good union square location. A once beautiful old hotel. Has not been updated. Rooms are very small. No onsite parking, No A/C in room. We slept with windows open and were comfortable as far as temperature but the noise of the city was overwhelming.  The beds are well used. There are other hotels in same price range that offer full amenities.  ","featured":false,"ratingsOnly":false,"ratingRoomCleanliness":3,"ratingHotelCondition":3,"ratingService":4,"ratingRoomComfort":3,"positiveRemarks":"","negativeRemarks":"","locationRemarks":"","lastInitial":"","userLocation":"","reviewSubmissionTime":"2016-07-31T13:54:00Z","reviewerCategories":[{"categoryId":"Everyone","categoryLabel":"Everyone"}],"userDisplayName":"","roomTypeId":201518937,"isUnverified":false,"isFlaggable":true,"isRecommended":"YES"},{"hotelId":"17616","totalPositiveFeedbacks":0,"tpid":"1","eapid":"0","contentLocale":"en_us","totalThanks":0,"photos":[],"reviewId":"579adabbf6555d0b08a6c24f","itinId":"1141349998307","moderationStatus":"APPROVED","contentCodes":"","managementResponses":[],"ratingOverall":4,"langId":"1033","userNickname":"Manny","brandType":"Expedia","title":"heart of financial district, great location.","reviewText":"walking distance/short ride to everything. valet parking way cheaper than Chicago hotels. Excellent hotel, uber friendly staff.","featured":false,"ratingsOnly":false,"ratingRoomCleanliness":5,"ratingHotelCondition":5,"ratingService":5,"ratingRoomComfort":4,"positiveRemarks":"","negativeRemarks":"","locationRemarks":"","lastInitial":"F","userLocation":"Chicago ","reviewSubmissionTime":"2016-07-29T04:25:31Z","reviewerCategories":[{"categoryId":"Everyone","categoryLabel":"Everyone"}],"userDisplayName":"","roomTypeId":201518933,"isUnverified":false,"isFlaggable":true,"isRecommended":"YES"},{"hotelId":"17616","totalPositiveFeedbacks":2,"tpid":"1","eapid":"0","contentLocale":"en_us","totalThanks":2,"photos":[],"reviewId":"5798e91f2f43ae0b287c335d","itinId":"7191638272866","moderationStatus":"APPROVED","contentCodes":"HMP MMD","managementResponses":[],"ratingOverall":1,"langId":"1033","userNickname":"Eddie","brandType":"Expedia","title":"FRAUDULENT CHARGES ON MY CREDIT CARD AFTER MY STAY","reviewText":"My mother and I stayed at the hotel a few weeks back.  I used my credit card to pay for the hotel and it was the only time I gave my card or used the card during the entire trip.  We received a call from our credit card company that several charges had been made in the area (Kmart, etc. places I never patronize) with our card number.  Clearly this hotel doesn't have the necessary financial security measures as this is the only place that could have used my number to charge at other merchants.  Pretty disappointing on a hotel.","featured":false,"ratingsOnly":false,"ratingRoomCleanliness":3,"ratingHotelCondition":2,"ratingService":3,"ratingRoomComfort":3,"positiveRemarks":"It's an old hotel with very little staff, but the location is great and the rooms are clean. ","negativeRemarks":"","locationRemarks":"","lastInitial":"M","userLocation":"Los Angeles","reviewSubmissionTime":"2016-07-27T17:02:23Z","reviewerCategories":[{"categoryId":"Everyone","categoryLabel":"Everyone"}],"userDisplayName":"","roomTypeId":201518935,"isUnverified":false,"isFlaggable":false,"isRecommended":"NO"},{"hotelId":"17616","totalPositiveFeedbacks":0,"tpid":"1","eapid":"0","contentLocale":"en_us","totalThanks":0,"photos":[],"reviewId":"57963c8ad29e300b28a46d0c","itinId":"1138531605077","moderationStatus":"APPROVED","contentCodes":"","managementResponses":[],"ratingOverall":5,"langId":"1033","userNickname":"","brandType":"Expedia","title":"","reviewText":"Very convenience to access tour location, the staff are very friendly, the room service also was very nice. I definitely recommend my friend this hotel to stay. \r\n","featured":false,"ratingsOnly":false,"ratingRoomCleanliness":5,"ratingHotelCondition":4,"ratingService":5,"ratingRoomComfort":4,"positiveRemarks":"","negativeRemarks":"","locationRemarks":"","lastInitial":"","userLocation":"","reviewSubmissionTime":"2016-07-25T16:21:30Z","reviewerCategories":[{"categoryId":"Everyone","categoryLabel":"Everyone"}],"userDisplayName":"","roomTypeId":201518933,"isUnverified":false,"isFlaggable":true,"isRecommended":"YES"},{"hotelId":"17616","totalPositiveFeedbacks":1,"tpid":"1","eapid":"0","contentLocale":"en_us","totalThanks":1,"photos":[{"thumbnailUrl":"https://a.travel-assets.com/ugc/hotel-reviews/D7E7498A56412D9402314F04E49D1386E16214E91469315076948.jpg?resize=100:*","normalUrl":"https://a.travel-assets.com/ugc/hotel-reviews/D7E7498A56412D9402314F04E49D1386E16214E91469315076948.jpg?resize=360:*","caption":"Room view"}],"reviewId":"5793f2fb3a803a0b28d4434c","itinId":"1140738910745","moderationStatus":"APPROVED","contentCodes":"HMP","managementResponses":[],"ratingOverall":5,"langId":"1033","userNickname":"","brandType":"Expedia","title":"Great location - friendly staff","reviewText":"Everyone that worked there was super friendly and helpful! While the hotel room itself was not as large as a new modern hotel, it had character and was super clean! Down to the fancy bench in the beautiful elevator - we loved everything about our stay!!!","featured":false,"ratingsOnly":false,"ratingRoomCleanliness":5,"ratingHotelCondition":5,"ratingService":5,"ratingRoomComfort":5,"positiveRemarks":"","negativeRemarks":"","locationRemarks":"","lastInitial":"","userLocation":"","reviewSubmissionTime":"2016-07-23T22:43:07Z","reviewerCategories":[{"categoryId":"Everyone","categoryLabel":"Everyone"}],"userDisplayName":"","roomTypeId":201518937,"isUnverified":false,"isFlaggable":false,"isRecommended":"YES"},{"hotelId":"17616","totalPositiveFeedbacks":0,"tpid":"1","eapid":"0","contentLocale":"en_us","totalThanks":0,"photos":[],"reviewId":"5788db546710090b27d2ddc5","itinId":"1137827246312","moderationStatus":"APPROVED","contentCodes":"","managementResponses":[],"ratingOverall":4,"langId":"1033","userNickname":"","brandType":"Expedia","title":"Good location in the middle of union square","reviewText":"Hotel is centrally located; close to shopping. Hotel staff is very accommodating.","featured":false,"ratingsOnly":false,"ratingRoomCleanliness":4,"ratingHotelCondition":4,"ratingService":5,"ratingRoomComfort":4,"positiveRemarks":"","negativeRemarks":"","locationRemarks":"","lastInitial":"","userLocation":"","reviewSubmissionTime":"2016-07-15T12:47:16Z","reviewerCategories":[{"categoryId":"Everyone","categoryLabel":"Everyone"}],"userDisplayName":"","roomTypeId":201518935,"isUnverified":false,"isFlaggable":true,"isRecommended":"YES"},{"hotelId":"17616","totalPositiveFeedbacks":1,"tpid":"4","eapid":"0","contentLocale":"en_ca","totalThanks":1,"photos":[],"reviewId":"578677e183553b0b27654275","itinId":"1138802444137","moderationStatus":"APPROVED","contentCodes":"","managementResponses":[],"ratingOverall":4,"langId":"4105","userNickname":"Thom","brandType":"Expedia","title":"Very nice hotel close to everything","reviewText":"I enjoyed staying at this hotel as the staff were very friendly, attentive & professional.  ","featured":false,"ratingsOnly":false,"ratingRoomCleanliness":5,"ratingHotelCondition":4,"ratingService":5,"ratingRoomComfort":5,"positiveRemarks":"The rooms were clean, spacious & had a bar refrigerator which was handy.  The beds were very comfortable & large.","negativeRemarks":"The reception of the tv was not great.  I had to switch rooms during my stay & my second room did not have a bar refrigerator.","locationRemarks":"The location was very convenient; close to Union Square, public transportation, shopping, restaurants & the area felt very safe.","lastInitial":"","userLocation":"Toronto","reviewSubmissionTime":"2016-07-13T17:18:25Z","reviewerCategories":[{"categoryId":"Everyone","categoryLabel":"Everyone"}],"userDisplayName":"","roomTypeId":201518935,"isUnverified":false,"isFlaggable":true,"isRecommended":"YES"},{"hotelId":"17616","totalPositiveFeedbacks":0,"tpid":"1","eapid":"0","contentLocale":"en_us","totalThanks":0,"photos":[],"reviewId":"57830e1986a89c0b481b4b61","itinId":"1137496284723","moderationStatus":"APPROVED","contentCodes":"","managementResponses":[],"ratingOverall":3,"langId":"1033","userNickname":"","brandType":"Expedia","title":"Convenient but a bit cramped","reviewText":"This hotel is just one half block from Union Square, with tour bus pick ups and public transportation close by.  We found it to be well located for exploring the city.  We were, however, disappointed in the size of the room, which felt cramped, and in the small main lobby.          The weather during our stay was not great,  but this hotel offers no bar and little public space for waiting out the drizzle.\r\n","featured":false,"ratingsOnly":false,"ratingRoomCleanliness":4,"ratingHotelCondition":2,"ratingService":4,"ratingRoomComfort":2,"positiveRemarks":"","negativeRemarks":"","locationRemarks":"","lastInitial":"","userLocation":"","reviewSubmissionTime":"2016-07-11T03:10:17Z","reviewerCategories":[{"categoryId":"Everyone","categoryLabel":"Everyone"}],"userDisplayName":"","roomTypeId":201518938,"isUnverified":false,"isFlaggable":true,"isRecommended":"YES"},{"hotelId":"17616","totalPositiveFeedbacks":0,"tpid":"1","eapid":"0","contentLocale":"en_us","totalThanks":0,"photos":[],"reviewId":"577cff035a29da0b83486a53","itinId":"1138176548877","moderationStatus":"APPROVED","contentCodes":"","managementResponses":[],"ratingOverall":4,"langId":"1033","userNickname":"Cristine ","brandType":"Expedia","title":"","reviewText":"My boyfriend and I were very pleased this pas weekend. Thank you so much for a comfortable and enjoyable stay. ","featured":false,"ratingsOnly":false,"ratingRoomCleanliness":5,"ratingHotelCondition":3,"ratingService":5,"ratingRoomComfort":4,"positiveRemarks":"","negativeRemarks":"","locationRemarks":"","lastInitial":"y","userLocation":"austin texas","reviewSubmissionTime":"2016-07-06T12:52:19Z","reviewerCategories":[{"categoryId":"Everyone","categoryLabel":"Everyone"}],"userDisplayName":"","roomTypeId":201518936,"isUnverified":false,"isFlaggable":true,"isRecommended":"YES"},{"hotelId":"17616","totalPositiveFeedbacks":0,"tpid":"1","eapid":"0","contentLocale":"en_us","totalThanks":0,"photos":[],"reviewId":"577bcaefd34ecf0b7cde85d3","itinId":"1138062239189","moderationStatus":"APPROVED","contentCodes":"","managementResponses":[],"ratingOverall":4,"langId":"1033","userNickname":"Mohamed Ibrahim","brandType":"Expedia","title":"Just okay.! ","reviewText":"Well the hotel was located in the centre of city and close to shopping and restaurant..! It does not have its own dining menu..! It's a historic building and most of the things are pretty old.! Wifi was good..! Complimentary tea and coffee in morning and evening..! Room was not very clean.! Attentive and helpful staff..! Overall experience was good.! ","featured":false,"ratingsOnly":false,"ratingRoomCleanliness":3,"ratingHotelCondition":3,"ratingService":5,"ratingRoomComfort":3,"positiveRemarks":"","negativeRemarks":"","locationRemarks":"","lastInitial":"M","userLocation":"Ibrahim","reviewSubmissionTime":"2016-07-05T14:57:51Z","reviewerCategories":[{"categoryId":"Everyone","categoryLabel":"Everyone"}],"userDisplayName":"","roomTypeId":201518936,"isUnverified":false,"isFlaggable":true,"isRecommended":"YES"},{"hotelId":"17616","totalPositiveFeedbacks":0,"tpid":"1","eapid":"0","contentLocale":"en_us","totalThanks":0,"photos":[],"reviewId":"577bc01686298d0b82771086","itinId":"1138552822871","moderationStatus":"APPROVED","contentCodes":"HMP MMD","managementResponses":[],"ratingOverall":2,"langId":"1033","userNickname":"chris","brandType":"Expedia","title":"Good location but hotel not what I was expecting","reviewText":"This place had higher ratings than another botique hotel I usually stay at but I think I'd rather stay elsewhere next time. There are no bell boys so be ready to take your bags in yourself. The building is old and not updated, and the room was small with ugly old fixtures in the bathroom. It's a great location but there are several other nearby hotels much nicer around the same range or $20 more.","featured":false,"ratingsOnly":false,"ratingRoomCleanliness":3,"ratingHotelCondition":2,"ratingService":4,"ratingRoomComfort":1,"positiveRemarks":"","negativeRemarks":"","locationRemarks":"","lastInitial":"","userLocation":"los angeles, ca","reviewSubmissionTime":"2016-07-05T14:11:34Z","reviewerCategories":[{"categoryId":"Everyone","categoryLabel":"Everyone"}],"userDisplayName":"","roomTypeId":201518938,"isUnverified":false,"isFlaggable":false,"isRecommended":"NO"},{"hotelId":"17616","totalPositiveFeedbacks":0,"tpid":"3","eapid":"0","contentLocale":"en_gb","totalThanks":0,"photos":[],"reviewId":"5779237386298d0b820de5c6","itinId":"110333480738","moderationStatus":"APPROVED","contentCodes":"","managementResponses":[],"ratingOverall":5,"langId":"2057","userNickname":"Eileen ","brandType":"Expedia","title":"Nice hotel close to Union Square.","reviewText":"The hotel is a nice size and the staff are really friendly.","featured":false,"ratingsOnly":false,"ratingRoomCleanliness":4,"ratingHotelCondition":4,"ratingService":5,"ratingRoomComfort":5,"positiveRemarks":"As an older hotel it has character,and sherry and tea in the lobby at night was different","negativeRemarks":"Nothing major stands out.","locationRemarks":"Great location close to Union Square and the main shopping areas.","lastInitial":"E","userLocation":"Doncaster,,South Yorkshire.","reviewSubmissionTime":"2016-07-03T14:38:43Z","reviewerCategories":[{"categoryId":"Everyone","categoryLabel":"Everyone"}],"userDisplayName":"","roomTypeId":1761,"isUnverified":false,"isFlaggable":true,"isRecommended":"YES"},{"hotelId":"17616","totalPositiveFeedbacks":0,"tpid":"1","eapid":"0","contentLocale":"en_us","totalThanks":0,"photos":[],"reviewId":"57754d3d2a2e4c0b7c0ead95","itinId":"1137609507799","moderationStatus":"APPROVED","contentCodes":"MMA","managementResponses":[],"ratingOverall":3,"langId":"1033","userNickname":"","brandType":"Expedia","title":"Great location, but stinky ","reviewText":"Wonderful location and overall the hotel is nice, despite the fact that the building is older. However I had a horrible smell on my floor (7th), which got eventually into the room. I guess it's the restaurant next to them, I could definitely tell what's cooking, especially when they cooked the fish.","featured":false,"ratingsOnly":false,"ratingRoomCleanliness":3,"ratingHotelCondition":2,"ratingService":4,"ratingRoomComfort":3,"positiveRemarks":"","negativeRemarks":"","locationRemarks":"","lastInitial":"","userLocation":"","reviewSubmissionTime":"2016-06-30T16:47:57Z","reviewerCategories":[{"categoryId":"Everyone","categoryLabel":"Everyone"}],"userDisplayName":"","roomTypeId":201518935,"isUnverified":false,"isFlaggable":false,"isRecommended":"NO"},{"hotelId":"17616","totalPositiveFeedbacks":0,"tpid":"1","eapid":"0","contentLocale":"en_us","totalThanks":0,"photos":[],"reviewId":"5772f5290620330b7d9af09d","itinId":"1136846461462","moderationStatus":"APPROVED","contentCodes":"","managementResponses":[],"ratingOverall":3,"langId":"1033","userNickname":"Andrea","brandType":"Expedia","title":"Hotel showing signs of age","reviewText":"Mostly this hotel was great, especially with Expedia pricing. However our first room had a broken heating unit (heating our room when it was 85 degrees outside) and a broken ceiling fan. Once we changed rooms we were much more comfortable. I will say though that the showers were really inconsistent in both water pressure (either you were getting tinkled on, or you felt like you were being power washed) and temperature (scalding hot, freezing cold, it's anyone's guess). The bed was comfy except for the flimsy pillows, and our room was kept very clean. The location is also amazing, we walked to nearly every major attraction in the first afternoon. I would have greatly enjoyed either a continental breakfast or breakfast room service option (room service in the evening was offered from the ajoining restaurant) as well as some gym amenities. All in all, decent stay. ","featured":false,"ratingsOnly":false,"ratingRoomCleanliness":5,"ratingHotelCondition":2,"ratingService":4,"ratingRoomComfort":2,"positiveRemarks":"","negativeRemarks":"","locationRemarks":"","lastInitial":"","userLocation":"","reviewSubmissionTime":"2016-06-28T22:07:37Z","reviewerCategories":[{"categoryId":"Everyone","categoryLabel":"Everyone"}],"userDisplayName":"","roomTypeId":201518938,"isUnverified":false,"isFlaggable":true,"isRecommended":"YES"},{"hotelId":"17616","totalPositiveFeedbacks":1,"tpid":"1","eapid":"0","contentLocale":"en_us","totalThanks":1,"photos":[],"reviewId":"57713b1c0620330b7d93f137","itinId":"1123863196605","moderationStatus":"APPROVED","contentCodes":"","managementResponses":[],"ratingOverall":4,"langId":"1033","userNickname":"Nick","brandType":"Expedia","title":"Good downtown location.","reviewText":"This is an overall good hotel and would appeal to those with more refined and classic hotel tastes.  It has a theater in it and a high class restaurant next to it as well as being easy walking distance to a number of other different restaurants in the area to suite almost any pallet.\r\n\r\nThe staff was generally friendly and they have someone come in to play their grand piano a few nights a week which was a nice touch.","featured":false,"ratingsOnly":false,"ratingRoomCleanliness":4,"ratingHotelCondition":5,"ratingService":4,"ratingRoomComfort":5,"positiveRemarks":"It had a classic 1920s hotel feel while being up to date at the same time. The beds were very comfortable and I generally slept well.","negativeRemarks":"Improvements are limited by the location.","locationRemarks":"There are tons of restaurants nearby and you are quick uber ride from Fisherman's Wharf and a number of other attractions and activities.","lastInitial":"S","userLocation":"Wisconsin","reviewSubmissionTime":"2016-06-27T14:41:32Z","reviewerCategories":[{"categoryId":"Everyone","categoryLabel":"Everyone"}],"userDisplayName":"","roomTypeId":1761,"isUnverified":false,"isFlaggable":true,"isRecommended":"YES"},{"hotelId":"17616","totalPositiveFeedbacks":0,"tpid":"1","eapid":"0","contentLocale":"en_us","totalThanks":0,"photos":[],"reviewId":"576ec4281a77650b7cd53b33","itinId":"1137708255385","moderationStatus":"APPROVED","contentCodes":"","managementResponses":[],"ratingOverall":5,"langId":"1033","userNickname":"","brandType":"Expedia","title":"Sightseeing in SF ","reviewText":"Stayed one night, loved the location! Was able to catch the trolley just blocks away, beds were comfy, room was clean and staff was friendly and helpful. ","featured":false,"ratingsOnly":false,"ratingRoomCleanliness":5,"ratingHotelCondition":5,"ratingService":5,"ratingRoomComfort":5,"positiveRemarks":"","negativeRemarks":"","locationRemarks":"","lastInitial":"n","userLocation":"","reviewSubmissionTime":"2016-06-25T17:49:28Z","reviewerCategories":[{"categoryId":"Everyone","categoryLabel":"Everyone"}],"userDisplayName":"","roomTypeId":201518933,"isUnverified":false,"isFlaggable":true,"isRecommended":"YES"}]}}}
