{"reviewDetails":{"startIndex":0,"numberOfReviewsInThisPage":20,"reviewSummaryCollection":{"reviewSummary":[{"hotelId":"890830","totalReviewCnt":492,"avgOverallRating":3.4186995,"cleanliness":3.8333333,"serviceAndStaff":3.6768296,"roomComfort":3.3902433,"hotelCondition":3.3414633,"convenienceOfLocation":4.016949,"neighborhoodSatisfaction":3.7457628,"roomQuality":0,"targetedBrand":"Expedia","originSummary":[{"origin":"Expedia","reviewCnt":492,"recommendedPercent":74.5935,"avgOverallRating":3.4186995,"cleanliness":3.8333333,"serviceAndStaff":3.6768296,"roomComfort":3.3902433,"hotelCondition":3.3414633,"convenienceOfLocation":4.016949,"neighborhoodSatisfaction":3.7457628,"valueForMoney":0,"roomQuality":0,"categoryCounts":{"Everyone":287,"Couples":22,"BusinessTravelers":1,"Students":1,"Families":21,"Other":7},"roomTypeIdCounts":{"20567":56,"19422":172},"languageCounts":{"en":492}}],"recommendedPercent":74.5935,"valueForMoney":0,"categoryCounts":{"Everyone":287,"Couples":22,"BusinessTravelers":1,"Students":1,"Families":21,"Other":7},"roomTypeIdCounts":{"20567":56,"19422":172},"languageCounts":{"en":492},"featuredReview":{}}]},"reviewCollection":{"review":[{"hotelId":"890830","totalPositiveFeedbacks":0,"tpid":"1","eapid":"0","contentLocale":"en_us","totalThanks":0,"photos":[],"reviewId":"57b6af9d4751ca0b79f73a2b","itinId":"1143079517880","moderationStatus":"APPROVED","contentCodes":"","managementResponses":[],"ratingOverall":3,"langId":"1033","userNickname":"","brandType":"Expedia","title":"","reviewText":"Overall is ok, for such rate we expected much better service and breakfast ","featured":false,"ratingsOnly":false,"ratingRoomCleanliness":4,"ratingHotelCondition":3,"ratingService":4,"ratingRoomComfort":4,"positiveRemarks":"","negativeRemarks":"","locationRemarks":"","lastInitial":"","userLocation":"","reviewSubmissionTime":"2016-08-19T07:05:01Z","reviewerCategories":[{"categoryId":"Everyone","categoryLabel":"Everyone"}],"userDisplayName":"","roomTypeId":20567,"isUnverified":false,"isFlaggable":true,"isRecommended":"NO"},{"hotelId":"890830","totalPositiveFeedbacks":0,"tpid":"1","eapid":"0","contentLocale":"en_us","totalThanks":0,"photos":[],"reviewId":"57b27ce0e8dbc30b27e37704","itinId":"1142884973982","moderationStatus":"APPROVED","contentCodes":"","managementResponses":[],"ratingOverall":4,"langId":"1033","userNickname":"","brandType":"Expedia","title":"Convinient location","reviewText":"Nice hotel. Clean and in a convinient location. You can walk to many attraccions\r\n","featured":false,"ratingsOnly":false,"ratingRoomCleanliness":4,"ratingHotelCondition":4,"ratingService":4,"ratingRoomComfort":4,"positiveRemarks":"","negativeRemarks":"","locationRemarks":"","lastInitial":"","userLocation":"","reviewSubmissionTime":"2016-08-16T02:39:28Z","reviewerCategories":[{"categoryId":"Everyone","categoryLabel":"Everyone"}],"userDisplayName":"","roomTypeId":20567,"isUnverified":false,"isFlaggable":true,"isRecommended":"YES"},{"hotelId":"890830","totalPositiveFeedbacks":0,"tpid":"1","eapid":"0","contentLocale":"en_us","totalThanks":0,"photos":[],"reviewId":"57aa6b834a939b0b09ab6db6","itinId":"1142156568015","moderationStatus":"APPROVED","contentCodes":"HMP MMD","managementResponses":[],"ratingOverall":2,"langId":"1033","userNickname":"Worldtravel4u","brandType":"Expedia","title":"Noisy overpriced motel.","reviewText":"For the amount of money, I paid, I would have expected conditions to be somewhat as close to Holiday Inn level as possible. I paid a fee greater than it should have been, for one night, and half would have been okay for this place. I would not book here again and as a travel agent, I would not recommend this place to my clients. As I said before, half would have been okay. I do want to add that this place in not terrible, the staff was great but okay is the best rating I can give this place.","featured":false,"ratingsOnly":false,"ratingRoomCleanliness":3,"ratingHotelCondition":2,"ratingService":4,"ratingRoomComfort":2,"positiveRemarks":"Not a lot.","negativeRemarks":"The place is very noisy and parking is limited. For what is charged, the place could use remodeling and sound proofing.","locationRemarks":"Location was okay.","lastInitial":"","userLocation":"Los Angeles","reviewSubmissionTime":"2016-08-09T23:47:15Z","reviewerCategories":[{"categoryId":"Everyone","categoryLabel":"Everyone"}],"userDisplayName":"","roomTypeId":19422,"isUnverified":false,"isFlaggable":false,"isRecommended":"NO"},{"hotelId":"890830","totalPositiveFeedbacks":0,"tpid":"1","eapid":"0","contentLocale":"en_us","totalThanks":0,"photos":[],"reviewId":"57a102c92b34e10b29475f2a","itinId":"1141065463010","moderationStatus":"APPROVED","contentCodes":"","managementResponses":[],"ratingOverall":3,"langId":"1033","userNickname":"","brandType":"Expedia","title":"Great location","reviewText":"We booked a last minute room in San Francisco and wanted to be near popular attractions.  For the price, in comparison to other hotels, this was a great deal.  Although it needed several updates, it was clean and in a great location.  It was within walking distance to fisherman's wharf.  ","featured":false,"ratingsOnly":false,"ratingRoomCleanliness":3,"ratingHotelCondition":3,"ratingService":3,"ratingRoomComfort":3,"positiveRemarks":"Great location so you could leave the car and walk to popular destinations.","negativeRemarks":"Update the hotel and clean up the parking lot.","locationRemarks":"We walked to fisherman's wharf and the world's crookedest street.","lastInitial":"","userLocation":"Oklahoma","reviewSubmissionTime":"2016-08-02T20:30:01Z","reviewerCategories":[{"categoryId":"Everyone","categoryLabel":"Everyone"}],"userDisplayName":"","roomTypeId":19422,"isUnverified":false,"isFlaggable":true,"isRecommended":"YES"},{"hotelId":"890830","totalPositiveFeedbacks":0,"tpid":"1","eapid":"0","contentLocale":"en_us","totalThanks":0,"photos":[],"reviewId":"579e5f2f14ab710b0c1c8ab3","itinId":"1135930686585","moderationStatus":"APPROVED","contentCodes":"","managementResponses":[],"ratingOverall":5,"langId":"1033","userNickname":"Dave","brandType":"Expedia","title":"Good location Retro Motel","reviewText":"Nice spot friendly staff. Close to everything which is very helpful considering traffic in San Francisco. Room was small. Had a great view. Bathroom was big. Elevator was cool with view of street as you went up. Parking is very tight. Tough spot for large cars or trucks. My family and I spend three nights there and would stay again. ","featured":false,"ratingsOnly":false,"ratingRoomCleanliness":4,"ratingHotelCondition":3,"ratingService":5,"ratingRoomComfort":4,"positiveRemarks":"View, location, staff","negativeRemarks":"","locationRemarks":"","lastInitial":"W","userLocation":"Dallas","reviewSubmissionTime":"2016-07-31T20:27:27Z","reviewerCategories":[{"categoryId":"Everyone","categoryLabel":"Everyone"}],"userDisplayName":"","roomTypeId":20567,"isUnverified":false,"isFlaggable":true,"isRecommended":"YES"},{"hotelId":"890830","totalPositiveFeedbacks":0,"tpid":"1","eapid":"0","contentLocale":"en_us","totalThanks":0,"photos":[],"reviewId":"579d18c387f8460b068ac4b2","itinId":"1141184933523","moderationStatus":"APPROVED","contentCodes":"","managementResponses":[],"ratingOverall":3,"langId":"1033","userNickname":"","brandType":"Expedia","title":"Special place<3\r\n ","reviewText":" the francisco bay in has always been a very special place for my boyfriend and I -it is basically were we first met abt.2 years ago now, and we have spent many romantic nights in the comfort of the cozy ,clean and respected rooms @FNI.... Local shopping and dining and proximity to the marina as well as the palace of fine arts; is ultimate bonus rounding off this motels very SF ambiance!","featured":false,"ratingsOnly":false,"ratingRoomCleanliness":3,"ratingHotelCondition":3,"ratingService":4,"ratingRoomComfort":3,"positiveRemarks":"","negativeRemarks":"","locationRemarks":"","lastInitial":"","userLocation":"","reviewSubmissionTime":"2016-07-30T21:14:43Z","reviewerCategories":[{"categoryId":"Everyone","categoryLabel":"Everyone"}],"userDisplayName":"","roomTypeId":19422,"isUnverified":false,"isFlaggable":true,"isRecommended":"YES"},{"hotelId":"890830","totalPositiveFeedbacks":0,"tpid":"1","eapid":"0","contentLocale":"en_us","totalThanks":0,"photos":[],"reviewId":"5794f32c7331850b27273ef4","itinId":"1134391120389","moderationStatus":"APPROVED","contentCodes":"","managementResponses":[],"ratingOverall":4,"langId":"1033","userNickname":"Marlayna","brandType":"Expedia","title":"Free parking and great location! But noisy","reviewText":"Free parking in a really great, walkable area of the city! That's the best selling point really - and it really was a great location for walking to Fisherman's wharf and the whole Pier 39 area and it was easy to uber around if you didn't want to have to find parking elsewhere. However, either the walls are very thin or people are really loud in this area. We woke up during the nights a couple times from loud traffic and people yelling. You know it's rough when they leave you earplugs as a welcome gift ;) but it was still tolerable as long as you're aware of it and the place was clean and very convenient! Still would recommend.","featured":false,"ratingsOnly":false,"ratingRoomCleanliness":4,"ratingHotelCondition":3,"ratingService":5,"ratingRoomComfort":4,"positiveRemarks":"location and parking!","negativeRemarks":"noise - although might take a rebuild of the walls to really fix that!","locationRemarks":"fisherman's wharf, ghiradelli square, pier 39. we even walked all the way to the financial district and lombard street but it's a lot of steps!","lastInitial":"D","userLocation":"Baltimore, MD","reviewSubmissionTime":"2016-07-24T16:56:12Z","reviewerCategories":[{"categoryId":"Everyone","categoryLabel":"Everyone"}],"userDisplayName":"","roomTypeId":19422,"isUnverified":false,"isFlaggable":true,"isRecommended":"YES"},{"hotelId":"890830","totalPositiveFeedbacks":0,"tpid":"3","eapid":"0","contentLocale":"en_gb","totalThanks":0,"photos":[],"reviewId":"578ba39a2c54c70b2840c656","itinId":"112608915581","moderationStatus":"APPROVED","contentCodes":"","managementResponses":[],"ratingOverall":4,"langId":"2057","userNickname":"","brandType":"Expedia","title":"Good value!","reviewText":"Excellent location, main 'tourist attractions' within walking distance and free car parking would definitely bring me back here in future. Room was clean and comfortable although the mattress was definitely past its best. ","featured":false,"ratingsOnly":false,"ratingRoomCleanliness":4,"ratingHotelCondition":4,"ratingService":5,"ratingRoomComfort":3,"positiveRemarks":"","negativeRemarks":"","locationRemarks":"","lastInitial":"","userLocation":"","reviewSubmissionTime":"2016-07-17T15:26:18Z","reviewerCategories":[{"categoryId":"Everyone","categoryLabel":"Everyone"}],"userDisplayName":"","roomTypeId":19422,"isUnverified":false,"isFlaggable":true,"isRecommended":"YES"},{"hotelId":"890830","totalPositiveFeedbacks":0,"tpid":"1","eapid":"0","contentLocale":"en_us","totalThanks":0,"photos":[],"reviewId":"5787aed50bd7ad0b274c7803","itinId":"1140028508318","moderationStatus":"APPROVED","contentCodes":"","managementResponses":[],"ratingOverall":3,"langId":"1033","userNickname":"marcela","brandType":"Expedia","title":"good for 1 night","reviewText":"Noisy area but relatively close to Pier. Good place to stay for a night.","featured":false,"ratingsOnly":false,"ratingRoomCleanliness":2,"ratingHotelCondition":2,"ratingService":4,"ratingRoomComfort":2,"positiveRemarks":"localization","negativeRemarks":"","locationRemarks":"","lastInitial":"","userLocation":"NYC","reviewSubmissionTime":"2016-07-14T15:25:09Z","reviewerCategories":[{"categoryId":"Everyone","categoryLabel":"Everyone"}],"userDisplayName":"","roomTypeId":19422,"isUnverified":false,"isFlaggable":true,"isRecommended":"NO"},{"hotelId":"890830","totalPositiveFeedbacks":0,"tpid":"1","eapid":"0","contentLocale":"en_us","totalThanks":0,"photos":[],"reviewId":"57793ca025628c0b7c238d89","itinId":"1139323228530","moderationStatus":"APPROVED","contentCodes":"","managementResponses":[],"ratingOverall":3,"langId":"1033","userNickname":"Jim","brandType":"Expedia","title":" hotel close to sites","reviewText":"Hotel was close to sites. High cost for ammenities. ","featured":false,"ratingsOnly":false,"ratingRoomCleanliness":3,"ratingHotelCondition":3,"ratingService":3,"ratingRoomComfort":3,"positiveRemarks":"","negativeRemarks":"","locationRemarks":"","lastInitial":"","userLocation":"San Francisco","reviewSubmissionTime":"2016-07-03T16:26:08Z","reviewerCategories":[{"categoryId":"Everyone","categoryLabel":"Everyone"}],"userDisplayName":"","roomTypeId":20567,"isUnverified":false,"isFlaggable":true,"isRecommended":"YES"},{"hotelId":"890830","totalPositiveFeedbacks":0,"tpid":"1","eapid":"0","contentLocale":"en_us","totalThanks":0,"photos":[],"reviewId":"57707f05d3cd780b7fb9a373","itinId":"1134361224139","moderationStatus":"APPROVED","contentCodes":"","managementResponses":[],"ratingOverall":4,"langId":"1033","userNickname":"Traveller","brandType":"Expedia","title":"Nice place in a convenient location","reviewText":"Only about one mile from Fisherman's Wharf and The Embarcadero. Easy to walk to where all the action is. Beautiful views all around. From the 4th floor the Golden Gate Bridge is often visible. Free parking makes it a great value. I'd definitely stay here again if there is a room available when I'm in San Francisco again. ","featured":false,"ratingsOnly":false,"ratingRoomCleanliness":5,"ratingHotelCondition":4,"ratingService":4,"ratingRoomComfort":4,"positiveRemarks":"","negativeRemarks":"","locationRemarks":"","lastInitial":"","userLocation":"Louisville, KY","reviewSubmissionTime":"2016-06-27T01:19:01Z","reviewerCategories":[{"categoryId":"Everyone","categoryLabel":"Everyone"}],"userDisplayName":"","roomTypeId":19422,"isUnverified":false,"isFlaggable":true,"isRecommended":"YES"},{"hotelId":"890830","totalPositiveFeedbacks":0,"tpid":"1","eapid":"0","contentLocale":"en_us","totalThanks":0,"photos":[],"reviewId":"576e9cc7d3cd780b7fd0619f","itinId":"1137939714038","moderationStatus":"APPROVED","contentCodes":"","managementResponses":[],"ratingOverall":2,"langId":"1033","userNickname":"","brandType":"Expedia","title":"Terrible parking,  worst continental breakfast, ","reviewText":"Few parking slots, have to double park, leave keys with hotel staff,  worst continental breakfast, stale donuts and bad tasting coffee , rooms are old, staff was.great,  worth what you pay for","featured":false,"ratingsOnly":false,"ratingRoomCleanliness":2,"ratingHotelCondition":2,"ratingService":5,"ratingRoomComfort":2,"positiveRemarks":"","negativeRemarks":"","locationRemarks":"","lastInitial":"","userLocation":"","reviewSubmissionTime":"2016-06-25T15:01:27Z","reviewerCategories":[{"categoryId":"Everyone","categoryLabel":"Everyone"}],"userDisplayName":"","roomTypeId":20567,"isUnverified":false,"isFlaggable":true,"isRecommended":"YES"},{"hotelId":"890830","totalPositiveFeedbacks":0,"tpid":"1","eapid":"0","contentLocale":"en_us","totalThanks":0,"photos":[],"reviewId":"576cd1c47749760b7ecdc150","itinId":"1137723630787","moderationStatus":"APPROVED","contentCodes":"","managementResponses":[],"ratingOverall":4,"langId":"1033","userNickname":"Hildie","brandType":"Expedia","title":"Great location and parking.","reviewText":"We got a good night's sleep.  Room and bathroom were comfortable and clean.","featured":false,"ratingsOnly":false,"ratingRoomCleanliness":5,"ratingHotelCondition":4,"ratingService":5,"ratingRoomComfort":5,"positiveRemarks":"Location and parking","negativeRemarks":"More towels.","locationRemarks":"Easy walk to Fisherman's Wharf.","lastInitial":"H","userLocation":"Pasadena, California","reviewSubmissionTime":"2016-06-24T06:23:00Z","reviewerCategories":[{"categoryId":"Everyone","categoryLabel":"Everyone"}],"userDisplayName":"","roomTypeId":19422,"isUnverified":false,"isFlaggable":true,"isRecommended":"YES"},{"hotelId":"890830","totalPositiveFeedbacks":0,"tpid":"1","eapid":"0","contentLocale":"en_us","totalThanks":0,"photos":[],"reviewId":"575b4f7ef2fea70b26421fbb","itinId":"1137357256573","moderationStatus":"APPROVED","contentCodes":"","managementResponses":[],"ratingOverall":3,"langId":"1033","userNickname":"Gordon","brandType":"Expedia","title":"plenty of noise","reviewText":"The hotel was very noisy. Sound proof Windows wood be a good addition. Parking was good and the neighborhood was good.","featured":false,"ratingsOnly":false,"ratingRoomCleanliness":5,"ratingHotelCondition":4,"ratingService":5,"ratingRoomComfort":4,"positiveRemarks":"","negativeRemarks":"","locationRemarks":"","lastInitial":"h","userLocation":"Sacramento","reviewSubmissionTime":"2016-06-10T23:38:38Z","reviewerCategories":[{"categoryId":"Everyone","categoryLabel":"Everyone"}],"userDisplayName":"","roomTypeId":19422,"isUnverified":false,"isFlaggable":true,"isRecommended":"NO"},{"hotelId":"890830","totalPositiveFeedbacks":1,"tpid":"1","eapid":"0","contentLocale":"en_us","totalThanks":1,"photos":[],"reviewId":"57535db8c023fa0b4f1a5cb1","itinId":"1135839885825","moderationStatus":"APPROVED","contentCodes":"","managementResponses":[],"ratingOverall":4,"langId":"1033","userNickname":"jenlin","brandType":"Expedia","title":"Convenient","reviewText":"I've stayed here several times. Great amenities with free parking and wifi. Breakfast is lacking but I was in the city for a meeting that was serving breakfast anyway. No frills but the rooms are clean and the location is good. ","featured":false,"ratingsOnly":false,"ratingRoomCleanliness":4,"ratingHotelCondition":4,"ratingService":4,"ratingRoomComfort":4,"positiveRemarks":"","negativeRemarks":"","locationRemarks":"","lastInitial":"","userLocation":"","reviewSubmissionTime":"2016-06-04T23:01:12Z","reviewerCategories":[{"categoryId":"Everyone","categoryLabel":"Everyone"}],"userDisplayName":"","roomTypeId":19422,"isUnverified":false,"isFlaggable":true,"isRecommended":"YES"},{"hotelId":"890830","totalPositiveFeedbacks":0,"tpid":"1","eapid":"0","contentLocale":"en_us","totalThanks":0,"photos":[],"reviewId":"574e5180a82dae09fa774ffa","itinId":"1136306943886","moderationStatus":"APPROVED","contentCodes":"","managementResponses":[],"ratingOverall":4,"langId":"1033","userNickname":"Erica","brandType":"Expedia","title":"nice staff/clean rooms","reviewText":"Amy at the front desk is really nice and helpful! Rooms are clean, but the noise from outside is a little on the loud side, and third floor guest can be heard \"stomping\". Over all, we were happy with the accommodations!","featured":false,"ratingsOnly":false,"ratingRoomCleanliness":5,"ratingHotelCondition":4,"ratingService":5,"ratingRoomComfort":4,"positiveRemarks":"","negativeRemarks":"","locationRemarks":"","lastInitial":"R","userLocation":"los angeles","reviewSubmissionTime":"2016-06-01T03:07:44Z","reviewerCategories":[{"categoryId":"Everyone","categoryLabel":"Everyone"}],"userDisplayName":"","roomTypeId":19422,"isUnverified":false,"isFlaggable":true,"isRecommended":"YES"},{"hotelId":"890830","totalPositiveFeedbacks":0,"tpid":"25","eapid":"0","contentLocale":"en_au","totalThanks":0,"photos":[],"reviewId":"574921f2b7384509fa3445ed","itinId":"18282485486","moderationStatus":"APPROVED","contentCodes":"MMA","managementResponses":[],"ratingOverall":4,"langId":"3081","userNickname":"","brandType":"Expedia","title":"","reviewText":"Close to Bus routes for the Golden Gate Bridge Really very central at a reasonable price ","featured":false,"ratingsOnly":false,"ratingRoomCleanliness":4,"ratingHotelCondition":3,"ratingService":4,"ratingRoomComfort":3,"positiveRemarks":"","negativeRemarks":"","locationRemarks":"","lastInitial":"","userLocation":"","reviewSubmissionTime":"2016-05-28T04:43:30Z","reviewerCategories":[{"categoryId":"Everyone","categoryLabel":"Everyone"}],"userDisplayName":"","roomTypeId":19422,"isUnverified":false,"isFlaggable":false,"isRecommended":"YES"},{"hotelId":"890830","totalPositiveFeedbacks":0,"tpid":"1","eapid":"0","contentLocale":"en_us","totalThanks":0,"photos":[],"reviewId":"573b33fffdc6cc09fa684b3c","itinId":"1133260812588","moderationStatus":"APPROVED","contentCodes":"","managementResponses":[],"ratingOverall":3,"langId":"1033","userNickname":"John","brandType":"Expedia","title":"Hotel is close to town.","reviewText":"The hotel is old.  Parking lot is small.  Come back late would have trouble finding a parking space.  Hotel located in a busy street (Lombard Street), so it can be noisy in the morning. Everything else was really good.  ","featured":false,"ratingsOnly":false,"ratingRoomCleanliness":3,"ratingHotelCondition":2,"ratingService":5,"ratingRoomComfort":3,"positiveRemarks":"Helpful, and friendly staff. ","negativeRemarks":"Hotel needs an upgrade, especially carpet.","locationRemarks":"Good location for us.  Midway between downtown and lands end.  ","lastInitial":"S","userLocation":"Seattle, WA","reviewSubmissionTime":"2016-05-17T15:08:47Z","reviewerCategories":[{"categoryId":"Everyone","categoryLabel":"Everyone"}],"userDisplayName":"","roomTypeId":19422,"isUnverified":false,"isFlaggable":true,"isRecommended":"YES"},{"hotelId":"890830","totalPositiveFeedbacks":0,"tpid":"4","eapid":"0","contentLocale":"en_ca","totalThanks":0,"photos":[],"reviewId":"573336efbbb2c009fd8af6b7","itinId":"1130769878757","moderationStatus":"APPROVED","contentCodes":"","managementResponses":[],"ratingOverall":4,"langId":"4105","userNickname":"carol","brandType":"Expedia","title":"nice hotel great staff","reviewText":"nice hotel staff very accommodating always ready to help, room very well equipped and clean and comfortable  although a little dated, I would certainly stay here again","featured":false,"ratingsOnly":false,"ratingRoomCleanliness":5,"ratingHotelCondition":4,"ratingService":5,"ratingRoomComfort":4,"positiveRemarks":"the friendly staff ","negativeRemarks":"a little updating ","locationRemarks":"a 10 - 15 min walk to Fisherman's wharf ","lastInitial":"","userLocation":"canada","reviewSubmissionTime":"2016-05-11T13:43:11Z","reviewerCategories":[{"categoryId":"Everyone","categoryLabel":"Everyone"}],"userDisplayName":"","roomTypeId":20567,"isUnverified":false,"isFlaggable":true,"isRecommended":"YES"},{"hotelId":"890830","totalPositiveFeedbacks":0,"tpid":"1","eapid":"0","contentLocale":"en_us","totalThanks":0,"photos":[],"reviewId":"572cadcbfc962409fca4577b","itinId":"1134008399022","moderationStatus":"APPROVED","contentCodes":"","managementResponses":[],"ratingOverall":3,"langId":"1033","userNickname":"Cathy","brandType":"Expedia","title":"Close to the city activities","reviewText":"Easy to find. Greated warmly.  Gave you hear plugs for street noise.\r\nEverything worked - heater, TV, Frig,.  \r\nComfortable bed.\r\nParking was tight.  ","featured":false,"ratingsOnly":false,"ratingRoomCleanliness":4,"ratingHotelCondition":3,"ratingService":5,"ratingRoomComfort":4,"positiveRemarks":"For being an older hotel our room was clean.","negativeRemarks":"Parking was free but very limited.  However, expected in San Francisico.","locationRemarks":"San Francisico site seeing, Golden Gate Bridge, Fisherman's Warf etc....\r\n","lastInitial":"","userLocation":"Chino, CA","reviewSubmissionTime":"2016-05-06T14:44:27Z","reviewerCategories":[{"categoryId":"Everyone","categoryLabel":"Everyone"}],"userDisplayName":"","roomTypeId":19422,"isUnverified":false,"isFlaggable":true,"isRecommended":"YES"}]}}}
