{"reviewDetails":{"startIndex":0,"numberOfReviewsInThisPage":20,"reviewSummaryCollection":{"reviewSummary":[{"hotelId":"16552","totalReviewCnt":285,"avgOverallRating":4.168419,"cleanliness":4.357896,"serviceAndStaff":4.3263164,"roomComfort":4.259649,"hotelCondition":4.1192985,"convenienceOfLocation":4.3684225,"neighborhoodSatisfaction":4.175438,"roomQuality":0,"targetedBrand":"Expedia","originSummary":[{"origin":"Expedia","reviewCnt":285,"recommendedPercent":90.52632,"avgOverallRating":4.168419,"cleanliness":4.357896,"serviceAndStaff":4.3263164,"roomComfort":4.259649,"hotelCondition":4.1192985,"convenienceOfLocation":4.3684225,"neighborhoodSatisfaction":4.175438,"valueForMoney":0,"roomQuality":0,"categoryCounts":{"Everyone":208,"Couples":35,"BusinessTravelers":4,"Families":24},"roomTypeIdCounts":{"200395921":12,"200248110":1,"200248138":16,"200150283":3,"200248133":9,"200248114":27,"200248146":26,"200248130":42,"477898":9,"477897":17},"languageCounts":{"en":285}}],"recommendedPercent":90.52632,"valueForMoney":0,"categoryCounts":{"Everyone":208,"Couples":35,"BusinessTravelers":4,"Families":24},"roomTypeIdCounts":{"200395921":12,"200248110":1,"200248138":16,"200150283":3,"200248133":9,"200248114":27,"200248146":26,"200248130":42,"477898":9,"477897":17},"languageCounts":{"en":285},"featuredReview":{}}]},"reviewCollection":{"review":[{"hotelId":"16552","totalPositiveFeedbacks":0,"tpid":"1","eapid":"0","contentLocale":"en_us","totalThanks":0,"photos":[],"reviewId":"57af851197658c0b0862fc74","itinId":"1137362106493","moderationStatus":"APPROVED","contentCodes":"","managementResponses":[],"ratingOverall":5,"langId":"1033","userNickname":"","brandType":"Expedia","title":"Quiet, clean, close to S.F.","reviewText":"Perfect for our event in S.F. Didn't want to stay overnight in the city. This quiet place was a short, easy drive 30 minutes away.","featured":false,"ratingsOnly":false,"ratingRoomCleanliness":5,"ratingHotelCondition":5,"ratingService":5,"ratingRoomComfort":5,"positiveRemarks":"","negativeRemarks":"","locationRemarks":"","lastInitial":"","userLocation":"","reviewSubmissionTime":"2016-08-13T20:37:37Z","reviewerCategories":[{"categoryId":"Everyone","categoryLabel":"Everyone"}],"userDisplayName":"","roomTypeId":200395921,"isUnverified":false,"isFlaggable":true,"isRecommended":"YES"},{"hotelId":"16552","totalPositiveFeedbacks":0,"tpid":"1","eapid":"0","contentLocale":"en_us","totalThanks":0,"photos":[],"reviewId":"57a489f038eaf50b27af84c4","itinId":"1141434125778","moderationStatus":"APPROVED","contentCodes":"","managementResponses":[],"ratingOverall":5,"langId":"1033","userNickname":"","brandType":"Expedia","title":"Went hiking at Muir Woods, very close, very clean.","reviewText":"Friendly staff, clean, comfortable room. Breakfast was very good!! ","featured":false,"ratingsOnly":false,"ratingRoomCleanliness":5,"ratingHotelCondition":5,"ratingService":5,"ratingRoomComfort":5,"positiveRemarks":"","negativeRemarks":"","locationRemarks":"","lastInitial":"","userLocation":"","reviewSubmissionTime":"2016-08-05T12:43:28Z","reviewerCategories":[{"categoryId":"Everyone","categoryLabel":"Everyone"}],"userDisplayName":"","roomTypeId":200248133,"isUnverified":false,"isFlaggable":true,"isRecommended":"YES"},{"hotelId":"16552","totalPositiveFeedbacks":0,"tpid":"1","eapid":"0","contentLocale":"en_us","totalThanks":0,"photos":[],"reviewId":"57a34c0b0a81ec0b2e9e60ee","itinId":"1135221342338","moderationStatus":"APPROVED","contentCodes":"","managementResponses":[],"ratingOverall":4,"langId":"1033","userNickname":"Veronika","brandType":"Expedia","title":"Close to town and nature","reviewText":"We stayed two nights at this hotel. We really enjoyed it, especially the friendliness of the staff and the proximity to all our adventures. We thought the extras that this hotel offers (like free bikes, s'mores by the fire pit were awesome). Also Charlie at the reception was very helpful and friendly.","featured":false,"ratingsOnly":false,"ratingRoomCleanliness":4,"ratingHotelCondition":3,"ratingService":5,"ratingRoomComfort":5,"positiveRemarks":"Staff, proximity to towns (Sausalito, Tiburon) and city (San Francisco) , hiking and biking, friendliness of the staff.","negativeRemarks":"I think the rooms would stand to be renovated especially the bathrooms though.","locationRemarks":"Close to Muir Woods, Tiburon, Sausalito, San Francisco. Great base for biking, hiking and exploring.","lastInitial":"","userLocation":"Richmond","reviewSubmissionTime":"2016-08-04T14:07:07Z","reviewerCategories":[{"categoryId":"Everyone","categoryLabel":"Everyone"}],"userDisplayName":"","roomTypeId":200248114,"isUnverified":false,"isFlaggable":true,"isRecommended":"YES"},{"hotelId":"16552","totalPositiveFeedbacks":0,"tpid":"4","eapid":"0","contentLocale":"en_ca","totalThanks":0,"photos":[],"reviewId":"579f7f5666d3410b2ba6b0c0","itinId":"1141710847934","moderationStatus":"APPROVED","contentCodes":"","managementResponses":[],"ratingOverall":3,"langId":"4105","userNickname":"James","brandType":"Expedia","title":"Nice Hotel","reviewText":"Nice hotel with a friendly staff. Rooms were clean and breakfast was good. The hotel is a little older but I found for the price I was happy with the accomidation. I would recommend the hotel to a friend and would stay there again. ","featured":false,"ratingsOnly":false,"ratingRoomCleanliness":4,"ratingHotelCondition":3,"ratingService":4,"ratingRoomComfort":4,"positiveRemarks":"","negativeRemarks":"","locationRemarks":"","lastInitial":"B","userLocation":"Vancouver ","reviewSubmissionTime":"2016-08-01T16:56:54Z","reviewerCategories":[{"categoryId":"Everyone","categoryLabel":"Everyone"}],"userDisplayName":"","roomTypeId":200248138,"isUnverified":false,"isFlaggable":true,"isRecommended":"YES"},{"hotelId":"16552","totalPositiveFeedbacks":0,"tpid":"3","eapid":"0","contentLocale":"en_gb","totalThanks":0,"photos":[],"reviewId":"579f70ff66d3410b2b5f445e","itinId":"111379998969","moderationStatus":"APPROVED","contentCodes":"","managementResponses":[],"ratingOverall":4,"langId":"2057","userNickname":"Family of 4 ","brandType":"Expedia","title":"Good base for exploring San Francisco, Muir Woods","reviewText":"Nice hotel. Effort made by staff to provide treats like smores by the fire on the patio, nice pool. Breakfast is good but shame it all on plastic plates and cutlery.  Would return if in the area again. Room good size, nice that they all have patio doors or balconys. ","featured":false,"ratingsOnly":false,"ratingRoomCleanliness":3,"ratingHotelCondition":4,"ratingService":4,"ratingRoomComfort":4,"positiveRemarks":"","negativeRemarks":"","locationRemarks":"","lastInitial":"","userLocation":"London ","reviewSubmissionTime":"2016-08-01T15:55:43Z","reviewerCategories":[{"categoryId":"Everyone","categoryLabel":"Everyone"}],"userDisplayName":"","roomTypeId":200248146,"isUnverified":false,"isFlaggable":true,"isRecommended":"YES"},{"hotelId":"16552","totalPositiveFeedbacks":0,"tpid":"1","eapid":"0","contentLocale":"en_us","totalThanks":0,"photos":[],"reviewId":"5797131456f59b0b2d371995","itinId":"1140966511651","moderationStatus":"APPROVED","contentCodes":"","managementResponses":[],"ratingOverall":5,"langId":"1033","userNickname":"","brandType":"Expedia","title":"Nice hotel- great amenities- friendly staff","reviewText":"I would definitely come back to this hotel! \r\n           Great amenities- clean gym- good breakfast- excellent staff! Great overall service from front desk to cleaning crew\r\nSuch a great experience! Very clean rooms very hospital. Overall a great experience I would","featured":false,"ratingsOnly":false,"ratingRoomCleanliness":5,"ratingHotelCondition":5,"ratingService":5,"ratingRoomComfort":5,"positiveRemarks":"","negativeRemarks":"","locationRemarks":"","lastInitial":"","userLocation":"","reviewSubmissionTime":"2016-07-26T07:36:52Z","reviewerCategories":[{"categoryId":"Everyone","categoryLabel":"Everyone"}],"userDisplayName":"","roomTypeId":200248114,"isUnverified":false,"isFlaggable":true,"isRecommended":"YES"},{"hotelId":"16552","totalPositiveFeedbacks":0,"tpid":"3","eapid":"0","contentLocale":"en_gb","totalThanks":0,"photos":[],"reviewId":"578a5c4f756ba70b27f12b14","itinId":"110665607786","moderationStatus":"APPROVED","contentCodes":"","managementResponses":[],"ratingOverall":5,"langId":"2057","userNickname":"Fraser ","brandType":"Expedia","title":"Great, friendly hotel.","reviewText":"Very friendly staff. Great little touches like cookies at reception and s'mores in the evening toasted on an open fire overlooking Mount Tamalpais. \r\n\r\nPool and spa/hot-tub clean and quiet. Spa very hot!","featured":false,"ratingsOnly":false,"ratingRoomCleanliness":5,"ratingHotelCondition":5,"ratingService":5,"ratingRoomComfort":5,"positiveRemarks":"","negativeRemarks":"","locationRemarks":"","lastInitial":"M","userLocation":"Edinburgh ","reviewSubmissionTime":"2016-07-16T16:09:51Z","reviewerCategories":[{"categoryId":"Everyone","categoryLabel":"Everyone"}],"userDisplayName":"","roomTypeId":200248146,"isUnverified":false,"isFlaggable":true,"isRecommended":"YES"},{"hotelId":"16552","totalPositiveFeedbacks":0,"tpid":"1","eapid":"0","contentLocale":"en_us","totalThanks":0,"photos":[{"thumbnailUrl":"https://a.travel-assets.com/ugc/hotel-reviews/0C28B0121C1521421DD57BF20747A26BCE12E2DC1468591550181.jpg?resize=100:*","normalUrl":"https://a.travel-assets.com/ugc/hotel-reviews/0C28B0121C1521421DD57BF20747A26BCE12E2DC1468591550181.jpg?resize=360:*","caption":"View from"},{"thumbnailUrl":"https://a.travel-assets.com/ugc/hotel-reviews/1F8AD5FFD810CC1E3B3968B6212B05B9CC10A4F41468591553955.jpg?resize=100:*","normalUrl":"https://a.travel-assets.com/ugc/hotel-reviews/1F8AD5FFD810CC1E3B3968B6212B05B9CC10A4F41468591553955.jpg?resize=360:*","caption":""},{"thumbnailUrl":"https://a.travel-assets.com/ugc/hotel-reviews/C378E90DAD6BA9C8C7B208C097E99F5692695E0F1468591560035.jpg?resize=100:*","normalUrl":"https://a.travel-assets.com/ugc/hotel-reviews/C378E90DAD6BA9C8C7B208C097E99F5692695E0F1468591560035.jpg?resize=360:*","caption":""},{"thumbnailUrl":"https://a.travel-assets.com/ugc/hotel-reviews/85CDB3929A92C232D7E891FA19A3D3E32AEF52C61468591564538.jpg?resize=100:*","normalUrl":"https://a.travel-assets.com/ugc/hotel-reviews/85CDB3929A92C232D7E891FA19A3D3E32AEF52C61468591564538.jpg?resize=360:*","caption":""}],"reviewId":"5788e6ce6710090b27f862f9","itinId":"1132166425761","moderationStatus":"APPROVED","contentCodes":"HMP","managementResponses":[],"ratingOverall":4,"langId":"1033","userNickname":"","brandType":"Expedia","title":"Great location.","reviewText":"Just north of San Francisco, perfect if your planning to make a drive to Napa. Breakfast was free and amazing! Free bike rentals and a beautiful trail near the water. Building is on the older side, floors were a little loud but they have done a great job at up keeping, they were putting new rugs in when we were there. Would definitely stay there again! ","featured":false,"ratingsOnly":false,"ratingRoomCleanliness":4,"ratingHotelCondition":4,"ratingService":5,"ratingRoomComfort":4,"positiveRemarks":"","negativeRemarks":"","locationRemarks":"","lastInitial":"","userLocation":"","reviewSubmissionTime":"2016-07-15T13:36:14Z","reviewerCategories":[{"categoryId":"Everyone","categoryLabel":"Everyone"}],"userDisplayName":"","roomTypeId":200248130,"isUnverified":false,"isFlaggable":false,"isRecommended":"YES"},{"hotelId":"16552","totalPositiveFeedbacks":1,"tpid":"1","eapid":"0","contentLocale":"en_us","totalThanks":1,"photos":[],"reviewId":"5771f6dd0620330b7d09a7c2","itinId":"1135469293543","moderationStatus":"APPROVED","contentCodes":"","managementResponses":[],"ratingOverall":4,"langId":"1033","userNickname":"Jim","brandType":"Expedia","title":"Excellent location","reviewText":"The hotel is convenient location - right on Rts. 1 and 101. It is also just a short distance from Muir Woods.\r\n","featured":false,"ratingsOnly":false,"ratingRoomCleanliness":5,"ratingHotelCondition":5,"ratingService":5,"ratingRoomComfort":4,"positiveRemarks":"This hotel is just a few minutes from downtown San Francisco, but almost half the price of a downtown hotel. It has spacious and beautiful grounds. ","negativeRemarks":"The computers are very slow, but the printer is great. ","locationRemarks":"","lastInitial":"","userLocation":"PA","reviewSubmissionTime":"2016-06-28T04:02:37Z","reviewerCategories":[{"categoryId":"Everyone","categoryLabel":"Everyone"}],"userDisplayName":"","roomTypeId":200248114,"isUnverified":false,"isFlaggable":true,"isRecommended":"YES"},{"hotelId":"16552","totalPositiveFeedbacks":0,"tpid":"1","eapid":"0","contentLocale":"en_us","totalThanks":0,"photos":[],"reviewId":"576bd440d289480b7cfd1d63","itinId":"1134331989770","moderationStatus":"APPROVED","contentCodes":"","managementResponses":[],"ratingOverall":4,"langId":"1033","userNickname":"roberta T","brandType":"Expedia","title":"Perfect location for my yearly visit to relatives ","reviewText":"Towels need to be softer. Breakfast great. Kept spotless by staff","featured":false,"ratingsOnly":false,"ratingRoomCleanliness":5,"ratingHotelCondition":5,"ratingService":5,"ratingRoomComfort":5,"positiveRemarks":"","negativeRemarks":"","locationRemarks":"","lastInitial":"","userLocation":"margate florida","reviewSubmissionTime":"2016-06-23T12:21:20Z","reviewerCategories":[{"categoryId":"Everyone","categoryLabel":"Everyone"}],"userDisplayName":"","roomTypeId":200248114,"isUnverified":false,"isFlaggable":true,"isRecommended":"YES"},{"hotelId":"16552","totalPositiveFeedbacks":0,"tpid":"1","eapid":"0","contentLocale":"en_us","totalThanks":0,"photos":[],"reviewId":"5768c565f74cdc0b7d3520bc","itinId":"1128949119027","moderationStatus":"APPROVED","contentCodes":"","managementResponses":[],"ratingOverall":3,"langId":"1033","userNickname":"","brandType":"Expedia","title":"Easy access to SF","reviewText":"The staff was so friendly and helpful. The breakfast was outstanding. The room was a little outdated but still very comfortable. Would stay here again. ","featured":false,"ratingsOnly":false,"ratingRoomCleanliness":3,"ratingHotelCondition":3,"ratingService":5,"ratingRoomComfort":4,"positiveRemarks":"","negativeRemarks":"","locationRemarks":"","lastInitial":"","userLocation":"","reviewSubmissionTime":"2016-06-21T04:41:09Z","reviewerCategories":[{"categoryId":"Everyone","categoryLabel":"Everyone"}],"userDisplayName":"","roomTypeId":200248146,"isUnverified":false,"isFlaggable":true,"isRecommended":"YES"},{"hotelId":"16552","totalPositiveFeedbacks":0,"tpid":"1","eapid":"0","contentLocale":"en_us","totalThanks":0,"photos":[],"reviewId":"57673702f7ebc30b7b847676","itinId":"1129386250398","moderationStatus":"APPROVED","contentCodes":"","managementResponses":[{"userNickname":"Lleon@expressmillvalley.com","displayLocale":"en_us","isFlaggable":true,"date":"2016-06-20T21:19:49Z","response":"On behalf of all of us at the Holiday Inn Express in Mill Valley, I would like to thank you for your visit, it was our pleasure to serve you, and we appreciate you taking time from your busy schedule and providing us with your input. \r\n\r\nYour feedback is extremely valuable to us and we are delighted to receive such a positive review.  Your comments are extremely important to us and I will definitely share them with our team.  Knowing that we accomplished our optimum goal of providing you with a good experience during your stay makes our job so rewarding.\r\n\r\nThank you again, we look forward to welcoming you back to the Bay Area, hopefully in the very near future.\r\n\r\nBest regards\r\n","status":"APPROVED","id":"cba46853-88b5-45da-ab61-b6301bfa00fc"}],"ratingOverall":3,"langId":"1033","userNickname":"","brandType":"Expedia","title":"Nice hotel for the money","reviewText":"Breakfast offered which was pretty good.  It was north of the city so it was much quieter than being in the city.\r\nWe had to cross the Golden Gate bridge which was an experience.  Staff  very helpful.","featured":false,"ratingsOnly":false,"ratingRoomCleanliness":4,"ratingHotelCondition":3,"ratingService":4,"ratingRoomComfort":3,"positiveRemarks":"Even though  we were not able to do this, they had a fire pit where you could make smores at night.","negativeRemarks":"","locationRemarks":"North of San Francisco but close enough to drive to Golden Gate park and the different experiences in the San Francisco area.","lastInitial":"","userLocation":"","reviewSubmissionTime":"2016-06-20T00:21:22Z","reviewerCategories":[{"categoryId":"Everyone","categoryLabel":"Everyone"}],"userDisplayName":"","roomTypeId":200248146,"isUnverified":false,"isFlaggable":true,"isRecommended":"YES"},{"hotelId":"16552","totalPositiveFeedbacks":0,"tpid":"1","eapid":"0","contentLocale":"en_us","totalThanks":0,"photos":[],"reviewId":"576000685ecce60b2619a1c8","itinId":"1133403698944","moderationStatus":"APPROVED","contentCodes":"","managementResponses":[],"ratingOverall":5,"langId":"1033","userNickname":"Sarah","brandType":"Expedia","title":"TravelingNorth","reviewText":"After spending long day in flight it was treat to have the heated floors in bathroom. HI Express was close enough to cross GGBridge each day and return again, savings were beneficial. Spent 2 ntes.","featured":false,"ratingsOnly":false,"ratingRoomCleanliness":5,"ratingHotelCondition":5,"ratingService":5,"ratingRoomComfort":5,"positiveRemarks":"","negativeRemarks":"","locationRemarks":"","lastInitial":"","userLocation":"PUERTO RICO","reviewSubmissionTime":"2016-06-14T13:02:32Z","reviewerCategories":[{"categoryId":"Everyone","categoryLabel":"Everyone"}],"userDisplayName":"","roomTypeId":200248114,"isUnverified":false,"isFlaggable":true,"isRecommended":"YES"},{"hotelId":"16552","totalPositiveFeedbacks":0,"tpid":"1","eapid":"0","contentLocale":"en_us","totalThanks":0,"photos":[],"reviewId":"57557df6c023fa0b4f972ab0","itinId":"1136509979085","moderationStatus":"APPROVED","contentCodes":"","managementResponses":[],"ratingOverall":4,"langId":"1033","userNickname":"","brandType":"Expedia","title":"Convenient location- beautiful views","reviewText":"Nice helpful employees.\r\nRooms are outdated but they are going to start remodeling soon I was told...\r\nVery good location\r\n","featured":false,"ratingsOnly":false,"ratingRoomCleanliness":3,"ratingHotelCondition":3,"ratingService":4,"ratingRoomComfort":3,"positiveRemarks":"","negativeRemarks":"","locationRemarks":"","lastInitial":"","userLocation":"","reviewSubmissionTime":"2016-06-06T13:43:18Z","reviewerCategories":[{"categoryId":"Everyone","categoryLabel":"Everyone"}],"userDisplayName":"","roomTypeId":200248130,"isUnverified":false,"isFlaggable":true,"isRecommended":"YES"},{"hotelId":"16552","totalPositiveFeedbacks":0,"tpid":"1","eapid":"0","contentLocale":"en_us","totalThanks":0,"photos":[],"reviewId":"57530b99ac0e430b48c4a837","itinId":"1136148008738","moderationStatus":"APPROVED","contentCodes":"","managementResponses":[],"ratingOverall":4,"langId":"1033","userNickname":"","brandType":"Expedia","title":"","reviewText":"Nice place! We enjoy staying here when we have work projects in the city","featured":false,"ratingsOnly":false,"ratingRoomCleanliness":5,"ratingHotelCondition":4,"ratingService":5,"ratingRoomComfort":4,"positiveRemarks":"","negativeRemarks":"","locationRemarks":"","lastInitial":"","userLocation":"","reviewSubmissionTime":"2016-06-04T17:10:49Z","reviewerCategories":[{"categoryId":"Everyone","categoryLabel":"Everyone"}],"userDisplayName":"","roomTypeId":200395921,"isUnverified":false,"isFlaggable":true,"isRecommended":"YES"},{"hotelId":"16552","totalPositiveFeedbacks":0,"tpid":"1","eapid":"0","contentLocale":"en_us","totalThanks":0,"photos":[],"reviewId":"574b98cc363b5209fbe20ff9","itinId":"1128362903704","moderationStatus":"APPROVED","contentCodes":"","managementResponses":[],"ratingOverall":3,"langId":"1033","userNickname":"Myra","brandType":"Expedia","title":"","reviewText":"Service excellent. Staff very friendly.\r\nComplimentary breakfast variety was the best I've seen at most hotels. Hotel is dated, but clean.","featured":false,"ratingsOnly":false,"ratingRoomCleanliness":3,"ratingHotelCondition":3,"ratingService":4,"ratingRoomComfort":3,"positiveRemarks":"","negativeRemarks":"","locationRemarks":"","lastInitial":"","userLocation":"Ohio","reviewSubmissionTime":"2016-05-30T01:35:08Z","reviewerCategories":[{"categoryId":"Everyone","categoryLabel":"Everyone"}],"userDisplayName":"","roomTypeId":200248146,"isUnverified":false,"isFlaggable":true,"isRecommended":"YES"},{"hotelId":"16552","totalPositiveFeedbacks":0,"tpid":"1","eapid":"0","contentLocale":"en_us","totalThanks":0,"photos":[],"reviewId":"57407763aea8e009fb4f0403","itinId":"1129350784141","moderationStatus":"APPROVED","contentCodes":"","managementResponses":[],"ratingOverall":5,"langId":"1033","userNickname":"","brandType":"Expedia","title":"","reviewText":"Breakfast was fantastic.  Staff was friendly.  Location is great.","featured":false,"ratingsOnly":false,"ratingRoomCleanliness":5,"ratingHotelCondition":4,"ratingService":5,"ratingRoomComfort":5,"positiveRemarks":"","negativeRemarks":"","locationRemarks":"","lastInitial":"","userLocation":"","reviewSubmissionTime":"2016-05-21T14:57:39Z","reviewerCategories":[{"categoryId":"Everyone","categoryLabel":"Everyone"}],"userDisplayName":"","roomTypeId":200248146,"isUnverified":false,"isFlaggable":true,"isRecommended":"YES"},{"hotelId":"16552","totalPositiveFeedbacks":0,"tpid":"3","eapid":"0","contentLocale":"en_gb","totalThanks":0,"photos":[{"thumbnailUrl":"https://a.travel-assets.com/ugc/hotel-reviews/F0062DC69E21E7D0C9625759F7D0240C6C3239EE1463828456975.jpg?resize=100:*","normalUrl":"https://a.travel-assets.com/ugc/hotel-reviews/F0062DC69E21E7D0C9625759F7D0240C6C3239EE1463828456975.jpg?resize=360:*","caption":"Foot path"},{"thumbnailUrl":"https://a.travel-assets.com/ugc/hotel-reviews/51A76A7191467ED31F1FC5D26A464B28F6DF21051463828460515.jpg?resize=100:*","normalUrl":"https://a.travel-assets.com/ugc/hotel-reviews/51A76A7191467ED31F1FC5D26A464B28F6DF21051463828460515.jpg?resize=360:*","caption":""}],"reviewId":"57403b89dc63c509fbba0285","itinId":"110411025194","moderationStatus":"APPROVED","contentCodes":"HMP","managementResponses":[],"ratingOverall":4,"langId":"2057","userNickname":"Meg","brandType":"Expedia","title":"Convenient position ","reviewText":"Well placed hotel for San Francisco & Marin County. Good selection for buffet breakfast that kept you going for a while! Pleasant hotel  positioned right by the Mill Valley - Sausalito foot/bike path great for good walks. ","featured":false,"ratingsOnly":false,"ratingRoomCleanliness":5,"ratingHotelCondition":4,"ratingService":4,"ratingRoomComfort":4,"positiveRemarks":"","negativeRemarks":"","locationRemarks":"","lastInitial":"","userLocation":"Cirencester, UK","reviewSubmissionTime":"2016-05-21T10:42:17Z","reviewerCategories":[{"categoryId":"Everyone","categoryLabel":"Everyone"}],"userDisplayName":"","roomTypeId":200248130,"isUnverified":false,"isFlaggable":false,"isRecommended":"YES"},{"hotelId":"16552","totalPositiveFeedbacks":0,"tpid":"1","eapid":"0","contentLocale":"en_us","totalThanks":0,"photos":[],"reviewId":"573c5244bb675109f8f83852","itinId":"1131386772625","moderationStatus":"APPROVED","contentCodes":"","managementResponses":[],"ratingOverall":4,"langId":"1033","userNickname":"Bernard","brandType":"Expedia","title":"comfortable hotel near SF ","reviewText":"Comfortable hotel near the Golden Gate Bridge in Mills Valley; quiet place with clean rooms; with Queen beds we were able to sleep there as a family of four; nice but basic American breakfast; easy parking and access; near the bridge which brings you in 20 minutes to downtown San Francisco.","featured":false,"ratingsOnly":false,"ratingRoomCleanliness":4,"ratingHotelCondition":4,"ratingService":4,"ratingRoomComfort":4,"positiveRemarks":"","negativeRemarks":"","locationRemarks":"","lastInitial":"","userLocation":"","reviewSubmissionTime":"2016-05-18T11:30:12Z","reviewerCategories":[{"categoryId":"Families","categoryLabel":"Families"}],"userDisplayName":"","roomTypeId":200248146,"isUnverified":false,"isFlaggable":true,"isRecommended":"YES"},{"hotelId":"16552","totalPositiveFeedbacks":0,"tpid":"1","eapid":"0","contentLocale":"en_us","totalThanks":0,"photos":[],"reviewId":"57361127f7524009fd1fd635","itinId":"1132411744282","moderationStatus":"APPROVED","contentCodes":"","managementResponses":[],"ratingOverall":4,"langId":"1033","userNickname":"","brandType":"Expedia","title":"good choice ","reviewText":" I was pleased with my stay. It was the perfect location to points in Marin and also to the city. We stayed our first two nights in the city and the noise  and activity level got to be too much. Marin was a haven!","featured":false,"ratingsOnly":false,"ratingRoomCleanliness":5,"ratingHotelCondition":4,"ratingService":4,"ratingRoomComfort":4,"positiveRemarks":"","negativeRemarks":"","locationRemarks":"","lastInitial":"","userLocation":"","reviewSubmissionTime":"2016-05-13T17:38:47Z","reviewerCategories":[{"categoryId":"Everyone","categoryLabel":"Everyone"}],"userDisplayName":"","roomTypeId":200248114,"isUnverified":false,"isFlaggable":true,"isRecommended":"YES"}]}}}
