{"reviewDetails":{"startIndex":0,"numberOfReviewsInThisPage":20,"reviewSummaryCollection":{"reviewSummary":[{"hotelId":"1515923","totalReviewCnt":486,"avgOverallRating":4.537035,"cleanliness":4.7366247,"serviceAndStaff":4.588476,"roomComfort":4.547325,"hotelCondition":4.5308633,"convenienceOfLocation":4.7894735,"neighborhoodSatisfaction":4.486842,"roomQuality":0,"targetedBrand":"Expedia","originSummary":[{"origin":"Expedia","reviewCnt":486,"recommendedPercent":95.267494,"avgOverallRating":4.537035,"cleanliness":4.7366247,"serviceAndStaff":4.588476,"roomComfort":4.547325,"hotelCondition":4.5308633,"convenienceOfLocation":4.7894735,"neighborhoodSatisfaction":4.486842,"valueForMoney":0,"roomQuality":0,"categoryCounts":{"Everyone":258,"Couples":42,"BusinessTravelers":14,"Families":10,"Other":10},"roomTypeIdCounts":{"200094446":54,"145598":103,"200209458":13,"200094449":9,"200209456":44},"languageCounts":{"en":486}}],"recommendedPercent":95.267494,"valueForMoney":0,"categoryCounts":{"Everyone":258,"Couples":42,"BusinessTravelers":14,"Families":10,"Other":10},"roomTypeIdCounts":{"200094446":54,"145598":103,"200209458":13,"200094449":9,"200209456":44},"languageCounts":{"en":486},"featuredReview":{}}]},"reviewCollection":{"review":[{"hotelId":"1515923","totalPositiveFeedbacks":0,"tpid":"1","eapid":"0","contentLocale":"en_us","totalThanks":0,"photos":[],"reviewId":"57b71dbc6c77c40b435142f3","itinId":"1137973148384","moderationStatus":"APPROVED","contentCodes":"","managementResponses":[],"ratingOverall":5,"langId":"1033","userNickname":"","brandType":"Expedia","title":"Great Hotel in a perfect location to do a lot.  ","reviewText":"The Orchard Garden Hotel is perfect for someone that is looking to do a ton of things in and around Union Square, Downtown and some of the touristy things in SF.  It could use a little bit of updating(nothing has changed in the 10 years since it opened), but the staff was very friendly, room was comfortable, and we had a very nice time there.  ","featured":false,"ratingsOnly":false,"ratingRoomCleanliness":5,"ratingHotelCondition":4,"ratingService":5,"ratingRoomComfort":5,"positiveRemarks":"","negativeRemarks":"","locationRemarks":"","lastInitial":"","userLocation":"","reviewSubmissionTime":"2016-08-19T14:54:52Z","reviewerCategories":[{"categoryId":"Everyone","categoryLabel":"Everyone"}],"userDisplayName":"","roomTypeId":200094446,"isUnverified":false,"isFlaggable":true,"isRecommended":"YES"},{"hotelId":"1515923","totalPositiveFeedbacks":0,"tpid":"1","eapid":"0","contentLocale":"en_us","totalThanks":0,"photos":[],"reviewId":"57b4a64029b05a0b28bd6c14","itinId":"1142999666520","moderationStatus":"APPROVED","contentCodes":"","managementResponses":[],"ratingOverall":5,"langId":"1033","userNickname":"Jessica","brandType":"Expedia","title":"Nice location next to China town and shopping","reviewText":"The hotel staff was friendly and professional.  Great centralized location in the city next to China Town and shopping.  Rooms were very clean and comfortable.","featured":false,"ratingsOnly":false,"ratingRoomCleanliness":5,"ratingHotelCondition":5,"ratingService":5,"ratingRoomComfort":5,"positiveRemarks":"Good location. clean rooms, professional staff","negativeRemarks":"Nothing.  It was all good","locationRemarks":"Next to shopping, China Town, mass transit","lastInitial":"","userLocation":"WI","reviewSubmissionTime":"2016-08-17T18:00:32Z","reviewerCategories":[{"categoryId":"Everyone","categoryLabel":"Everyone"}],"userDisplayName":"","roomTypeId":"","isUnverified":false,"isFlaggable":true,"isRecommended":"YES"},{"hotelId":"1515923","totalPositiveFeedbacks":0,"tpid":"1","eapid":"0","contentLocale":"en_us","totalThanks":0,"photos":[],"reviewId":"57b349307d9f220b07fd2fef","itinId":"1143408927124","moderationStatus":"APPROVED","contentCodes":"","managementResponses":[],"ratingOverall":3,"langId":"1033","userNickname":"","brandType":"Expedia","title":"","reviewText":"Is not worth the price, I did not perceive or value it as a 4 star hotel","featured":false,"ratingsOnly":false,"ratingRoomCleanliness":4,"ratingHotelCondition":3,"ratingService":5,"ratingRoomComfort":3,"positiveRemarks":"","negativeRemarks":"","locationRemarks":"","lastInitial":"","userLocation":"","reviewSubmissionTime":"2016-08-16T17:11:12Z","reviewerCategories":[{"categoryId":"Everyone","categoryLabel":"Everyone"}],"userDisplayName":"","roomTypeId":"","isUnverified":false,"isFlaggable":true,"isRecommended":"NO"},{"hotelId":"1515923","totalPositiveFeedbacks":1,"tpid":"1","eapid":"0","contentLocale":"en_us","totalThanks":1,"photos":[],"reviewId":"57b27a6ecd33f80b58b208df","itinId":"1136492017833","moderationStatus":"APPROVED","contentCodes":"","managementResponses":[],"ratingOverall":5,"langId":"1033","userNickname":"","brandType":"Expedia","title":"Close to China town.","reviewText":"Pleasant staff. Rooms wifi excellent and the location is perfect for tourists.","featured":false,"ratingsOnly":false,"ratingRoomCleanliness":5,"ratingHotelCondition":4,"ratingService":5,"ratingRoomComfort":5,"positiveRemarks":"","negativeRemarks":"","locationRemarks":"","lastInitial":"","userLocation":"","reviewSubmissionTime":"2016-08-16T02:29:02Z","reviewerCategories":[{"categoryId":"Everyone","categoryLabel":"Everyone"}],"userDisplayName":"","roomTypeId":200094446,"isUnverified":false,"isFlaggable":true,"isRecommended":"YES"},{"hotelId":"1515923","totalPositiveFeedbacks":0,"tpid":"1","eapid":"0","contentLocale":"en_us","totalThanks":0,"photos":[],"reviewId":"57b1c966973cb70b410747d6","itinId":"1141954704562","moderationStatus":"APPROVED","contentCodes":"","managementResponses":[],"ratingOverall":4,"langId":"1033","userNickname":"Michael","brandType":"Expedia","title":"Centrally located in the Financial District.","reviewText":"Overall, I nice hotel.  Friendly staff, clean rooms and quiet!  Received a complimentary room upgrade at check in. ","featured":false,"ratingsOnly":false,"ratingRoomCleanliness":4,"ratingHotelCondition":4,"ratingService":5,"ratingRoomComfort":5,"positiveRemarks":"Nice hotel, clean rooms, friendly staff.\r\n","negativeRemarks":"Wish they would have had a bar/lounge in the hotel.","locationRemarks":"Close proximity to Chinatown and Union Square.  Plenty of local restaurants to close from.","lastInitial":"","userLocation":"","reviewSubmissionTime":"2016-08-15T13:53:42Z","reviewerCategories":[{"categoryId":"Everyone","categoryLabel":"Everyone"}],"userDisplayName":"","roomTypeId":145598,"isUnverified":false,"isFlaggable":true,"isRecommended":"YES"},{"hotelId":"1515923","totalPositiveFeedbacks":1,"tpid":"3","eapid":"0","contentLocale":"en_gb","totalThanks":1,"photos":[],"reviewId":"57abc9f4c01ada0b06714b5e","itinId":"111827133453","moderationStatus":"APPROVED","contentCodes":"","managementResponses":[],"ratingOverall":5,"langId":"2057","userNickname":"Cindy","brandType":"Expedia","title":"Hotel is literally a few steps from China Town","reviewText":"The hotel staff were amazing. The room was clean as expected. The hotel room was a little pricey though.","featured":false,"ratingsOnly":false,"ratingRoomCleanliness":5,"ratingHotelCondition":5,"ratingService":5,"ratingRoomComfort":5,"positiveRemarks":"","negativeRemarks":"","locationRemarks":"","lastInitial":"","userLocation":"UK","reviewSubmissionTime":"2016-08-11T00:42:28Z","reviewerCategories":[{"categoryId":"Everyone","categoryLabel":"Everyone"}],"userDisplayName":"","roomTypeId":145598,"isUnverified":false,"isFlaggable":true,"isRecommended":"YES"},{"hotelId":"1515923","totalPositiveFeedbacks":0,"tpid":"1","eapid":"0","contentLocale":"en_us","totalThanks":0,"photos":[],"reviewId":"57a86fc5849f110b28e1e9e2","itinId":"1137155372881","moderationStatus":"APPROVED","contentCodes":"","managementResponses":[],"ratingOverall":5,"langId":"1033","userNickname":"Marie","brandType":"Expedia","title":"Central location in S.F.","reviewText":"The rooms and service were excellent. You could walk to almost anything in central S.F.","featured":false,"ratingsOnly":false,"ratingRoomCleanliness":5,"ratingHotelCondition":5,"ratingService":5,"ratingRoomComfort":5,"positiveRemarks":"The rooms were very modern, clean, and up to date. The staff could not have been more helpful.","negativeRemarks":"The parking was inconvenient, but they did the best they could to make it easy to get around.","locationRemarks":"There is just so much to do in S.F. There were restaurants, China Town, museums and easy access to the wharf and Embarcadero.","lastInitial":"","userLocation":"Palm Springs","reviewSubmissionTime":"2016-08-08T11:40:53Z","reviewerCategories":[{"categoryId":"Everyone","categoryLabel":"Everyone"}],"userDisplayName":"","roomTypeId":145598,"isUnverified":false,"isFlaggable":true,"isRecommended":"YES"},{"hotelId":"1515923","totalPositiveFeedbacks":0,"tpid":"3","eapid":"0","contentLocale":"en_gb","totalThanks":0,"photos":[],"reviewId":"57990f750375880b29a610b0","itinId":"111792877836","moderationStatus":"APPROVED","contentCodes":"HMP MMD","managementResponses":[],"ratingOverall":3,"langId":"2057","userNickname":"Moore","brandType":"Expedia","title":"Next door to China Town ","reviewText":"Beware of the \"additional costs\" mentioned when booking.  These are not specified, so here are the actual figures, hotel  valet car Park is $50 plus tax ($57 per day) parking is very limited in the city.  \r\nPut up bed for was charged at $50 per night which was a rip off considering we were already paying $770 for three night plus local tax. \r\n\r\n ","featured":false,"ratingsOnly":false,"ratingRoomCleanliness":4,"ratingHotelCondition":3,"ratingService":3,"ratingRoomComfort":3,"positiveRemarks":"Location was excellent.  ","negativeRemarks":"Wifi connection broke 1st night.  On check in you are given a help desk number to call for Wifi problems.  Must happen on a regular basis.  Fix it.","locationRemarks":"Next door to Chinatown.  Few minutes walk  to Union Square for shops, trolley car down to Fishermans Wharf","lastInitial":"K","userLocation":"England","reviewSubmissionTime":"2016-07-27T19:45:57Z","reviewerCategories":[{"categoryId":"Everyone","categoryLabel":"Everyone"}],"userDisplayName":"","roomTypeId":200209456,"isUnverified":false,"isFlaggable":false,"isRecommended":"YES"},{"hotelId":"1515923","totalPositiveFeedbacks":0,"tpid":"1","eapid":"0","contentLocale":"en_us","totalThanks":0,"photos":[],"reviewId":"578517b195608f0b4999e5cb","itinId":"1130760135558","moderationStatus":"APPROVED","contentCodes":"","managementResponses":[],"ratingOverall":5,"langId":"1033","userNickname":"Nancy","brandType":"Expedia","title":"Excellent staff","reviewText":"Every employee of this hotel was helpful and pleasant.  The rooms were spotless after the morning service, and the evening bed turndown was a bonus.  The breakfasts, though pricey, were enough to feed a small village, and they were very tasty.  The hotel was convenient to public transportation and to many eateries.  It's a great place.\r\n","featured":false,"ratingsOnly":false,"ratingRoomCleanliness":5,"ratingHotelCondition":4,"ratingService":5,"ratingRoomComfort":5,"positiveRemarks":"","negativeRemarks":"","locationRemarks":"","lastInitial":"","userLocation":"New York","reviewSubmissionTime":"2016-07-12T16:15:45Z","reviewerCategories":[{"categoryId":"Everyone","categoryLabel":"Everyone"}],"userDisplayName":"","roomTypeId":200094446,"isUnverified":false,"isFlaggable":true,"isRecommended":"YES"},{"hotelId":"1515923","totalPositiveFeedbacks":0,"tpid":"1","eapid":"0","contentLocale":"en_us","totalThanks":0,"photos":[],"reviewId":"5773e44af89bf43327824bc3","itinId":"1138538204395","moderationStatus":"APPROVED","contentCodes":"","managementResponses":[],"ratingOverall":4,"langId":"1033","userNickname":"","brandType":"Expedia","title":"","reviewText":"Good location. Bed is very confortable. All staff nice and helpful. ","featured":false,"ratingsOnly":false,"ratingRoomCleanliness":4,"ratingHotelCondition":4,"ratingService":4,"ratingRoomComfort":5,"positiveRemarks":"","negativeRemarks":"","locationRemarks":"","lastInitial":"","userLocation":"","reviewSubmissionTime":"2016-06-29T15:07:54Z","reviewerCategories":[{"categoryId":"Everyone","categoryLabel":"Everyone"}],"userDisplayName":"","roomTypeId":200209456,"isUnverified":false,"isFlaggable":true,"isRecommended":"YES"},{"hotelId":"1515923","totalPositiveFeedbacks":0,"tpid":"4","eapid":"0","contentLocale":"en_ca","totalThanks":0,"photos":[],"reviewId":"576c07971a77650b7c17af2e","itinId":"1130174189222","moderationStatus":"APPROVED","contentCodes":"","managementResponses":[],"ratingOverall":4,"langId":"4105","userNickname":"","brandType":"Expedia","title":"Nice hotel, close to Chinatown","reviewText":"Clean room. Not overly spacious for the price paid. Bed was okay. Cupboard door to fridge was broken. Might stay again, but would look at other options first. Perhaps we got one of the smaller, more run down rooms because we booked through Expedia?","featured":false,"ratingsOnly":false,"ratingRoomCleanliness":5,"ratingHotelCondition":3,"ratingService":5,"ratingRoomComfort":4,"positiveRemarks":"location","negativeRemarks":"maintenance of room","locationRemarks":"Chinatown. Within walking distance to Fisherman's Wharf, cable cars, ferry terminal, Lombard St, etc.","lastInitial":"","userLocation":"","reviewSubmissionTime":"2016-06-23T16:00:23Z","reviewerCategories":[{"categoryId":"Everyone","categoryLabel":"Everyone"}],"userDisplayName":"","roomTypeId":145598,"isUnverified":false,"isFlaggable":true,"isRecommended":"YES"},{"hotelId":"1515923","totalPositiveFeedbacks":0,"tpid":"1","eapid":"0","contentLocale":"en_us","totalThanks":0,"photos":[],"reviewId":"576161da8d3b0d1490ead2ba","itinId":"1130502816198","moderationStatus":"APPROVED","contentCodes":"","managementResponses":[],"ratingOverall":5,"langId":"1033","userNickname":"","brandType":"Expedia","title":"Our first visit to San Francisco!!","reviewText":"Staff was friendly and very helpful with directions!!....hotel was very close to cable cars and Bart...highly recommend and will stay there again","featured":false,"ratingsOnly":false,"ratingRoomCleanliness":5,"ratingHotelCondition":5,"ratingService":5,"ratingRoomComfort":5,"positiveRemarks":"","negativeRemarks":"","locationRemarks":"","lastInitial":"","userLocation":"","reviewSubmissionTime":"2016-06-15T14:10:34Z","reviewerCategories":[{"categoryId":"Everyone","categoryLabel":"Everyone"}],"userDisplayName":"","roomTypeId":200094446,"isUnverified":false,"isFlaggable":true,"isRecommended":"YES"},{"hotelId":"1515923","totalPositiveFeedbacks":0,"tpid":"1","eapid":"0","contentLocale":"en_us","totalThanks":0,"photos":[],"reviewId":"575ca13c308f550b25e13e7d","itinId":"1128547028144","moderationStatus":"APPROVED","contentCodes":"","managementResponses":[],"ratingOverall":3,"langId":"1033","userNickname":"","brandType":"Expedia","title":"Conveniently located","reviewText":"Conveniently located- Union Square/Chinatown area. Room colors were gold and olive green-not the best decorated room I have stayed in. No chair to sit and relax - we had to sit on our bed. ","featured":false,"ratingsOnly":false,"ratingRoomCleanliness":3,"ratingHotelCondition":3,"ratingService":4,"ratingRoomComfort":3,"positiveRemarks":"Staff were helpful and friendly.","negativeRemarks":"room need to be brighter with a clean, crisp look- very drab now. ","locationRemarks":"close to Chinatown and Union Square. ","lastInitial":"","userLocation":"","reviewSubmissionTime":"2016-06-11T23:39:40Z","reviewerCategories":[{"categoryId":"Everyone","categoryLabel":"Everyone"}],"userDisplayName":"","roomTypeId":145598,"isUnverified":false,"isFlaggable":true,"isRecommended":"NO"},{"hotelId":"1515923","totalPositiveFeedbacks":0,"tpid":"4","eapid":"0","contentLocale":"en_ca","totalThanks":0,"photos":[],"reviewId":"57543168caa9ae0b8156fd5a","itinId":"1132365956113","moderationStatus":"APPROVED","contentCodes":"","managementResponses":[],"ratingOverall":3,"langId":"4105","userNickname":"V","brandType":"Expedia","title":"No City Views","reviewText":"Good hotel in a good location. Don't purchase the upgrade to 'city view\". It's more appropriately described as street view.","featured":false,"ratingsOnly":false,"ratingRoomCleanliness":5,"ratingHotelCondition":3,"ratingService":3,"ratingRoomComfort":4,"positiveRemarks":"Clean and comfortable.","negativeRemarks":"A bit dated. ","locationRemarks":"Right next to the Dragon Gate. Good location to Chinatown, Union Square, shopping, ferry terminal and Pier 39.","lastInitial":"","userLocation":"Toronto","reviewSubmissionTime":"2016-06-05T14:04:24Z","reviewerCategories":[{"categoryId":"Everyone","categoryLabel":"Everyone"}],"userDisplayName":"","roomTypeId":200209456,"isUnverified":false,"isFlaggable":true,"isRecommended":"YES"},{"hotelId":"1515923","totalPositiveFeedbacks":0,"tpid":"1","eapid":"0","contentLocale":"en_us","totalThanks":0,"photos":[],"reviewId":"574e543f021cc109df929091","itinId":"1129381393111","moderationStatus":"APPROVED","contentCodes":"","managementResponses":[],"ratingOverall":5,"langId":"1033","userNickname":"Dan","brandType":"Expedia","title":"Great Hotel in the heart of San Francisco ","reviewText":"the TV wasnt very good - cable channels were fuzzy at the higher end.  they offered to change rooms but we just lived with it.  other than that the room was good and clean.","featured":false,"ratingsOnly":false,"ratingRoomCleanliness":5,"ratingHotelCondition":4,"ratingService":5,"ratingRoomComfort":5,"positiveRemarks":"location, quite","negativeRemarks":"we were in room 205 - no view what so ever.  we looked at a brickwall","locationRemarks":"close to subway - montgomery, close to Muni buses.","lastInitial":"H","userLocation":"SLC","reviewSubmissionTime":"2016-06-01T03:19:27Z","reviewerCategories":[{"categoryId":"Everyone","categoryLabel":"Everyone"}],"userDisplayName":"","roomTypeId":145598,"isUnverified":false,"isFlaggable":true,"isRecommended":"YES"},{"hotelId":"1515923","totalPositiveFeedbacks":0,"tpid":"1","eapid":"0","contentLocale":"en_us","totalThanks":0,"photos":[],"reviewId":"574e378077861509fafebbd8","itinId":"1133535393890","moderationStatus":"APPROVED","contentCodes":"","managementResponses":[],"ratingOverall":5,"langId":"1033","userNickname":"Heather","brandType":"Expedia","title":"Great location","reviewText":"Great staff. Very helpful. The location was ideal. We were able to walk all over the city","featured":false,"ratingsOnly":false,"ratingRoomCleanliness":5,"ratingHotelCondition":4,"ratingService":5,"ratingRoomComfort":4,"positiveRemarks":"","negativeRemarks":"","locationRemarks":"","lastInitial":"","userLocation":"","reviewSubmissionTime":"2016-06-01T01:16:48Z","reviewerCategories":[{"categoryId":"Everyone","categoryLabel":"Everyone"}],"userDisplayName":"","roomTypeId":200094446,"isUnverified":false,"isFlaggable":true,"isRecommended":"YES"},{"hotelId":"1515923","totalPositiveFeedbacks":0,"tpid":"1","eapid":"0","contentLocale":"en_us","totalThanks":0,"photos":[],"reviewId":"57294ac051618f09fdebf39d","itinId":"1132069234090","moderationStatus":"APPROVED","contentCodes":"","managementResponses":[],"ratingOverall":3,"langId":"1033","userNickname":"Steve","brandType":"Expedia","title":"Decent Value near Chinatown and Financial District","reviewText":"Decent hotel, though because it's so close to the Financial District, I had a somewhat challenging time finding meals nearby in the evening and on the weekend. Also, their \"fitness center\" consists only of 3 aerobic machines. Otherwise, it's perfectly adequate. ","featured":false,"ratingsOnly":false,"ratingRoomCleanliness":4,"ratingHotelCondition":4,"ratingService":3,"ratingRoomComfort":4,"positiveRemarks":"","negativeRemarks":"","locationRemarks":"","lastInitial":"","userLocation":"New England","reviewSubmissionTime":"2016-05-04T01:05:04Z","reviewerCategories":[{"categoryId":"Everyone","categoryLabel":"Everyone"}],"userDisplayName":"","roomTypeId":200209456,"isUnverified":false,"isFlaggable":true,"isRecommended":"YES"},{"hotelId":"1515923","totalPositiveFeedbacks":0,"tpid":"1","eapid":"0","contentLocale":"en_us","totalThanks":0,"photos":[],"reviewId":"57209e1e01324509dbb0fc9f","itinId":"1128959260691","moderationStatus":"APPROVED","contentCodes":"","managementResponses":[],"ratingOverall":5,"langId":"1033","userNickname":"","brandType":"Expedia","title":"Nice hotel conveniently located","reviewText":"Very convenient, nice and comfortable. Nice services.\r\n\r\n\r\nWould go again.    Close to Union sq.","featured":false,"ratingsOnly":false,"ratingRoomCleanliness":5,"ratingHotelCondition":5,"ratingService":5,"ratingRoomComfort":5,"positiveRemarks":"","negativeRemarks":"","locationRemarks":"","lastInitial":"","userLocation":"","reviewSubmissionTime":"2016-04-27T11:10:22Z","reviewerCategories":[{"categoryId":"Everyone","categoryLabel":"Everyone"}],"userDisplayName":"","roomTypeId":145598,"isUnverified":false,"isFlaggable":true,"isRecommended":"YES"},{"hotelId":"1515923","totalPositiveFeedbacks":2,"tpid":"1","eapid":"0","contentLocale":"en_us","totalThanks":2,"photos":[],"reviewId":"5715819c7f968b09f56edf94","itinId":"1129753011704","moderationStatus":"APPROVED","contentCodes":"","managementResponses":[],"ratingOverall":4,"langId":"1033","userNickname":"pool guy","brandType":"Expedia","title":"Pool guy visits San Francisco","reviewText":"This hotel is right on the border of Chinatown and Union Square  these are the best places for shopping and dining in the city   With the hotel centrally located you can take any number of public transportation to get around you can take the cable car, A streetcar  A double-decker bus or a cab if you like and be anywhere in the city in about 10 minutes \r\nMy wife and I suggest if you're going to spend more than a couple days to buy a three day pass and you can ride any form of public transportation for 1 fee this does not include taxis or ferry service  we both highly recommend the Alcatraz tour  we stayed at the Orchard Garden very clean hotel very nice staff room was very small and wasn't impressed with it at all but the cleanly Ness and the staff  made up for it also wasn't impressed with the TV but you don't go to San Francisco  to watch TV so this worked out  overall was one of the best trips we've ever had people in  San Francisco were great it was a second honeymoon for me and my wife also if you have the chance bike across the Golden gate Bridge and go to Sausalito  they rent bikes at fisherman's wharf and you can bike to Sausalito and take a ferry back for a good time that is the ticket If we had more time we would spend it in Sausalito thanks for reading our review the pool guy","featured":false,"ratingsOnly":false,"ratingRoomCleanliness":5,"ratingHotelCondition":4,"ratingService":5,"ratingRoomComfort":3,"positiveRemarks":"","negativeRemarks":"","locationRemarks":"","lastInitial":"","userLocation":"L A california ","reviewSubmissionTime":"2016-04-19T00:53:48Z","reviewerCategories":[{"categoryId":"Everyone","categoryLabel":"Everyone"}],"userDisplayName":"","roomTypeId":145598,"isUnverified":false,"isFlaggable":true,"isRecommended":"YES"},{"hotelId":"1515923","totalPositiveFeedbacks":0,"tpid":"1","eapid":"0","contentLocale":"en_us","totalThanks":0,"photos":[],"reviewId":"57115a7810926409f6186e77","itinId":"1128017223084","moderationStatus":"APPROVED","contentCodes":"","managementResponses":[],"ratingOverall":5,"langId":"1033","userNickname":"","brandType":"Expedia","title":"Great location, very clean hotel","reviewText":"The hotel is conveniently located next to the Dragon Gate and a few blocks from Union Square. It's spacious and extremely clean. ","featured":false,"ratingsOnly":false,"ratingRoomCleanliness":5,"ratingHotelCondition":5,"ratingService":5,"ratingRoomComfort":5,"positiveRemarks":"","negativeRemarks":"","locationRemarks":"","lastInitial":"","userLocation":"","reviewSubmissionTime":"2016-04-15T21:17:44Z","reviewerCategories":[{"categoryId":"Everyone","categoryLabel":"Everyone"}],"userDisplayName":"","roomTypeId":145598,"isUnverified":false,"isFlaggable":true,"isRecommended":"YES"}]}}}
