{"reviewDetails":{"startIndex":0,"numberOfReviewsInThisPage":20,"reviewSummaryCollection":{"reviewSummary":[{"hotelId":"22148","totalReviewCnt":344,"avgOverallRating":4.4476733,"cleanliness":4.6976743,"serviceAndStaff":4.5668583,"roomComfort":4.581395,"hotelCondition":4.5523267,"convenienceOfLocation":4.2894735,"neighborhoodSatisfaction":4.2894735,"roomQuality":0,"targetedBrand":"Expedia","originSummary":[{"origin":"Expedia","reviewCnt":344,"recommendedPercent":85.46512,"avgOverallRating":4.4476733,"cleanliness":4.6976743,"serviceAndStaff":4.5668583,"roomComfort":4.581395,"hotelCondition":4.5523267,"convenienceOfLocation":4.2894735,"neighborhoodSatisfaction":4.2894735,"valueForMoney":0,"roomQuality":0,"categoryCounts":{"Everyone":181,"Couples":26,"BusinessTravelers":1,"Families":12,"Other":5},"roomTypeIdCounts":{"419478":1,"200018399":27,"200127022":1,"200779825":7,"35799":10,"200779804":3,"315960":4,"200532158":1,"12334":16,"12335":75,"200104274":1},"languageCounts":{"en":344}}],"recommendedPercent":85.46512,"valueForMoney":0,"categoryCounts":{"Everyone":181,"Couples":26,"BusinessTravelers":1,"Families":12,"Other":5},"roomTypeIdCounts":{"419478":1,"200018399":27,"200127022":1,"200779825":7,"35799":10,"200779804":3,"315960":4,"200532158":1,"12334":16,"12335":75,"200104274":1},"languageCounts":{"en":344},"featuredReview":{}}]},"reviewCollection":{"review":[{"hotelId":"22148","totalPositiveFeedbacks":0,"tpid":"1","eapid":"0","contentLocale":"en_us","totalThanks":0,"photos":[],"reviewId":"57b1c9fac25ece0b06b922b4","itinId":"1138969568762","moderationStatus":"APPROVED","contentCodes":"","managementResponses":[],"ratingOverall":4,"langId":"1033","userNickname":"","brandType":"Expedia","title":"Nice hotel close to many attractions","reviewText":"I would have probably given this hotel 5 stars, however, we were on the second floor and it was so loud all night long from the traffic that it was hard to sleep. There is also no ventilation in the bathroom making it uncomfortable after using the shower. The staff were nice and the food was great.","featured":false,"ratingsOnly":false,"ratingRoomCleanliness":4,"ratingHotelCondition":4,"ratingService":4,"ratingRoomComfort":3,"positiveRemarks":"","negativeRemarks":"","locationRemarks":"","lastInitial":"","userLocation":"","reviewSubmissionTime":"2016-08-15T13:56:10Z","reviewerCategories":[{"categoryId":"Everyone","categoryLabel":"Everyone"}],"userDisplayName":"","roomTypeId":200779825,"isUnverified":false,"isFlaggable":true,"isRecommended":"YES"},{"hotelId":"22148","totalPositiveFeedbacks":0,"tpid":"1","eapid":"0","contentLocale":"en_us","totalThanks":0,"photos":[],"reviewId":"57af62e3303d3d0b0616e299","itinId":"1142624541685","moderationStatus":"APPROVED","contentCodes":"","managementResponses":[],"ratingOverall":5,"langId":"1033","userNickname":"Mark","brandType":"Expedia","title":"32nd Anniversary - Ahhh!","reviewText":"Love San Francisco, but we didn't need to leave the hotel to enjoy this getaway","featured":false,"ratingsOnly":false,"ratingRoomCleanliness":5,"ratingHotelCondition":5,"ratingService":5,"ratingRoomComfort":5,"positiveRemarks":"","negativeRemarks":"","locationRemarks":"","lastInitial":"","userLocation":"","reviewSubmissionTime":"2016-08-13T18:11:47Z","reviewerCategories":[{"categoryId":"Everyone","categoryLabel":"Everyone"}],"userDisplayName":"","roomTypeId":12335,"isUnverified":false,"isFlaggable":true,"isRecommended":"YES"},{"hotelId":"22148","totalPositiveFeedbacks":0,"tpid":"1","eapid":"0","contentLocale":"en_us","totalThanks":0,"photos":[],"reviewId":"57af4e32c25ece0b068a42df","itinId":"1140342467079","moderationStatus":"APPROVED","contentCodes":"","managementResponses":[],"ratingOverall":5,"langId":"1033","userNickname":"Tom","brandType":"Expedia","title":"Beautiful hotel in the heart of the city","reviewText":"Beautiful hotel in the heart of the city.  Great for business or pleasure","featured":false,"ratingsOnly":false,"ratingRoomCleanliness":5,"ratingHotelCondition":5,"ratingService":5,"ratingRoomComfort":5,"positiveRemarks":"","negativeRemarks":"","locationRemarks":"","lastInitial":"","userLocation":"Atlanta, GA","reviewSubmissionTime":"2016-08-13T16:43:30Z","reviewerCategories":[{"categoryId":"Everyone","categoryLabel":"Everyone"}],"userDisplayName":"","roomTypeId":12335,"isUnverified":false,"isFlaggable":true,"isRecommended":"YES"},{"hotelId":"22148","totalPositiveFeedbacks":0,"tpid":"1","eapid":"0","contentLocale":"en_us","totalThanks":0,"photos":[],"reviewId":"57a50872e40c4a0b28d8f781","itinId":"1142161443278","moderationStatus":"APPROVED","contentCodes":"","managementResponses":[],"ratingOverall":3,"langId":"1033","userNickname":"","brandType":"Expedia","title":"Food","reviewText":"There wasn't enough choices on the menu and the main course was not to my liking, and the appetizers were terrible. I had rack of lamb, 4 small pieces about a half dollar round and an 1/8 thick if even that, piled with something I didn't know and that was all, no salad, no potatoes,  nothing else. for the price it sucked.","featured":false,"ratingsOnly":false,"ratingRoomCleanliness":4,"ratingHotelCondition":4,"ratingService":5,"ratingRoomComfort":4,"positiveRemarks":"service","negativeRemarks":"Food","locationRemarks":"","lastInitial":"","userLocation":"","reviewSubmissionTime":"2016-08-05T21:43:14Z","reviewerCategories":[{"categoryId":"Everyone","categoryLabel":"Everyone"}],"userDisplayName":"","roomTypeId":200779804,"isUnverified":false,"isFlaggable":true,"isRecommended":"NO"},{"hotelId":"22148","totalPositiveFeedbacks":0,"tpid":"1","eapid":"0","contentLocale":"en_us","totalThanks":0,"photos":[],"reviewId":"57a4ac9fe40c4a0b28ba0de8","itinId":"1142344060464","moderationStatus":"APPROVED","contentCodes":"HMP MMD","managementResponses":[],"ratingOverall":3,"langId":"1033","userNickname":"","brandType":"Expedia","title":"Mediocre experience ","reviewText":"I checked in and was put in a room far away, down a flight of stairs and at the end of a hallway. The makeup mirror in the bathroom was clearly and visibly cracked and broken. Either some type of weird cleaning agent had been used in the room, or someone had smoked in there, because I had an immediate allergy attack. Then, upon checking out, I mentioned that my experience at the hotel had issues, and -literally - the clerk said, \"Umm hmm,\" and nothing more. For a luxury hotel at the prices they charge, I would have expected much more. ","featured":false,"ratingsOnly":false,"ratingRoomCleanliness":3,"ratingHotelCondition":4,"ratingService":3,"ratingRoomComfort":3,"positiveRemarks":"","negativeRemarks":"","locationRemarks":"","lastInitial":"","userLocation":"","reviewSubmissionTime":"2016-08-05T15:11:27Z","reviewerCategories":[{"categoryId":"Everyone","categoryLabel":"Everyone"}],"userDisplayName":"","roomTypeId":12335,"isUnverified":false,"isFlaggable":false,"isRecommended":"NO"},{"hotelId":"22148","totalPositiveFeedbacks":0,"tpid":"1","eapid":"0","contentLocale":"en_us","totalThanks":0,"photos":[],"reviewId":"57a48b62e40c4a0b283f3ed2","itinId":"1142073400158","moderationStatus":"APPROVED","contentCodes":"","managementResponses":[],"ratingOverall":5,"langId":"1033","userNickname":"scottt","brandType":"Expedia","title":"Great location great staff","reviewText":"Very happy with our stay at the ritz Carlton in San Francisco ","featured":false,"ratingsOnly":false,"ratingRoomCleanliness":5,"ratingHotelCondition":5,"ratingService":5,"ratingRoomComfort":5,"positiveRemarks":"","negativeRemarks":"","locationRemarks":"","lastInitial":"","userLocation":"g","reviewSubmissionTime":"2016-08-05T12:49:38Z","reviewerCategories":[{"categoryId":"Everyone","categoryLabel":"Everyone"}],"userDisplayName":"","roomTypeId":12335,"isUnverified":false,"isFlaggable":true,"isRecommended":"YES"},{"hotelId":"22148","totalPositiveFeedbacks":0,"tpid":"1","eapid":"0","contentLocale":"en_us","totalThanks":0,"photos":[],"reviewId":"57a47ebc4f61260b26e74ed6","itinId":"1137568682806","moderationStatus":"APPROVED","contentCodes":"","managementResponses":[],"ratingOverall":5,"langId":"1033","userNickname":"Gary","brandType":"Expedia","title":"Long Weekend Trip To San Francisco","reviewText":"Arrived in the morning but had no trouble checking in. Room was near the kitchen but we never heard a sound. Room was in great shape and as expected, staff was excellent.","featured":false,"ratingsOnly":false,"ratingRoomCleanliness":5,"ratingHotelCondition":5,"ratingService":5,"ratingRoomComfort":5,"positiveRemarks":"","negativeRemarks":"","locationRemarks":"","lastInitial":"","userLocation":"","reviewSubmissionTime":"2016-08-05T11:55:40Z","reviewerCategories":[{"categoryId":"Everyone","categoryLabel":"Everyone"}],"userDisplayName":"","roomTypeId":12335,"isUnverified":false,"isFlaggable":true,"isRecommended":"YES"},{"hotelId":"22148","totalPositiveFeedbacks":0,"tpid":"1","eapid":"0","contentLocale":"en_us","totalThanks":0,"photos":[],"reviewId":"57a1fda894356f0b283169d1","itinId":"1125807256372","moderationStatus":"APPROVED","contentCodes":"","managementResponses":[],"ratingOverall":5,"langId":"1033","userNickname":"From Colorado","brandType":"Expedia","title":"Nice hotel and staff is outstanding!","reviewText":"From the arrival to departure was great experience the staff helped and left a first timer to San Fran with a great time!","featured":false,"ratingsOnly":false,"ratingRoomCleanliness":5,"ratingHotelCondition":5,"ratingService":5,"ratingRoomComfort":5,"positiveRemarks":"","negativeRemarks":"","locationRemarks":"","lastInitial":"","userLocation":"P","reviewSubmissionTime":"2016-08-03T14:20:24Z","reviewerCategories":[{"categoryId":"Everyone","categoryLabel":"Everyone"}],"userDisplayName":"","roomTypeId":12335,"isUnverified":false,"isFlaggable":true,"isRecommended":"YES"},{"hotelId":"22148","totalPositiveFeedbacks":0,"tpid":"1","eapid":"0","contentLocale":"en_us","totalThanks":0,"photos":[],"reviewId":"57a0de0366d3410b2b435c3b","itinId":"1138229825403","moderationStatus":"APPROVED","contentCodes":"","managementResponses":[],"ratingOverall":4,"langId":"1033","userNickname":"","brandType":"Expedia","title":"close to chinatown","reviewText":"wonderful beds. great staffs. the building was beautiful and bathroom nice and clean.","featured":false,"ratingsOnly":false,"ratingRoomCleanliness":4,"ratingHotelCondition":4,"ratingService":4,"ratingRoomComfort":4,"positiveRemarks":"nice and quiet","negativeRemarks":"none","locationRemarks":"","lastInitial":"","userLocation":"","reviewSubmissionTime":"2016-08-02T17:53:07Z","reviewerCategories":[{"categoryId":"Everyone","categoryLabel":"Everyone"}],"userDisplayName":"","roomTypeId":200779825,"isUnverified":false,"isFlaggable":true,"isRecommended":"YES"},{"hotelId":"22148","totalPositiveFeedbacks":0,"tpid":"4","eapid":"0","contentLocale":"en_ca","totalThanks":0,"photos":[],"reviewId":"579749563a803a0b281a41d8","itinId":"1138366168236","moderationStatus":"APPROVED","contentCodes":"","managementResponses":[],"ratingOverall":5,"langId":"4105","userNickname":"","brandType":"Expedia","title":"Beautiful luxury hotel in great neighbourhood ","reviewText":"The hotel has great staff, fantastic restaurant for breakfast , and a beautiful lobby bar to enjoy a pre dinner drink. ","featured":false,"ratingsOnly":false,"ratingRoomCleanliness":5,"ratingHotelCondition":5,"ratingService":5,"ratingRoomComfort":5,"positiveRemarks":"","negativeRemarks":"","locationRemarks":"","lastInitial":"","userLocation":"","reviewSubmissionTime":"2016-07-26T11:28:22Z","reviewerCategories":[{"categoryId":"Everyone","categoryLabel":"Everyone"}],"userDisplayName":"","roomTypeId":12335,"isUnverified":false,"isFlaggable":true,"isRecommended":"YES"},{"hotelId":"22148","totalPositiveFeedbacks":0,"tpid":"1","eapid":"0","contentLocale":"en_us","totalThanks":0,"photos":[],"reviewId":"579611577331850b27850f01","itinId":"1130253200715","moderationStatus":"APPROVED","contentCodes":"","managementResponses":[],"ratingOverall":5,"langId":"1033","userNickname":"","brandType":"Expedia","title":"","reviewText":"Spacious rooms, lovely amenities and friendly staff.  Highly recommended for location and quality.","featured":false,"ratingsOnly":false,"ratingRoomCleanliness":5,"ratingHotelCondition":5,"ratingService":5,"ratingRoomComfort":5,"positiveRemarks":"","negativeRemarks":"","locationRemarks":"","lastInitial":"","userLocation":"","reviewSubmissionTime":"2016-07-25T13:17:11Z","reviewerCategories":[{"categoryId":"Everyone","categoryLabel":"Everyone"}],"userDisplayName":"","roomTypeId":12335,"isUnverified":false,"isFlaggable":true,"isRecommended":"YES"},{"hotelId":"22148","totalPositiveFeedbacks":0,"tpid":"1","eapid":"0","contentLocale":"en_us","totalThanks":0,"photos":[],"reviewId":"579601603a803a0b2871697e","itinId":"1137438597302","moderationStatus":"APPROVED","contentCodes":"","managementResponses":[],"ratingOverall":5,"langId":"1033","userNickname":"","brandType":"Expedia","title":"Great pick, Great location","reviewText":"Room was surprisingly large for a metro room, and the staff was friendly and helpful. Would highly recommend if the price isn't a problem, as this was about 4x as much as the hotel we stayed in on our inbound trip, which had a similar location. The rooms were dramatically different in size, and I would say the space was the primary difference all other things aside. Great hotel the Ritz never fails to impress with its consistency. ","featured":false,"ratingsOnly":false,"ratingRoomCleanliness":5,"ratingHotelCondition":5,"ratingService":5,"ratingRoomComfort":5,"positiveRemarks":"","negativeRemarks":"","locationRemarks":"","lastInitial":"","userLocation":"","reviewSubmissionTime":"2016-07-25T12:09:04Z","reviewerCategories":[{"categoryId":"Everyone","categoryLabel":"Everyone"}],"userDisplayName":"","roomTypeId":12335,"isUnverified":false,"isFlaggable":true,"isRecommended":"YES"},{"hotelId":"22148","totalPositiveFeedbacks":0,"tpid":"1","eapid":"0","contentLocale":"en_us","totalThanks":0,"photos":[],"reviewId":"579018d8c4201a0b29f422ea","itinId":"1139426193369","moderationStatus":"APPROVED","contentCodes":"","managementResponses":[],"ratingOverall":5,"langId":"1033","userNickname":"","brandType":"Expedia","title":"","reviewText":"A fantastic stay at the Ritz Carlton in San Francisco.  The room was quite elegant and the staff was truly superb.","featured":false,"ratingsOnly":false,"ratingRoomCleanliness":5,"ratingHotelCondition":5,"ratingService":5,"ratingRoomComfort":5,"positiveRemarks":"","negativeRemarks":"","locationRemarks":"","lastInitial":"","userLocation":"","reviewSubmissionTime":"2016-07-21T00:35:36Z","reviewerCategories":[{"categoryId":"Everyone","categoryLabel":"Everyone"}],"userDisplayName":"","roomTypeId":12335,"isUnverified":false,"isFlaggable":true,"isRecommended":"YES"},{"hotelId":"22148","totalPositiveFeedbacks":1,"tpid":"1","eapid":"0","contentLocale":"en_us","totalThanks":1,"photos":[],"reviewId":"578ff54bd29e300b283a0fd0","itinId":"1136332975987","moderationStatus":"APPROVED","contentCodes":"HMP MMD","managementResponses":[],"ratingOverall":5,"langId":"1033","userNickname":"Stephanie","brandType":"Expedia","title":"AWESOME & ELEGANT EXPERIENCE!","reviewText":"Everything you expect and more from an experience at the Ritz was provided to me and my guests and then some. The personal touches, care and service, at all levels was impecable. We felt at home and pampered in all the right ways.  When we asked for special items or service, they did not skip a beat or bat an eye. The Ritz on Nob Hill will forever be our San Francisco vacation home. They earn and deserve their five-star rating everyday! I HIGHLY recommend the Ritz on Nob Hill.","featured":false,"ratingsOnly":false,"ratingRoomCleanliness":5,"ratingHotelCondition":5,"ratingService":5,"ratingRoomComfort":5,"positiveRemarks":"EVERYTHING. Our room was lovely and well maintained. The service staff from the front door to the restaurant was fantastic, friendly and attentive.","negativeRemarks":"Nothing.","locationRemarks":"The Ritz Carlton on Nob Hill is wonderfully located to San Francisco attractions, transportation, restaurants, and shops. The PERFECT location.","lastInitial":"","userLocation":"Phoenix, Arizona","reviewSubmissionTime":"2016-07-20T22:03:55Z","reviewerCategories":[{"categoryId":"Everyone","categoryLabel":"Everyone"}],"userDisplayName":"","roomTypeId":200779825,"isUnverified":false,"isFlaggable":false,"isRecommended":"YES"},{"hotelId":"22148","totalPositiveFeedbacks":0,"tpid":"1","eapid":"0","contentLocale":"en_us","totalThanks":0,"photos":[],"reviewId":"578e4c6192b3430b290776f4","itinId":"1136850375679","moderationStatus":"APPROVED","contentCodes":"","managementResponses":[],"ratingOverall":5,"langId":"1033","userNickname":"Lisa","brandType":"Expedia","title":"Anniversary trip","reviewText":"Wonderful stay at a beautiful hotel. Service was excellent. Staff were friendly and helpful. They aim to please!","featured":false,"ratingsOnly":false,"ratingRoomCleanliness":5,"ratingHotelCondition":5,"ratingService":5,"ratingRoomComfort":5,"positiveRemarks":"Cleanliness and service","negativeRemarks":"We loved everything.","locationRemarks":"Located on beautiful Nob Hill. Quiet location only minutes away from Chinatown and Union Square. ","lastInitial":"V","userLocation":"Louisiana","reviewSubmissionTime":"2016-07-19T15:50:57Z","reviewerCategories":[{"categoryId":"Everyone","categoryLabel":"Everyone"}],"userDisplayName":"","roomTypeId":12335,"isUnverified":false,"isFlaggable":true,"isRecommended":"YES"},{"hotelId":"22148","totalPositiveFeedbacks":0,"tpid":"1","eapid":"0","contentLocale":"en_us","totalThanks":0,"photos":[],"reviewId":"576c084a0620330b7d7b8b4f","itinId":"1132608857836","moderationStatus":"APPROVED","contentCodes":"","managementResponses":[],"ratingOverall":4,"langId":"1033","userNickname":"","brandType":"Expedia","title":"","reviewText":"Very Good.  clean check in fast and friendly.  8th floor very good.  Good location","featured":false,"ratingsOnly":false,"ratingRoomCleanliness":5,"ratingHotelCondition":5,"ratingService":4,"ratingRoomComfort":5,"positiveRemarks":"Good Service","negativeRemarks":"Town Cars not reliable.  Waited 20 minutes finally gave  took taxi","locationRemarks":"","lastInitial":"","userLocation":"","reviewSubmissionTime":"2016-06-23T16:03:22Z","reviewerCategories":[{"categoryId":"Everyone","categoryLabel":"Everyone"}],"userDisplayName":"","roomTypeId":12334,"isUnverified":false,"isFlaggable":true,"isRecommended":"YES"},{"hotelId":"22148","totalPositiveFeedbacks":0,"tpid":"1","eapid":"0","contentLocale":"en_us","totalThanks":0,"photos":[],"reviewId":"57548d079b7c1c0b7b06a1fa","itinId":"1129996526401","moderationStatus":"APPROVED","contentCodes":"","managementResponses":[],"ratingOverall":5,"langId":"1033","userNickname":"jim","brandType":"Expedia","title":"Awesome stay","reviewText":"Great location, great staff, very helpful and for the price you get what you paid for.","featured":false,"ratingsOnly":false,"ratingRoomCleanliness":5,"ratingHotelCondition":5,"ratingService":5,"ratingRoomComfort":5,"positiveRemarks":"","negativeRemarks":"","locationRemarks":"","lastInitial":"h","userLocation":"hinsdale il","reviewSubmissionTime":"2016-06-05T20:35:19Z","reviewerCategories":[{"categoryId":"Everyone","categoryLabel":"Everyone"}],"userDisplayName":"","roomTypeId":12335,"isUnverified":false,"isFlaggable":true,"isRecommended":"YES"},{"hotelId":"22148","totalPositiveFeedbacks":0,"tpid":"1","eapid":"0","contentLocale":"en_us","totalThanks":0,"photos":[],"reviewId":"57497d07867a860a017c8c15","itinId":"1135992763253","moderationStatus":"APPROVED","contentCodes":"","managementResponses":[],"ratingOverall":5,"langId":"1033","userNickname":"","brandType":"Expedia","title":"","reviewText":"I stayed on the Club Floor, which provided additional amenities, including unlimited food, beverages, and wine throughout the day.  Top-notch service, very courteous and friendly staff, outstanding customer service.  Gym was  out-of-service for one day. The Ritz Carlton had already made arrangements for guests at two clubs nearby and provided roundtrip transportation at my convenience. I wis I could have extended my stay.","featured":false,"ratingsOnly":false,"ratingRoomCleanliness":5,"ratingHotelCondition":5,"ratingService":5,"ratingRoomComfort":5,"positiveRemarks":"","negativeRemarks":"","locationRemarks":"","lastInitial":"","userLocation":"Brooklyn, New York ","reviewSubmissionTime":"2016-05-28T11:12:07Z","reviewerCategories":[{"categoryId":"Everyone","categoryLabel":"Everyone"}],"userDisplayName":"","roomTypeId":12335,"isUnverified":false,"isFlaggable":true,"isRecommended":"YES"},{"hotelId":"22148","totalPositiveFeedbacks":0,"tpid":"1","eapid":"0","contentLocale":"en_us","totalThanks":0,"photos":[],"reviewId":"572b6b62549a1d09fd739a25","itinId":"1130935692656","moderationStatus":"APPROVED","contentCodes":"MMA","managementResponses":[],"ratingOverall":4,"langId":"1033","userNickname":"","brandType":"Expedia","title":"","reviewText":"This hotel was perfect the first time we stayed there- which is why I chose to celebrate my husband's 60th birthday there again as a surprise.  I informed the hotel and they even greeted him with \"Happy Birthday\" but somehow failed to provide any type of birthday amenity in our room. When I brought this to the front desks attention- she offered to provide breakfast the next morning. He is not a breakfast eater but it was a nice gesture. I have to say this stay was disappointing.","featured":false,"ratingsOnly":false,"ratingRoomCleanliness":5,"ratingHotelCondition":4,"ratingService":5,"ratingRoomComfort":5,"positiveRemarks":"","negativeRemarks":"","locationRemarks":"","lastInitial":"","userLocation":"","reviewSubmissionTime":"2016-05-05T15:48:50Z","reviewerCategories":[{"categoryId":"Couples","categoryLabel":"Couples"}],"userDisplayName":"","roomTypeId":35799,"isUnverified":false,"isFlaggable":false,"isRecommended":"YES"},{"hotelId":"22148","totalPositiveFeedbacks":0,"tpid":"1","eapid":"0","contentLocale":"en_us","totalThanks":0,"photos":[],"reviewId":"57275999738acd0a0409469a","itinId":"1133534026444","moderationStatus":"APPROVED","contentCodes":"","managementResponses":[],"ratingOverall":5,"langId":"1033","userNickname":"Alison","brandType":"Expedia","title":"","reviewText":"The staff was incredibly helpful and pleasant.  The room was small, but nice and clean.","featured":false,"ratingsOnly":false,"ratingRoomCleanliness":5,"ratingHotelCondition":5,"ratingService":5,"ratingRoomComfort":5,"positiveRemarks":"","negativeRemarks":"","locationRemarks":"","lastInitial":"B","userLocation":"New York City","reviewSubmissionTime":"2016-05-02T13:43:53Z","reviewerCategories":[{"categoryId":"Everyone","categoryLabel":"Everyone"}],"userDisplayName":"","roomTypeId":12335,"isUnverified":false,"isFlaggable":true,"isRecommended":"YES"}]}}}
