{"reviewDetails":{"startIndex":0,"numberOfReviewsInThisPage":20,"reviewSummaryCollection":{"reviewSummary":[{"hotelId":"1766605","totalReviewCnt":742,"avgOverallRating":4.4528294,"cleanliness":4.696765,"serviceAndStaff":4.4797835,"roomComfort":4.5633454,"hotelCondition":4.5943437,"convenienceOfLocation":4.352,"neighborhoodSatisfaction":3.9200003,"roomQuality":0,"targetedBrand":"Expedia","originSummary":[{"origin":"Expedia","reviewCnt":742,"recommendedPercent":89.48787,"avgOverallRating":4.4528294,"cleanliness":4.696765,"serviceAndStaff":4.4797835,"roomComfort":4.5633454,"hotelCondition":4.5943437,"convenienceOfLocation":4.352,"neighborhoodSatisfaction":3.9200003,"valueForMoney":0,"roomQuality":0,"categoryCounts":{"Everyone":377,"BusinessTravelers":35,"Couples":76,"Families":41,"Other":11},"roomTypeIdCounts":{"200212076":42,"339879":1,"200187373":64,"235456":29,"200212070":32,"200212066":15,"200213283":1,"200212064":6,"274613":1,"200178776":24,"440830":31,"200178806":2,"440831":1,"200611982":4,"200212053":35,"2718":1},"languageCounts":{"en":742}}],"recommendedPercent":89.48787,"valueForMoney":0,"categoryCounts":{"Everyone":377,"BusinessTravelers":35,"Couples":76,"Families":41,"Other":11},"roomTypeIdCounts":{"200212076":42,"339879":1,"200187373":64,"235456":29,"200212070":32,"200212066":15,"200213283":1,"200212064":6,"274613":1,"200178776":24,"440830":31,"200178806":2,"440831":1,"200611982":4,"200212053":35,"2718":1},"languageCounts":{"en":742},"featuredReview":{}}]},"reviewCollection":{"review":[{"hotelId":"1766605","totalPositiveFeedbacks":0,"tpid":"25","eapid":"0","contentLocale":"en_au","totalThanks":0,"photos":[],"reviewId":"57b56982323e800b76c83b28","itinId":"18694269339","moderationStatus":"APPROVED","contentCodes":"MMA","managementResponses":[],"ratingOverall":5,"langId":"3081","userNickname":"","brandType":"Expedia","title":"Fantastic ","reviewText":"great location, clean hotel, new rooms and friendly staff","featured":false,"ratingsOnly":false,"ratingRoomCleanliness":5,"ratingHotelCondition":5,"ratingService":5,"ratingRoomComfort":5,"positiveRemarks":"","negativeRemarks":"","locationRemarks":"","lastInitial":"","userLocation":"","reviewSubmissionTime":"2016-08-18T07:53:38Z","reviewerCategories":[{"categoryId":"Everyone","categoryLabel":"Everyone"}],"userDisplayName":"","roomTypeId":200212076,"isUnverified":false,"isFlaggable":false,"isRecommended":"YES"},{"hotelId":"1766605","totalPositiveFeedbacks":0,"tpid":"4","eapid":"0","contentLocale":"en_ca","totalThanks":0,"photos":[],"reviewId":"57b32bfea81dc30b07eaa008","itinId":"1137567512786","moderationStatus":"APPROVED","contentCodes":"","managementResponses":[],"ratingOverall":4,"langId":"4105","userNickname":"","brandType":"Expedia","title":"Decent hotel but definitely not 4.5 stars","reviewText":"Had a long weekend stay here.  Overall the hotel was fine but really nothing special and at the lower end of the INtercontinental chain.  ","featured":false,"ratingsOnly":false,"ratingRoomCleanliness":4,"ratingHotelCondition":4,"ratingService":4,"ratingRoomComfort":4,"positiveRemarks":"COnvenient location albeit a bit of a rough neighbourhood","negativeRemarks":"Many points of maintenance need to be addressed.  Peels in the bathroom and the room are not acceptable at this level.  ","locationRemarks":"Steps to cable car start, union square etc.  A modest walk to Moscone center and MOMA.","lastInitial":"","userLocation":"","reviewSubmissionTime":"2016-08-16T15:06:38Z","reviewerCategories":[{"categoryId":"Everyone","categoryLabel":"Everyone"}],"userDisplayName":"","roomTypeId":200212076,"isUnverified":false,"isFlaggable":true,"isRecommended":"NO"},{"hotelId":"1766605","totalPositiveFeedbacks":0,"tpid":"3","eapid":"0","contentLocale":"en_gb","totalThanks":0,"photos":[],"reviewId":"57ac92545438640b06ad4217","itinId":"112750196605","moderationStatus":"APPROVED","contentCodes":"MMA","managementResponses":[],"ratingOverall":2,"langId":"2057","userNickname":"deepan","brandType":"Expedia","title":"Outdated bathrooms","reviewText":"Nice location. Overcharging for calls and poor shower facilities. Didn't fix issues when we complained. ","featured":false,"ratingsOnly":false,"ratingRoomCleanliness":4,"ratingHotelCondition":2,"ratingService":3,"ratingRoomComfort":2,"positiveRemarks":"","negativeRemarks":"","locationRemarks":"","lastInitial":"","userLocation":"UK","reviewSubmissionTime":"2016-08-11T14:57:24Z","reviewerCategories":[{"categoryId":"Everyone","categoryLabel":"Everyone"}],"userDisplayName":"","roomTypeId":"","isUnverified":false,"isFlaggable":false,"isRecommended":"NO"},{"hotelId":"1766605","totalPositiveFeedbacks":0,"tpid":"1","eapid":"0","contentLocale":"en_us","totalThanks":0,"photos":[],"reviewId":"579f568270d3f20b2747a8e8","itinId":"1137971485544","moderationStatus":"APPROVED","contentCodes":"","managementResponses":[],"ratingOverall":5,"langId":"1033","userNickname":"","brandType":"Expedia","title":"Walking distance to everything","reviewText":"We stayed here for a few days and wished we were able to stay longer. Staff was friendly. Close to cable cars, trolleys and stores. Great location. Beds and pillows were the best! ","featured":false,"ratingsOnly":false,"ratingRoomCleanliness":5,"ratingHotelCondition":5,"ratingService":5,"ratingRoomComfort":5,"positiveRemarks":"","negativeRemarks":"","locationRemarks":"","lastInitial":"","userLocation":"","reviewSubmissionTime":"2016-08-01T14:02:42Z","reviewerCategories":[{"categoryId":"Everyone","categoryLabel":"Everyone"}],"userDisplayName":"","roomTypeId":200187373,"isUnverified":false,"isFlaggable":true,"isRecommended":"YES"},{"hotelId":"1766605","totalPositiveFeedbacks":0,"tpid":"1","eapid":"0","contentLocale":"en_us","totalThanks":0,"photos":[],"reviewId":"5796c7bac4201a0b29c1e2d7","itinId":"1140650285155","moderationStatus":"APPROVED","contentCodes":"","managementResponses":[],"ratingOverall":5,"langId":"1033","userNickname":"","brandType":"Expedia","title":"very good location.","reviewText":"Exelent stay with family,walking distances for interes sites.","featured":false,"ratingsOnly":false,"ratingRoomCleanliness":5,"ratingHotelCondition":5,"ratingService":5,"ratingRoomComfort":5,"positiveRemarks":"clean and practical,good service.","negativeRemarks":"i find perfect","locationRemarks":"exelent.","lastInitial":"","userLocation":"","reviewSubmissionTime":"2016-07-26T02:15:22Z","reviewerCategories":[{"categoryId":"Everyone","categoryLabel":"Everyone"}],"userDisplayName":"","roomTypeId":200187373,"isUnverified":false,"isFlaggable":true,"isRecommended":"YES"},{"hotelId":"1766605","totalPositiveFeedbacks":0,"tpid":"1","eapid":"0","contentLocale":"en_us","totalThanks":0,"photos":[],"reviewId":"578ce2036710090b27989564","itinId":"1140246534050","moderationStatus":"APPROVED","contentCodes":"","managementResponses":[],"ratingOverall":5,"langId":"1033","userNickname":"Matthatter","brandType":"Expedia","title":"Nice gem","reviewText":"Very friendly staff. Excellent facilities. Parking was super expensive ($60/night), but we knew that going in.","featured":false,"ratingsOnly":false,"ratingRoomCleanliness":5,"ratingHotelCondition":5,"ratingService":5,"ratingRoomComfort":5,"positiveRemarks":"","negativeRemarks":"","locationRemarks":"","lastInitial":"","userLocation":"Alameda, CA","reviewSubmissionTime":"2016-07-18T14:04:51Z","reviewerCategories":[{"categoryId":"Everyone","categoryLabel":"Everyone"}],"userDisplayName":"","roomTypeId":200178776,"isUnverified":false,"isFlaggable":true,"isRecommended":"YES"},{"hotelId":"1766605","totalPositiveFeedbacks":0,"tpid":"1","eapid":"0","contentLocale":"en_us","totalThanks":0,"photos":[],"reviewId":"5788c7efc728560b2cdf1079","itinId":"1138615069172","moderationStatus":"APPROVED","contentCodes":"","managementResponses":[],"ratingOverall":5,"langId":"1033","userNickname":"BillB","brandType":"Expedia","title":"My favorite hotel in San Francisco","reviewText":"I frequently travel to SF and this is my favorite hotel.  I always enjoy staying here.  ","featured":false,"ratingsOnly":false,"ratingRoomCleanliness":5,"ratingHotelCondition":5,"ratingService":5,"ratingRoomComfort":5,"positiveRemarks":"New, super nice, close to BART & muni.  Walk to AT&T Park.","negativeRemarks":"Expensive, but you get what you pay for.  More K-cups in the room.","locationRemarks":"Try Dottie's True Blue Cafe.  An bike share rack is right in front of the hotel, bring your own helmet.","lastInitial":"","userLocation":"Austin, TX","reviewSubmissionTime":"2016-07-15T11:24:31Z","reviewerCategories":[{"categoryId":"BusinessTravelers","categoryLabel":"BusinessTravelers"}],"userDisplayName":"","roomTypeId":200212070,"isUnverified":false,"isFlaggable":true,"isRecommended":"YES"},{"hotelId":"1766605","totalPositiveFeedbacks":0,"tpid":"1","eapid":"0","contentLocale":"en_us","totalThanks":0,"photos":[],"reviewId":"5787b75615645e0b283ca302","itinId":"1139579421505","moderationStatus":"APPROVED","contentCodes":"","managementResponses":[],"ratingOverall":5,"langId":"1033","userNickname":"M","brandType":"Expedia","title":"","reviewText":"Hotel staff is extremely nice.  Everyone was very courteous and helpful!  Nelson, the concierge, and Anna and May, at check-in,  were ones that offered special attention during my stay.  Great location--it is within walking distance of the greatest shopping center.  I love that!  I would definitely recommend the hotel, and I would stay here again.\r\n","featured":false,"ratingsOnly":false,"ratingRoomCleanliness":5,"ratingHotelCondition":4,"ratingService":5,"ratingRoomComfort":5,"positiveRemarks":"","negativeRemarks":"","locationRemarks":"","lastInitial":"B","userLocation":"Irving,  TX","reviewSubmissionTime":"2016-07-14T16:01:26Z","reviewerCategories":[{"categoryId":"Everyone","categoryLabel":"Everyone"}],"userDisplayName":"","roomTypeId":200178776,"isUnverified":false,"isFlaggable":true,"isRecommended":"YES"},{"hotelId":"1766605","totalPositiveFeedbacks":0,"tpid":"1","eapid":"0","contentLocale":"en_us","totalThanks":0,"photos":[],"reviewId":"57857ad083553b0b271db303","itinId":"1139207599908","moderationStatus":"APPROVED","contentCodes":"","managementResponses":[],"ratingOverall":5,"langId":"1033","userNickname":"Sharon","brandType":"Expedia","title":"Excellent location - excellent service and comfort","reviewText":"Great location - absolutely wonderful customer service- totally luxurious feeling.","featured":false,"ratingsOnly":false,"ratingRoomCleanliness":5,"ratingHotelCondition":5,"ratingService":5,"ratingRoomComfort":5,"positiveRemarks":"Location - bed - cleanliness - service.","negativeRemarks":"Nothing","locationRemarks":"Everything - it was smack downtown San Francisco","lastInitial":"M","userLocation":"Puyallup WA","reviewSubmissionTime":"2016-07-12T23:18:40Z","reviewerCategories":[{"categoryId":"Everyone","categoryLabel":"Everyone"}],"userDisplayName":"","roomTypeId":"","isUnverified":false,"isFlaggable":true,"isRecommended":"YES"},{"hotelId":"1766605","totalPositiveFeedbacks":0,"tpid":"1","eapid":"0","contentLocale":"en_us","totalThanks":0,"photos":[],"reviewId":"578164df95608f0b492af769","itinId":"1139200206868","moderationStatus":"APPROVED","contentCodes":"","managementResponses":[],"ratingOverall":5,"langId":"1033","userNickname":"","brandType":"Expedia","title":"San Francisco","reviewText":"In comparison to other hotels we stayed in, this was wonderful. The rooms were clean, the staff was helpful, check in and out was a breeze. Pool was nice, and inside. Lots of towels, goggles provided (awesome) water provided in the gym, and it was good. We managed to get locked out of our room, they escorted us up with our new keys to make sure there were no further problems. We can't complain about anything.","featured":false,"ratingsOnly":false,"ratingRoomCleanliness":5,"ratingHotelCondition":5,"ratingService":5,"ratingRoomComfort":5,"positiveRemarks":"Location was good","negativeRemarks":"nothing","locationRemarks":"near everything necessary ","lastInitial":"","userLocation":"","reviewSubmissionTime":"2016-07-09T20:55:59Z","reviewerCategories":[{"categoryId":"Families","categoryLabel":"Families"}],"userDisplayName":"","roomTypeId":"","isUnverified":false,"isFlaggable":true,"isRecommended":"YES"},{"hotelId":"1766605","totalPositiveFeedbacks":0,"tpid":"1","eapid":"0","contentLocale":"en_us","totalThanks":0,"photos":[],"reviewId":"576b0d6046f97c0b8201a1b6","itinId":"1137542955917","moderationStatus":"APPROVED","contentCodes":"","managementResponses":[],"ratingOverall":5,"langId":"1033","userNickname":"","brandType":"Expedia","title":"Luxury optional","reviewText":"This hotel provides excellent customer service and has all of the amenities of a high class hotel. As expected, those amenities come at a fairly high price. That being said, ALL of San Francisco is highly priced. ","featured":false,"ratingsOnly":false,"ratingRoomCleanliness":5,"ratingHotelCondition":5,"ratingService":5,"ratingRoomComfort":5,"positiveRemarks":"","negativeRemarks":"","locationRemarks":"","lastInitial":"","userLocation":"","reviewSubmissionTime":"2016-06-22T22:12:48Z","reviewerCategories":[{"categoryId":"Everyone","categoryLabel":"Everyone"}],"userDisplayName":"","roomTypeId":200187373,"isUnverified":false,"isFlaggable":true,"isRecommended":"YES"},{"hotelId":"1766605","totalPositiveFeedbacks":0,"tpid":"1","eapid":"0","contentLocale":"en_us","totalThanks":0,"photos":[],"reviewId":"57668aa99cd5dd0b488d5a79","itinId":"1132630166189","moderationStatus":"APPROVED","contentCodes":"","managementResponses":[],"ratingOverall":5,"langId":"1033","userNickname":"Charity","brandType":"Expedia","title":"Professional Stay","reviewText":"Beds sleep like a cloud.  Very nice stay.  Next door to Moscone Center and mall.","featured":false,"ratingsOnly":false,"ratingRoomCleanliness":5,"ratingHotelCondition":5,"ratingService":5,"ratingRoomComfort":5,"positiveRemarks":"","negativeRemarks":"","locationRemarks":"","lastInitial":"H","userLocation":"Grand Rapids, MI","reviewSubmissionTime":"2016-06-19T12:06:01Z","reviewerCategories":[{"categoryId":"Everyone","categoryLabel":"Everyone"}],"userDisplayName":"","roomTypeId":440830,"isUnverified":false,"isFlaggable":true,"isRecommended":"YES"},{"hotelId":"1766605","totalPositiveFeedbacks":0,"tpid":"1","eapid":"0","contentLocale":"en_us","totalThanks":0,"photos":[],"reviewId":"57549317caa9ae0b8114f63d","itinId":"1136876709657","moderationStatus":"APPROVED","contentCodes":"","managementResponses":[],"ratingOverall":4,"langId":"1033","userNickname":"Kris","brandType":"Expedia","title":"Quiet refuge in a noisy place","reviewText":"The hotel is very business-like. I would stay there if I were visiting SF on business instead of on holiday.  To the effect, the rooms were almost sound proof and perfect for a good night's sleep. The hotel staff was beyond curteous but not annoyingly so. My stay was peasant and relaxing, even if it was only for one night.  ","featured":false,"ratingsOnly":false,"ratingRoomCleanliness":5,"ratingHotelCondition":5,"ratingService":5,"ratingRoomComfort":5,"positiveRemarks":"The quiet rooms. ","negativeRemarks":"Nothing.","locationRemarks":"","lastInitial":"F","userLocation":"","reviewSubmissionTime":"2016-06-05T21:01:11Z","reviewerCategories":[{"categoryId":"BusinessTravelers","categoryLabel":"BusinessTravelers"}],"userDisplayName":"","roomTypeId":200212076,"isUnverified":false,"isFlaggable":true,"isRecommended":"YES"},{"hotelId":"1766605","totalPositiveFeedbacks":0,"tpid":"1","eapid":"0","contentLocale":"en_us","totalThanks":0,"photos":[],"reviewId":"575049fb8476ea09fb8fa5f1","itinId":"1136385500883","moderationStatus":"APPROVED","contentCodes":"","managementResponses":[],"ratingOverall":5,"langId":"1033","userNickname":"Vicki","brandType":"Expedia","title":" Nice location to all the shopping and  attraction","reviewText":" We were on business that took place in Oakland, this hotel is very close to the freeway to get on the Baybridge to Oakland, easy to walk to shopping, restaurants and attractions. Great visit in San Francisco.","featured":false,"ratingsOnly":false,"ratingRoomCleanliness":5,"ratingHotelCondition":5,"ratingService":5,"ratingRoomComfort":5,"positiveRemarks":"","negativeRemarks":"","locationRemarks":"","lastInitial":"","userLocation":"State of Washington","reviewSubmissionTime":"2016-06-02T15:00:11Z","reviewerCategories":[{"categoryId":"Everyone","categoryLabel":"Everyone"}],"userDisplayName":"","roomTypeId":200212070,"isUnverified":false,"isFlaggable":true,"isRecommended":"YES"},{"hotelId":"1766605","totalPositiveFeedbacks":0,"tpid":"1","eapid":"0","contentLocale":"en_us","totalThanks":0,"photos":[],"reviewId":"574eea9d867a860a01c446cd","itinId":"1136480305489","moderationStatus":"APPROVED","contentCodes":"","managementResponses":[],"ratingOverall":5,"langId":"1033","userNickname":"CelCamp","brandType":"Expedia","title":"Nice hotel close to shopping centers","reviewText":"We were greeted by May in the reception desk. She was just exceptional. Not only her but  all staff from the conceirge to the bell boy to the crew at the breakfast restaurant.\r\n","featured":false,"ratingsOnly":false,"ratingRoomCleanliness":5,"ratingHotelCondition":5,"ratingService":5,"ratingRoomComfort":5,"positiveRemarks":"  Nice room we were in. We had the nice view of San Francisco.\r\n","negativeRemarks":"","locationRemarks":"The location is very ideal for us. It is just few steps to my cousins' place and to the bloomingdale shoppong mall where i usually shop.","lastInitial":"","userLocation":"TriCities Washington","reviewSubmissionTime":"2016-06-01T14:01:01Z","reviewerCategories":[{"categoryId":"Everyone","categoryLabel":"Everyone"}],"userDisplayName":"","roomTypeId":200212076,"isUnverified":false,"isFlaggable":true,"isRecommended":"YES"},{"hotelId":"1766605","totalPositiveFeedbacks":0,"tpid":"1","eapid":"0","contentLocale":"en_us","totalThanks":0,"photos":[],"reviewId":"574df32b77861509fa626d83","itinId":"1136103492949","moderationStatus":"APPROVED","contentCodes":"HMP MMD","managementResponses":[],"ratingOverall":2,"langId":"1033","userNickname":"","brandType":"Expedia","title":"It is not 4.5 star","reviewText":"Right when we walked into the room, it was warm and the carpet has some \"stuff\" on the floor.  The bathroom and faucet issue, super hot or super cool water only.  The location of the room and by the ice room and it was loud.  Very disappointed","featured":false,"ratingsOnly":false,"ratingRoomCleanliness":2,"ratingHotelCondition":3,"ratingService":5,"ratingRoomComfort":3,"positiveRemarks":"Booked it before","negativeRemarks":"simple clean the room","locationRemarks":"","lastInitial":"","userLocation":"","reviewSubmissionTime":"2016-05-31T20:25:15Z","reviewerCategories":[{"categoryId":"Everyone","categoryLabel":"Everyone"}],"userDisplayName":"","roomTypeId":200187373,"isUnverified":false,"isFlaggable":false,"isRecommended":"NO"},{"hotelId":"1766605","totalPositiveFeedbacks":0,"tpid":"1","eapid":"0","contentLocale":"en_us","totalThanks":0,"photos":[],"reviewId":"5748b27aff1e7b09fa144b90","itinId":"1129642367678","moderationStatus":"APPROVED","contentCodes":"","managementResponses":[],"ratingOverall":4,"langId":"1033","userNickname":"","brandType":"Expedia","title":"","reviewText":"Hotel was fine but I was there for a short stay and did not interact with staff much, however, the bit I did, they were very nice.\r\n","featured":false,"ratingsOnly":false,"ratingRoomCleanliness":4,"ratingHotelCondition":4,"ratingService":4,"ratingRoomComfort":4,"positiveRemarks":"","negativeRemarks":"","locationRemarks":"","lastInitial":"","userLocation":"","reviewSubmissionTime":"2016-05-27T20:47:54Z","reviewerCategories":[{"categoryId":"Everyone","categoryLabel":"Everyone"}],"userDisplayName":"","roomTypeId":200212076,"isUnverified":false,"isFlaggable":true,"isRecommended":"YES"},{"hotelId":"1766605","totalPositiveFeedbacks":0,"tpid":"1","eapid":"0","contentLocale":"en_us","totalThanks":0,"photos":[],"reviewId":"5741f239145d8109fd63592c","itinId":"1134458319235","moderationStatus":"APPROVED","contentCodes":"","managementResponses":[],"ratingOverall":4,"langId":"1033","userNickname":"Spartan","brandType":"Expedia","title":"Nice hotel good location ","reviewText":"First stay at this hotel, overall good experience, I'll be back!","featured":false,"ratingsOnly":false,"ratingRoomCleanliness":5,"ratingHotelCondition":4,"ratingService":4,"ratingRoomComfort":4,"positiveRemarks":"","negativeRemarks":"","locationRemarks":"","lastInitial":"","userLocation":"Los Angeles","reviewSubmissionTime":"2016-05-22T17:54:01Z","reviewerCategories":[{"categoryId":"Everyone","categoryLabel":"Everyone"}],"userDisplayName":"","roomTypeId":200212070,"isUnverified":false,"isFlaggable":true,"isRecommended":"YES"},{"hotelId":"1766605","totalPositiveFeedbacks":0,"tpid":"1","eapid":"0","contentLocale":"en_us","totalThanks":0,"photos":[],"reviewId":"574083d0c845e309fbc38abe","itinId":"1128788353725","moderationStatus":"APPROVED","contentCodes":"","managementResponses":[],"ratingOverall":5,"langId":"1033","userNickname":"","brandType":"Expedia","title":"","reviewText":"Very clean. Centralized. Good staff. Overpriced water bottles. ","featured":false,"ratingsOnly":false,"ratingRoomCleanliness":5,"ratingHotelCondition":5,"ratingService":5,"ratingRoomComfort":5,"positiveRemarks":"","negativeRemarks":"","locationRemarks":"","lastInitial":"","userLocation":"","reviewSubmissionTime":"2016-05-21T15:50:40Z","reviewerCategories":[{"categoryId":"Everyone","categoryLabel":"Everyone"}],"userDisplayName":"","roomTypeId":440830,"isUnverified":false,"isFlaggable":true,"isRecommended":"YES"},{"hotelId":"1766605","totalPositiveFeedbacks":0,"tpid":"1","eapid":"0","contentLocale":"en_us","totalThanks":0,"photos":[],"reviewId":"573e092d69c3f409f807e9dc","itinId":"1132738940536","moderationStatus":"APPROVED","contentCodes":"","managementResponses":[],"ratingOverall":5,"langId":"1033","userNickname":"bob","brandType":"Expedia","title":"Nice location","reviewText":"Nice location excellent snacks excellent late nite  nite cap bar!!!!","featured":false,"ratingsOnly":false,"ratingRoomCleanliness":5,"ratingHotelCondition":5,"ratingService":5,"ratingRoomComfort":5,"positiveRemarks":"","negativeRemarks":"","locationRemarks":"","lastInitial":"","userLocation":"chicago","reviewSubmissionTime":"2016-05-19T18:42:53Z","reviewerCategories":[{"categoryId":"Everyone","categoryLabel":"Everyone"}],"userDisplayName":"","roomTypeId":200212066,"isUnverified":false,"isFlaggable":true,"isRecommended":"YES"}]}}}
