{"reviewDetails":{"startIndex":0,"numberOfReviewsInThisPage":20,"reviewSummaryCollection":{"reviewSummary":[{"hotelId":"26760","totalReviewCnt":1428,"avgOverallRating":4.135153,"cleanliness":4.329136,"serviceAndStaff":4.2843156,"roomComfort":4.159666,"hotelCondition":4.1162486,"convenienceOfLocation":4.8450727,"neighborhoodSatisfaction":4.666665,"roomQuality":0,"targetedBrand":"Expedia","originSummary":[{"origin":"Expedia","reviewCnt":1428,"recommendedPercent":83.40336,"avgOverallRating":4.135153,"cleanliness":4.329136,"serviceAndStaff":4.2843156,"roomComfort":4.159666,"hotelCondition":4.1162486,"convenienceOfLocation":4.8450727,"neighborhoodSatisfaction":4.666665,"valueForMoney":0,"roomQuality":0,"categoryCounts":{"Everyone":738,"Couples":128,"BusinessTravelers":27,"Students":1,"Families":50,"Other":17},"roomTypeIdCounts":{"200665205":27,"200665207":50,"200665203":19,"227405":34,"200665210":66,"200351653":1,"227413":30,"227423":27,"2718":79,"200351633":5,"227426":16,"200351699":68,"227425":12,"200128911":1,"200351636":9,"200351639":17,"200351645":1,"200351644":16,"15344":1,"200319300":1,"200351686":113,"51127":1,"200351693":26,"150527":4,"200165264":1,"150525":13},"languageCounts":{"en":1428}}],"recommendedPercent":83.40336,"valueForMoney":0,"categoryCounts":{"Everyone":738,"Couples":128,"BusinessTravelers":27,"Students":1,"Families":50,"Other":17},"roomTypeIdCounts":{"200665205":27,"200665207":50,"200665203":19,"227405":34,"200665210":66,"200351653":1,"227413":30,"227423":27,"2718":79,"200351633":5,"227426":16,"200351699":68,"227425":12,"200128911":1,"200351636":9,"200351639":17,"200351645":1,"200351644":16,"15344":1,"200319300":1,"200351686":113,"51127":1,"200351693":26,"150527":4,"200165264":1,"150525":13},"languageCounts":{"en":1428},"featuredReview":{}}]},"reviewCollection":{"review":[{"hotelId":"26760","totalPositiveFeedbacks":0,"tpid":"1","eapid":"0","contentLocale":"en_us","totalThanks":0,"photos":[],"reviewId":"57b38e92b565400b078d7e81","itinId":"1140126367628","moderationStatus":"APPROVED","contentCodes":"","managementResponses":[],"ratingOverall":5,"langId":"1033","userNickname":"E","brandType":"Expedia","title":"a superb experience ","reviewText":"A superb experience. Exceptional customer service from all staff. I enjoyed every minute of my stay. Excellent setting and people. ","featured":false,"ratingsOnly":false,"ratingRoomCleanliness":5,"ratingHotelCondition":5,"ratingService":5,"ratingRoomComfort":5,"positiveRemarks":"","negativeRemarks":"","locationRemarks":"","lastInitial":"","userLocation":"G","reviewSubmissionTime":"2016-08-16T22:07:14Z","reviewerCategories":[{"categoryId":"Everyone","categoryLabel":"Everyone"}],"userDisplayName":"","roomTypeId":200351693,"isUnverified":false,"isFlaggable":true,"isRecommended":"YES"},{"hotelId":"26760","totalPositiveFeedbacks":0,"tpid":"1","eapid":"0","contentLocale":"en_us","totalThanks":0,"photos":[],"reviewId":"57b35382b32f690b062f39de","itinId":"1139468851475","moderationStatus":"APPROVED","contentCodes":"","managementResponses":[],"ratingOverall":3,"langId":"1033","userNickname":"Rachel","brandType":"Expedia","title":"great location in union square","reviewText":"The room was clean, although the bathroom and closet space was a little on the small size.  Disappointed that breakfast and wifi was not included in the price. The room had a musty, damp smell. The location was great for restaurants, night life and transportation, therefore could be a little to the noisy side.","featured":false,"ratingsOnly":false,"ratingRoomCleanliness":4,"ratingHotelCondition":3,"ratingService":4,"ratingRoomComfort":4,"positiveRemarks":"Location","negativeRemarks":"The musty smell and the overall appearance of the hallways on the bedroom floors.","locationRemarks":"Directly in front of Union Square. Plenty of restaurants, shopping and transportation close by.","lastInitial":"","userLocation":"Philadelphia","reviewSubmissionTime":"2016-08-16T17:55:14Z","reviewerCategories":[{"categoryId":"Everyone","categoryLabel":"Everyone"}],"userDisplayName":"","roomTypeId":200351699,"isUnverified":false,"isFlaggable":true,"isRecommended":"YES"},{"hotelId":"26760","totalPositiveFeedbacks":0,"tpid":"1","eapid":"0","contentLocale":"en_us","totalThanks":0,"photos":[],"reviewId":"57b02c5ac25ece0b06940658","itinId":"1143432612700","moderationStatus":"APPROVED","contentCodes":"","managementResponses":[],"ratingOverall":3,"langId":"1033","userNickname":"judith","brandType":"Expedia","title":"Nice hotel","reviewText":"Nice hotel, very clean wish the room is a little bigger.","featured":false,"ratingsOnly":false,"ratingRoomCleanliness":4,"ratingHotelCondition":3,"ratingService":3,"ratingRoomComfort":3,"positiveRemarks":"","negativeRemarks":"","locationRemarks":"","lastInitial":"","userLocation":"CA","reviewSubmissionTime":"2016-08-14T08:31:22Z","reviewerCategories":[{"categoryId":"Everyone","categoryLabel":"Everyone"}],"userDisplayName":"","roomTypeId":200351686,"isUnverified":false,"isFlaggable":true,"isRecommended":"YES"},{"hotelId":"26760","totalPositiveFeedbacks":0,"tpid":"3","eapid":"0","contentLocale":"en_gb","totalThanks":0,"photos":[],"reviewId":"57af9205c855640b05c65683","itinId":"111593800301","moderationStatus":"APPROVED","contentCodes":"HMP MMD","managementResponses":[],"ratingOverall":3,"langId":"2057","userNickname":"matt","brandType":"Expedia","title":"Underwhelming ","reviewText":"I've been looking forward to being able to book in to this hotel for a few years and finally got the chance.\r\n\r\nThe hotel is ok, but underwhelming to be honest. We had a two bed room in the tower. The beds were small, given the room was for 4 people there was only enough stuff for two setup in the room. \r\n\r\nWe were on the 5 floor with a view of a back of a building so had no sunlight. \r\n\r\nPerhaps this was because we got a good deal on the room? Also charge for wifi! Who still does this!?!?\r\n\r\nLocation was good, I just overall expected higher quality than the other hotels I stayed in SF. I won't be booking again.","featured":false,"ratingsOnly":false,"ratingRoomCleanliness":4,"ratingHotelCondition":3,"ratingService":4,"ratingRoomComfort":2,"positiveRemarks":"","negativeRemarks":"","locationRemarks":"","lastInitial":"","userLocation":"London","reviewSubmissionTime":"2016-08-13T21:32:53Z","reviewerCategories":[{"categoryId":"Everyone","categoryLabel":"Everyone"}],"userDisplayName":"","roomTypeId":200665203,"isUnverified":false,"isFlaggable":false,"isRecommended":"NO"},{"hotelId":"26760","totalPositiveFeedbacks":0,"tpid":"1","eapid":"0","contentLocale":"en_us","totalThanks":0,"photos":[],"reviewId":"57af4c39fc689a0b07df2711","itinId":"1138260006407","moderationStatus":"APPROVED","contentCodes":"HMP MMD","managementResponses":[],"ratingOverall":3,"langId":"1033","userNickname":"","brandType":"Expedia","title":"ummmmmm not coming back. ","reviewText":"Thirty minutes to check in for room. No designated pet floor or rooms. Pets stay in any room. Yuck! Asked for a quiet location and was told they could not give me a quiet room. \r\nOld and worn. Lobby is like walking through Disneyland. Crazy crowded. \r\n","featured":false,"ratingsOnly":false,"ratingRoomCleanliness":2,"ratingHotelCondition":2,"ratingService":2,"ratingRoomComfort":3,"positiveRemarks":"","negativeRemarks":"","locationRemarks":"","lastInitial":"","userLocation":"","reviewSubmissionTime":"2016-08-13T16:35:05Z","reviewerCategories":[{"categoryId":"Everyone","categoryLabel":"Everyone"}],"userDisplayName":"","roomTypeId":200351644,"isUnverified":false,"isFlaggable":false,"isRecommended":"NO"},{"hotelId":"26760","totalPositiveFeedbacks":0,"tpid":"1","eapid":"0","contentLocale":"en_us","totalThanks":0,"photos":[],"reviewId":"57accc857bcb920b0881f009","itinId":"1142638847764","moderationStatus":"APPROVED","contentCodes":"","managementResponses":[],"ratingOverall":5,"langId":"1033","userNickname":"","brandType":"Expedia","title":"","reviewText":"Very nice personnel. Only snarky one the male concierge who wasn't very helpful and impatient \r\nBut room was great. Front desk staff super nice \r\n","featured":false,"ratingsOnly":false,"ratingRoomCleanliness":5,"ratingHotelCondition":5,"ratingService":4,"ratingRoomComfort":5,"positiveRemarks":"","negativeRemarks":"","locationRemarks":"","lastInitial":"","userLocation":"","reviewSubmissionTime":"2016-08-11T19:05:41Z","reviewerCategories":[{"categoryId":"Everyone","categoryLabel":"Everyone"}],"userDisplayName":"","roomTypeId":200351693,"isUnverified":false,"isFlaggable":true,"isRecommended":"YES"},{"hotelId":"26760","totalPositiveFeedbacks":0,"tpid":"1","eapid":"0","contentLocale":"en_us","totalThanks":0,"photos":[],"reviewId":"57aa81524a939b0b09d47fe6","itinId":"1141494056531","moderationStatus":"APPROVED","contentCodes":"","managementResponses":[],"ratingOverall":5,"langId":"1033","userNickname":"","brandType":"Expedia","title":"Great as always","reviewText":"Have been staying here since the 1970s. Staff is great. Rooms are very comfortable. Wifi is great. Lobby bar/restaurant staff is excellent and a great place to grab a quick bite or people watch. Location is outstanding. \r\nWish they would reopen the large bar/restaurant to the left of the clock by the entrance. The ambiance of that bar was one of my favs.","featured":false,"ratingsOnly":false,"ratingRoomCleanliness":5,"ratingHotelCondition":5,"ratingService":5,"ratingRoomComfort":5,"positiveRemarks":"","negativeRemarks":"","locationRemarks":"","lastInitial":"","userLocation":"","reviewSubmissionTime":"2016-08-10T01:20:18Z","reviewerCategories":[{"categoryId":"Everyone","categoryLabel":"Everyone"}],"userDisplayName":"","roomTypeId":200665207,"isUnverified":false,"isFlaggable":true,"isRecommended":"YES"},{"hotelId":"26760","totalPositiveFeedbacks":0,"tpid":"4","eapid":"0","contentLocale":"en_ca","totalThanks":0,"photos":[],"reviewId":"57a50e257b42f40b28c956ef","itinId":"1140407992711","moderationStatus":"APPROVED","contentCodes":"NLI HMP MMD","managementResponses":[],"ratingOverall":3,"langId":"4105","userNickname":"Sherry","brandType":"Expedia","title":"Mini Bar checking person is terrible. ","reviewText":"The bed is so comfortable, the location is convenient, but at first day , when we stay at room about 3pm, Mimi bar checking person just open the door, then we say we are in room, so he(or she) left, after we went to dinner, about 8 pm we found our room door just open and unlock. So scary⋯, almost 5 hr our room door just unlocked, It's lucky our room just behind the corner seems nothing lost, but is really make we feel so terrible, no privacy at all(my passport.my computer⋯everything in room)\r\n\r\nAfter we respond, the security person checked⋯， and told us it just the mini bar person come, anyway the manage(Mary) apologize to us and give us a gift to make we feel better, we accept(It's already happen, right?)\r\n\r\nNext day morning, 8:15AM somebody knocked the door, it!s the clean person, she stand front another room, said to me she will come back later, and then when I sleep at the comfortable bed, she knocked the door at 9 am again. \r\n\r\nWhat a day! Why they just work so hard and so early? I don't know, maybe it's just want let me know~everything Is not so easy to just enjoy the joy when other people work so hard. ","featured":false,"ratingsOnly":false,"ratingRoomCleanliness":4,"ratingHotelCondition":4,"ratingService":2,"ratingRoomComfort":4,"positiveRemarks":"The bed is so comfortable! ","negativeRemarks":"Don' t make your staff to disturb guest.","locationRemarks":"Sighing & Shopping! ","lastInitial":"L","userLocation":"Vancouver","reviewSubmissionTime":"2016-08-05T22:07:33Z","reviewerCategories":[{"categoryId":"Everyone","categoryLabel":"Everyone"}],"userDisplayName":"","roomTypeId":200351699,"isUnverified":false,"isFlaggable":false,"isRecommended":"YES"},{"hotelId":"26760","totalPositiveFeedbacks":0,"tpid":"3","eapid":"0","contentLocale":"en_gb","totalThanks":0,"photos":[],"reviewId":"57a2c960075f640b2769a543","itinId":"111753500466","moderationStatus":"APPROVED","contentCodes":"","managementResponses":[],"ratingOverall":3,"langId":"2057","userNickname":"Bob","brandType":"Expedia","title":"Great hotel in Union Square !!!","reviewText":"Hotel great the staff very polite apart from a waitress in the clock cocktail lounge,she bought our drinks and asked very aggressively how we were going to pay,she loomed over us until we told her,this happened to others in the bar she was very rude.","featured":false,"ratingsOnly":false,"ratingRoomCleanliness":5,"ratingHotelCondition":5,"ratingService":5,"ratingRoomComfort":5,"positiveRemarks":"The location,front of desk staff cleanliness.","negativeRemarks":"Free wifi in all rooms.The waitresses attitude in the cocktail bar.","locationRemarks":"Very central everything close by.","lastInitial":"S","userLocation":"Brierfield U.K","reviewSubmissionTime":"2016-08-04T04:49:36Z","reviewerCategories":[{"categoryId":"Everyone","categoryLabel":"Everyone"}],"userDisplayName":"","roomTypeId":200351699,"isUnverified":false,"isFlaggable":true,"isRecommended":"YES"},{"hotelId":"26760","totalPositiveFeedbacks":0,"tpid":"1","eapid":"0","contentLocale":"en_us","totalThanks":0,"photos":[],"reviewId":"57a264164f61260b26dc81e3","itinId":"1139185141672","moderationStatus":"APPROVED","contentCodes":"","managementResponses":[],"ratingOverall":5,"langId":"1033","userNickname":"","brandType":"Expedia","title":"Luxury Hotel","reviewText":"The hotel is very clean, luxury and nice, but the rooms are small.","featured":false,"ratingsOnly":false,"ratingRoomCleanliness":5,"ratingHotelCondition":3,"ratingService":5,"ratingRoomComfort":3,"positiveRemarks":"","negativeRemarks":"","locationRemarks":"","lastInitial":"","userLocation":"","reviewSubmissionTime":"2016-08-03T21:37:26Z","reviewerCategories":[{"categoryId":"Everyone","categoryLabel":"Everyone"}],"userDisplayName":"","roomTypeId":200351686,"isUnverified":false,"isFlaggable":true,"isRecommended":"YES"},{"hotelId":"26760","totalPositiveFeedbacks":1,"tpid":"25","eapid":"0","contentLocale":"en_au","totalThanks":1,"photos":[],"reviewId":"57a20aa4e40c4a0b2814b1b0","itinId":"17746801152","moderationStatus":"APPROVED","contentCodes":"HMP MMD","managementResponses":[],"ratingOverall":4,"langId":"3081","userNickname":"","brandType":"Expedia","title":"","reviewText":"Great location for all San Fran tourist spots and shopping hotel is also really big so it's always busy! Never a shortage of cabs out front either ","featured":false,"ratingsOnly":false,"ratingRoomCleanliness":4,"ratingHotelCondition":4,"ratingService":5,"ratingRoomComfort":4,"positiveRemarks":"","negativeRemarks":"","locationRemarks":"","lastInitial":"","userLocation":"","reviewSubmissionTime":"2016-08-03T15:15:48Z","reviewerCategories":[{"categoryId":"Everyone","categoryLabel":"Everyone"}],"userDisplayName":"","roomTypeId":200665210,"isUnverified":false,"isFlaggable":false,"isRecommended":"YES"},{"hotelId":"26760","totalPositiveFeedbacks":0,"tpid":"1","eapid":"0","contentLocale":"en_us","totalThanks":0,"photos":[],"reviewId":"579f66fea5437e0b28b13954","itinId":"1135567470392","moderationStatus":"APPROVED","contentCodes":"","managementResponses":[],"ratingOverall":5,"langId":"1033","userNickname":"Joanne","brandType":"Expedia","title":"","reviewText":"Lovely hotel. I highly recommend a room with the view of Union Square.","featured":false,"ratingsOnly":false,"ratingRoomCleanliness":5,"ratingHotelCondition":5,"ratingService":5,"ratingRoomComfort":5,"positiveRemarks":"","negativeRemarks":"","locationRemarks":"","lastInitial":"","userLocation":"Marin County","reviewSubmissionTime":"2016-08-01T15:13:02Z","reviewerCategories":[{"categoryId":"Everyone","categoryLabel":"Everyone"}],"userDisplayName":"","roomTypeId":200351639,"isUnverified":false,"isFlaggable":true,"isRecommended":"YES"},{"hotelId":"26760","totalPositiveFeedbacks":0,"tpid":"1","eapid":"0","contentLocale":"en_us","totalThanks":0,"photos":[],"reviewId":"579f6447a5437e0b28a8129a","itinId":"1140313929251","moderationStatus":"APPROVED","contentCodes":"","managementResponses":[],"ratingOverall":4,"langId":"1033","userNickname":"L.","brandType":"Expedia","title":"Lovely Hotel, Perfect Location","reviewText":"We were very pleased staying at The Westin in Union Square. It is centrally located for amazing shopping. We had a lovely room in the old part of the hotel. The only thing I would say is seeing that our room was in the original part of the hotel it was quite small & we could hear everything going on out in the hall. Other than that the hotel was great.","featured":false,"ratingsOnly":false,"ratingRoomCleanliness":5,"ratingHotelCondition":4,"ratingService":5,"ratingRoomComfort":4,"positiveRemarks":"Central location. Very historic & beautiful! Great staff.","negativeRemarks":"Our room was quite small, but don't know how that could be improved. Maybe some better toiletries as well.","locationRemarks":"Smack dab in the middle of Union Square & amazing shopping!","lastInitial":"R","userLocation":"Central California","reviewSubmissionTime":"2016-08-01T15:01:27Z","reviewerCategories":[{"categoryId":"Everyone","categoryLabel":"Everyone"}],"userDisplayName":"","roomTypeId":200351686,"isUnverified":false,"isFlaggable":true,"isRecommended":"YES"},{"hotelId":"26760","totalPositiveFeedbacks":0,"tpid":"1","eapid":"0","contentLocale":"en_us","totalThanks":0,"photos":[],"reviewId":"579f4d934d74660b297d1cb6","itinId":"1132101387230","moderationStatus":"APPROVED","contentCodes":"","managementResponses":[],"ratingOverall":1,"langId":"1033","userNickname":"","brandType":"Expedia","title":"Slow check-in","reviewText":"Check in took more than 35 mins; check out took 25 mins and there were only 3 people in line. There was clearly not enough to staff to handle the influx of check-ins. The environment in the hotel is frenetic and is not a pleasant or relaxing experience. The room was tiny. The staff was the only highlight...they were polite and helpful.","featured":false,"ratingsOnly":false,"ratingRoomCleanliness":3,"ratingHotelCondition":3,"ratingService":3,"ratingRoomComfort":4,"positiveRemarks":"","negativeRemarks":"","locationRemarks":"","lastInitial":"","userLocation":"s","reviewSubmissionTime":"2016-08-01T13:24:35Z","reviewerCategories":[{"categoryId":"Everyone","categoryLabel":"Everyone"}],"userDisplayName":"","roomTypeId":200351686,"isUnverified":false,"isFlaggable":true,"isRecommended":"NO"},{"hotelId":"26760","totalPositiveFeedbacks":0,"tpid":"1","eapid":"0","contentLocale":"en_us","totalThanks":0,"photos":[],"reviewId":"579e1ec689ba8c0b062b4d97","itinId":"1140588081970","moderationStatus":"APPROVED","contentCodes":"","managementResponses":[],"ratingOverall":5,"langId":"1033","userNickname":"","brandType":"Expedia","title":"Excellent hotel, close to everything. ","reviewText":"Staff was amazing, views were breath taking will be back soon!","featured":false,"ratingsOnly":false,"ratingRoomCleanliness":5,"ratingHotelCondition":5,"ratingService":5,"ratingRoomComfort":5,"positiveRemarks":"","negativeRemarks":"","locationRemarks":"","lastInitial":"","userLocation":"","reviewSubmissionTime":"2016-07-31T15:52:38Z","reviewerCategories":[{"categoryId":"Everyone","categoryLabel":"Everyone"}],"userDisplayName":"","roomTypeId":200665205,"isUnverified":false,"isFlaggable":true,"isRecommended":"YES"},{"hotelId":"26760","totalPositiveFeedbacks":0,"tpid":"1","eapid":"0","contentLocale":"en_us","totalThanks":0,"photos":[],"reviewId":"579b5707b75cf40b0ed5da19","itinId":"1140890426856","moderationStatus":"APPROVED","contentCodes":"","managementResponses":[],"ratingOverall":4,"langId":"1033","userNickname":"Chris","brandType":"Expedia","title":"Beautiful Grand Hotel","reviewText":"The carpets were a little old and worn but the hotel was beautiful.  Rooms were large and we had a great view of Union Square.   The checkin line was a little long but I would definitely stay in the hotel again.  The staff made up for any inconveniences that we had.","featured":false,"ratingsOnly":false,"ratingRoomCleanliness":4,"ratingHotelCondition":4,"ratingService":5,"ratingRoomComfort":5,"positiveRemarks":"Beautiful grand entrance.  Large grand rooms. ","negativeRemarks":"Check in line.  Drink prices in the bar.","locationRemarks":"Location is excellent.  Located on Union Square and right on the trolley line.","lastInitial":"","userLocation":"Houston","reviewSubmissionTime":"2016-07-29T13:15:51Z","reviewerCategories":[{"categoryId":"Couples","categoryLabel":"Couples"}],"userDisplayName":"","roomTypeId":200351644,"isUnverified":false,"isFlaggable":true,"isRecommended":"YES"},{"hotelId":"26760","totalPositiveFeedbacks":0,"tpid":"1","eapid":"0","contentLocale":"en_us","totalThanks":0,"photos":[],"reviewId":"579a4914bc818e0b06a46a9a","itinId":"1139488167909","moderationStatus":"APPROVED","contentCodes":"","managementResponses":[],"ratingOverall":3,"langId":"1033","userNickname":"Eli","brandType":"Expedia","title":"","reviewText":"Hotel staff was very good, hotel location was  very good.","featured":false,"ratingsOnly":false,"ratingRoomCleanliness":4,"ratingHotelCondition":3,"ratingService":4,"ratingRoomComfort":3,"positiveRemarks":"","negativeRemarks":"","locationRemarks":"","lastInitial":"","userLocation":"Seattle, WA","reviewSubmissionTime":"2016-07-28T18:04:04Z","reviewerCategories":[{"categoryId":"Everyone","categoryLabel":"Everyone"}],"userDisplayName":"","roomTypeId":200351699,"isUnverified":false,"isFlaggable":true,"isRecommended":"YES"},{"hotelId":"26760","totalPositiveFeedbacks":0,"tpid":"1","eapid":"0","contentLocale":"en_us","totalThanks":0,"photos":[],"reviewId":"5797b11118db790b28197326","itinId":"1134633522684","moderationStatus":"APPROVED","contentCodes":"","managementResponses":[],"ratingOverall":3,"langId":"1033","userNickname":"Travelbug","brandType":"Expedia","title":"Nice location - easy to get around","reviewText":"Overall this Westin was a nice place to stay - you are right down in Union Sq with many close shops and restaurants. We stayed in the newer tower.  We were supposed to get a higher level room when we checked in but none were available, but the receptionist said she would make sure it's all taken care of the next day.  She said our bags and everything would be moved for us and we didn't have to do a thing. Of course, that did not happen. When we came back from our adventures for the day, nothing was done and they didn't even have it in the system. The new person we talked to took care of it though. Overall, the hotel was convenient and clean. The bed was comfortable but the sheets were scratchy and not at all soft - that would be my biggest complaint.","featured":false,"ratingsOnly":false,"ratingRoomCleanliness":4,"ratingHotelCondition":3,"ratingService":2,"ratingRoomComfort":3,"positiveRemarks":"Location and cleanliness in the newer tower.","negativeRemarks":"Sheets could be less starchy and more soft.","locationRemarks":"Lots of shopping and good food within walking distance.","lastInitial":"","userLocation":"Wisconsin","reviewSubmissionTime":"2016-07-26T18:50:57Z","reviewerCategories":[{"categoryId":"Everyone","categoryLabel":"Everyone"}],"userDisplayName":"","roomTypeId":200665207,"isUnverified":false,"isFlaggable":true,"isRecommended":"YES"},{"hotelId":"26760","totalPositiveFeedbacks":1,"tpid":"1","eapid":"0","contentLocale":"en_us","totalThanks":1,"photos":[],"reviewId":"5790d5ab18db790b286f786d","itinId":"1133113459214","moderationStatus":"APPROVED","contentCodes":"","managementResponses":[],"ratingOverall":4,"langId":"1033","userNickname":"ramis ","brandType":"Expedia","title":"Excellent location and historical property ","reviewText":"Comfortable stay but staff are slightly rude . I strongly recommend this hotel due to hotel location and nice property ","featured":false,"ratingsOnly":false,"ratingRoomCleanliness":4,"ratingHotelCondition":4,"ratingService":3,"ratingRoomComfort":4,"positiveRemarks":"","negativeRemarks":"","locationRemarks":"","lastInitial":"","userLocation":"pakistan ","reviewSubmissionTime":"2016-07-21T14:01:15Z","reviewerCategories":[{"categoryId":"Everyone","categoryLabel":"Everyone"}],"userDisplayName":"","roomTypeId":200665203,"isUnverified":false,"isFlaggable":true,"isRecommended":"YES"},{"hotelId":"26760","totalPositiveFeedbacks":1,"tpid":"1","eapid":"0","contentLocale":"en_us","totalThanks":1,"photos":[],"reviewId":"5790cd9556f59b0b2dcff532","itinId":"1130430617482","moderationStatus":"APPROVED","contentCodes":"","managementResponses":[],"ratingOverall":4,"langId":"1033","userNickname":"","brandType":"Expedia","title":"Great Location!","reviewText":"The location is perfect.  A lot of shopping and restaurants around the hotel.  The hotel is old but well kept with an upscale vibe.","featured":false,"ratingsOnly":false,"ratingRoomCleanliness":4,"ratingHotelCondition":4,"ratingService":3,"ratingRoomComfort":4,"positiveRemarks":"","negativeRemarks":"","locationRemarks":"","lastInitial":"","userLocation":"","reviewSubmissionTime":"2016-07-21T13:26:45Z","reviewerCategories":[{"categoryId":"Everyone","categoryLabel":"Everyone"}],"userDisplayName":"","roomTypeId":200351639,"isUnverified":false,"isFlaggable":true,"isRecommended":"YES"}]}}}
