{"reviewDetails":{"startIndex":0,"numberOfReviewsInThisPage":20,"reviewSummaryCollection":{"reviewSummary":[{"hotelId":"519729","totalReviewCnt":56,"avgOverallRating":4.4999986,"cleanliness":4.5000005,"serviceAndStaff":4.3571434,"roomComfort":4.5535727,"hotelCondition":4.625,"convenienceOfLocation":4.6666665,"neighborhoodSatisfaction":4.6666665,"roomQuality":0,"targetedBrand":"Expedia","originSummary":[{"origin":"Expedia","reviewCnt":56,"recommendedPercent":96.42857,"avgOverallRating":4.4999986,"cleanliness":4.5000005,"serviceAndStaff":4.3571434,"roomComfort":4.5535727,"hotelCondition":4.625,"convenienceOfLocation":4.6666665,"neighborhoodSatisfaction":4.6666665,"valueForMoney":0,"roomQuality":0,"categoryCounts":{"Everyone":47,"Couples":3,"Families":4},"roomTypeIdCounts":{"200314003":1,"200314008":5},"languageCounts":{"en":56}}],"recommendedPercent":96.42857,"valueForMoney":0,"categoryCounts":{"Everyone":47,"Couples":3,"Families":4},"roomTypeIdCounts":{"200314003":1,"200314008":5},"languageCounts":{"en":56},"featuredReview":{}}]},"reviewCollection":{"review":[{"hotelId":"519729","totalPositiveFeedbacks":0,"tpid":"1","eapid":"0","contentLocale":"en_us","totalThanks":0,"photos":[],"reviewId":"560805510ab52408f822cefa","itinId":"1117524818570","moderationStatus":"APPROVED","contentCodes":"","managementResponses":[],"ratingOverall":4,"langId":"1033","userNickname":"calif traveler","brandType":"Expedia","title":"Calif Traveler ","reviewText":"Quiet, clean, spacious room and priced right. WiFi is good,  staff is friendly and helpful. Facility is clean and also smells clean.  The hotel is situated not far from the airport but not noisy and has a great view of the peninsula.  Our room a/c was noisy and had a rattling sound.  The hotel is far from nearby restaurants.","featured":false,"ratingsOnly":false,"ratingRoomCleanliness":4,"ratingHotelCondition":4,"ratingService":4,"ratingRoomComfort":4,"positiveRemarks":"","negativeRemarks":"","locationRemarks":"","lastInitial":"","userLocation":"sacramento","reviewSubmissionTime":"2015-09-27T15:03:45Z","reviewerCategories":[{"categoryId":"Everyone","categoryLabel":"Everyone"}],"userDisplayName":"","roomTypeId":"","isUnverified":false,"isFlaggable":true,"isRecommended":"YES"},{"hotelId":"519729","totalPositiveFeedbacks":0,"tpid":"1","eapid":"0","contentLocale":"en_us","totalThanks":0,"photos":[],"reviewId":"55e60217fd64ef08f070a03d","itinId":"1113924997048","moderationStatus":"APPROVED","contentCodes":"","managementResponses":[],"ratingOverall":4,"langId":"1033","userNickname":"","brandType":"Expedia","title":"Very nice - close to airport","reviewText":"Great experience - friendly staff, clean room.  Bed a bit bowed.","featured":false,"ratingsOnly":false,"ratingRoomCleanliness":5,"ratingHotelCondition":5,"ratingService":5,"ratingRoomComfort":4,"positiveRemarks":"","negativeRemarks":"","locationRemarks":"","lastInitial":"","userLocation":"","reviewSubmissionTime":"2015-09-01T19:52:55Z","reviewerCategories":[{"categoryId":"Everyone","categoryLabel":"Everyone"}],"userDisplayName":"","roomTypeId":"","isUnverified":false,"isFlaggable":true,"isRecommended":"YES"},{"hotelId":"519729","totalPositiveFeedbacks":0,"tpid":"1","eapid":"0","contentLocale":"en_us","totalThanks":0,"photos":[],"reviewId":"55cceeac59a51908f6877272","itinId":"1113673622063","moderationStatus":"APPROVED","contentCodes":"","managementResponses":[],"ratingOverall":4,"langId":"1033","userNickname":"","brandType":"Expedia","title":"Great beds & clean, quiet rooms!","reviewText":"The bed was comfortable and the rooms were exceptionally peaceful. The hotel is less than 2 miles to the CalTrain/Bart station, so it's really easy to access. Great for families or business travelers. I would stay here again for the convenience factor and the beds alone! ","featured":false,"ratingsOnly":false,"ratingRoomCleanliness":5,"ratingHotelCondition":5,"ratingService":4,"ratingRoomComfort":5,"positiveRemarks":"","negativeRemarks":"The breakfast is additional in the mornings however, they gave us the impression that the breakfast was included with the rooms cost. Not organized. ","locationRemarks":"","lastInitial":"","userLocation":"","reviewSubmissionTime":"2015-08-13T19:23:24Z","reviewerCategories":[{"categoryId":"Everyone","categoryLabel":"Everyone"}],"userDisplayName":"","roomTypeId":"","isUnverified":false,"isFlaggable":true,"isRecommended":"YES"},{"hotelId":"519729","totalPositiveFeedbacks":0,"tpid":"1","eapid":"0","contentLocale":"en_us","totalThanks":0,"photos":[],"reviewId":"55bef2aaaf733a0911f9e200","itinId":"1112431541695","moderationStatus":"APPROVED","contentCodes":"MMA","managementResponses":[],"ratingOverall":5,"langId":"1033","userNickname":"Ron","brandType":"Expedia","title":"Excellent Stay","reviewText":"My family and I will definitely stay again. Only thing that would make it better is complementary breakfast.\r\n","featured":false,"ratingsOnly":false,"ratingRoomCleanliness":5,"ratingHotelCondition":5,"ratingService":5,"ratingRoomComfort":5,"positiveRemarks":"","negativeRemarks":"","locationRemarks":"","lastInitial":"R","userLocation":"Ontario, Ca","reviewSubmissionTime":"2015-08-03T04:48:42Z","reviewerCategories":[{"categoryId":"Everyone","categoryLabel":"Everyone"}],"userDisplayName":"","roomTypeId":"","isUnverified":false,"isFlaggable":false,"isRecommended":"YES"},{"hotelId":"519729","totalPositiveFeedbacks":1,"tpid":"1","eapid":"0","contentLocale":"en_us","totalThanks":1,"photos":[],"reviewId":"55b3c80e65cf5308ffd608dd","itinId":"1111861078705","moderationStatus":"APPROVED","contentCodes":"MMA","managementResponses":[],"ratingOverall":4,"langId":"1033","userNickname":"yolimoservice@g","brandType":"Expedia","title":"Very nice hotel, peaceful rest.","reviewText":" I missed breakfast no one told me it ended at 10 a.m. Management need to make sure guest know cut off time for breakfast. However everything else was very nice. ","featured":false,"ratingsOnly":false,"ratingRoomCleanliness":4,"ratingHotelCondition":4,"ratingService":4,"ratingRoomComfort":4,"positiveRemarks":"","negativeRemarks":"","locationRemarks":"","lastInitial":"H","userLocation":" Burlingame, California ","reviewSubmissionTime":"2015-07-25T17:31:58Z","reviewerCategories":[{"categoryId":"Everyone","categoryLabel":"Everyone"}],"userDisplayName":"","roomTypeId":"","isUnverified":false,"isFlaggable":false,"isRecommended":"YES"},{"hotelId":"519729","totalPositiveFeedbacks":2,"tpid":"1","eapid":"0","contentLocale":"en_us","totalThanks":2,"photos":[],"reviewId":"5564a08ba4eeec33651adfbe","itinId":"197468701812","moderationStatus":"APPROVED","contentCodes":"HMP MMD","managementResponses":[],"ratingOverall":5,"langId":"1033","userNickname":"Tanya","brandType":"Expedia","title":"Nice Hotel close to the Airport","reviewText":"Easy to find, clean room and facilities. The only thing I didn't like was that I had to ask for a breakfast coupon. When I booked the room, breakfast was included but when we checked in I didn't get a coupon. I wasn't aware that to get a free breakfast you have to provide a coupon and the next morning had to deal with explaining the waiter that breakfast was included when we booked, he said he will take care of it but still included it on our room charge. At the end the charge was removed but I don't believe I have to deal with this. The person who checked us in the night before had to explain the process and provide the coupon. Other then that everything else was perfect!","featured":false,"ratingsOnly":false,"ratingRoomCleanliness":5,"ratingHotelCondition":5,"ratingService":4,"ratingRoomComfort":5,"positiveRemarks":"location and condition ","negativeRemarks":"better communication ","locationRemarks":"","lastInitial":"K","userLocation":"FL","reviewSubmissionTime":"2015-05-26T16:34:19Z","reviewerCategories":[{"categoryId":"Everyone","categoryLabel":"Everyone"}],"userDisplayName":"","roomTypeId":"","isUnverified":false,"isFlaggable":false,"isRecommended":"YES"},{"hotelId":"519729","totalPositiveFeedbacks":2,"tpid":"1","eapid":"0","contentLocale":"en_us","totalThanks":2,"photos":[],"reviewId":"10001626442","itinId":"198234969469","moderationStatus":"APPROVED","contentCodes":"MMA","managementResponses":[],"ratingOverall":5,"langId":"1033","userNickname":"","brandType":"Expedia","title":"Okay stay","reviewText":"The air conditioning is to loud needs to be fix. The room was ok. Staff was friendly overall my kids loved it. ","featured":false,"ratingsOnly":false,"ratingRoomCleanliness":3,"ratingHotelCondition":5,"ratingService":5,"ratingRoomComfort":3,"positiveRemarks":"","negativeRemarks":"","locationRemarks":"","lastInitial":"","userLocation":"","reviewSubmissionTime":"2015-02-18T18:33:09Z","reviewerCategories":[{"categoryId":"Everyone","categoryLabel":"Everyone"}],"userDisplayName":"","roomTypeId":"","isUnverified":false,"isFlaggable":false,"isRecommended":"YES"},{"hotelId":"519729","totalPositiveFeedbacks":1,"tpid":"1","eapid":"0","contentLocale":"en_us","totalThanks":1,"photos":[],"reviewId":"10001568354","itinId":"195433108661","moderationStatus":"APPROVED","contentCodes":"","managementResponses":[],"ratingOverall":5,"langId":"1033","userNickname":"","brandType":"Expedia","title":"girls weekend ..... ","reviewText":"as usual this was a great stay.  close to everything and right across the street from the lagoon and bay.","featured":false,"ratingsOnly":false,"ratingRoomCleanliness":5,"ratingHotelCondition":5,"ratingService":5,"ratingRoomComfort":5,"positiveRemarks":"clean, great staff, large rooms, centrally located.  ","negativeRemarks":"nothing - great stay","locationRemarks":"Plenty of walking and biking along the San Francisco Bay Trail.  Close to mass transit, close to plenty of great places to eat, drink, and shop. ","lastInitial":"","userLocation":"","reviewSubmissionTime":"2015-02-10T01:58:15Z","reviewerCategories":[{"categoryId":"Everyone","categoryLabel":"Everyone"}],"userDisplayName":"","roomTypeId":"","isUnverified":false,"isFlaggable":false,"isRecommended":"YES"},{"hotelId":"519729","totalPositiveFeedbacks":1,"tpid":"25","eapid":"0","contentLocale":"en_au","totalThanks":1,"photos":[],"reviewId":"10000141424","itinId":"12131969919","moderationStatus":"APPROVED","contentCodes":"","managementResponses":[],"ratingOverall":4,"langId":"3081","userNickname":"Joe","brandType":"Expedia","title":"Business hotel, convenient to the airport","reviewText":"Clean, comfortable hotel relatively near to SFO. Quiet enough, with a king bed and reasonably-sized room. Restaurant was fine, with good service and a pleasing though limited menu. No reason not to stay here. One good thing - the free shuttle to the airport saved the cost of a cab.","featured":false,"ratingsOnly":false,"ratingRoomCleanliness":3,"ratingHotelCondition":4,"ratingService":3,"ratingRoomComfort":4,"positiveRemarks":"","negativeRemarks":"","locationRemarks":"","lastInitial":"","userLocation":"Brisbane","reviewSubmissionTime":"2014-07-14T04:30:05Z","reviewerCategories":[{"categoryId":"Everyone","categoryLabel":"Everyone"}],"userDisplayName":"","roomTypeId":"","isUnverified":false,"isFlaggable":false,"isRecommended":"YES"},{"hotelId":"519729","totalPositiveFeedbacks":1,"tpid":"4","eapid":"0","contentLocale":"en_ca","totalThanks":1,"photos":[],"reviewId":"10000137350","itinId":"173899790941","moderationStatus":"APPROVED","contentCodes":"","managementResponses":[],"ratingOverall":5,"langId":"4105","userNickname":"Danny","brandType":"Expedia","title":"Very clean hotel","reviewText":"Family stayed there for 6 days with breakfast included. The breakfast buffet has everything you need. Fresh fruit, milk and yogurt, all kinds of bread, I loved their special-ordered omelettes. Exercise room, swimming pool, all nicely set up and amazingly clean. Rooms have  lots of space. The air conditioner is brand new. You have to try this hotel.","featured":false,"ratingsOnly":false,"ratingRoomCleanliness":5,"ratingHotelCondition":5,"ratingService":5,"ratingRoomComfort":5,"positiveRemarks":"Friendly staff, clean hotel, has all the facilities, free coffee and cold lemon water all day. free shuttle ","negativeRemarks":"","locationRemarks":"Close to airport with a beautiful ocean view walk.bike path. I love this hotel","lastInitial":"","userLocation":"Calgary, Alberta","reviewSubmissionTime":"2014-07-13T19:00:26Z","reviewerCategories":[{"categoryId":"Everyone","categoryLabel":"Everyone"}],"userDisplayName":"","roomTypeId":"","isUnverified":false,"isFlaggable":false,"isRecommended":"YES"},{"hotelId":"519729","totalPositiveFeedbacks":0,"tpid":"1","eapid":"0","contentLocale":"en_us","totalThanks":0,"photos":[],"reviewId":"10000051338","itinId":"173332599942","moderationStatus":"APPROVED","contentCodes":"","managementResponses":[],"ratingOverall":5,"langId":"1033","userNickname":"Lynda","brandType":"Expedia","title":"BEST HOTEL IN SAN FRANCISCO AREA!!!!!","reviewText":"We were so happy to arrive at this lovely hotel at the end of a busy hectic day in the city.  The bed and bedding are top of the line and so comfortable I could have stayed for a week!!!!  Staff was so helpful and pleasant and the entire property is beautiful and spotless!  It is a treasure in a very expensive city and you won't find a better hotel at a more reasonable rate in the Bay Area!!!  This will be our hotel of choice for all future visits to San Francisco!","featured":false,"ratingsOnly":false,"ratingRoomCleanliness":5,"ratingHotelCondition":5,"ratingService":5,"ratingRoomComfort":5,"positiveRemarks":"Absolutely everything!!!!  BEDS WERE AWESOME!!!!  Bedding to die for!!!!","negativeRemarks":"Nothing......top notch all the way!!!!","locationRemarks":"All the city highlights !!!","lastInitial":"B","userLocation":"Seattle","reviewSubmissionTime":"2014-07-02T01:45:25Z","reviewerCategories":[{"categoryId":"Everyone","categoryLabel":"Everyone"}],"userDisplayName":"","roomTypeId":"","isUnverified":false,"isFlaggable":false,"isRecommended":"YES"},{"hotelId":"519729","totalPositiveFeedbacks":1,"tpid":"1","eapid":"0","contentLocale":"en_us","totalThanks":1,"photos":[],"reviewId":"71222649","itinId":"173847385371","moderationStatus":"APPROVED","contentCodes":"","managementResponses":[],"ratingOverall":4,"langId":"1033","userNickname":"","brandType":"Expedia","title":"San Fran Burlingame Hilton Garden Inn.","reviewText":"Hotel shuttle bus did not even stop at the covered waiting stop area at the airport. We had to call the hotel on the courtesy phonr and then we had to wait another 30 mins for the driver to get all the way back to the to airport. We made tge mistake of waiting at the wrong covered bus stop area and when we saw the shuttle pass our station and slow down at the best one. But apparently, when the driver didn't see anyone directly under the bus stop, he didn't bother to even come to a full stop. He then just took off to other next terminal. Not happy with shuttle service the hotel provided but hotel staff was very pleasant and accomodating.","featured":false,"ratingsOnly":false,"ratingRoomCleanliness":3,"ratingHotelCondition":4,"ratingService":4,"ratingRoomComfort":4,"positiveRemarks":"","negativeRemarks":"","locationRemarks":"","lastInitial":"","userLocation":"","reviewSubmissionTime":"2014-05-30T12:46:40Z","reviewerCategories":[{"categoryId":"Everyone","categoryLabel":"Everyone"}],"userDisplayName":"","roomTypeId":"","isUnverified":false,"isFlaggable":false,"isRecommended":"YES"},{"hotelId":"519729","totalPositiveFeedbacks":0,"tpid":"1","eapid":"0","contentLocale":"en_us","totalThanks":0,"photos":[],"reviewId":"70709508","itinId":"175052962486","moderationStatus":"APPROVED","contentCodes":"","managementResponses":[],"ratingOverall":5,"langId":"1033","userNickname":"","brandType":"Expedia","title":"Easy, pleasant stay","reviewText":"The room was clean. I particularly appreciated the clean bedding. The comforter cover is freshly laundered for each visitor as well as the sheets. The water was hot and the towels were soft. The staff was pleasant and helpful. I would definitely stay here again.","featured":false,"ratingsOnly":false,"ratingRoomCleanliness":5,"ratingHotelCondition":5,"ratingService":5,"ratingRoomComfort":5,"positiveRemarks":"","negativeRemarks":"Glasses instead of paper cups in the bathroom would be nice.","locationRemarks":"It was near the airport, but fairly quiet.","lastInitial":"","userLocation":"","reviewSubmissionTime":"2014-05-19T18:46:02Z","reviewerCategories":[{"categoryId":"Everyone","categoryLabel":"Everyone"}],"userDisplayName":"","roomTypeId":"","isUnverified":false,"isFlaggable":false,"isRecommended":"YES"},{"hotelId":"519729","totalPositiveFeedbacks":0,"tpid":"1","eapid":"0","contentLocale":"en_us","totalThanks":0,"photos":[],"reviewId":"10000003588","itinId":"173737177575","moderationStatus":"APPROVED","contentCodes":"","managementResponses":[],"ratingOverall":5,"langId":"1033","userNickname":"jessica","brandType":"Expedia","title":"Enjoyed 1 night stay","reviewText":"Great location, friendly staff, very good price. They should offer continental breakfast. ","featured":false,"ratingsOnly":false,"ratingRoomCleanliness":5,"ratingHotelCondition":5,"ratingService":4,"ratingRoomComfort":5,"positiveRemarks":"","negativeRemarks":"","locationRemarks":"","lastInitial":"","userLocation":"sacramento, ca","reviewSubmissionTime":"2014-04-28T19:03:35Z","reviewerCategories":[{"categoryId":"Everyone","categoryLabel":"Everyone"}],"userDisplayName":"","roomTypeId":"","isUnverified":false,"isFlaggable":false,"isRecommended":"YES"},{"hotelId":"519729","totalPositiveFeedbacks":0,"tpid":"1","eapid":"0","contentLocale":"en_us","totalThanks":0,"photos":[],"reviewId":"68255154","itinId":"172521234925","moderationStatus":"APPROVED","contentCodes":"","managementResponses":[],"ratingOverall":5,"langId":"1033","userNickname":"party of 3","brandType":"Expedia","title":"Pleasant stay. Wished for better view!","reviewText":"Very reasonable rate 15mins from dt sf. Nice setting steps from water.\nComfy full beds w/two pillows, atypical of most 3.5star hotels with 4-5pillows on each bed. No extra blanket/pillow in closet for added need like the other four 3.5-4 star hotels we stayed at the last 7 nites.","featured":false,"ratingsOnly":false,"ratingRoomCleanliness":5,"ratingHotelCondition":5,"ratingService":3,"ratingRoomComfort":4,"positiveRemarks":"","negativeRemarks":"","locationRemarks":"","lastInitial":"","userLocation":"portland","reviewSubmissionTime":"2014-03-30T22:58:16Z","reviewerCategories":[{"categoryId":"Everyone","categoryLabel":"Everyone"}],"userDisplayName":"party of 3","roomTypeId":"","isUnverified":false,"isFlaggable":false,"isRecommended":"YES"},{"hotelId":"519729","totalPositiveFeedbacks":1,"tpid":"1","eapid":"0","contentLocale":"en_us","totalThanks":1,"photos":[],"reviewId":"63732229","itinId":"166802474943","moderationStatus":"APPROVED","contentCodes":"","managementResponses":[],"ratingOverall":5,"langId":"1033","userNickname":"","brandType":"Expedia","title":"MOTHER / DAUGHTER GET AWAY !!!!","reviewText":"We had a great stay here - AGAIN. Been in and out of San Francisco a few times during the holidays. Stay on the penninsula and take BART back and forth. Great hotel, easy location, walking trails and close shopping and dining.","featured":false,"ratingsOnly":false,"ratingRoomCleanliness":5,"ratingHotelCondition":5,"ratingService":5,"ratingRoomComfort":5,"positiveRemarks":"The staff, the location, the rooms, plenty of parking.","negativeRemarks":"nothing","locationRemarks":"walking, dining, shopping.","lastInitial":"","userLocation":"","reviewSubmissionTime":"2013-12-24T14:06:43Z","reviewerCategories":[{"categoryId":"Everyone","categoryLabel":"Everyone"}],"userDisplayName":"","roomTypeId":"","isUnverified":false,"isFlaggable":false,"isRecommended":"YES"},{"hotelId":"519729","totalPositiveFeedbacks":0,"tpid":"1","eapid":"0","contentLocale":"en_us","totalThanks":0,"photos":[],"reviewId":"62770692","itinId":"166177727722","moderationStatus":"APPROVED","contentCodes":"","managementResponses":[],"ratingOverall":5,"langId":"1033","userNickname":"","brandType":"Expedia","title":"One Day Getaway!","reviewText":"Clean hotel, great, attentive, friendly staff. Walking trails along bay and lagoon were perfect as the weather was\nwarm with only a slight breeze. Will stay at this location again. Glad it has re-opened.","featured":false,"ratingsOnly":false,"ratingRoomCleanliness":5,"ratingHotelCondition":5,"ratingService":5,"ratingRoomComfort":5,"positiveRemarks":"location and staff","negativeRemarks":"","locationRemarks":"Mass transit is near and the city of Burlingame has plenty of nice restaurants and shopping.","lastInitial":"","userLocation":"","reviewSubmissionTime":"2013-12-03T14:05:43Z","reviewerCategories":[{"categoryId":"Everyone","categoryLabel":"Everyone"}],"userDisplayName":"","roomTypeId":"","isUnverified":false,"isFlaggable":false,"isRecommended":"YES"},{"hotelId":"519729","totalPositiveFeedbacks":0,"tpid":"1","eapid":"0","contentLocale":"en_us","totalThanks":0,"photos":[],"reviewId":"61249842","itinId":"159190623869","moderationStatus":"APPROVED","contentCodes":"","managementResponses":[],"ratingOverall":4,"langId":"1033","userNickname":"Gary","brandType":"Expedia","title":"","reviewText":"","featured":false,"ratingsOnly":true,"ratingRoomCleanliness":4,"ratingHotelCondition":5,"ratingService":3,"ratingRoomComfort":5,"positiveRemarks":"","negativeRemarks":"","locationRemarks":"","lastInitial":"","userLocation":"","reviewSubmissionTime":"2013-11-04T00:32:19Z","reviewerCategories":[{"categoryId":"Everyone","categoryLabel":"Everyone"}],"userDisplayName":"Gary","roomTypeId":200314003,"isUnverified":false,"isFlaggable":false,"isRecommended":"YES"},{"hotelId":"519729","totalPositiveFeedbacks":0,"tpid":"1","eapid":"0","contentLocale":"en_us","totalThanks":0,"photos":[],"reviewId":"57892125","itinId":"160045434359","moderationStatus":"APPROVED","contentCodes":"","managementResponses":[],"ratingOverall":5,"langId":"1033","userNickname":"David","brandType":"Expedia","title":"Comfortable and quiet","reviewText":"This hotel is near SFO airport and the Millbrae BART station. My room was comfortable and quiet, so I got a good nights sleep. No charge for parking was nice too.","featured":false,"ratingsOnly":false,"ratingRoomCleanliness":5,"ratingHotelCondition":5,"ratingService":5,"ratingRoomComfort":5,"positiveRemarks":"Clean and moderen","negativeRemarks":"","locationRemarks":"We drove about 2 miles to the BART station in Millbrae and went to SF - there is an exit for Powell Street, where we hopped on the trolley cars.","lastInitial":"","userLocation":"Riverside CA","reviewSubmissionTime":"2013-09-16T17:43:27Z","reviewerCategories":[{"categoryId":"Everyone","categoryLabel":"Everyone"}],"userDisplayName":"David","roomTypeId":200314008,"isUnverified":false,"isFlaggable":false,"isRecommended":"YES"},{"hotelId":"519729","totalPositiveFeedbacks":0,"tpid":"1","eapid":"0","contentLocale":"en_us","totalThanks":0,"photos":[],"reviewId":"57219654","itinId":"158789048553","moderationStatus":"APPROVED","contentCodes":"","managementResponses":[],"ratingOverall":4,"langId":"1033","userNickname":"cactusng","brandType":"Expedia","title":"Clean rooms, comfortable beds.","reviewText":"Typical Hilton rooms. Not too much to complain about. Very close to airport.","featured":false,"ratingsOnly":false,"ratingRoomCleanliness":4,"ratingHotelCondition":4,"ratingService":3,"ratingRoomComfort":5,"positiveRemarks":"Close to airport","negativeRemarks":"Shower curtain in tub was too long. I stepped on it while showering and fell.","locationRemarks":"Nice town to walk around in Burlingame","lastInitial":"","userLocation":"","reviewSubmissionTime":"2013-09-03T00:33:24Z","reviewerCategories":[{"categoryId":"Everyone","categoryLabel":"Everyone"}],"userDisplayName":"cactusng","roomTypeId":200314008,"isUnverified":false,"isFlaggable":false,"isRecommended":"YES"}]}}}
