{"reviewDetails":{"startIndex":0,"numberOfReviewsInThisPage":20,"reviewSummaryCollection":{"reviewSummary":[{"hotelId":"1321986","totalReviewCnt":66,"avgOverallRating":4.6969686,"cleanliness":4.787878,"serviceAndStaff":4.6666675,"roomComfort":4.621212,"hotelCondition":4.757576,"convenienceOfLocation":4.6666665,"neighborhoodSatisfaction":4.8333335,"roomQuality":0,"targetedBrand":"Expedia","originSummary":[{"origin":"Expedia","reviewCnt":66,"recommendedPercent":93.93939,"avgOverallRating":4.6969686,"cleanliness":4.787878,"serviceAndStaff":4.6666675,"roomComfort":4.621212,"hotelCondition":4.757576,"convenienceOfLocation":4.6666665,"neighborhoodSatisfaction":4.8333335,"valueForMoney":0,"roomQuality":0,"categoryCounts":{"Everyone":36,"Couples":8,"Families":1,"Other":1},"roomTypeIdCounts":{"200425554":4,"200425536":5,"200425546":3,"200425531":7,"200425529":4,"200050839":2,"263752":2,"177868":5,"200425533":2},"languageCounts":{"en":66}}],"recommendedPercent":93.93939,"valueForMoney":0,"categoryCounts":{"Everyone":36,"Couples":8,"Families":1,"Other":1},"roomTypeIdCounts":{"200425554":4,"200425536":5,"200425546":3,"200425531":7,"200425529":4,"200050839":2,"263752":2,"177868":5,"200425533":2},"languageCounts":{"en":66},"featuredReview":{}}]},"reviewCollection":{"review":[{"hotelId":"1321986","totalPositiveFeedbacks":1,"tpid":"1","eapid":"0","contentLocale":"en_us","totalThanks":1,"photos":[],"reviewId":"5783f8f78a1d800b495fc77b","itinId":"1140011814100","moderationStatus":"APPROVED","contentCodes":"","managementResponses":[],"ratingOverall":5,"langId":"1033","userNickname":"","brandType":"Expedia","title":"Great Place for a Romantic Stay Vacation","reviewText":"Took my girlfriend for a Saturday night stay-vacation for her birthday in the city and the St. Regis was an excellent place to stay. The staff was great and accommodating. The St. Regis restaurant Grill was fantastic. The morning breakfast in the Vitrine Restaurant was fabulous.","featured":false,"ratingsOnly":false,"ratingRoomCleanliness":5,"ratingHotelCondition":5,"ratingService":5,"ratingRoomComfort":5,"positiveRemarks":"","negativeRemarks":"","locationRemarks":"","lastInitial":"","userLocation":"","reviewSubmissionTime":"2016-07-11T19:52:23Z","reviewerCategories":[{"categoryId":"Everyone","categoryLabel":"Everyone"}],"userDisplayName":"","roomTypeId":200425554,"isUnverified":false,"isFlaggable":true,"isRecommended":"YES"},{"hotelId":"1321986","totalPositiveFeedbacks":1,"tpid":"1","eapid":"0","contentLocale":"en_us","totalThanks":1,"photos":[],"reviewId":"57712a7b07bda70b7c5b38c8","itinId":"1138477036050","moderationStatus":"APPROVED","contentCodes":"","managementResponses":[],"ratingOverall":5,"langId":"1033","userNickname":"F","brandType":"Expedia","title":"Top","reviewText":"You cannot beat the quality of this hotel. The staff were beyond excellent. ","featured":false,"ratingsOnly":false,"ratingRoomCleanliness":5,"ratingHotelCondition":5,"ratingService":5,"ratingRoomComfort":5,"positiveRemarks":"","negativeRemarks":"","locationRemarks":"","lastInitial":"","userLocation":"SFO","reviewSubmissionTime":"2016-06-27T13:30:35Z","reviewerCategories":[{"categoryId":"Everyone","categoryLabel":"Everyone"}],"userDisplayName":"","roomTypeId":200425546,"isUnverified":false,"isFlaggable":true,"isRecommended":"YES"},{"hotelId":"1321986","totalPositiveFeedbacks":1,"tpid":"1","eapid":"0","contentLocale":"en_us","totalThanks":1,"photos":[],"reviewId":"57555c129b7c1c0b7b569c87","itinId":"1131881132028","moderationStatus":"APPROVED","contentCodes":"","managementResponses":[],"ratingOverall":4,"langId":"1033","userNickname":"shmulik","brandType":"Expedia","title":"Very good hotel .large room\r\nGood servic","reviewText":"Good wether .san francisco is beutifull\r\nGood location.near market st.","featured":false,"ratingsOnly":false,"ratingRoomCleanliness":5,"ratingHotelCondition":5,"ratingService":4,"ratingRoomComfort":5,"positiveRemarks":"","negativeRemarks":"","locationRemarks":"","lastInitial":"","userLocation":"rmat gan israel","reviewSubmissionTime":"2016-06-06T11:18:42Z","reviewerCategories":[{"categoryId":"Everyone","categoryLabel":"Everyone"}],"userDisplayName":"","roomTypeId":200425533,"isUnverified":false,"isFlaggable":true,"isRecommended":"YES"},{"hotelId":"1321986","totalPositiveFeedbacks":1,"tpid":"1","eapid":"0","contentLocale":"en_us","totalThanks":1,"photos":[],"reviewId":"57405214f50a8f09fbf1f63c","itinId":"1133684644471","moderationStatus":"APPROVED","contentCodes":"","managementResponses":[],"ratingOverall":5,"langId":"1033","userNickname":"Jim","brandType":"Expedia","title":"Great Down Town Hotel","reviewText":"The only downside was the lack of closet and draw space in the room. It is in a great shopping and exercise location","featured":false,"ratingsOnly":false,"ratingRoomCleanliness":5,"ratingHotelCondition":5,"ratingService":5,"ratingRoomComfort":4,"positiveRemarks":"Almost everything ","negativeRemarks":"Room storage space. A little pricey but competitive for the location and service provided","locationRemarks":"Market Street Shopping. Many good restaurant selections.","lastInitial":"O","userLocation":"Arlington, VA","reviewSubmissionTime":"2016-05-21T12:18:28Z","reviewerCategories":[{"categoryId":"Everyone","categoryLabel":"Everyone"}],"userDisplayName":"","roomTypeId":200425536,"isUnverified":false,"isFlaggable":true,"isRecommended":"YES"},{"hotelId":"1321986","totalPositiveFeedbacks":1,"tpid":"4","eapid":"0","contentLocale":"en_ca","totalThanks":1,"photos":[],"reviewId":"5702f34ff44433097ed50081","itinId":"1130922295766","moderationStatus":"APPROVED","contentCodes":"","managementResponses":[],"ratingOverall":5,"langId":"4105","userNickname":"jules","brandType":"Expedia","title":"Weekend in San Francisco!","reviewText":"We thought we'd try the recently renovated St Regis at the end of our cycling trip to Napa and Sonoma. Though only there for two nights, we couldn't have asked for a more luxurious spot. Arriving in jeans and looking quite disheveled after a morning ride, we were treated no differently than anyone else. Our check in was smooth, pleasant and our room was even ready early. We were even offered their private car service for dinner with friends the following evening. The pool is lovely and salt water. Breakfast is on the fourth floor, something we didn't find on our first morning because the information in the room directs you to the bar area in the lobby for coffee and continental breakfast. Loved the room decor. Simplistic and modern with all of the conveniences one would expect in a 5 star hotel.","featured":false,"ratingsOnly":false,"ratingRoomCleanliness":5,"ratingHotelCondition":5,"ratingService":5,"ratingRoomComfort":5,"positiveRemarks":"Decor was lovely. Very Zen!\r\nStaff were excellent. Efficient and friendly without being in your space.","negativeRemarks":"Update the hotel info in the rooms.","locationRemarks":"Location isn't as central as some as its in the business district but if you're up to it everything is still within walking distance. ","lastInitial":"","userLocation":"toronto ","reviewSubmissionTime":"2016-04-04T23:05:51Z","reviewerCategories":[{"categoryId":"Everyone","categoryLabel":"Everyone"}],"userDisplayName":"","roomTypeId":200425554,"isUnverified":false,"isFlaggable":true,"isRecommended":"YES"},{"hotelId":"1321986","totalPositiveFeedbacks":1,"tpid":"1","eapid":"0","contentLocale":"en_us","totalThanks":1,"photos":[],"reviewId":"56f7879b4f20ca097a45d5c5","itinId":"1129470712699","moderationStatus":"APPROVED","contentCodes":"","managementResponses":[],"ratingOverall":5,"langId":"1033","userNickname":"David","brandType":"Expedia","title":"The best located Hotel, clean, nice staff.","reviewText":"The best cappuccino... accommodating staff, got upgrade because it was our first stay... just a really really nice staff. ","featured":false,"ratingsOnly":false,"ratingRoomCleanliness":5,"ratingHotelCondition":5,"ratingService":5,"ratingRoomComfort":5,"positiveRemarks":"Beautiful pool overlooking San Francisco's business district, yet full of light... gorgeous! ","negativeRemarks":"","locationRemarks":"","lastInitial":"","userLocation":"","reviewSubmissionTime":"2016-03-27T07:11:23Z","reviewerCategories":[{"categoryId":"Everyone","categoryLabel":"Everyone"}],"userDisplayName":"","roomTypeId":200425529,"isUnverified":false,"isFlaggable":true,"isRecommended":"YES"},{"hotelId":"1321986","totalPositiveFeedbacks":2,"tpid":"1","eapid":"0","contentLocale":"en_us","totalThanks":2,"photos":[{"thumbnailUrl":"https://a.travel-assets.com/ugc/hotel-reviews/2B505FFC252BEF4210DC3BE84E67F1660F93DC481457992830883.jpg?resize=100:*","normalUrl":"https://a.travel-assets.com/ugc/hotel-reviews/2B505FFC252BEF4210DC3BE84E67F1660F93DC481457992830883.jpg?resize=360:*","caption":""},{"thumbnailUrl":"https://a.travel-assets.com/ugc/hotel-reviews/6B8B8B6DE4610A0F34DC9B8C588C0D95C237A81F1457992834303.jpg?resize=*:75","normalUrl":"https://a.travel-assets.com/ugc/hotel-reviews/6B8B8B6DE4610A0F34DC9B8C588C0D95C237A81F1457992834303.jpg?resize=*:270","caption":""},{"thumbnailUrl":"https://a.travel-assets.com/ugc/hotel-reviews/D06809D539FA20799B5B4C961853244DA0FC879E1457992838120.jpg?resize=*:75","normalUrl":"https://a.travel-assets.com/ugc/hotel-reviews/D06809D539FA20799B5B4C961853244DA0FC879E1457992838120.jpg?resize=*:270","caption":""},{"thumbnailUrl":"https://a.travel-assets.com/ugc/hotel-reviews/F418EEA13BF578ED4A1AD8C70381DEBE18DDCB631457992842559.jpg?resize=100:*","normalUrl":"https://a.travel-assets.com/ugc/hotel-reviews/F418EEA13BF578ED4A1AD8C70381DEBE18DDCB631457992842559.jpg?resize=360:*","caption":""},{"thumbnailUrl":"https://a.travel-assets.com/ugc/hotel-reviews/25455FA94BD3C2547F277A97E6CB227E6228FEB51457992848567.jpg?resize=100:*","normalUrl":"https://a.travel-assets.com/ugc/hotel-reviews/25455FA94BD3C2547F277A97E6CB227E6228FEB51457992848567.jpg?resize=360:*","caption":""},{"thumbnailUrl":"https://a.travel-assets.com/ugc/hotel-reviews/7DF4C811276C8A426AC86368C21D3312278246111457992852189.jpg?resize=100:*","normalUrl":"https://a.travel-assets.com/ugc/hotel-reviews/7DF4C811276C8A426AC86368C21D3312278246111457992852189.jpg?resize=360:*","caption":""}],"reviewId":"56e72a454b5e3c0999441553","itinId":"1129457181498","moderationStatus":"APPROVED","contentCodes":"HMP","managementResponses":[],"ratingOverall":5,"langId":"1033","userNickname":"Mariah","brandType":"Expedia","title":"The very best hotel in San Francisco, California","reviewText":"Whether traveling or scheduling a special occasion event, this is the absolute best spot to stay in San Francisco. Elegant, luxurious and well appointed. Beautiful, serene and very clean accomadations. The staff are top-notch and take the very best care of you with exceptional service, considerations and prompt attention to any request. It was my husbands birthday and the hotel staff was so gracious in taking the time to make sure we had an exceptional stay and it was. The spa and pool are also fabulous and a great way to refresh and renew, we look forward to returning as much as possible when traveling to the area. The best of SF❤️","featured":false,"ratingsOnly":false,"ratingRoomCleanliness":5,"ratingHotelCondition":5,"ratingService":5,"ratingRoomComfort":5,"positiveRemarks":"","negativeRemarks":"","locationRemarks":"","lastInitial":"","userLocation":"","reviewSubmissionTime":"2016-03-14T21:16:53Z","reviewerCategories":[{"categoryId":"Everyone","categoryLabel":"Everyone"}],"userDisplayName":"","roomTypeId":200425554,"isUnverified":false,"isFlaggable":false,"isRecommended":"YES"},{"hotelId":"1321986","totalPositiveFeedbacks":1,"tpid":"1","eapid":"0","contentLocale":"en_us","totalThanks":1,"photos":[],"reviewId":"564365a1b1975d0968118d48","itinId":"1117171625355","moderationStatus":"APPROVED","contentCodes":"","managementResponses":[],"ratingOverall":5,"langId":"1033","userNickname":"DG","brandType":"Expedia","title":"Excellent hotel","reviewText":"I have been staying to this hotel twice so far. Looking forward to come back.","featured":false,"ratingsOnly":false,"ratingRoomCleanliness":5,"ratingHotelCondition":5,"ratingService":5,"ratingRoomComfort":5,"positiveRemarks":"","negativeRemarks":"","locationRemarks":"","lastInitial":"D","userLocation":"DG","reviewSubmissionTime":"2015-11-11T15:58:25Z","reviewerCategories":[{"categoryId":"Everyone","categoryLabel":"Everyone"}],"userDisplayName":"","roomTypeId":200425536,"isUnverified":false,"isFlaggable":true,"isRecommended":"YES"},{"hotelId":"1321986","totalPositiveFeedbacks":2,"tpid":"1","eapid":"0","contentLocale":"en_us","totalThanks":2,"photos":[],"reviewId":"56379662a2ad9409675ab412","itinId":"1120070740095","moderationStatus":"APPROVED","contentCodes":"","managementResponses":[],"ratingOverall":5,"langId":"1033","userNickname":"TraciB","brandType":"Expedia","title":"Excellent San Francisco Hotel, Stay, Location!","reviewText":"We usually only stay at the St. Regis whenever we go to SF. We love it there. The rooms are amazing, the hotel staff is terrific and everything about the stay was perfect. For this trip, we only booked a regular room since we knew we'd be quite busy and not really in the room very much. We did ask when we checked in if there were any upgrades available. They gave us a 4-level upgrade to a \"Metropolitan Suite\". OMG, the room was fabulous, the butler service was amazing, the private dining was fantastic. Can't say anything but wonderful things about this stay.","featured":false,"ratingsOnly":false,"ratingRoomCleanliness":5,"ratingHotelCondition":5,"ratingService":5,"ratingRoomComfort":5,"positiveRemarks":"I think the experience speaks for itself above.","negativeRemarks":"Nothing.","locationRemarks":"St. Regis is located just outside of Union Square, so it is central and easy walking access all around the financial district.","lastInitial":"","userLocation":"San Diego, CA","reviewSubmissionTime":"2015-11-02T16:59:14Z","reviewerCategories":[{"categoryId":"Everyone","categoryLabel":"Everyone"}],"userDisplayName":"","roomTypeId":200425536,"isUnverified":false,"isFlaggable":true,"isRecommended":"YES"},{"hotelId":"1321986","totalPositiveFeedbacks":0,"tpid":"1","eapid":"0","contentLocale":"en_us","totalThanks":0,"photos":[],"reviewId":"5630d7725e8a2e094a1f75ad","itinId":"1115604337495","moderationStatus":"APPROVED","contentCodes":"","managementResponses":[],"ratingOverall":5,"langId":"1033","userNickname":"Rosy","brandType":"Expedia","title":"Nice hotel close to St.Patrick's church & Bart sta","reviewText":"Hotel employees are so helpful especially Kathline & Mariah @ the concierge ","featured":false,"ratingsOnly":false,"ratingRoomCleanliness":5,"ratingHotelCondition":5,"ratingService":5,"ratingRoomComfort":5,"positiveRemarks":"","negativeRemarks":"","locationRemarks":"","lastInitial":"","userLocation":"NY","reviewSubmissionTime":"2015-10-28T14:10:58Z","reviewerCategories":[{"categoryId":"Everyone","categoryLabel":"Everyone"}],"userDisplayName":"","roomTypeId":200425529,"isUnverified":false,"isFlaggable":true,"isRecommended":"YES"},{"hotelId":"1321986","totalPositiveFeedbacks":1,"tpid":"1","eapid":"0","contentLocale":"en_us","totalThanks":1,"photos":[],"reviewId":"5625570da9bbc20949ce4154","itinId":"1100963408331","moderationStatus":"APPROVED","contentCodes":"HMP MMD","managementResponses":[],"ratingOverall":3,"langId":"1033","userNickname":"","brandType":"Expedia","title":"4 star hotel. Good location","reviewText":"Our room was near a service area and quite noisy. The closet was very small. The bathroom was small-towels & rug in bathroom were frayed. The room definitely needs some updates. I just expected more at the rate of $700 plus a night. Usually stay at 4 Seasons. In my opinion there is no comparison.","featured":false,"ratingsOnly":false,"ratingRoomCleanliness":2,"ratingHotelCondition":2,"ratingService":2,"ratingRoomComfort":2,"positiveRemarks":"","negativeRemarks":"","locationRemarks":"","lastInitial":"","userLocation":"","reviewSubmissionTime":"2015-10-19T20:48:13Z","reviewerCategories":[{"categoryId":"Everyone","categoryLabel":"Everyone"}],"userDisplayName":"","roomTypeId":200425531,"isUnverified":false,"isFlaggable":false,"isRecommended":"NO"},{"hotelId":"1321986","totalPositiveFeedbacks":1,"tpid":"1","eapid":"0","contentLocale":"en_us","totalThanks":1,"photos":[],"reviewId":"561a73ae2659eb094a3568ca","itinId":"1118665009066","moderationStatus":"APPROVED","contentCodes":"","managementResponses":[],"ratingOverall":5,"langId":"1033","userNickname":"steve ","brandType":"Expedia","title":"Just about perfect","reviewText":"Great location, especially if you're at a convention or conference at Moscone. Hard to fault. Only beef would be the telephone system, which from an intuitive standpoint leaves much to be desired. Otherwise, an excellent choice. ","featured":false,"ratingsOnly":false,"ratingRoomCleanliness":5,"ratingHotelCondition":5,"ratingService":5,"ratingRoomComfort":4,"positiveRemarks":"","negativeRemarks":"","locationRemarks":"","lastInitial":"","userLocation":"moscow","reviewSubmissionTime":"2015-10-11T14:35:26Z","reviewerCategories":[{"categoryId":"Everyone","categoryLabel":"Everyone"}],"userDisplayName":"","roomTypeId":200425531,"isUnverified":false,"isFlaggable":true,"isRecommended":"YES"},{"hotelId":"1321986","totalPositiveFeedbacks":0,"tpid":"1","eapid":"0","contentLocale":"en_us","totalThanks":0,"photos":[],"reviewId":"55d75d413fcf7b08fa40c3ac","itinId":"1114029991870","moderationStatus":"APPROVED","contentCodes":"MMA","managementResponses":[],"ratingOverall":2,"langId":"1033","userNickname":"dan","brandType":"Expedia","title":"","reviewText":"\r\nnice but not worth it.  can get much better for this price and better perks. ","featured":false,"ratingsOnly":false,"ratingRoomCleanliness":4,"ratingHotelCondition":4,"ratingService":3,"ratingRoomComfort":3,"positiveRemarks":"","negativeRemarks":"hotel wifi should be complimentary for hotel with average room rate of over 500","locationRemarks":"","lastInitial":"","userLocation":"","reviewSubmissionTime":"2015-08-21T17:17:53Z","reviewerCategories":[{"categoryId":"Everyone","categoryLabel":"Everyone"}],"userDisplayName":"","roomTypeId":"","isUnverified":false,"isFlaggable":false,"isRecommended":"NO"},{"hotelId":"1321986","totalPositiveFeedbacks":1,"tpid":"1","eapid":"0","contentLocale":"en_us","totalThanks":1,"photos":[{"thumbnailUrl":"https://a.travel-assets.com/ugc/hotel-reviews/F7A3B8064AF0F4545F1844AD92DA7E0B06135ABF.jpg?resize=100:*","normalUrl":"https://a.travel-assets.com/ugc/hotel-reviews/F7A3B8064AF0F4545F1844AD92DA7E0B06135ABF.jpg?resize=360:*","caption":"Her dream car"},{"thumbnailUrl":"https://a.travel-assets.com/ugc/hotel-reviews/1F5484B66D09B4C9ECF36E4DE66D31E98AA0CFA2.jpg?resize=100:*","normalUrl":"https://a.travel-assets.com/ugc/hotel-reviews/1F5484B66D09B4C9ECF36E4DE66D31E98AA0CFA2.jpg?resize=360:*","caption":"Awesome view "}],"reviewId":"55d28869f8422308ec1d40e7","itinId":"1112797296193","moderationStatus":"APPROVED","contentCodes":"HMP","managementResponses":[],"ratingOverall":5,"langId":"1033","userNickname":"Tara","brandType":"Expedia","title":"Close to everything, lots to do.","reviewText":"Outstanding will revisit in the future my daughter enjoyed the milk n cookies that was left in the room for her:)","featured":false,"ratingsOnly":false,"ratingRoomCleanliness":5,"ratingHotelCondition":5,"ratingService":5,"ratingRoomComfort":5,"positiveRemarks":"","negativeRemarks":"","locationRemarks":"","lastInitial":"B","userLocation":"texas","reviewSubmissionTime":"2015-08-18T01:20:41Z","reviewerCategories":[{"categoryId":"Everyone","categoryLabel":"Everyone"}],"userDisplayName":"","roomTypeId":"","isUnverified":false,"isFlaggable":false,"isRecommended":"YES"},{"hotelId":"1321986","totalPositiveFeedbacks":1,"tpid":"1","eapid":"0","contentLocale":"en_us","totalThanks":1,"photos":[],"reviewId":"55b4c9161ce83808ff7a3c19","itinId":"1100108786154","moderationStatus":"APPROVED","contentCodes":"MMA","managementResponses":[],"ratingOverall":5,"langId":"1033","userNickname":"Rick ","brandType":"Expedia","title":"Excellent Hotel in San Francisco! ","reviewText":"The St. Regis met all of our expectations! The staff was consistently helpful and polite, the location is great for shopping and restaurants, and the house car was a great bonus to get to North Shore or Fishermans Warf for extra dinner options (tip: take the house car, which is a luxury auto, to dinner and then take Uber Black back to your hotel).  Overall, this was a first-class hotel! ","featured":false,"ratingsOnly":false,"ratingRoomCleanliness":4,"ratingHotelCondition":5,"ratingService":5,"ratingRoomComfort":5,"positiveRemarks":"","negativeRemarks":"","locationRemarks":"","lastInitial":"W","userLocation":"Naples, FL","reviewSubmissionTime":"2015-07-26T11:48:38Z","reviewerCategories":[{"categoryId":"Everyone","categoryLabel":"Everyone"}],"userDisplayName":"","roomTypeId":200425529,"isUnverified":false,"isFlaggable":false,"isRecommended":"YES"},{"hotelId":"1321986","totalPositiveFeedbacks":0,"tpid":"1","eapid":"0","contentLocale":"en_us","totalThanks":0,"photos":[],"reviewId":"55abd5b758c0bc08e7c69b00","itinId":"1108541732125","moderationStatus":"APPROVED","contentCodes":"MMA","managementResponses":[],"ratingOverall":4,"langId":"1033","userNickname":"","brandType":"Expedia","title":"","reviewText":"Great hotel, nice staff, and great amenities. Enjoyed the massage!!!","featured":false,"ratingsOnly":false,"ratingRoomCleanliness":4,"ratingHotelCondition":4,"ratingService":4,"ratingRoomComfort":4,"positiveRemarks":"","negativeRemarks":"","locationRemarks":"","lastInitial":"","userLocation":"","reviewSubmissionTime":"2015-07-19T16:52:07Z","reviewerCategories":[{"categoryId":"Everyone","categoryLabel":"Everyone"}],"userDisplayName":"","roomTypeId":200425531,"isUnverified":false,"isFlaggable":false,"isRecommended":"YES"},{"hotelId":"1321986","totalPositiveFeedbacks":0,"tpid":"1","eapid":"0","contentLocale":"en_us","totalThanks":0,"photos":[],"reviewId":"55734349c511830a128493cc","itinId":"199921088750","moderationStatus":"APPROVED","contentCodes":"HMP MMD","managementResponses":[],"ratingOverall":5,"langId":"1033","userNickname":"Mike","brandType":"Expedia","title":"Pricey, but an excellent stay","reviewText":"Pricey hotels come with high expectations, but this one did not disappoint.  Stayed here for 3 days for a conference that was also held in the hotel, and it was a great stay overall.","featured":false,"ratingsOnly":false,"ratingRoomCleanliness":5,"ratingHotelCondition":5,"ratingService":5,"ratingRoomComfort":5,"positiveRemarks":"","negativeRemarks":"If there's anything at all bad to say, it's that it is time to update the TVs in the rooms.","locationRemarks":"The hotel is right around the corner from a movie complex and a bunch of restaurants, felt like a taste of San Fran for sure.","lastInitial":"C","userLocation":"Chicago","reviewSubmissionTime":"2015-06-06T19:00:25Z","reviewerCategories":[{"categoryId":"Everyone","categoryLabel":"Everyone"}],"userDisplayName":"","roomTypeId":200425529,"isUnverified":false,"isFlaggable":false,"isRecommended":"YES"},{"hotelId":"1321986","totalPositiveFeedbacks":1,"tpid":"1","eapid":"0","contentLocale":"en_us","totalThanks":1,"photos":[],"reviewId":"5564bb34a4899c313b6c302c","itinId":"193495293405","moderationStatus":"APPROVED","contentCodes":"MMA","managementResponses":[],"ratingOverall":5,"langId":"1033","userNickname":"Diane","brandType":"Expedia","title":"Fabulous hotel close to Union Square","reviewText":"Our stay at the St. Regis was better than expected. The room was very comfortable and the bathroom spacious. The hotel staff were professional and welcoming from the time we arrived to the time we left. The short walk to Union Square was great  and from there a cable car ride away from Fisherman's Wharf. I would recommend this hotel to everyone I know going to San Francisco for a visit.","featured":false,"ratingsOnly":false,"ratingRoomCleanliness":5,"ratingHotelCondition":5,"ratingService":5,"ratingRoomComfort":5,"positiveRemarks":"Friendliness and professionalism of the staff\r\nSize of the rooms and bathrooms","negativeRemarks":"Would have loved to have a coffeemaker in the room","locationRemarks":"Close enough walk to Union Square\r\nEasy to access buses, cable cars and taxisDian","lastInitial":"","userLocation":"Round Rock, Texas","reviewSubmissionTime":"2015-05-26T18:28:04Z","reviewerCategories":[{"categoryId":"Everyone","categoryLabel":"Everyone"}],"userDisplayName":"","roomTypeId":200425531,"isUnverified":false,"isFlaggable":false,"isRecommended":"YES"},{"hotelId":"1321986","totalPositiveFeedbacks":0,"tpid":"1","eapid":"0","contentLocale":"en_us","totalThanks":0,"photos":[],"reviewId":"5505ae46e4b0f98630737c7c","itinId":"198204518744","moderationStatus":"APPROVED","contentCodes":"MMA HMP","managementResponses":[],"ratingOverall":5,"langId":"1033","userNickname":"","brandType":"Expedia","title":"Excellent staff.  Clean room.  Good location.","reviewText":"Enjoyed stay.  Cleanliness is number 1 priority and met expectations.","featured":false,"ratingsOnly":false,"ratingRoomCleanliness":5,"ratingHotelCondition":5,"ratingService":5,"ratingRoomComfort":5,"positiveRemarks":"","negativeRemarks":"","locationRemarks":"","lastInitial":"","userLocation":"","reviewSubmissionTime":"2015-03-15T16:07:34Z","reviewerCategories":[{"categoryId":"Everyone","categoryLabel":"Everyone"}],"userDisplayName":"","roomTypeId":200425554,"isUnverified":false,"isFlaggable":false,"isRecommended":"YES"},{"hotelId":"1321986","totalPositiveFeedbacks":0,"tpid":"1","eapid":"0","contentLocale":"en_us","totalThanks":0,"photos":[],"reviewId":"10001489603","itinId":"195375305034","moderationStatus":"APPROVED","contentCodes":"","managementResponses":[],"ratingOverall":5,"langId":"1033","userNickname":"beth","brandType":"Expedia","title":"Amazing service","reviewText":"From the moment we arrived every person we came in contact with was wonderful they helped get a sitter order flowers book our massage and our tours of everything but the food from room service is what I can't get over so perfect if I could I'd live there ","featured":false,"ratingsOnly":false,"ratingRoomCleanliness":5,"ratingHotelCondition":5,"ratingService":5,"ratingRoomComfort":5,"positiveRemarks":"The staff was so kind said good morning every morning to our daughter by name and helped meet all our needs. You must try room service ","negativeRemarks":"The only thing I'd work on was we witnessed a incident with an intoxicated woman on the street in front of the hotel it was not handled well ","locationRemarks":"We started in Chinatown and a short walk to the pier loved the location because it's close to everything but away from the busy wharf","lastInitial":"w","userLocation":"texas","reviewSubmissionTime":"2015-01-27T18:58:52Z","reviewerCategories":[{"categoryId":"Everyone","categoryLabel":"Everyone"}],"userDisplayName":"","roomTypeId":200425536,"isUnverified":false,"isFlaggable":false,"isRecommended":"YES"}]}}}
