{"reviewDetails":{"startIndex":0,"numberOfReviewsInThisPage":20,"reviewSummaryCollection":{"reviewSummary":[{"hotelId":"283107","totalReviewCnt":519,"avgOverallRating":4.152217,"cleanliness":4.352603,"serviceAndStaff":4.310212,"roomComfort":4.2254343,"hotelCondition":4.055875,"convenienceOfLocation":4.4594593,"neighborhoodSatisfaction":3.9054055,"roomQuality":0,"targetedBrand":"Expedia","originSummary":[{"origin":"Expedia","reviewCnt":519,"recommendedPercent":94.41233,"avgOverallRating":4.152217,"cleanliness":4.352603,"serviceAndStaff":4.310212,"roomComfort":4.2254343,"hotelCondition":4.055875,"convenienceOfLocation":4.4594593,"neighborhoodSatisfaction":3.9054055,"valueForMoney":0,"roomQuality":0,"categoryCounts":{"Everyone":354,"BusinessTravelers":11,"Couples":38,"Students":2,"Families":18,"Other":4},"roomTypeIdCounts":{"166912":91,"28163":167,"200678261":22,"200181597":4,"200678273":9,"201434268":1},"languageCounts":{"en":519}}],"recommendedPercent":94.41233,"valueForMoney":0,"categoryCounts":{"Everyone":354,"BusinessTravelers":11,"Couples":38,"Students":2,"Families":18,"Other":4},"roomTypeIdCounts":{"166912":91,"28163":167,"200678261":22,"200181597":4,"200678273":9,"201434268":1},"languageCounts":{"en":519},"featuredReview":{}}]},"reviewCollection":{"review":[{"hotelId":"283107","totalPositiveFeedbacks":0,"tpid":"1","eapid":"0","contentLocale":"en_us","totalThanks":0,"photos":[],"reviewId":"57b47466cd87260b257e8b10","itinId":"1140800590783","moderationStatus":"APPROVED","contentCodes":"","managementResponses":[],"ratingOverall":5,"langId":"1033","userNickname":"","brandType":"Expedia","title":"","reviewText":"Awesome service not what I expected would stay there again. ","featured":false,"ratingsOnly":false,"ratingRoomCleanliness":5,"ratingHotelCondition":5,"ratingService":5,"ratingRoomComfort":5,"positiveRemarks":"","negativeRemarks":"","locationRemarks":"","lastInitial":"","userLocation":"","reviewSubmissionTime":"2016-08-17T14:27:50Z","reviewerCategories":[{"categoryId":"Everyone","categoryLabel":"Everyone"}],"userDisplayName":"","roomTypeId":201434268,"isUnverified":false,"isFlaggable":true,"isRecommended":"YES"},{"hotelId":"283107","totalPositiveFeedbacks":0,"tpid":"1","eapid":"0","contentLocale":"en_us","totalThanks":0,"photos":[],"reviewId":"57ae0d122e80830b06fc500f","itinId":"1141672580650","moderationStatus":"APPROVED","contentCodes":"","managementResponses":[],"ratingOverall":3,"langId":"1033","userNickname":"dch","brandType":"Expedia","title":"Modern by 1970 standards but clean and adequate.","reviewText":"Conveniently close to the airport. Waited 45 minutes for a shuttle pickup that never showed in the evening. Fortunately I was going to the motel and not in a hurry. Finally called Uber for a quick $8.75 ride. 5:30 AM shuttle from motel to airport was fine.","featured":false,"ratingsOnly":false,"ratingRoomCleanliness":5,"ratingHotelCondition":3,"ratingService":4,"ratingRoomComfort":4,"positiveRemarks":"","negativeRemarks":"","locationRemarks":"","lastInitial":"h","userLocation":"MN","reviewSubmissionTime":"2016-08-12T17:53:22Z","reviewerCategories":[{"categoryId":"Everyone","categoryLabel":"Everyone"}],"userDisplayName":"","roomTypeId":166912,"isUnverified":false,"isFlaggable":true,"isRecommended":"NO"},{"hotelId":"283107","totalPositiveFeedbacks":0,"tpid":"1","eapid":"0","contentLocale":"en_us","totalThanks":0,"photos":[],"reviewId":"57a87d974f61260b2615e46f","itinId":"1140395397002","moderationStatus":"APPROVED","contentCodes":"","managementResponses":[],"ratingOverall":3,"langId":"1033","userNickname":"","brandType":"Expedia","title":"It's a nice hotel that closes to airport.","reviewText":"The hotel staff who was in charge of breakfast was not nice.  When I was making waffle, the vale of waffle bottle dropped and messed up. the hotel staff was very unhappy. That's just accident and something wrong. Overall the hotel is clean.  ","featured":false,"ratingsOnly":false,"ratingRoomCleanliness":4,"ratingHotelCondition":3,"ratingService":3,"ratingRoomComfort":3,"positiveRemarks":"The location and room is big and clean, that's what we like.","negativeRemarks":"the hotel staff might be more professional.","locationRemarks":"The location is really convenient to restaurant and airport. ","lastInitial":"","userLocation":"","reviewSubmissionTime":"2016-08-08T12:39:51Z","reviewerCategories":[{"categoryId":"Everyone","categoryLabel":"Everyone"}],"userDisplayName":"","roomTypeId":28163,"isUnverified":false,"isFlaggable":true,"isRecommended":"YES"},{"hotelId":"283107","totalPositiveFeedbacks":0,"tpid":"1","eapid":"0","contentLocale":"en_us","totalThanks":0,"photos":[],"reviewId":"579638678566a80b2a47b6d3","itinId":"1140594093220","moderationStatus":"APPROVED","contentCodes":"","managementResponses":[],"ratingOverall":5,"langId":"1033","userNickname":"","brandType":"Expedia","title":"Convenient and reasonably priced","reviewText":"The check in process was extremely fast, and all of the staff that I talked with were very friendly and helpful. The hotel was easy to find, had plenty of parking, and was very clean. ","featured":false,"ratingsOnly":false,"ratingRoomCleanliness":5,"ratingHotelCondition":5,"ratingService":5,"ratingRoomComfort":4,"positiveRemarks":"","negativeRemarks":"","locationRemarks":"","lastInitial":"","userLocation":"","reviewSubmissionTime":"2016-07-25T16:03:51Z","reviewerCategories":[{"categoryId":"Everyone","categoryLabel":"Everyone"}],"userDisplayName":"","roomTypeId":28163,"isUnverified":false,"isFlaggable":true,"isRecommended":"YES"},{"hotelId":"283107","totalPositiveFeedbacks":0,"tpid":"1","eapid":"0","contentLocale":"en_us","totalThanks":0,"photos":[],"reviewId":"5794ea5fbff7f60b2f91d503","itinId":"1138465026689","moderationStatus":"APPROVED","contentCodes":"","managementResponses":[],"ratingOverall":5,"langId":"1033","userNickname":"Nonna","brandType":"Expedia","title":"Quiet, close to airport, free shuttle!","reviewText":"We simply needed a hotel close to airport as we were stopping over for one day to meet family in San Fran.  Super 8 was quiet, very clean, neat, very nice staff, no charge for parking!!!, continental breakfast, ice machines, vending soda, plenty of places in the area that deliver (try Seniore's Pizza - outstanding), hotel residents can use computer in lobby, oh! and did I say quiet and very clean??  It's a little gem.  Yes, it is right on El Camino Way, but you are not bothered by traffic.  We got hotel shuttle to airport at 4:30am - excellent and no problem.  ","featured":false,"ratingsOnly":false,"ratingRoomCleanliness":5,"ratingHotelCondition":5,"ratingService":5,"ratingRoomComfort":5,"positiveRemarks":"Clean, very nice people working there, no parking fee, continental breakfast.  Noticed that they held luggage for a young couple! nice!","negativeRemarks":"Maybe some curtains that closed all the way to keep out light - but this is NOT a BIG problem at all.","locationRemarks":"We did not walk the area, but there are lots of restaurants close by that deliver, Walgreens, McD's. Fisherman's Wharf about an hour with traffic.","lastInitial":"K","userLocation":"Wharton, NJ","reviewSubmissionTime":"2016-07-24T16:18:39Z","reviewerCategories":[{"categoryId":"Everyone","categoryLabel":"Everyone"}],"userDisplayName":"","roomTypeId":28163,"isUnverified":false,"isFlaggable":true,"isRecommended":"YES"},{"hotelId":"283107","totalPositiveFeedbacks":0,"tpid":"4","eapid":"0","contentLocale":"en_ca","totalThanks":0,"photos":[],"reviewId":"579276ba92b3430b2923dc19","itinId":"1137161134250","moderationStatus":"APPROVED","contentCodes":"","managementResponses":[],"ratingOverall":4,"langId":"4105","userNickname":"","brandType":"Expedia","title":"Free parking, free airport shuttle, and quiet room","reviewText":"Free wifi, free airport shuttle, and free breakfast. Quiet air conditioner, perfect!","featured":false,"ratingsOnly":false,"ratingRoomCleanliness":5,"ratingHotelCondition":4,"ratingService":4,"ratingRoomComfort":5,"positiveRemarks":"","negativeRemarks":"","locationRemarks":"","lastInitial":"","userLocation":"","reviewSubmissionTime":"2016-07-22T19:40:42Z","reviewerCategories":[{"categoryId":"Everyone","categoryLabel":"Everyone"}],"userDisplayName":"","roomTypeId":28163,"isUnverified":false,"isFlaggable":true,"isRecommended":"YES"},{"hotelId":"283107","totalPositiveFeedbacks":0,"tpid":"1","eapid":"0","contentLocale":"en_us","totalThanks":0,"photos":[],"reviewId":"5791df203a803a0b282160f6","itinId":"1129166592184","moderationStatus":"APPROVED","contentCodes":"","managementResponses":[],"ratingOverall":5,"langId":"1033","userNickname":"Char","brandType":"Expedia","title":"","reviewText":"The rooms were clean and the beds were comfortable. Staff was very helpful and pleasant.","featured":false,"ratingsOnly":false,"ratingRoomCleanliness":5,"ratingHotelCondition":5,"ratingService":5,"ratingRoomComfort":5,"positiveRemarks":"","negativeRemarks":"","locationRemarks":"","lastInitial":"","userLocation":"Guam","reviewSubmissionTime":"2016-07-22T08:53:52Z","reviewerCategories":[{"categoryId":"Everyone","categoryLabel":"Everyone"}],"userDisplayName":"","roomTypeId":166912,"isUnverified":false,"isFlaggable":true,"isRecommended":"YES"},{"hotelId":"283107","totalPositiveFeedbacks":0,"tpid":"25","eapid":"0","contentLocale":"en_au","totalThanks":0,"photos":[],"reviewId":"578b25760cb5d70b297bcb3d","itinId":"15734222101","moderationStatus":"APPROVED","contentCodes":"HMP MMD","managementResponses":[],"ratingOverall":4,"langId":"3081","userNickname":"Robert","brandType":"Expedia","title":"Handy for SFO","reviewText":"Good priced hotel close to SFO. Very helpful front desk staff (Monica and Patricia especially). Good value compared to expensive nature of downtown San Francisco hotels. Only 20 minute walk to BART station for ride into city.","featured":false,"ratingsOnly":false,"ratingRoomCleanliness":4,"ratingHotelCondition":4,"ratingService":5,"ratingRoomComfort":4,"positiveRemarks":"Overall good value for San Francisco - good standard budget hotel.","negativeRemarks":"","locationRemarks":"Nice walk via 'downtown' San Bruno along the avenue to BART station.","lastInitial":"","userLocation":"Sydney Aus","reviewSubmissionTime":"2016-07-17T06:28:06Z","reviewerCategories":[{"categoryId":"Everyone","categoryLabel":"Everyone"}],"userDisplayName":"","roomTypeId":166912,"isUnverified":false,"isFlaggable":false,"isRecommended":"YES"},{"hotelId":"283107","totalPositiveFeedbacks":0,"tpid":"1","eapid":"0","contentLocale":"en_us","totalThanks":0,"photos":[],"reviewId":"578a5601756ba70b27de69fc","itinId":"1130963274521","moderationStatus":"APPROVED","contentCodes":"","managementResponses":[],"ratingOverall":3,"langId":"1033","userNickname":"one night stay ","brandType":"Expedia","title":"Nice hotel by the airport if you need a night stay","reviewText":"Hotel was easy to check in , right by airport , shuttle takes you to airport , and clean ! Be advised that planes are right near by ! ","featured":false,"ratingsOnly":false,"ratingRoomCleanliness":4,"ratingHotelCondition":3,"ratingService":2,"ratingRoomComfort":3,"positiveRemarks":"","negativeRemarks":"","locationRemarks":"","lastInitial":"","userLocation":"new york, Ct ","reviewSubmissionTime":"2016-07-16T15:42:57Z","reviewerCategories":[{"categoryId":"Everyone","categoryLabel":"Everyone"}],"userDisplayName":"","roomTypeId":28163,"isUnverified":false,"isFlaggable":true,"isRecommended":"YES"},{"hotelId":"283107","totalPositiveFeedbacks":0,"tpid":"1","eapid":"0","contentLocale":"en_us","totalThanks":0,"photos":[],"reviewId":"5777d3c086298d0b8252b429","itinId":"1134554040802","moderationStatus":"APPROVED","contentCodes":"","managementResponses":[],"ratingOverall":4,"langId":"1033","userNickname":"","brandType":"Expedia","title":"Good for family.","reviewText":"Convenient location to airport. Two king beds were great for family of four. Simple breakfast and airport shuttle also make travel with family less stressful. ","featured":false,"ratingsOnly":false,"ratingRoomCleanliness":5,"ratingHotelCondition":4,"ratingService":5,"ratingRoomComfort":5,"positiveRemarks":"","negativeRemarks":"","locationRemarks":"","lastInitial":"","userLocation":"","reviewSubmissionTime":"2016-07-02T14:46:24Z","reviewerCategories":[{"categoryId":"Everyone","categoryLabel":"Everyone"}],"userDisplayName":"","roomTypeId":200678273,"isUnverified":false,"isFlaggable":true,"isRecommended":"YES"},{"hotelId":"283107","totalPositiveFeedbacks":0,"tpid":"1","eapid":"0","contentLocale":"en_us","totalThanks":0,"photos":[],"reviewId":"577129c47749760b7e33c229","itinId":"1130405488735","moderationStatus":"APPROVED","contentCodes":"","managementResponses":[],"ratingOverall":4,"langId":"1033","userNickname":"","brandType":"Expedia","title":"Airport access was our need","reviewText":"Pleasant facility in close proximity to SFO.  Breakfast hours were early enough, but space allotted was minimal.  Free shuttle to airport every half hour early morning, book it when you check in.  Ours was 10 min late for pickup, but we had allowed for that possibility.  Staff and rooms were perfect for our needs.  We would use them again.","featured":false,"ratingsOnly":false,"ratingRoomCleanliness":4,"ratingHotelCondition":4,"ratingService":4,"ratingRoomComfort":4,"positiveRemarks":"","negativeRemarks":"Space for more seating in breakfast area.\r\nMake sure shuttle arrives on time to decrease anxiety of flyers.","locationRemarks":"","lastInitial":"","userLocation":"","reviewSubmissionTime":"2016-06-27T13:27:32Z","reviewerCategories":[{"categoryId":"Everyone","categoryLabel":"Everyone"}],"userDisplayName":"","roomTypeId":166912,"isUnverified":false,"isFlaggable":true,"isRecommended":"YES"},{"hotelId":"283107","totalPositiveFeedbacks":0,"tpid":"4","eapid":"0","contentLocale":"en_ca","totalThanks":0,"photos":[],"reviewId":"5762f0939cd5dd0b485d0753","itinId":"1137099304113","moderationStatus":"APPROVED","contentCodes":"","managementResponses":[],"ratingOverall":4,"langId":"4105","userNickname":"","brandType":"Expedia","title":"Great for SFO","reviewText":"Had a late check-in and early check-out, so really didn't do more that sleep and shower. Ground floor room was quiet, bed comfortable, and shuttle ran on-time. Really good option for layovers between flights.","featured":false,"ratingsOnly":false,"ratingRoomCleanliness":5,"ratingHotelCondition":4,"ratingService":5,"ratingRoomComfort":5,"positiveRemarks":"","negativeRemarks":"","locationRemarks":"","lastInitial":"","userLocation":"","reviewSubmissionTime":"2016-06-16T18:31:47Z","reviewerCategories":[{"categoryId":"Everyone","categoryLabel":"Everyone"}],"userDisplayName":"","roomTypeId":28163,"isUnverified":false,"isFlaggable":true,"isRecommended":"YES"},{"hotelId":"283107","totalPositiveFeedbacks":0,"tpid":"1","eapid":"0","contentLocale":"en_us","totalThanks":0,"photos":[],"reviewId":"57541558773f350b502954af","itinId":"1135798571102","moderationStatus":"APPROVED","contentCodes":"","managementResponses":[],"ratingOverall":5,"langId":"1033","userNickname":"Nick ","brandType":"Expedia","title":"Perfect for a budget hotel\r\n ","reviewText":"It was great and even better than its current 2 stat rating","featured":false,"ratingsOnly":false,"ratingRoomCleanliness":5,"ratingHotelCondition":5,"ratingService":5,"ratingRoomComfort":5,"positiveRemarks":"","negativeRemarks":"","locationRemarks":"","lastInitial":"G","userLocation":"San Frncisco","reviewSubmissionTime":"2016-06-05T12:04:40Z","reviewerCategories":[{"categoryId":"Everyone","categoryLabel":"Everyone"}],"userDisplayName":"","roomTypeId":166912,"isUnverified":false,"isFlaggable":true,"isRecommended":"YES"},{"hotelId":"283107","totalPositiveFeedbacks":1,"tpid":"1","eapid":"0","contentLocale":"en_us","totalThanks":1,"photos":[],"reviewId":"573de241d4c43f09fef3e60d","itinId":"1129177150846","moderationStatus":"APPROVED","contentCodes":"MMA","managementResponses":[],"ratingOverall":3,"langId":"1033","userNickname":"Joan ","brandType":"Expedia","title":"convenient hotel","reviewText":"We found our room and bed very comfortable and close to airport, which is what we wanted.\r\nThe staff were congenial but a couple of complaints:  \r\n1.  They failed to give us a wake-up call as requested.\r\n2.  The desk should be more aware of time it takes for courtesy bus to get to airport as courtesy bus took over 1/2 hr to get to airport as we were first stop and then several other stops to pick up passengers.   This makes a difference for planning.  Fortunately we decided to take earlier courtesy bus just in case.\r\n","featured":false,"ratingsOnly":false,"ratingRoomCleanliness":3,"ratingHotelCondition":3,"ratingService":3,"ratingRoomComfort":3,"positiveRemarks":"","negativeRemarks":"","locationRemarks":"","lastInitial":"","userLocation":"","reviewSubmissionTime":"2016-05-19T15:56:49Z","reviewerCategories":[{"categoryId":"Everyone","categoryLabel":"Everyone"}],"userDisplayName":"","roomTypeId":28163,"isUnverified":false,"isFlaggable":false,"isRecommended":"YES"},{"hotelId":"283107","totalPositiveFeedbacks":1,"tpid":"1","eapid":"0","contentLocale":"en_us","totalThanks":1,"photos":[],"reviewId":"5739af24549a1d09fd7d64d3","itinId":"1129323529396","moderationStatus":"APPROVED","contentCodes":"MMA","managementResponses":[],"ratingOverall":3,"langId":"1033","userNickname":"Jim","brandType":"Expedia","title":"Close to airport. ","reviewText":"Only five minutes from rental car return. That's what we wanted with an early morning departure. Despite being on busy street, room was quiet. Plain vanilla room but clean. A bit of water leaking from toilet tank made for a wet spot on bathroom floor. Several restaurants nearby with a Chilis just a few blocks up the road.","featured":false,"ratingsOnly":false,"ratingRoomCleanliness":4,"ratingHotelCondition":3,"ratingService":4,"ratingRoomComfort":4,"positiveRemarks":"","negativeRemarks":"","locationRemarks":"","lastInitial":"F","userLocation":"wisconsin","reviewSubmissionTime":"2016-05-16T11:29:40Z","reviewerCategories":[{"categoryId":"Everyone","categoryLabel":"Everyone"}],"userDisplayName":"","roomTypeId":28163,"isUnverified":false,"isFlaggable":false,"isRecommended":"YES"},{"hotelId":"283107","totalPositiveFeedbacks":0,"tpid":"1","eapid":"0","contentLocale":"en_us","totalThanks":0,"photos":[],"reviewId":"57334c2bbbb2c009fdc17638","itinId":"1134266563590","moderationStatus":"APPROVED","contentCodes":"","managementResponses":[],"ratingOverall":5,"langId":"1033","userNickname":"Greg","brandType":"Expedia","title":"Clean, comfortable, friendly","reviewText":"Clean room. Comfortable bed. Staff was friendly. Close to the airport, which is convenient. Simple little continental breakfast was not great but good enough to start the day. The only negative is that we heard a couple airplanes take off or land around 1am. The hotel can't help that, but I thought that flying times were restricted. It's not a 5-star hotel, but for the price, it is great. ","featured":false,"ratingsOnly":false,"ratingRoomCleanliness":5,"ratingHotelCondition":5,"ratingService":5,"ratingRoomComfort":4,"positiveRemarks":"","negativeRemarks":"","locationRemarks":"","lastInitial":"","userLocation":"Napa CA","reviewSubmissionTime":"2016-05-11T15:13:47Z","reviewerCategories":[{"categoryId":"Everyone","categoryLabel":"Everyone"}],"userDisplayName":"","roomTypeId":28163,"isUnverified":false,"isFlaggable":true,"isRecommended":"YES"},{"hotelId":"283107","totalPositiveFeedbacks":0,"tpid":"1","eapid":"0","contentLocale":"en_us","totalThanks":0,"photos":[],"reviewId":"572eac19fc962409fc0bb443","itinId":"1133704795758","moderationStatus":"APPROVED","contentCodes":"","managementResponses":[],"ratingOverall":4,"langId":"1033","userNickname":"","brandType":"Expedia","title":"very convenient location at a great price","reviewText":"we stayed here while visiting sites in san Francisco. off the beaten path but convenient to all areas airport downtown golden gate bridge\r\n","featured":false,"ratingsOnly":false,"ratingRoomCleanliness":5,"ratingHotelCondition":4,"ratingService":4,"ratingRoomComfort":5,"positiveRemarks":"the location","negativeRemarks":"nothing","locationRemarks":"airport was quick access and sites in sf\r\n","lastInitial":"","userLocation":"","reviewSubmissionTime":"2016-05-08T03:01:45Z","reviewerCategories":[{"categoryId":"Families","categoryLabel":"Families"}],"userDisplayName":"","roomTypeId":200678273,"isUnverified":false,"isFlaggable":true,"isRecommended":"YES"},{"hotelId":"283107","totalPositiveFeedbacks":1,"tpid":"1","eapid":"0","contentLocale":"en_us","totalThanks":1,"photos":[],"reviewId":"57280c8acfc54b09e074089c","itinId":"1127117873018","moderationStatus":"APPROVED","contentCodes":"","managementResponses":[],"ratingOverall":4,"langId":"1033","userNickname":"","brandType":"Expedia","title":"Close to the road  A bit noisy","reviewText":"It was a great deal for an \"economy\" hotel.  I appreciated having the less expensive alternative on this particular journey.  The staff was great, friendly and helpful.  The room was clean and felt good.","featured":false,"ratingsOnly":false,"ratingRoomCleanliness":4,"ratingHotelCondition":3,"ratingService":5,"ratingRoomComfort":4,"positiveRemarks":"","negativeRemarks":"","locationRemarks":"A few restaurants (local and chain) within walking distance.","lastInitial":"","userLocation":"VA","reviewSubmissionTime":"2016-05-03T02:27:22Z","reviewerCategories":[{"categoryId":"Everyone","categoryLabel":"Everyone"}],"userDisplayName":"","roomTypeId":200678261,"isUnverified":false,"isFlaggable":true,"isRecommended":"YES"},{"hotelId":"283107","totalPositiveFeedbacks":0,"tpid":"1","eapid":"0","contentLocale":"en_us","totalThanks":0,"photos":[],"reviewId":"5726b7119cb05a09df604ad7","itinId":"1133450344147","moderationStatus":"APPROVED","contentCodes":"","managementResponses":[],"ratingOverall":3,"langId":"1033","userNickname":"J","brandType":"Expedia","title":"Transit hotel","reviewText":"Needed a place to crash due to flight transit.  Looked for hotels available near the airport, but prices were way up there.  This hotel seemed to be in reasonable price ranges when you had to spend 10 hour or so due to flight schedules.","featured":false,"ratingsOnly":false,"ratingRoomCleanliness":3,"ratingHotelCondition":3,"ratingService":3,"ratingRoomComfort":3,"positiveRemarks":"Not too far away from airport.  Quick resoponse by hotel staff on request for shuttle pick up.","negativeRemarks":"Rooms were a bit outdated and breakfast area was a bit small.","locationRemarks":"Close to airport","lastInitial":"L","userLocation":"Asia","reviewSubmissionTime":"2016-05-02T02:10:25Z","reviewerCategories":[{"categoryId":"BusinessTravelers","categoryLabel":"BusinessTravelers"}],"userDisplayName":"","roomTypeId":28163,"isUnverified":false,"isFlaggable":true,"isRecommended":"YES"},{"hotelId":"283107","totalPositiveFeedbacks":0,"tpid":"1","eapid":"0","contentLocale":"en_us","totalThanks":0,"photos":[],"reviewId":"5722159935e74c09fce9dcd5","itinId":"1133172997330","moderationStatus":"APPROVED","contentCodes":"HMP MMD","managementResponses":[],"ratingOverall":4,"langId":"1033","userNickname":"","brandType":"Expedia","title":"Short and sweet","reviewText":"Just in town for the night wanted a hotel that was close to the airport and not $259.00 a night.  I went for a walk when I got there and had dinner at the Mexican restaurant next door.  The staff was very friendly. The airport shuttle by the way only goes to the terminals.  I needed to be dropped of at a building on airport grounds and he wouldn't do it.  That was disappointing. ","featured":false,"ratingsOnly":false,"ratingRoomCleanliness":4,"ratingHotelCondition":4,"ratingService":4,"ratingRoomComfort":4,"positiveRemarks":"","negativeRemarks":"","locationRemarks":"","lastInitial":"","userLocation":"","reviewSubmissionTime":"2016-04-28T13:52:25Z","reviewerCategories":[{"categoryId":"Everyone","categoryLabel":"Everyone"}],"userDisplayName":"","roomTypeId":166912,"isUnverified":false,"isFlaggable":false,"isRecommended":"YES"}]}}}
