{"reviewDetails":{"startIndex":0,"numberOfReviewsInThisPage":20,"reviewSummaryCollection":{"reviewSummary":[{"hotelId":"50993","totalReviewCnt":190,"avgOverallRating":2.4947362,"cleanliness":3.089473,"serviceAndStaff":3.0578947,"roomComfort":2.6210525,"hotelCondition":2.5421054,"convenienceOfLocation":0,"neighborhoodSatisfaction":0,"roomQuality":0,"targetedBrand":"Expedia","originSummary":[{"origin":"Expedia","reviewCnt":190,"recommendedPercent":41.57895,"avgOverallRating":2.4947362,"cleanliness":3.089473,"serviceAndStaff":3.0578947,"roomComfort":2.6210525,"hotelCondition":2.5421054,"convenienceOfLocation":0,"neighborhoodSatisfaction":0,"valueForMoney":0,"roomQuality":0,"categoryCounts":{"Everyone":177,"BusinessTravelers":8,"Couples":1,"Families":3,"Other":1},"roomTypeIdCounts":{"200624038":9,"200624033":8,"200624032":65,"200624035":5,"200624030":47,"200624040":1},"languageCounts":{"en":190}}],"recommendedPercent":41.57895,"valueForMoney":0,"categoryCounts":{"Everyone":177,"BusinessTravelers":8,"Couples":1,"Families":3,"Other":1},"roomTypeIdCounts":{"200624038":9,"200624033":8,"200624032":65,"200624035":5,"200624030":47,"200624040":1},"languageCounts":{"en":190},"featuredReview":{}}]},"reviewCollection":{"review":[{"hotelId":"50993","totalPositiveFeedbacks":0,"tpid":"1","eapid":"0","contentLocale":"en_us","totalThanks":0,"photos":[],"reviewId":"57b1989d97658c0b08dd1e07","itinId":"1142965190249","moderationStatus":"APPROVED","contentCodes":"","managementResponses":[],"ratingOverall":3,"langId":"1033","userNickname":"","brandType":"Expedia","title":"","reviewText":"No frills except a pool. Kinda close to san francisco. Staff was ok, didnt interact much with them. Kinda smelly in our room, but I think it's because it's a pet friendly hotel.","featured":false,"ratingsOnly":false,"ratingRoomCleanliness":3,"ratingHotelCondition":3,"ratingService":3,"ratingRoomComfort":3,"positiveRemarks":"","negativeRemarks":"","locationRemarks":"","lastInitial":"","userLocation":"","reviewSubmissionTime":"2016-08-15T10:25:33Z","reviewerCategories":[{"categoryId":"Everyone","categoryLabel":"Everyone"}],"userDisplayName":"","roomTypeId":200624030,"isUnverified":false,"isFlaggable":true,"isRecommended":"YES"},{"hotelId":"50993","totalPositiveFeedbacks":0,"tpid":"1","eapid":"0","contentLocale":"en_us","totalThanks":0,"photos":[],"reviewId":"57a8c41bee29160b0b03227f","itinId":"1142425065314","moderationStatus":"APPROVED","contentCodes":"","managementResponses":[],"ratingOverall":2,"langId":"1033","userNickname":"Summer June","brandType":"Expedia","title":"","reviewText":"Too noisy to fall asleep, some kind of machine operating sounds all night long","featured":false,"ratingsOnly":false,"ratingRoomCleanliness":3,"ratingHotelCondition":1,"ratingService":3,"ratingRoomComfort":1,"positiveRemarks":"","negativeRemarks":"","locationRemarks":"","lastInitial":"","userLocation":"CA","reviewSubmissionTime":"2016-08-08T17:40:43Z","reviewerCategories":[{"categoryId":"Everyone","categoryLabel":"Everyone"}],"userDisplayName":"","roomTypeId":200624030,"isUnverified":false,"isFlaggable":true,"isRecommended":"NO"},{"hotelId":"50993","totalPositiveFeedbacks":0,"tpid":"1","eapid":"0","contentLocale":"en_us","totalThanks":0,"photos":[],"reviewId":"57a3041138eaf50b2792ae48","itinId":"1141524975967","moderationStatus":"APPROVED","contentCodes":"","managementResponses":[],"ratingOverall":4,"langId":"1033","userNickname":"","brandType":"Expedia","title":"","reviewText":"Good location...overall it's not a bad place to stay.  ","featured":false,"ratingsOnly":false,"ratingRoomCleanliness":5,"ratingHotelCondition":4,"ratingService":4,"ratingRoomComfort":4,"positiveRemarks":"","negativeRemarks":"","locationRemarks":"","lastInitial":"","userLocation":"","reviewSubmissionTime":"2016-08-04T09:00:01Z","reviewerCategories":[{"categoryId":"Everyone","categoryLabel":"Everyone"}],"userDisplayName":"","roomTypeId":200624032,"isUnverified":false,"isFlaggable":true,"isRecommended":"YES"},{"hotelId":"50993","totalPositiveFeedbacks":0,"tpid":"1","eapid":"0","contentLocale":"en_us","totalThanks":0,"photos":[],"reviewId":"57a125f4647eae0b291fa29c","itinId":"1141271692347","moderationStatus":"APPROVED","contentCodes":"","managementResponses":[],"ratingOverall":4,"langId":"1033","userNickname":"","brandType":"Expedia","title":"","reviewText":"Very good. I really enjoyed my experience at Motel 6 ","featured":false,"ratingsOnly":false,"ratingRoomCleanliness":4,"ratingHotelCondition":4,"ratingService":4,"ratingRoomComfort":4,"positiveRemarks":"","negativeRemarks":"","locationRemarks":"","lastInitial":"","userLocation":"","reviewSubmissionTime":"2016-08-02T23:00:04Z","reviewerCategories":[{"categoryId":"Everyone","categoryLabel":"Everyone"}],"userDisplayName":"","roomTypeId":200624030,"isUnverified":false,"isFlaggable":true,"isRecommended":"YES"},{"hotelId":"50993","totalPositiveFeedbacks":0,"tpid":"1","eapid":"0","contentLocale":"en_us","totalThanks":0,"photos":[],"reviewId":"579f63163f9da40b2ababb35","itinId":"1140994124430","moderationStatus":"APPROVED","contentCodes":"","managementResponses":[],"ratingOverall":4,"langId":"1033","userNickname":"Lewis","brandType":"Expedia","title":"Very good for the price ","reviewText":"Good place to stay the night if you are visiting. About 25 minutes from downtown SF with out traffic. ","featured":false,"ratingsOnly":false,"ratingRoomCleanliness":4,"ratingHotelCondition":3,"ratingService":3,"ratingRoomComfort":4,"positiveRemarks":"","negativeRemarks":"","locationRemarks":"","lastInitial":"","userLocation":"Los Angeles ","reviewSubmissionTime":"2016-08-01T14:56:22Z","reviewerCategories":[{"categoryId":"Everyone","categoryLabel":"Everyone"}],"userDisplayName":"","roomTypeId":200624032,"isUnverified":false,"isFlaggable":true,"isRecommended":"YES"},{"hotelId":"50993","totalPositiveFeedbacks":0,"tpid":"1","eapid":"0","contentLocale":"en_us","totalThanks":0,"photos":[],"reviewId":"579dca8789ba8c0b06ace297","itinId":"1135096461832","moderationStatus":"APPROVED","contentCodes":"","managementResponses":[],"ratingOverall":3,"langId":"1033","userNickname":"","brandType":"Expedia","title":"Just ok","reviewText":"Room is big but the shower sink water can't get away and toilet is always smell bad and too much noise at night","featured":false,"ratingsOnly":false,"ratingRoomCleanliness":3,"ratingHotelCondition":3,"ratingService":5,"ratingRoomComfort":3,"positiveRemarks":"","negativeRemarks":"","locationRemarks":"","lastInitial":"","userLocation":"","reviewSubmissionTime":"2016-07-31T09:53:11Z","reviewerCategories":[{"categoryId":"Everyone","categoryLabel":"Everyone"}],"userDisplayName":"","roomTypeId":200624032,"isUnverified":false,"isFlaggable":true,"isRecommended":"NO"},{"hotelId":"50993","totalPositiveFeedbacks":0,"tpid":"1","eapid":"0","contentLocale":"en_us","totalThanks":0,"photos":[],"reviewId":"5797ae8abff7f60b2fc714c4","itinId":"1141291550089","moderationStatus":"APPROVED","contentCodes":"","managementResponses":[],"ratingOverall":4,"langId":"1033","userNickname":"Terry","brandType":"Expedia","title":"for the price you get good value.","reviewText":"A very convenient location and well lit.  Staff is friendly and room is spacious but not fancy.  You get good value for the price paid.","featured":false,"ratingsOnly":false,"ratingRoomCleanliness":3,"ratingHotelCondition":3,"ratingService":4,"ratingRoomComfort":4,"positiveRemarks":"","negativeRemarks":"","locationRemarks":"","lastInitial":"P","userLocation":"New York","reviewSubmissionTime":"2016-07-26T18:40:10Z","reviewerCategories":[{"categoryId":"BusinessTravelers","categoryLabel":"BusinessTravelers"}],"userDisplayName":"","roomTypeId":200624038,"isUnverified":false,"isFlaggable":true,"isRecommended":"YES"},{"hotelId":"50993","totalPositiveFeedbacks":0,"tpid":"1","eapid":"0","contentLocale":"en_us","totalThanks":0,"photos":[],"reviewId":"5795023592b3430b2984e8c6","itinId":"1141071133822","moderationStatus":"APPROVED","contentCodes":"","managementResponses":[],"ratingOverall":4,"langId":"1033","userNickname":"","brandType":"Expedia","title":"","reviewText":"The room was clean and orderly. Nothing elaborate, but comfortable.","featured":false,"ratingsOnly":false,"ratingRoomCleanliness":5,"ratingHotelCondition":4,"ratingService":4,"ratingRoomComfort":5,"positiveRemarks":"","negativeRemarks":"","locationRemarks":"","lastInitial":"","userLocation":"","reviewSubmissionTime":"2016-07-24T18:00:21Z","reviewerCategories":[{"categoryId":"Everyone","categoryLabel":"Everyone"}],"userDisplayName":"","roomTypeId":200624030,"isUnverified":false,"isFlaggable":true,"isRecommended":"YES"},{"hotelId":"50993","totalPositiveFeedbacks":2,"tpid":"1","eapid":"0","contentLocale":"en_us","totalThanks":2,"photos":[],"reviewId":"576b8c0d00db110b7a587f1a","itinId":"1137232327343","moderationStatus":"APPROVED","contentCodes":"","managementResponses":[],"ratingOverall":5,"langId":"1033","userNickname":"Carrie","brandType":"Expedia","title":"Great clean Motel 6","reviewText":"\r\nBest budget motel in SFO area. My stay here was pleasant. My room was very clean and large. I had a full size fridge and kitchenette. Pet friendly. The manager was fabulous. I could tell he really cared about making everyone's stay enjoyable and I overheard him motivating staff. Job well done. ","featured":false,"ratingsOnly":false,"ratingRoomCleanliness":5,"ratingHotelCondition":5,"ratingService":5,"ratingRoomComfort":5,"positiveRemarks":"","negativeRemarks":"","locationRemarks":"","lastInitial":"","userLocation":"","reviewSubmissionTime":"2016-06-23T07:13:17Z","reviewerCategories":[{"categoryId":"Everyone","categoryLabel":"Everyone"}],"userDisplayName":"","roomTypeId":200624033,"isUnverified":false,"isFlaggable":true,"isRecommended":"YES"},{"hotelId":"50993","totalPositiveFeedbacks":0,"tpid":"1","eapid":"0","contentLocale":"en_us","totalThanks":0,"photos":[],"reviewId":"576ab820f50ddf0b5cb441ea","itinId":"1137426163407","moderationStatus":"APPROVED","contentCodes":"HMP MMD","managementResponses":[],"ratingOverall":2,"langId":"1033","userNickname":"","brandType":"Expedia","title":"Cigerette ash in the towel holders","reviewText":"I was disgusted to find cigarette ash on the towel ashes after I had used the towels...this should be a simple part of the cleaning routine everytime. Hotel staff was young and inexperienced. I had to carry full size ironing board up to my room, two flights by myself. ","featured":false,"ratingsOnly":false,"ratingRoomCleanliness":2,"ratingHotelCondition":2,"ratingService":2,"ratingRoomComfort":3,"positiveRemarks":"","negativeRemarks":"","locationRemarks":"","lastInitial":"","userLocation":"","reviewSubmissionTime":"2016-06-22T16:09:04Z","reviewerCategories":[{"categoryId":"Everyone","categoryLabel":"Everyone"}],"userDisplayName":"","roomTypeId":200624030,"isUnverified":false,"isFlaggable":false,"isRecommended":"NO"},{"hotelId":"50993","totalPositiveFeedbacks":1,"tpid":"1","eapid":"0","contentLocale":"en_us","totalThanks":1,"photos":[],"reviewId":"576635d49fe6d20b47ff1024","itinId":"1137678893708","moderationStatus":"APPROVED","contentCodes":"HMP MMD","managementResponses":[],"ratingOverall":1,"langId":"1033","userNickname":"Gerry","brandType":"Expedia","title":"Poor Quality Hotel","reviewText":"Checked in and had requested a room with two beds.  Not only did the girl at the front desk have difficulty speaking and understanding English, she was very rude, and refused to help me with my request.  They say the rooms have been renovated, but really they have just been painted and replaced carpet with fake wood flooring.  There are zero amenities, no hangars to hang clothes on, no soap,or shampoo offered in the bathroom, I'm actually surprised they had toilet paper. Overall very uncomfortable, and unpleasant stay. ","featured":false,"ratingsOnly":false,"ratingRoomCleanliness":1,"ratingHotelCondition":1,"ratingService":1,"ratingRoomComfort":1,"positiveRemarks":"","negativeRemarks":"Customer service, as well as the overall quality of the hotel.  ","locationRemarks":"","lastInitial":"D","userLocation":"Lakewood","reviewSubmissionTime":"2016-06-19T06:04:04Z","reviewerCategories":[{"categoryId":"Everyone","categoryLabel":"Everyone"}],"userDisplayName":"","roomTypeId":200624040,"isUnverified":false,"isFlaggable":false,"isRecommended":"NO"},{"hotelId":"50993","totalPositiveFeedbacks":0,"tpid":"1","eapid":"0","contentLocale":"en_us","totalThanks":0,"photos":[],"reviewId":"57654ad183106a0b506b2e56","itinId":"1134711605586","moderationStatus":"APPROVED","contentCodes":"","managementResponses":[],"ratingOverall":3,"langId":"1033","userNickname":"Mike ","brandType":"Expedia","title":"","reviewText":" Basic hotel but clean and a good bed.                ","featured":false,"ratingsOnly":false,"ratingRoomCleanliness":4,"ratingHotelCondition":3,"ratingService":4,"ratingRoomComfort":3,"positiveRemarks":"","negativeRemarks":"","locationRemarks":"","lastInitial":"","userLocation":"wilmington","reviewSubmissionTime":"2016-06-18T13:21:21Z","reviewerCategories":[{"categoryId":"Everyone","categoryLabel":"Everyone"}],"userDisplayName":"","roomTypeId":200624030,"isUnverified":false,"isFlaggable":true,"isRecommended":"YES"},{"hotelId":"50993","totalPositiveFeedbacks":1,"tpid":"1","eapid":"0","contentLocale":"en_us","totalThanks":1,"photos":[],"reviewId":"576443caf7ebc30b7b7f6a0d","itinId":"1137523185848","moderationStatus":"APPROVED","contentCodes":"HMP MMD","managementResponses":[],"ratingOverall":2,"langId":"1033","userNickname":"","brandType":"Expedia","title":"Okay. ","reviewText":"My sheets seemed like they were not changed. There was a cigarette burn on my sheet and a few strands of hair. Which was longer than mines. My head is shaved, therefore, I am absolutely sure that it was my hair. I would not go back to this hotel nor would I recommend it to any of my friends or family. ","featured":false,"ratingsOnly":false,"ratingRoomCleanliness":1,"ratingHotelCondition":2,"ratingService":2,"ratingRoomComfort":2,"positiveRemarks":"","negativeRemarks":"","locationRemarks":"","lastInitial":"","userLocation":"","reviewSubmissionTime":"2016-06-17T18:39:06Z","reviewerCategories":[{"categoryId":"Everyone","categoryLabel":"Everyone"}],"userDisplayName":"","roomTypeId":200624038,"isUnverified":false,"isFlaggable":false,"isRecommended":"NO"},{"hotelId":"50993","totalPositiveFeedbacks":1,"tpid":"1","eapid":"0","contentLocale":"en_us","totalThanks":1,"photos":[],"reviewId":"575ac2066368560b287fb2b7","itinId":"1136144961566","moderationStatus":"APPROVED","contentCodes":"","managementResponses":[],"ratingOverall":1,"langId":"1033","userNickname":"Yinka","brandType":"Expedia","title":"Nice hotel close to the beach","reviewText":"Good experience. My overall rating is yellows not red as inadvertently shown. ","featured":false,"ratingsOnly":false,"ratingRoomCleanliness":4,"ratingHotelCondition":4,"ratingService":4,"ratingRoomComfort":4,"positiveRemarks":"","negativeRemarks":"","locationRemarks":"","lastInitial":"","userLocation":"","reviewSubmissionTime":"2016-06-10T13:35:02Z","reviewerCategories":[{"categoryId":"Everyone","categoryLabel":"Everyone"}],"userDisplayName":"","roomTypeId":200624032,"isUnverified":false,"isFlaggable":true,"isRecommended":"YES"},{"hotelId":"50993","totalPositiveFeedbacks":0,"tpid":"1","eapid":"0","contentLocale":"en_us","totalThanks":0,"photos":[],"reviewId":"57583a790328960b295db723","itinId":"1136424225323","moderationStatus":"APPROVED","contentCodes":"HMP MMD","managementResponses":[],"ratingOverall":1,"langId":"1033","userNickname":"Motel 6 Yuck","brandType":"Expedia","title":"Filthy Motel 6 in Belmont, CA.","reviewText":"The Manager Art was extremely rude and kept bragging that he was a cop for 15 years. Grounds and pool were disgusting. Rooms were minimal, even for a Motel 6, one wash cloth for two guests.","featured":false,"ratingsOnly":false,"ratingRoomCleanliness":2,"ratingHotelCondition":1,"ratingService":1,"ratingRoomComfort":2,"positiveRemarks":"","negativeRemarks":"","locationRemarks":"","lastInitial":"","userLocation":"Belmont, CA","reviewSubmissionTime":"2016-06-08T15:32:09Z","reviewerCategories":[{"categoryId":"Everyone","categoryLabel":"Everyone"}],"userDisplayName":"","roomTypeId":200624030,"isUnverified":false,"isFlaggable":false,"isRecommended":"NO"},{"hotelId":"50993","totalPositiveFeedbacks":0,"tpid":"1","eapid":"0","contentLocale":"en_us","totalThanks":0,"photos":[],"reviewId":"57583960aeec6b0b26de080b","itinId":"1136424601531","moderationStatus":"APPROVED","contentCodes":"HMP MMD","managementResponses":[],"ratingOverall":1,"langId":"1033","userNickname":"Worst Motel 6","brandType":"Expedia","title":"The Motel 6 is in terrible condition. ","reviewText":"Filthy exterior inclunding buildings, grounds, pool. Manager, Art was extremely rude. Desk staff had inefficient equipment, the key machine did not work; told us to use a.Post-It note instead of giving us a \"Do Not Disturb\" hanger. Undesirables were walking around, very uncomfortable for Motel guests.","featured":false,"ratingsOnly":false,"ratingRoomCleanliness":3,"ratingHotelCondition":1,"ratingService":1,"ratingRoomComfort":2,"positiveRemarks":"","negativeRemarks":"","locationRemarks":"","lastInitial":"","userLocation":"Belmont, CA","reviewSubmissionTime":"2016-06-08T15:27:28Z","reviewerCategories":[{"categoryId":"Everyone","categoryLabel":"Everyone"}],"userDisplayName":"","roomTypeId":200624032,"isUnverified":false,"isFlaggable":false,"isRecommended":"NO"},{"hotelId":"50993","totalPositiveFeedbacks":1,"tpid":"1","eapid":"0","contentLocale":"en_us","totalThanks":1,"photos":[],"reviewId":"5750d767021cc109df98204b","itinId":"1134636147682","moderationStatus":"APPROVED","contentCodes":"HMP MMD","managementResponses":[],"ratingOverall":1,"langId":"1033","userNickname":"Deb","brandType":"Expedia","title":"Location was ok, close to freeway","reviewText":"The owner refused to give senior discount, refused to honor reservation for 2, then charged for extra person. Even when I was forced to stay a second night, he again would not give a senior discount and again charged for an extra person, even though my original reservation called for two beds, which were provided with original reservation. He kept saying, \"you can only have one person but you get two beds. Any more people, you pay extra. And no senior discount, even though you are a senior citizen.\"\r\nWhen I came in the lobby in the morning for coffee, he jumped in front of me, pushing me out of the way so he could get his coffee first.\r\nThe rooms were dirty, I wore white socks and the soles of the socks were filthy in five minutes. The night stand was sticky and the bathroom was no better. The housecleaner's carts don't carry wet mops, so I don't blame the housecleaners. They aren't given enough time to properly clean the rooms. I left a generous tip because I feel sorry for them, working for that owner.\r\nI will never stay there again.","featured":false,"ratingsOnly":false,"ratingRoomCleanliness":1,"ratingHotelCondition":1,"ratingService":1,"ratingRoomComfort":2,"positiveRemarks":"The maids seemed nice and the location was good.","negativeRemarks":"The rooms need a thorough cleaning. The owner needs some soft skills and needs to be schooled in treating customers well.","locationRemarks":"I was there on business.","lastInitial":"B","userLocation":"Arroyo Grande CA","reviewSubmissionTime":"2016-06-03T01:03:35Z","reviewerCategories":[{"categoryId":"Everyone","categoryLabel":"Everyone"}],"userDisplayName":"","roomTypeId":200624032,"isUnverified":false,"isFlaggable":false,"isRecommended":"NO"},{"hotelId":"50993","totalPositiveFeedbacks":1,"tpid":"1","eapid":"0","contentLocale":"en_us","totalThanks":1,"photos":[],"reviewId":"574f7457e10a9009deb826bb","itinId":"1135673963957","moderationStatus":"APPROVED","contentCodes":"HMP MMD","managementResponses":[],"ratingOverall":2,"langId":"1033","userNickname":"Emma","brandType":"Expedia","title":"Very average ","reviewText":"The motel was comfy but not well equipped at all. We stayed in two rooms with kitchenettes but there was very little kitchen equipment and in one of the rooms the fridge was broken. You also have to pay for wifi at $2.99 for 24 hours per device. ","featured":false,"ratingsOnly":false,"ratingRoomCleanliness":2,"ratingHotelCondition":1,"ratingService":3,"ratingRoomComfort":4,"positiveRemarks":"","negativeRemarks":"","locationRemarks":"","lastInitial":"","userLocation":"UK","reviewSubmissionTime":"2016-06-01T23:48:39Z","reviewerCategories":[{"categoryId":"Everyone","categoryLabel":"Everyone"}],"userDisplayName":"","roomTypeId":200624035,"isUnverified":false,"isFlaggable":false,"isRecommended":"NO"},{"hotelId":"50993","totalPositiveFeedbacks":1,"tpid":"1","eapid":"0","contentLocale":"en_us","totalThanks":1,"photos":[],"reviewId":"5747ea1b2b7c4e09fb395a6d","itinId":"1135717086234","moderationStatus":"APPROVED","contentCodes":"HMP MMD","managementResponses":[],"ratingOverall":1,"langId":"1033","userNickname":"Biz Traveller","brandType":"Expedia","title":"This place sucks ","reviewText":"1.  No bathtub plug so forget bathing.\r\n2.  No luggage carts so enjoy hauling.\r\n3.  No dinner nearby so enjoy starving.\r\n4.  Elevator vibrates room so forget sleeping.\r\n5.  Nearby parking scarce so enjoy walking.\r\n6.  Complaint to management regarding (1) and (4) received following response: \"we're the cheapest hotel in the Bay Area so we don't care.\"  \r\n7.  If you care, stay elsewhere.","featured":false,"ratingsOnly":false,"ratingRoomCleanliness":3,"ratingHotelCondition":1,"ratingService":2,"ratingRoomComfort":1,"positiveRemarks":"","negativeRemarks":"","locationRemarks":"","lastInitial":"","userLocation":"NY, NY","reviewSubmissionTime":"2016-05-27T06:32:59Z","reviewerCategories":[{"categoryId":"Everyone","categoryLabel":"Everyone"}],"userDisplayName":"","roomTypeId":200624030,"isUnverified":false,"isFlaggable":false,"isRecommended":"NO"},{"hotelId":"50993","totalPositiveFeedbacks":1,"tpid":"1","eapid":"0","contentLocale":"en_us","totalThanks":1,"photos":[],"reviewId":"573f0fc1227ffc09fc48d2b5","itinId":"1135454684246","moderationStatus":"APPROVED","contentCodes":"","managementResponses":[],"ratingOverall":3,"langId":"1033","userNickname":"","brandType":"Expedia","title":"","reviewText":"Not much in the room. Very minimum room amenities. No coffee maker & refrigerator. This place is just good for a quick layover.  However, the staff during my checkin was very good & accomodating.","featured":false,"ratingsOnly":false,"ratingRoomCleanliness":4,"ratingHotelCondition":3,"ratingService":4,"ratingRoomComfort":3,"positiveRemarks":"","negativeRemarks":"","locationRemarks":"","lastInitial":"","userLocation":"","reviewSubmissionTime":"2016-05-20T13:23:13Z","reviewerCategories":[{"categoryId":"Everyone","categoryLabel":"Everyone"}],"userDisplayName":"","roomTypeId":200624032,"isUnverified":false,"isFlaggable":true,"isRecommended":"YES"}]}}}
