{"reviewDetails":{"startIndex":0,"numberOfReviewsInThisPage":20,"reviewSummaryCollection":{"reviewSummary":[{"hotelId":"437098","totalReviewCnt":236,"avgOverallRating":4.4322023,"cleanliness":4.635592,"serviceAndStaff":4.499998,"roomComfort":4.5254254,"hotelCondition":4.415253,"convenienceOfLocation":4.1904764,"neighborhoodSatisfaction":3.7142856,"roomQuality":0,"targetedBrand":"Expedia","originSummary":[{"origin":"Expedia","reviewCnt":236,"recommendedPercent":93.64407,"avgOverallRating":4.4322023,"cleanliness":4.635592,"serviceAndStaff":4.499998,"roomComfort":4.5254254,"hotelCondition":4.415253,"convenienceOfLocation":4.1904764,"neighborhoodSatisfaction":3.7142856,"valueForMoney":0,"roomQuality":0,"categoryCounts":{"Everyone":162,"BusinessTravelers":9,"Couples":6,"Families":10,"Other":1},"roomTypeIdCounts":{"200260219":10,"404289":13,"18747":39,"18748":69,"200260193":1,"200267968":9},"languageCounts":{"en":236}}],"recommendedPercent":93.64407,"valueForMoney":0,"categoryCounts":{"Everyone":162,"BusinessTravelers":9,"Couples":6,"Families":10,"Other":1},"roomTypeIdCounts":{"200260219":10,"404289":13,"18747":39,"18748":69,"200260193":1,"200267968":9},"languageCounts":{"en":236},"featuredReview":{}}]},"reviewCollection":{"review":[{"hotelId":"437098","totalPositiveFeedbacks":0,"tpid":"1","eapid":"0","contentLocale":"en_us","totalThanks":0,"photos":[],"reviewId":"57a9e3a30383a70b074c2d67","itinId":"1131222413116","moderationStatus":"APPROVED","contentCodes":"","managementResponses":[],"ratingOverall":4,"langId":"1033","userNickname":"Mari","brandType":"Expedia","title":"Nice,comfy hotel. Awful shuttle seevice","reviewText":"Had an early check-in. Staff Danny was very accommodating and friendly. He found ways to accommodate my requests. Our room was clean and spacious. Food was typical of a hot breakfast. On the other hand, shuttle service was awful. Had to wait for a long time to be picked up at the airport while they said it runs every 20 minutes. The one servicing Hampton inn Burlington had 3 runs already before the one servicing South SF came -which is just 5 min away from the airport. I could've just walked but I had 2 kids in tow, plus 2 small luggages.","featured":false,"ratingsOnly":false,"ratingRoomCleanliness":4,"ratingHotelCondition":4,"ratingService":4,"ratingRoomComfort":4,"positiveRemarks":"Clean, quiet, close to where our event was.","negativeRemarks":"Shuttle service ","locationRemarks":"","lastInitial":"","userLocation":"Texas","reviewSubmissionTime":"2016-08-09T14:07:31Z","reviewerCategories":[{"categoryId":"Everyone","categoryLabel":"Everyone"}],"userDisplayName":"","roomTypeId":18748,"isUnverified":false,"isFlaggable":true,"isRecommended":"YES"},{"hotelId":"437098","totalPositiveFeedbacks":0,"tpid":"1","eapid":"0","contentLocale":"en_us","totalThanks":0,"photos":[],"reviewId":"579f447966d3410b2b911c89","itinId":"1132942453356","moderationStatus":"APPROVED","contentCodes":"","managementResponses":[],"ratingOverall":4,"langId":"1033","userNickname":"","brandType":"Expedia","title":"","reviewText":"Quick layover - great place to stay near the airport and close commute to downtown\r\n","featured":false,"ratingsOnly":false,"ratingRoomCleanliness":4,"ratingHotelCondition":4,"ratingService":4,"ratingRoomComfort":4,"positiveRemarks":"","negativeRemarks":"","locationRemarks":"","lastInitial":"","userLocation":"","reviewSubmissionTime":"2016-08-01T12:45:45Z","reviewerCategories":[{"categoryId":"BusinessTravelers","categoryLabel":"BusinessTravelers"}],"userDisplayName":"","roomTypeId":200260219,"isUnverified":false,"isFlaggable":true,"isRecommended":"YES"},{"hotelId":"437098","totalPositiveFeedbacks":0,"tpid":"1","eapid":"0","contentLocale":"en_us","totalThanks":0,"photos":[],"reviewId":"579cde56d4c4650b0de6af70","itinId":"1141532397704","moderationStatus":"APPROVED","contentCodes":"","managementResponses":[],"ratingOverall":5,"langId":"1033","userNickname":"","brandType":"Expedia","title":"","reviewText":"This stay furthered my liking of the Hampton Inn hotels.  The rooms in this hotel have been very newly renovated.  The finishes were all very nice and clean.  The staff was very nice and the breakfast had something for all of us.  It was a very comfortable stay.  We will come back.","featured":false,"ratingsOnly":false,"ratingRoomCleanliness":5,"ratingHotelCondition":5,"ratingService":5,"ratingRoomComfort":5,"positiveRemarks":"","negativeRemarks":"","locationRemarks":"","lastInitial":"","userLocation":"","reviewSubmissionTime":"2016-07-30T17:05:26Z","reviewerCategories":[{"categoryId":"Everyone","categoryLabel":"Everyone"}],"userDisplayName":"","roomTypeId":18747,"isUnverified":false,"isFlaggable":true,"isRecommended":"YES"},{"hotelId":"437098","totalPositiveFeedbacks":0,"tpid":"1","eapid":"0","contentLocale":"en_us","totalThanks":0,"photos":[],"reviewId":"577052d4d289480b7c9cb0dd","itinId":"1138136660432","moderationStatus":"APPROVED","contentCodes":"","managementResponses":[],"ratingOverall":5,"langId":"1033","userNickname":"Diane","brandType":"Expedia","title":"Great location for short business plan","reviewText":"Breakfast was extra nice to have ,it is comfortable for short visit me.","featured":false,"ratingsOnly":false,"ratingRoomCleanliness":4,"ratingHotelCondition":3,"ratingService":5,"ratingRoomComfort":4,"positiveRemarks":"Good location","negativeRemarks":"Outdated sofa ","locationRemarks":"Very short visit unable to assess","lastInitial":"T","userLocation":"Hoffman Estates ,illinois","reviewSubmissionTime":"2016-06-26T22:10:28Z","reviewerCategories":[{"categoryId":"Everyone","categoryLabel":"Everyone"}],"userDisplayName":"","roomTypeId":18747,"isUnverified":false,"isFlaggable":true,"isRecommended":"YES"},{"hotelId":"437098","totalPositiveFeedbacks":0,"tpid":"1","eapid":"0","contentLocale":"en_us","totalThanks":0,"photos":[],"reviewId":"5754445a3ed5e80b4846853b","itinId":"1136950617861","moderationStatus":"APPROVED","contentCodes":"","managementResponses":[],"ratingOverall":4,"langId":"1033","userNickname":"","brandType":"Expedia","title":"Great stay for the price and location. ","reviewText":"Hotel was just upgraded and remodeled. Breakfast was decent for the price. Will stay again. ","featured":false,"ratingsOnly":false,"ratingRoomCleanliness":5,"ratingHotelCondition":4,"ratingService":4,"ratingRoomComfort":5,"positiveRemarks":"","negativeRemarks":"","locationRemarks":"","lastInitial":"","userLocation":"","reviewSubmissionTime":"2016-06-05T15:25:14Z","reviewerCategories":[{"categoryId":"Everyone","categoryLabel":"Everyone"}],"userDisplayName":"","roomTypeId":18748,"isUnverified":false,"isFlaggable":true,"isRecommended":"YES"},{"hotelId":"437098","totalPositiveFeedbacks":0,"tpid":"1","eapid":"0","contentLocale":"en_us","totalThanks":0,"photos":[],"reviewId":"570c1c8eb4d3c709f7280c40","itinId":"1132004021542","moderationStatus":"APPROVED","contentCodes":"","managementResponses":[],"ratingOverall":4,"langId":"1033","userNickname":"","brandType":"Expedia","title":"Good value ","reviewText":"Remodeling going on. Our room was very nice. Not many food places around. ","featured":false,"ratingsOnly":false,"ratingRoomCleanliness":5,"ratingHotelCondition":3,"ratingService":4,"ratingRoomComfort":5,"positiveRemarks":"","negativeRemarks":"","locationRemarks":"","lastInitial":"","userLocation":"","reviewSubmissionTime":"2016-04-11T21:52:14Z","reviewerCategories":[{"categoryId":"Everyone","categoryLabel":"Everyone"}],"userDisplayName":"","roomTypeId":200267968,"isUnverified":false,"isFlaggable":true,"isRecommended":"YES"},{"hotelId":"437098","totalPositiveFeedbacks":2,"tpid":"1","eapid":"0","contentLocale":"en_us","totalThanks":2,"photos":[],"reviewId":"56e5b9c3a9cff90996379ae5","itinId":"1129568563363","moderationStatus":"APPROVED","contentCodes":"HMP MMD","managementResponses":[],"ratingOverall":3,"langId":"1033","userNickname":"kopo","brandType":"Expedia","title":"Nice hotel.","reviewText":"The customer service was helpful for reserving two rooms next to each other for my family.That was nice.","featured":false,"ratingsOnly":false,"ratingRoomCleanliness":4,"ratingHotelCondition":3,"ratingService":3,"ratingRoomComfort":4,"positiveRemarks":"Breakfast was great.And the lady in charge was nice.We asked her if we can take our breakfast to our room.She said ok.Thank you chef.","negativeRemarks":"The noice.I was so upset about peoples that were above our room.You couldn't sleep.","locationRemarks":"Ok.","lastInitial":"","userLocation":"Roseville,CA","reviewSubmissionTime":"2016-03-13T19:04:35Z","reviewerCategories":[{"categoryId":"Everyone","categoryLabel":"Everyone"}],"userDisplayName":"","roomTypeId":18748,"isUnverified":false,"isFlaggable":false,"isRecommended":"YES"},{"hotelId":"437098","totalPositiveFeedbacks":1,"tpid":"1","eapid":"0","contentLocale":"en_us","totalThanks":1,"photos":[],"reviewId":"56dcd8007a1130098202498a","itinId":"1128628171809","moderationStatus":"APPROVED","contentCodes":"","managementResponses":[],"ratingOverall":5,"langId":"1033","userNickname":"","brandType":"Expedia","title":"Convenient located near airport","reviewText":"Staff is very helpful.   As usual, the breakfast is very convenient.  Even though my floor is going through remodeling, my room is very clean.","featured":false,"ratingsOnly":false,"ratingRoomCleanliness":5,"ratingHotelCondition":5,"ratingService":5,"ratingRoomComfort":5,"positiveRemarks":"","negativeRemarks":"","locationRemarks":"","lastInitial":"","userLocation":"","reviewSubmissionTime":"2016-03-07T01:23:12Z","reviewerCategories":[{"categoryId":"Everyone","categoryLabel":"Everyone"}],"userDisplayName":"","roomTypeId":200267968,"isUnverified":false,"isFlaggable":true,"isRecommended":"YES"},{"hotelId":"437098","totalPositiveFeedbacks":1,"tpid":"1","eapid":"0","contentLocale":"en_us","totalThanks":1,"photos":[],"reviewId":"56c859054ab0d009953d5f20","itinId":"1126793962268","moderationStatus":"APPROVED","contentCodes":"","managementResponses":[],"ratingOverall":4,"langId":"1033","userNickname":"","brandType":"Expedia","title":"","reviewText":"Great service, very helpful staff.\r\n\r\nNice ambiance.","featured":false,"ratingsOnly":false,"ratingRoomCleanliness":5,"ratingHotelCondition":4,"ratingService":5,"ratingRoomComfort":5,"positiveRemarks":"","negativeRemarks":"","locationRemarks":"","lastInitial":"","userLocation":"","reviewSubmissionTime":"2016-02-20T12:16:05Z","reviewerCategories":[{"categoryId":"Everyone","categoryLabel":"Everyone"}],"userDisplayName":"","roomTypeId":200260219,"isUnverified":false,"isFlaggable":true,"isRecommended":"YES"},{"hotelId":"437098","totalPositiveFeedbacks":1,"tpid":"4","eapid":"0","contentLocale":"en_ca","totalThanks":1,"photos":[],"reviewId":"56c7e8354ab0d0099568693e","itinId":"1123825020553","moderationStatus":"APPROVED","contentCodes":"","managementResponses":[],"ratingOverall":5,"langId":"4105","userNickname":"","brandType":"Expedia","title":"","reviewText":"Very nice and comfortable , food was great . Great staff. ","featured":false,"ratingsOnly":false,"ratingRoomCleanliness":4,"ratingHotelCondition":4,"ratingService":4,"ratingRoomComfort":5,"positiveRemarks":"","negativeRemarks":"","locationRemarks":"","lastInitial":"","userLocation":"","reviewSubmissionTime":"2016-02-20T04:14:45Z","reviewerCategories":[{"categoryId":"Everyone","categoryLabel":"Everyone"}],"userDisplayName":"","roomTypeId":404289,"isUnverified":false,"isFlaggable":true,"isRecommended":"YES"},{"hotelId":"437098","totalPositiveFeedbacks":1,"tpid":"1","eapid":"0","contentLocale":"en_us","totalThanks":1,"photos":[],"reviewId":"56c787ad81f3d80995001e46","itinId":"1127705852113","moderationStatus":"APPROVED","contentCodes":"","managementResponses":[],"ratingOverall":4,"langId":"1033","userNickname":"","brandType":"Expedia","title":"","reviewText":"My overall experience was very positive.  The staff was friendly and accommodating.  The cleanliness of the room was exceptional.  Breakfast was very good, and the staff kept the inventory supplied, and the dining room clean.\r\nThe front desk personnel were very helpful, too.   \r\nIt met the expectations that I have come to have for my stays at Hampton!","featured":false,"ratingsOnly":false,"ratingRoomCleanliness":5,"ratingHotelCondition":5,"ratingService":5,"ratingRoomComfort":4,"positiveRemarks":"","negativeRemarks":"","locationRemarks":"","lastInitial":"","userLocation":"","reviewSubmissionTime":"2016-02-19T21:22:53Z","reviewerCategories":[{"categoryId":"Everyone","categoryLabel":"Everyone"}],"userDisplayName":"","roomTypeId":18747,"isUnverified":false,"isFlaggable":true,"isRecommended":"YES"},{"hotelId":"437098","totalPositiveFeedbacks":1,"tpid":"1","eapid":"0","contentLocale":"en_us","totalThanks":1,"photos":[],"reviewId":"56c4aa4aa7c4c40981603fcf","itinId":"1126996664309","moderationStatus":"APPROVED","contentCodes":"","managementResponses":[],"ratingOverall":5,"langId":"1033","userNickname":"","brandType":"Expedia","title":"Great room","reviewText":"Comfortable room, clean.\r\nThere was construction going on but didn't keep us from resting.  Breakfast was also great and very satisfying.\r\nSecond time here and we'll definitely be back. ","featured":false,"ratingsOnly":false,"ratingRoomCleanliness":5,"ratingHotelCondition":4,"ratingService":4,"ratingRoomComfort":5,"positiveRemarks":"","negativeRemarks":"","locationRemarks":"","lastInitial":"","userLocation":"","reviewSubmissionTime":"2016-02-17T17:13:46Z","reviewerCategories":[{"categoryId":"Everyone","categoryLabel":"Everyone"}],"userDisplayName":"","roomTypeId":18748,"isUnverified":false,"isFlaggable":true,"isRecommended":"YES"},{"hotelId":"437098","totalPositiveFeedbacks":1,"tpid":"1","eapid":"0","contentLocale":"en_us","totalThanks":1,"photos":[],"reviewId":"56c1ebec2215410981f87f48","itinId":"1127246593596","moderationStatus":"APPROVED","contentCodes":"","managementResponses":[],"ratingOverall":4,"langId":"1033","userNickname":"Nina","brandType":"Expedia","title":"Nice hotel close to downtown S. San Francisco","reviewText":"This hotel was very clean, affordable, free parking and had nice amenities.  I was very pleased with the customer service, and my overall experience staying at this hotel.","featured":false,"ratingsOnly":false,"ratingRoomCleanliness":5,"ratingHotelCondition":4,"ratingService":5,"ratingRoomComfort":5,"positiveRemarks":"The bed was comfortable, room was very clean, spacious and had a nice smell, bathroom appeared to be newly renovated and the hot breakfast was great!","negativeRemarks":"Hotel was under renovation and we were next to the elevator, so it was a bit noisy.","locationRemarks":"I was there on a business trip, but was able to enjoy a nice dinner in downtown South San Francisco; just a couple miles away.","lastInitial":"","userLocation":"Roseville, CA","reviewSubmissionTime":"2016-02-15T15:17:00Z","reviewerCategories":[{"categoryId":"Everyone","categoryLabel":"Everyone"}],"userDisplayName":"","roomTypeId":18747,"isUnverified":false,"isFlaggable":true,"isRecommended":"YES"},{"hotelId":"437098","totalPositiveFeedbacks":0,"tpid":"1","eapid":"0","contentLocale":"en_us","totalThanks":0,"photos":[],"reviewId":"568e9844710ec759256b6d12","itinId":"1123824040907","moderationStatus":"APPROVED","contentCodes":"","managementResponses":[],"ratingOverall":5,"langId":"1033","userNickname":"Christine ","brandType":"Expedia","title":"Close to airport ","reviewText":"Nice staffs and with nice breakfast. Room is clean and comfortable. ","featured":false,"ratingsOnly":false,"ratingRoomCleanliness":4,"ratingHotelCondition":4,"ratingService":5,"ratingRoomComfort":4,"positiveRemarks":"","negativeRemarks":"","locationRemarks":"","lastInitial":"","userLocation":"Taiwan ","reviewSubmissionTime":"2016-01-07T16:54:28Z","reviewerCategories":[{"categoryId":"Everyone","categoryLabel":"Everyone"}],"userDisplayName":"","roomTypeId":404289,"isUnverified":false,"isFlaggable":true,"isRecommended":"YES"},{"hotelId":"437098","totalPositiveFeedbacks":0,"tpid":"1","eapid":"0","contentLocale":"en_us","totalThanks":0,"photos":[],"reviewId":"563f6c5a0ebe680968446e06","itinId":"1118138626542","moderationStatus":"APPROVED","contentCodes":"","managementResponses":[],"ratingOverall":5,"langId":"1033","userNickname":"","brandType":"Expedia","title":"Wonderful hotel near the airport!","reviewText":"Great location, easy parking and excellent room accommodations near San Francisco international airport.","featured":false,"ratingsOnly":false,"ratingRoomCleanliness":5,"ratingHotelCondition":5,"ratingService":5,"ratingRoomComfort":5,"positiveRemarks":"Clean, quiet and spaciously comfortable room - excellent breakfast offerings. Quick route to airport.","negativeRemarks":"Not a thing!","locationRemarks":"Great location and several nearby restaurant options.","lastInitial":"","userLocation":"","reviewSubmissionTime":"2015-11-08T15:38:02Z","reviewerCategories":[{"categoryId":"Everyone","categoryLabel":"Everyone"}],"userDisplayName":"","roomTypeId":200260219,"isUnverified":false,"isFlaggable":true,"isRecommended":"YES"},{"hotelId":"437098","totalPositiveFeedbacks":0,"tpid":"1","eapid":"0","contentLocale":"en_us","totalThanks":0,"photos":[],"reviewId":"563131a025a991093632fefa","itinId":"1119623293988","moderationStatus":"APPROVED","contentCodes":"","managementResponses":[],"ratingOverall":5,"langId":"1033","userNickname":"Tanya","brandType":"Expedia","title":"Comfort at the end of a long day of travel ","reviewText":"This is a great hotel to come and collapse in after a long day of traveling. If you want an expensive hotel with a fancy restaurant, a 5 star room with an expensive mini-bar & an exquisite view, or a happening bar / hotel to \"hang out at\" - this isn't it. But if you want a very friendly, helpful staff; clean, comfortable, nice quiet room; and a better than average complimentary breakfast, this is your hotel. ","featured":false,"ratingsOnly":false,"ratingRoomCleanliness":5,"ratingHotelCondition":4,"ratingService":5,"ratingRoomComfort":5,"positiveRemarks":"","negativeRemarks":"","locationRemarks":"","lastInitial":"D","userLocation":"Portland ","reviewSubmissionTime":"2015-10-28T20:35:44Z","reviewerCategories":[{"categoryId":"Everyone","categoryLabel":"Everyone"}],"userDisplayName":"","roomTypeId":18748,"isUnverified":false,"isFlaggable":true,"isRecommended":"YES"},{"hotelId":"437098","totalPositiveFeedbacks":0,"tpid":"1","eapid":"0","contentLocale":"en_us","totalThanks":0,"photos":[],"reviewId":"561ca620669806094afb09f3","itinId":"1118693226808","moderationStatus":"APPROVED","contentCodes":"","managementResponses":[],"ratingOverall":5,"langId":"1033","userNickname":"claudia","brandType":"Expedia","title":"Suite","reviewText":"Definitely recommend one bedroom suite , very spacious .","featured":false,"ratingsOnly":false,"ratingRoomCleanliness":5,"ratingHotelCondition":5,"ratingService":4,"ratingRoomComfort":5,"positiveRemarks":"","negativeRemarks":"","locationRemarks":"","lastInitial":"","userLocation":"hollister ,ca ","reviewSubmissionTime":"2015-10-13T06:35:12Z","reviewerCategories":[{"categoryId":"Everyone","categoryLabel":"Everyone"}],"userDisplayName":"","roomTypeId":200260193,"isUnverified":false,"isFlaggable":true,"isRecommended":"YES"},{"hotelId":"437098","totalPositiveFeedbacks":0,"tpid":"1","eapid":"0","contentLocale":"en_us","totalThanks":0,"photos":[],"reviewId":"560e8de7e72b19094a37dc38","itinId":"1115080284043","moderationStatus":"APPROVED","contentCodes":"HMP MMD","managementResponses":[],"ratingOverall":1,"langId":"1033","userNickname":"","brandType":"Expedia","title":"Don't stay here","reviewText":"After traveling all day -3,000 miles I was told that my credit card had been declined and the hotel was booked.  I had to scramble to find another room sitting in the hotel lobby.  The staff was rude and the manager unavailable.\r\nI was able to use the same card to book another room.","featured":false,"ratingsOnly":false,"ratingRoomCleanliness":1,"ratingHotelCondition":1,"ratingService":1,"ratingRoomComfort":1,"positiveRemarks":"nothing","negativeRemarks":"","locationRemarks":"","lastInitial":"","userLocation":"","reviewSubmissionTime":"2015-10-02T14:00:07Z","reviewerCategories":[{"categoryId":"Everyone","categoryLabel":"Everyone"}],"userDisplayName":"","roomTypeId":200260219,"isUnverified":false,"isFlaggable":false,"isRecommended":"NO"},{"hotelId":"437098","totalPositiveFeedbacks":1,"tpid":"1","eapid":"0","contentLocale":"en_us","totalThanks":1,"photos":[],"reviewId":"560b6df3c02678093607cbe1","itinId":"1117084951883","moderationStatus":"APPROVED","contentCodes":"","managementResponses":[],"ratingOverall":5,"langId":"1033","userNickname":"","brandType":"Expedia","title":"Quiet and comfortable stay minutes from SF","reviewText":"Room was clean, spacious, quiet despite hotel being busy, beds really comfy. Hotel offers free shuttles to the airport and even Union Square on weekends. Decent selection of food for breakfast.","featured":false,"ratingsOnly":false,"ratingRoomCleanliness":5,"ratingHotelCondition":4,"ratingService":4,"ratingRoomComfort":5,"positiveRemarks":"","negativeRemarks":"","locationRemarks":"","lastInitial":"","userLocation":"","reviewSubmissionTime":"2015-09-30T05:06:59Z","reviewerCategories":[{"categoryId":"Everyone","categoryLabel":"Everyone"}],"userDisplayName":"","roomTypeId":18747,"isUnverified":false,"isFlaggable":true,"isRecommended":"YES"},{"hotelId":"437098","totalPositiveFeedbacks":1,"tpid":"1","eapid":"0","contentLocale":"en_us","totalThanks":1,"photos":[],"reviewId":"5604e86a19629108f093cf04","itinId":"1114780985338","moderationStatus":"APPROVED","contentCodes":"","managementResponses":[],"ratingOverall":4,"langId":"1033","userNickname":"Janice","brandType":"Expedia","title":"Nice hotel ","reviewText":"This hotel was nice and comfortable. The staff were very nice and the airport shuttle was a great asset.\r\nThank you for the nice stay  and for the nice breakfast too which was a very appreciated addition before taking off on my flight. I would stay here again!!!\r\nJanice\r\n","featured":false,"ratingsOnly":false,"ratingRoomCleanliness":5,"ratingHotelCondition":4,"ratingService":4,"ratingRoomComfort":5,"positiveRemarks":"The bed, the airport shuttle, the breakfast and the staff.","negativeRemarks":"Nothing","locationRemarks":"It is near a nice hotel with a good restaurant and it's near the airport.","lastInitial":"K","userLocation":"Redding Ca","reviewSubmissionTime":"2015-09-25T06:23:38Z","reviewerCategories":[{"categoryId":"Everyone","categoryLabel":"Everyone"}],"userDisplayName":"","roomTypeId":18747,"isUnverified":false,"isFlaggable":true,"isRecommended":"YES"}]}}}
