{"reviewDetails":{"startIndex":0,"numberOfReviewsInThisPage":20,"reviewSummaryCollection":{"reviewSummary":[{"hotelId":"790530","totalReviewCnt":202,"avgOverallRating":3.3613858,"cleanliness":3.6435645,"serviceAndStaff":3.7524753,"roomComfort":3.5742574,"hotelCondition":3.321782,"convenienceOfLocation":3.8,"neighborhoodSatisfaction":3.3333333,"roomQuality":0,"targetedBrand":"Expedia","originSummary":[{"origin":"Expedia","reviewCnt":202,"recommendedPercent":69.80198,"avgOverallRating":3.3613858,"cleanliness":3.6435645,"serviceAndStaff":3.7524753,"roomComfort":3.5742574,"hotelCondition":3.321782,"convenienceOfLocation":3.8,"neighborhoodSatisfaction":3.3333333,"valueForMoney":0,"roomQuality":0,"categoryCounts":{"Everyone":133,"BusinessTravelers":10,"Couples":4,"Students":1,"Families":8,"Other":2},"roomTypeIdCounts":{"135938":41,"200281824":3,"200016760":47,"135940":11,"135941":3,"460030":8,"201346123":1,"201346124":1},"languageCounts":{"en":202}}],"recommendedPercent":69.80198,"valueForMoney":0,"categoryCounts":{"Everyone":133,"BusinessTravelers":10,"Couples":4,"Students":1,"Families":8,"Other":2},"roomTypeIdCounts":{"135938":41,"200281824":3,"200016760":47,"135940":11,"135941":3,"460030":8,"201346123":1,"201346124":1},"languageCounts":{"en":202},"featuredReview":{}}]},"reviewCollection":{"review":[{"hotelId":"790530","totalPositiveFeedbacks":0,"tpid":"1","eapid":"0","contentLocale":"en_us","totalThanks":0,"photos":[],"reviewId":"57b48d38857f6f0b2c0d7ed0","itinId":"1143664281660","moderationStatus":"APPROVED","contentCodes":"HMP MMD","managementResponses":[],"ratingOverall":3,"langId":"1033","userNickname":"Anne","brandType":"Expedia","title":"Hotel close to SFO","reviewText":"This Ramada is close to the San Francisco airport, which is why I booked it.  I was disappointed in it for several reasons:  (1) although my room was said to be nonsmoking there was a heavy odor of smoke in it; (2) I could not get hot water at the sink; (3) on the one computer available for use I could not find a USB port and therefore couldn't print out a document I needed; and (4) there was no hot water available at breakfast with which to make tea.   ","featured":false,"ratingsOnly":false,"ratingRoomCleanliness":3,"ratingHotelCondition":3,"ratingService":5,"ratingRoomComfort":2,"positiveRemarks":"The reasonable price and the desk staff.  ","negativeRemarks":"","locationRemarks":"","lastInitial":"","userLocation":"Atlanta, GA","reviewSubmissionTime":"2016-08-17T16:13:44Z","reviewerCategories":[{"categoryId":"Everyone","categoryLabel":"Everyone"}],"userDisplayName":"","roomTypeId":200016760,"isUnverified":false,"isFlaggable":false,"isRecommended":"NO"},{"hotelId":"790530","totalPositiveFeedbacks":0,"tpid":"1","eapid":"0","contentLocale":"en_us","totalThanks":0,"photos":[],"reviewId":"57ab3dc587fcf70b0968072c","itinId":"1139635102906","moderationStatus":"APPROVED","contentCodes":"","managementResponses":[],"ratingOverall":4,"langId":"1033","userNickname":"Lei","brandType":"Expedia","title":"","reviewText":"It's convenient and close to San Francisco International airport. After stuck in the SF downtown traffic jam for 2-3 hours, we felt living in a hotel near by the airport is a must, for next morning flight.","featured":false,"ratingsOnly":false,"ratingRoomCleanliness":5,"ratingHotelCondition":5,"ratingService":5,"ratingRoomComfort":5,"positiveRemarks":"","negativeRemarks":"","locationRemarks":"Nearby the hotel, there is nice area with many restaurants including some Chinese restaurants. ","lastInitial":"","userLocation":"Wisconsin","reviewSubmissionTime":"2016-08-10T14:44:21Z","reviewerCategories":[{"categoryId":"Everyone","categoryLabel":"Everyone"}],"userDisplayName":"","roomTypeId":135938,"isUnverified":false,"isFlaggable":true,"isRecommended":"YES"},{"hotelId":"790530","totalPositiveFeedbacks":0,"tpid":"1","eapid":"0","contentLocale":"en_us","totalThanks":0,"photos":[],"reviewId":"5795db08bff7f60b2f896698","itinId":"1141268772690","moderationStatus":"APPROVED","contentCodes":"MMA","managementResponses":[],"ratingOverall":2,"langId":"1033","userNickname":"","brandType":"Expedia","title":"Condition ","reviewText":"The facilities are poorly maintained and the room smelled as if someone was constantly smoking inside of it.","featured":false,"ratingsOnly":false,"ratingRoomCleanliness":3,"ratingHotelCondition":1,"ratingService":4,"ratingRoomComfort":2,"positiveRemarks":"","negativeRemarks":"","locationRemarks":"","lastInitial":"l","userLocation":"san francisco airport","reviewSubmissionTime":"2016-07-25T09:25:28Z","reviewerCategories":[{"categoryId":"Everyone","categoryLabel":"Everyone"}],"userDisplayName":"","roomTypeId":460030,"isUnverified":false,"isFlaggable":false,"isRecommended":"NO"},{"hotelId":"790530","totalPositiveFeedbacks":0,"tpid":"1","eapid":"0","contentLocale":"en_us","totalThanks":0,"photos":[],"reviewId":"5788efd6d863a20b2a29e5a4","itinId":"1139889787074","moderationStatus":"APPROVED","contentCodes":"","managementResponses":[],"ratingOverall":5,"langId":"1033","userNickname":"Sarah","brandType":"Expedia","title":"","reviewText":"We had a short stay, but it was very comfortable and staff was very friendly! We will stay again next time we go to San Francisco.","featured":false,"ratingsOnly":false,"ratingRoomCleanliness":5,"ratingHotelCondition":5,"ratingService":5,"ratingRoomComfort":5,"positiveRemarks":"","negativeRemarks":"","locationRemarks":"","lastInitial":"","userLocation":"Washington, DC","reviewSubmissionTime":"2016-07-15T14:14:46Z","reviewerCategories":[{"categoryId":"Everyone","categoryLabel":"Everyone"}],"userDisplayName":"","roomTypeId":135940,"isUnverified":false,"isFlaggable":true,"isRecommended":"YES"},{"hotelId":"790530","totalPositiveFeedbacks":0,"tpid":"1","eapid":"0","contentLocale":"en_us","totalThanks":0,"photos":[],"reviewId":"57884308c728560b2cad9aca","itinId":"1139280928587","moderationStatus":"APPROVED","contentCodes":"","managementResponses":[],"ratingOverall":3,"langId":"1033","userNickname":"","brandType":"Expedia","title":"Pretty nice","reviewText":"The room was visually appealing and clean. The temperature was easy to control,  but I didn't like that the window could only be opened several inches.\r\nWe found the beds to be hard, but the TV was decent. Breakfast was satisfactory,  but the smell of pot in the elevator and hallway was annoying.","featured":false,"ratingsOnly":false,"ratingRoomCleanliness":4,"ratingHotelCondition":4,"ratingService":4,"ratingRoomComfort":3,"positiveRemarks":"","negativeRemarks":"","locationRemarks":"","lastInitial":"","userLocation":"","reviewSubmissionTime":"2016-07-15T01:57:28Z","reviewerCategories":[{"categoryId":"Everyone","categoryLabel":"Everyone"}],"userDisplayName":"","roomTypeId":200016760,"isUnverified":false,"isFlaggable":true,"isRecommended":"YES"},{"hotelId":"790530","totalPositiveFeedbacks":0,"tpid":"1","eapid":"0","contentLocale":"en_us","totalThanks":0,"photos":[],"reviewId":"577fb3c09395710b49800f81","itinId":"1139379127139","moderationStatus":"APPROVED","contentCodes":"","managementResponses":[],"ratingOverall":4,"langId":"1033","userNickname":"","brandType":"Expedia","title":"","reviewText":"Competitively priced 2 star hotel in location convenient to SFO, courteous staff, well maintained.","featured":false,"ratingsOnly":false,"ratingRoomCleanliness":5,"ratingHotelCondition":4,"ratingService":5,"ratingRoomComfort":5,"positiveRemarks":"","negativeRemarks":"","locationRemarks":"","lastInitial":"","userLocation":"","reviewSubmissionTime":"2016-07-08T14:08:00Z","reviewerCategories":[{"categoryId":"Everyone","categoryLabel":"Everyone"}],"userDisplayName":"","roomTypeId":200016760,"isUnverified":false,"isFlaggable":true,"isRecommended":"YES"},{"hotelId":"790530","totalPositiveFeedbacks":0,"tpid":"1","eapid":"0","contentLocale":"en_us","totalThanks":0,"photos":[],"reviewId":"57795a1c25628c0b7c85c98b","itinId":"1139273170540","moderationStatus":"APPROVED","contentCodes":"","managementResponses":[],"ratingOverall":3,"langId":"1033","userNickname":"","brandType":"Expedia","title":"","reviewText":"It was not bad for a one night visit. The location was good and easy to get to. ","featured":false,"ratingsOnly":false,"ratingRoomCleanliness":2,"ratingHotelCondition":2,"ratingService":4,"ratingRoomComfort":2,"positiveRemarks":"","negativeRemarks":"","locationRemarks":"","lastInitial":"","userLocation":"","reviewSubmissionTime":"2016-07-03T18:31:56Z","reviewerCategories":[{"categoryId":"Everyone","categoryLabel":"Everyone"}],"userDisplayName":"","roomTypeId":135938,"isUnverified":false,"isFlaggable":true,"isRecommended":"YES"},{"hotelId":"790530","totalPositiveFeedbacks":1,"tpid":"1","eapid":"0","contentLocale":"en_us","totalThanks":1,"photos":[],"reviewId":"573c61df191d1509f7ed1855","itinId":"1135183145847","moderationStatus":"APPROVED","contentCodes":"","managementResponses":[],"ratingOverall":4,"langId":"1033","userNickname":"R","brandType":"Expedia","title":"","reviewText":"Very nice, clean hotel. Maybe a little discount esp those who are only staying overnight but overall, we like staying here.","featured":false,"ratingsOnly":false,"ratingRoomCleanliness":4,"ratingHotelCondition":4,"ratingService":4,"ratingRoomComfort":4,"positiveRemarks":"friendly staff, cleanliness","negativeRemarks":"","locationRemarks":"","lastInitial":"N","userLocation":"SSF","reviewSubmissionTime":"2016-05-18T12:36:47Z","reviewerCategories":[{"categoryId":"Everyone","categoryLabel":"Everyone"}],"userDisplayName":"","roomTypeId":135941,"isUnverified":false,"isFlaggable":true,"isRecommended":"YES"},{"hotelId":"790530","totalPositiveFeedbacks":0,"tpid":"1","eapid":"0","contentLocale":"en_us","totalThanks":0,"photos":[],"reviewId":"5728d532bbb2c009fd1cc16b","itinId":"1131176536268","moderationStatus":"APPROVED","contentCodes":"NLI HMP MMD","managementResponses":[],"ratingOverall":1,"langId":"1033","userNickname":"sUSAN","brandType":"Expedia","title":"horrible, questionable safety/ secure location !!!","reviewText":"this should NOT be a Ramada !!! horrible , unsafe location.\r\nwe were afraid to leave our car in the parking lot ! \"close to the airport \"....\r\nit was also \"close to the CHOP SHOP \" in the rear of the building !!!\r\nwe did not leave our room once we checked in , too uncomfortable\r\nwith the area !  Room and hallways smelled of old fashioned chemicals used to \r\nremove smoke smell from hotels !\r\n   RAMADA should pay a surprise visit to this site . We have stayed in many Ramada locations.\r\nTHIS ONE SHOULD NOT FLY THE RAMADA FLAG !","featured":false,"ratingsOnly":false,"ratingRoomCleanliness":2,"ratingHotelCondition":1,"ratingService":2,"ratingRoomComfort":2,"positiveRemarks":"NOTHING","negativeRemarks":"MOVE  IT OUT OF THE GHETTO","locationRemarks":" CLOSE TO AIRPORT","lastInitial":"","userLocation":"WILMINGTON NC","reviewSubmissionTime":"2016-05-03T16:43:30Z","reviewerCategories":[{"categoryId":"Everyone","categoryLabel":"Everyone"}],"userDisplayName":"","roomTypeId":201346123,"isUnverified":false,"isFlaggable":false,"isRecommended":"NO"},{"hotelId":"790530","totalPositiveFeedbacks":0,"tpid":"1","eapid":"0","contentLocale":"en_us","totalThanks":0,"photos":[],"reviewId":"570bd7a9f9167309db93e5f7","itinId":"1132421099153","moderationStatus":"APPROVED","contentCodes":"NLI HMP MMD","managementResponses":[],"ratingOverall":2,"langId":"1033","userNickname":"Jr","brandType":"Expedia","title":"Ghetto hotel","reviewText":"Cold breakfast,run down hotel,very smoky smell of old cigarette. Very small area for breakfast, mold in bathroom","featured":false,"ratingsOnly":false,"ratingRoomCleanliness":1,"ratingHotelCondition":1,"ratingService":2,"ratingRoomComfort":1,"positiveRemarks":"","negativeRemarks":"","locationRemarks":"","lastInitial":"J","userLocation":"Washington ","reviewSubmissionTime":"2016-04-11T16:58:17Z","reviewerCategories":[{"categoryId":"Everyone","categoryLabel":"Everyone"}],"userDisplayName":"","roomTypeId":200016760,"isUnverified":false,"isFlaggable":false,"isRecommended":"NO"},{"hotelId":"790530","totalPositiveFeedbacks":0,"tpid":"1","eapid":"0","contentLocale":"en_us","totalThanks":0,"photos":[],"reviewId":"570a674e471a9209d884fdbc","itinId":"1131447942235","moderationStatus":"APPROVED","contentCodes":"MMA","managementResponses":[],"ratingOverall":2,"langId":"1033","userNickname":"I.Gee","brandType":"Expedia","title":"","reviewText":"1 of the amenities listed is they have laundry but they don't have one.Staff are not as helpful and friendly.","featured":false,"ratingsOnly":false,"ratingRoomCleanliness":2,"ratingHotelCondition":2,"ratingService":1,"ratingRoomComfort":2,"positiveRemarks":"","negativeRemarks":"","locationRemarks":"","lastInitial":"i","userLocation":"Gee","reviewSubmissionTime":"2016-04-10T14:46:38Z","reviewerCategories":[{"categoryId":"Everyone","categoryLabel":"Everyone"}],"userDisplayName":"","roomTypeId":201346124,"isUnverified":false,"isFlaggable":false,"isRecommended":"NO"},{"hotelId":"790530","totalPositiveFeedbacks":0,"tpid":"1","eapid":"0","contentLocale":"en_us","totalThanks":0,"photos":[],"reviewId":"56f85099a6b720097ac7f3e6","itinId":"1130428522445","moderationStatus":"APPROVED","contentCodes":"","managementResponses":[],"ratingOverall":5,"langId":"1033","userNickname":"","brandType":"Expedia","title":"Great hospitality.","reviewText":"Staff helped me about my trouble.\r\nHe found a solution with Internet.\r\nGreat!","featured":false,"ratingsOnly":false,"ratingRoomCleanliness":4,"ratingHotelCondition":4,"ratingService":5,"ratingRoomComfort":4,"positiveRemarks":"","negativeRemarks":"","locationRemarks":"","lastInitial":"","userLocation":"","reviewSubmissionTime":"2016-03-27T21:28:57Z","reviewerCategories":[{"categoryId":"Everyone","categoryLabel":"Everyone"}],"userDisplayName":"","roomTypeId":135941,"isUnverified":false,"isFlaggable":true,"isRecommended":"YES"},{"hotelId":"790530","totalPositiveFeedbacks":1,"tpid":"1","eapid":"0","contentLocale":"en_us","totalThanks":1,"photos":[],"reviewId":"56a599c89109a109964a1ec8","itinId":"1125956786305","moderationStatus":"APPROVED","contentCodes":"","managementResponses":[],"ratingOverall":5,"langId":"1033","userNickname":"","brandType":"Expedia","title":"very nice hotel","reviewText":"the front desk receptor is very friendly and professional, clean room and convenient parking, we love it very much","featured":false,"ratingsOnly":false,"ratingRoomCleanliness":5,"ratingHotelCondition":5,"ratingService":5,"ratingRoomComfort":5,"positiveRemarks":"","negativeRemarks":"","locationRemarks":"","lastInitial":"","userLocation":"","reviewSubmissionTime":"2016-01-25T03:43:04Z","reviewerCategories":[{"categoryId":"Everyone","categoryLabel":"Everyone"}],"userDisplayName":"","roomTypeId":135938,"isUnverified":false,"isFlaggable":true,"isRecommended":"YES"},{"hotelId":"790530","totalPositiveFeedbacks":0,"tpid":"1","eapid":"0","contentLocale":"en_us","totalThanks":0,"photos":[],"reviewId":"569dfacaccc11409536b6e0d","itinId":"1124589497339","moderationStatus":"APPROVED","contentCodes":"NLI HMP MMD","managementResponses":[],"ratingOverall":1,"langId":"1033","userNickname":"","brandType":"Expedia","title":"Do not go here","reviewText":"The room had ants all over the counter and sink the first morning I woke up. The staff would not switch rooms for me or compensate me for the night even when I showed them pictures of the sink and counter area. \r\nThe beds were rock hard and the pillows felt like shredded foam rubber.\r\nThere were no ammenties to speak of. The breakfast consisted of hard boiled eggs, greasy sausage and cold microwaved pancakes. There was one choices of Orange juice that was watery at times.","featured":false,"ratingsOnly":false,"ratingRoomCleanliness":1,"ratingHotelCondition":1,"ratingService":1,"ratingRoomComfort":1,"positiveRemarks":"","negativeRemarks":"","locationRemarks":"","lastInitial":"","userLocation":"","reviewSubmissionTime":"2016-01-19T08:58:50Z","reviewerCategories":[{"categoryId":"Everyone","categoryLabel":"Everyone"}],"userDisplayName":"","roomTypeId":135938,"isUnverified":false,"isFlaggable":false,"isRecommended":"NO"},{"hotelId":"790530","totalPositiveFeedbacks":0,"tpid":"1","eapid":"0","contentLocale":"en_us","totalThanks":0,"photos":[],"reviewId":"569bc27968169c096848aa3d","itinId":"1123641348888","moderationStatus":"APPROVED","contentCodes":"HMP MMD","managementResponses":[],"ratingOverall":2,"langId":"1033","userNickname":"","brandType":"Expedia","title":"","reviewText":"Extremely noisy, not from the airport, but from inconsiderate guests, slamming doors at 5AM. There is no excuse for such rudeness.\r\nI do realize the hotel is in the process of renovating, but rooms still need to be cleaned, so that there isn't debris at the edges of the carpets.","featured":false,"ratingsOnly":false,"ratingRoomCleanliness":2,"ratingHotelCondition":1,"ratingService":4,"ratingRoomComfort":2,"positiveRemarks":"","negativeRemarks":"","locationRemarks":"","lastInitial":"","userLocation":"","reviewSubmissionTime":"2016-01-17T16:34:01Z","reviewerCategories":[{"categoryId":"Everyone","categoryLabel":"Everyone"}],"userDisplayName":"","roomTypeId":200016760,"isUnverified":false,"isFlaggable":false,"isRecommended":"NO"},{"hotelId":"790530","totalPositiveFeedbacks":0,"tpid":"1","eapid":"0","contentLocale":"en_us","totalThanks":0,"photos":[],"reviewId":"56967386611f660967d0974f","itinId":"1124937647606","moderationStatus":"APPROVED","contentCodes":"","managementResponses":[],"ratingOverall":3,"langId":"1033","userNickname":"Mike","brandType":"Expedia","title":"Good for what it is","reviewText":"Clean, spacious room, wifi enabled. Parking. Efficient. Friendly staff. Not my first preference, but price was right.","featured":false,"ratingsOnly":false,"ratingRoomCleanliness":3,"ratingHotelCondition":3,"ratingService":3,"ratingRoomComfort":3,"positiveRemarks":"Accommodating two queen beds in a spacious room. ","negativeRemarks":"Dampen the noise from street (located adjacent to 101, so I don't think there is anything to be done about this). Dampen the noise from heater.","locationRemarks":"","lastInitial":"G","userLocation":"","reviewSubmissionTime":"2016-01-13T15:55:50Z","reviewerCategories":[{"categoryId":"Families","categoryLabel":"Families"}],"userDisplayName":"","roomTypeId":135938,"isUnverified":false,"isFlaggable":true,"isRecommended":"YES"},{"hotelId":"790530","totalPositiveFeedbacks":0,"tpid":"1","eapid":"0","contentLocale":"en_us","totalThanks":0,"photos":[],"reviewId":"5689c2898c371c46cf5fa131","itinId":"1124062300015","moderationStatus":"APPROVED","contentCodes":"NLI HMP MMD","managementResponses":[],"ratingOverall":1,"langId":"1033","userNickname":"Lisa","brandType":"Expedia","title":"Smoking and hair","reviewText":"I was booked a smoking room without my knowledge so the room reeked.  I went to get into bed and there were stray hairs all over the bed.  I called and requested a room change which they did, but would not move me from a smoking room as that is what Expedia booked me.  The next room still reeked and there appeared to be dried blood on the back of one of the pillows.  I chose to leave and sleep at the airport rather than try and sleep in a stinky, smoky room.  ","featured":false,"ratingsOnly":false,"ratingRoomCleanliness":1,"ratingHotelCondition":1,"ratingService":3,"ratingRoomComfort":2,"positiveRemarks":"","negativeRemarks":"","locationRemarks":"","lastInitial":"P","userLocation":"Santa Rosa","reviewSubmissionTime":"2016-01-04T00:53:29Z","reviewerCategories":[{"categoryId":"Everyone","categoryLabel":"Everyone"}],"userDisplayName":"","roomTypeId":460030,"isUnverified":false,"isFlaggable":false,"isRecommended":"NO"},{"hotelId":"790530","totalPositiveFeedbacks":0,"tpid":"1","eapid":"0","contentLocale":"en_us","totalThanks":0,"photos":[],"reviewId":"5684185a99642801753ca24a","itinId":"1122856048562","moderationStatus":"APPROVED","contentCodes":"MMA","managementResponses":[],"ratingOverall":1,"langId":"1033","userNickname":"","brandType":"Expedia","title":"Front desk person was very rude. Room was dirty.","reviewText":"Front desk person was very rude. Room was dirty. Do not count on the free breakfast , nothing was left and staff was blunt and did not refill . Overall a bad hotel","featured":false,"ratingsOnly":false,"ratingRoomCleanliness":1,"ratingHotelCondition":2,"ratingService":1,"ratingRoomComfort":1,"positiveRemarks":"","negativeRemarks":"","locationRemarks":"","lastInitial":"","userLocation":"","reviewSubmissionTime":"2015-12-30T17:46:02Z","reviewerCategories":[{"categoryId":"Everyone","categoryLabel":"Everyone"}],"userDisplayName":"","roomTypeId":200016760,"isUnverified":false,"isFlaggable":false,"isRecommended":"NO"},{"hotelId":"790530","totalPositiveFeedbacks":0,"tpid":"1","eapid":"0","contentLocale":"en_us","totalThanks":0,"photos":[],"reviewId":"5682c321710ec76a97d40da6","itinId":"1122747556000","moderationStatus":"APPROVED","contentCodes":"MMA","managementResponses":[],"ratingOverall":3,"langId":"1033","userNickname":"Tom","brandType":"Expedia","title":"Nice hotel, safe place.","reviewText":"Great hotel, safe and there are many shops close by. Breakfast is not that good and sometimes you can hear people from your room and also we were on a non-smoking floor and we could smell someone smoking on our floor for around 3 days. Come early if you want to find parking","featured":false,"ratingsOnly":false,"ratingRoomCleanliness":5,"ratingHotelCondition":4,"ratingService":3,"ratingRoomComfort":4,"positiveRemarks":"","negativeRemarks":"","locationRemarks":"","lastInitial":"","userLocation":"TF","reviewSubmissionTime":"2015-12-29T17:30:09Z","reviewerCategories":[{"categoryId":"Everyone","categoryLabel":"Everyone"}],"userDisplayName":"","roomTypeId":135940,"isUnverified":false,"isFlaggable":false,"isRecommended":"YES"},{"hotelId":"790530","totalPositiveFeedbacks":0,"tpid":"1","eapid":"0","contentLocale":"en_us","totalThanks":0,"photos":[],"reviewId":"5680867391eced251193c6a0","itinId":"1123288185030","moderationStatus":"APPROVED","contentCodes":"","managementResponses":[],"ratingOverall":5,"langId":"1033","userNickname":"uzma ","brandType":"Expedia","title":"Nice hotel ","reviewText":"Every thing was good but specially the person on front desk mr. Vector he was so co-operative and very nice person ","featured":false,"ratingsOnly":false,"ratingRoomCleanliness":5,"ratingHotelCondition":5,"ratingService":5,"ratingRoomComfort":5,"positiveRemarks":"","negativeRemarks":"","locationRemarks":"","lastInitial":"","userLocation":"Ali","reviewSubmissionTime":"2015-12-28T00:46:43Z","reviewerCategories":[{"categoryId":"Everyone","categoryLabel":"Everyone"}],"userDisplayName":"","roomTypeId":135941,"isUnverified":false,"isFlaggable":true,"isRecommended":"YES"}]}}}
