{"reviewDetails":{"startIndex":0,"numberOfReviewsInThisPage":20,"reviewSummaryCollection":{"reviewSummary":[{"hotelId":"28200","totalReviewCnt":759,"avgOverallRating":3.413703,"cleanliness":3.6389992,"serviceAndStaff":3.6811588,"roomComfort":3.4479573,"hotelCondition":3.3241112,"convenienceOfLocation":4.0602407,"neighborhoodSatisfaction":3.7831326,"roomQuality":0,"targetedBrand":"Expedia","originSummary":[{"origin":"Expedia","reviewCnt":759,"recommendedPercent":71.014496,"avgOverallRating":3.413703,"cleanliness":3.6389992,"serviceAndStaff":3.6811588,"roomComfort":3.4479573,"hotelCondition":3.3241112,"convenienceOfLocation":4.0602407,"neighborhoodSatisfaction":3.7831326,"valueForMoney":0,"roomQuality":0,"categoryCounts":{"Everyone":549,"BusinessTravelers":31,"Couples":19,"Students":3,"Families":28,"Other":11},"roomTypeIdCounts":{"200214590":216,"200890456":9,"372742":119,"200857964":25,"200210532":8,"372750":27,"200890453":21,"200348847":2,"200890454":47,"200210529":2},"languageCounts":{"en":759}}],"recommendedPercent":71.014496,"valueForMoney":0,"categoryCounts":{"Everyone":549,"BusinessTravelers":31,"Couples":19,"Students":3,"Families":28,"Other":11},"roomTypeIdCounts":{"200214590":216,"200890456":9,"372742":119,"200857964":25,"200210532":8,"372750":27,"200890453":21,"200348847":2,"200890454":47,"200210529":2},"languageCounts":{"en":759},"featuredReview":{}}]},"reviewCollection":{"review":[{"hotelId":"28200","totalPositiveFeedbacks":0,"tpid":"1","eapid":"0","contentLocale":"en_us","totalThanks":0,"photos":[],"reviewId":"57b4bc2829b05a0b28f909f5","itinId":"1139088119693","moderationStatus":"APPROVED","contentCodes":"","managementResponses":[],"ratingOverall":3,"langId":"1033","userNickname":"Ruby","brandType":"Expedia","title":"Just OK","reviewText":"My room faced parking spaces so it was a little noisy.  The furniture was dated.  The bed was comfortable.  Reasonably priced for San Francisco.","featured":false,"ratingsOnly":false,"ratingRoomCleanliness":3,"ratingHotelCondition":3,"ratingService":3,"ratingRoomComfort":3,"positiveRemarks":"Close to airport.","negativeRemarks":"Furniture, bathroom.","locationRemarks":"","lastInitial":"","userLocation":"New York","reviewSubmissionTime":"2016-08-17T19:34:00Z","reviewerCategories":[{"categoryId":"BusinessTravelers","categoryLabel":"BusinessTravelers"}],"userDisplayName":"","roomTypeId":200890454,"isUnverified":false,"isFlaggable":true,"isRecommended":"NO"},{"hotelId":"28200","totalPositiveFeedbacks":1,"tpid":"4","eapid":"0","contentLocale":"en_ca","totalThanks":1,"photos":[],"reviewId":"57b4b58a0cc2da0b260a614e","itinId":"1139168859601","moderationStatus":"APPROVED","contentCodes":"NLI HMP MMD","managementResponses":[],"ratingOverall":2,"langId":"4105","userNickname":"","brandType":"Expedia","title":"","reviewText":"Found insects, bugs in the room. Staff not friendly.","featured":false,"ratingsOnly":false,"ratingRoomCleanliness":2,"ratingHotelCondition":2,"ratingService":2,"ratingRoomComfort":2,"positiveRemarks":"","negativeRemarks":"","locationRemarks":"","lastInitial":"","userLocation":"","reviewSubmissionTime":"2016-08-17T19:05:46Z","reviewerCategories":[{"categoryId":"Everyone","categoryLabel":"Everyone"}],"userDisplayName":"","roomTypeId":200214590,"isUnverified":false,"isFlaggable":false,"isRecommended":"NO"},{"hotelId":"28200","totalPositiveFeedbacks":0,"tpid":"1","eapid":"0","contentLocale":"en_us","totalThanks":0,"photos":[],"reviewId":"57b473a891cc1c0b2ec58f5a","itinId":"1143504031999","moderationStatus":"APPROVED","contentCodes":"MMA","managementResponses":[],"ratingOverall":4,"langId":"1033","userNickname":"Warwick","brandType":"Expedia","title":"Fairly decent","reviewText":"With a fairly well positioned hotel I got to explore parts of California I wouldn't normally go to. I slept in two different rooms and had two different experiences. The first night I slept terribly, as there was a lump in the beg and loud neighbors kept making noises. The second night however redeemed itself and I slept all the way through. It was a nice hotel but I believe I wouldn't pay the same as I did to come back. ","featured":false,"ratingsOnly":false,"ratingRoomCleanliness":2,"ratingHotelCondition":2,"ratingService":3,"ratingRoomComfort":3,"positiveRemarks":"","negativeRemarks":"","locationRemarks":"","lastInitial":"","userLocation":"C","reviewSubmissionTime":"2016-08-17T14:24:40Z","reviewerCategories":[{"categoryId":"Everyone","categoryLabel":"Everyone"}],"userDisplayName":"","roomTypeId":200214590,"isUnverified":false,"isFlaggable":false,"isRecommended":"YES"},{"hotelId":"28200","totalPositiveFeedbacks":0,"tpid":"1","eapid":"0","contentLocale":"en_us","totalThanks":0,"photos":[],"reviewId":"57a840ce849f110b283b68a5","itinId":"1141961866589","moderationStatus":"APPROVED","contentCodes":"","managementResponses":[],"ratingOverall":3,"langId":"1033","userNickname":"JoeTheTraveler","brandType":"Expedia","title":"Affordable stay in an expensive area","reviewText":"The hotel itself was your average joe. Average furnishing, parking, and amenities. Although, the nightstand has USB plugs which are nice. Wifi is terribly slow, but Jay the hotel manager was very awesome.","featured":false,"ratingsOnly":false,"ratingRoomCleanliness":3,"ratingHotelCondition":3,"ratingService":5,"ratingRoomComfort":3,"positiveRemarks":"","negativeRemarks":"","locationRemarks":"","lastInitial":"","userLocation":"California","reviewSubmissionTime":"2016-08-08T08:20:30Z","reviewerCategories":[{"categoryId":"Everyone","categoryLabel":"Everyone"}],"userDisplayName":"","roomTypeId":200214590,"isUnverified":false,"isFlaggable":true,"isRecommended":"YES"},{"hotelId":"28200","totalPositiveFeedbacks":1,"tpid":"1","eapid":"0","contentLocale":"en_us","totalThanks":1,"photos":[],"reviewId":"57a7c7c0379e130b27deb5a0","itinId":"1141040582055","moderationStatus":"APPROVED","contentCodes":"HMP MMD","managementResponses":[],"ratingOverall":1,"langId":"1033","userNickname":"Dan","brandType":"Expedia","title":"Not worth it","reviewText":"We had a number of problems including a room that smelled of stale urine, a toilet that ran non-stop, a door that wouldn't lock, and more. In the end Expedia helped me to get a full refund which means the management acknowledged their failure.  I appreciate that they did so but I still would not return to this hotel or any Red Roof Inn hotel because of this experience.","featured":false,"ratingsOnly":false,"ratingRoomCleanliness":1,"ratingHotelCondition":1,"ratingService":2,"ratingRoomComfort":2,"positiveRemarks":"The location near the airport and their shuttle service to the airport was very helpful.","negativeRemarks":"Inspect rooms for cleanliness (don't let the airconditioner mask the smell), some of the front desk staff, restrict sales of rooms near elevator","locationRemarks":"Near airport; running path behind  hotels and along the bay has restaurants, coffee shop; golf range/mexican cafe with $5 margaritas across street","lastInitial":"O","userLocation":"Alaska","reviewSubmissionTime":"2016-08-07T23:44:00Z","reviewerCategories":[{"categoryId":"Everyone","categoryLabel":"Everyone"}],"userDisplayName":"","roomTypeId":"","isUnverified":false,"isFlaggable":false,"isRecommended":"NO"},{"hotelId":"28200","totalPositiveFeedbacks":1,"tpid":"1","eapid":"0","contentLocale":"en_us","totalThanks":1,"photos":[],"reviewId":"57a335721563430b29d8a617","itinId":"1137648904534","moderationStatus":"APPROVED","contentCodes":"","managementResponses":[],"ratingOverall":2,"langId":"1033","userNickname":"","brandType":"Expedia","title":"wouldn't stay again","reviewText":"Man at front desk was very nice, but room was bad. Most uncomfortable mattress and pillows ever. Smelled bad, and people were outside our room talking loudly until 11pm. Walls were thin so we could hear everything from our neighbors. There are better options for the price!","featured":false,"ratingsOnly":false,"ratingRoomCleanliness":2,"ratingHotelCondition":3,"ratingService":5,"ratingRoomComfort":1,"positiveRemarks":"","negativeRemarks":"","locationRemarks":"","lastInitial":"","userLocation":"","reviewSubmissionTime":"2016-08-04T12:30:42Z","reviewerCategories":[{"categoryId":"Everyone","categoryLabel":"Everyone"}],"userDisplayName":"","roomTypeId":200890454,"isUnverified":false,"isFlaggable":true,"isRecommended":"NO"},{"hotelId":"28200","totalPositiveFeedbacks":1,"tpid":"1","eapid":"0","contentLocale":"en_us","totalThanks":1,"photos":[],"reviewId":"579f8717a5437e0b281428fa","itinId":"1138257974337","moderationStatus":"APPROVED","contentCodes":"","managementResponses":[],"ratingOverall":3,"langId":"1033","userNickname":"rudy","brandType":"Expedia","title":"Nice hotel needs work","reviewText":"Four people in room 2 towle everyday in room left by house keeping. Had to run down to lobby for extra towels . Paint chipping on off walls in room. ","featured":false,"ratingsOnly":false,"ratingRoomCleanliness":4,"ratingHotelCondition":4,"ratingService":5,"ratingRoomComfort":4,"positiveRemarks":"","negativeRemarks":"","locationRemarks":"","lastInitial":"","userLocation":"south cali","reviewSubmissionTime":"2016-08-01T17:29:59Z","reviewerCategories":[{"categoryId":"Everyone","categoryLabel":"Everyone"}],"userDisplayName":"","roomTypeId":200214590,"isUnverified":false,"isFlaggable":true,"isRecommended":"NO"},{"hotelId":"28200","totalPositiveFeedbacks":1,"tpid":"1","eapid":"0","contentLocale":"en_us","totalThanks":1,"photos":[],"reviewId":"57962d543a803a0b28f071e0","itinId":"1141284302739","moderationStatus":"APPROVED","contentCodes":"","managementResponses":[],"ratingOverall":5,"langId":"1033","userNickname":"daniela","brandType":"Expedia","title":"Decent hotel, nice staff ","reviewText":"Checked us in early when Expedia messed up our reservation, the front desk guy was very nice and allowed us to check in early anyways thanks!","featured":false,"ratingsOnly":false,"ratingRoomCleanliness":5,"ratingHotelCondition":5,"ratingService":5,"ratingRoomComfort":5,"positiveRemarks":"","negativeRemarks":"","locationRemarks":"","lastInitial":"","userLocation":"ca","reviewSubmissionTime":"2016-07-25T15:16:36Z","reviewerCategories":[{"categoryId":"Everyone","categoryLabel":"Everyone"}],"userDisplayName":"","roomTypeId":200890454,"isUnverified":false,"isFlaggable":true,"isRecommended":"YES"},{"hotelId":"28200","totalPositiveFeedbacks":1,"tpid":"1","eapid":"0","contentLocale":"en_us","totalThanks":1,"photos":[],"reviewId":"5792b0e57331850b275fffdd","itinId":"1139737932490","moderationStatus":"APPROVED","contentCodes":"","managementResponses":[],"ratingOverall":4,"langId":"1033","userNickname":"","brandType":"Expedia","title":"","reviewText":"Stayed over night as my flight was early in the morning. Was pleased with the hotel staff and the room.","featured":false,"ratingsOnly":false,"ratingRoomCleanliness":4,"ratingHotelCondition":4,"ratingService":4,"ratingRoomComfort":4,"positiveRemarks":"","negativeRemarks":"","locationRemarks":"","lastInitial":"","userLocation":"","reviewSubmissionTime":"2016-07-22T23:48:53Z","reviewerCategories":[{"categoryId":"Everyone","categoryLabel":"Everyone"}],"userDisplayName":"","roomTypeId":200214590,"isUnverified":false,"isFlaggable":true,"isRecommended":"YES"},{"hotelId":"28200","totalPositiveFeedbacks":1,"tpid":"25","eapid":"0","contentLocale":"en_au","totalThanks":1,"photos":[],"reviewId":"578e9a857331850b271ab0b4","itinId":"17554138704","moderationStatus":"APPROVED","contentCodes":"MMA","managementResponses":[],"ratingOverall":4,"langId":"3081","userNickname":"","brandType":"Expedia","title":"close to airport ","reviewText":"Great spot close to airport with free shuttle bus and cafe.  Everything we needed for quick visit. ","featured":false,"ratingsOnly":false,"ratingRoomCleanliness":5,"ratingHotelCondition":4,"ratingService":4,"ratingRoomComfort":4,"positiveRemarks":"","negativeRemarks":"","locationRemarks":"","lastInitial":"","userLocation":"Adelaide, Australia","reviewSubmissionTime":"2016-07-19T21:24:21Z","reviewerCategories":[{"categoryId":"Everyone","categoryLabel":"Everyone"}],"userDisplayName":"","roomTypeId":200214590,"isUnverified":false,"isFlaggable":false,"isRecommended":"YES"},{"hotelId":"28200","totalPositiveFeedbacks":1,"tpid":"1","eapid":"0","contentLocale":"en_us","totalThanks":1,"photos":[],"reviewId":"578e4212331f6e0b289ec156","itinId":"1139038977675","moderationStatus":"APPROVED","contentCodes":"","managementResponses":[],"ratingOverall":3,"langId":"1033","userNickname":"K","brandType":"Expedia","title":"Close, cheap, easy","reviewText":"Not the nicest place, parking lot makes you feel it is worse than it is. Rooms were clean (we had 3), desk staff were better than good, really responsive and knowledgeable. The attached restaurant is a rip, not clean (greasy booths), bottle of water was $7, just say no. Just down the street from the Hyatt, nice restaurant there and further up the street with views of the bay and incoming airliners.  ","featured":false,"ratingsOnly":false,"ratingRoomCleanliness":3,"ratingHotelCondition":2,"ratingService":4,"ratingRoomComfort":3,"positiveRemarks":"Quick, easy","negativeRemarks":"The parking lot looks like a drug deal in progress","locationRemarks":"","lastInitial":"G","userLocation":"Michigan","reviewSubmissionTime":"2016-07-19T15:06:58Z","reviewerCategories":[{"categoryId":"BusinessTravelers","categoryLabel":"BusinessTravelers"}],"userDisplayName":"","roomTypeId":200214590,"isUnverified":false,"isFlaggable":true,"isRecommended":"YES"},{"hotelId":"28200","totalPositiveFeedbacks":1,"tpid":"1","eapid":"0","contentLocale":"en_us","totalThanks":1,"photos":[],"reviewId":"578a469e45d8c10b2827721f","itinId":"1139092603419","moderationStatus":"APPROVED","contentCodes":"HMP MMD","managementResponses":[],"ratingOverall":1,"langId":"1033","userNickname":"chris ","brandType":"Expedia","title":"","reviewText":"Terrible.  Rooms old and run down.  For $200 per night, there wasn't even shampoo in the rooms.  Just a bar of small soap.  No Kleenex either.  Just a bar of soap as far as amenities.  The bath towels We're tiny, old, and felt like sandpaper.  ","featured":false,"ratingsOnly":false,"ratingRoomCleanliness":1,"ratingHotelCondition":1,"ratingService":2,"ratingRoomComfort":1,"positiveRemarks":"","negativeRemarks":"","locationRemarks":"","lastInitial":"","userLocation":"houston tx","reviewSubmissionTime":"2016-07-16T14:37:18Z","reviewerCategories":[{"categoryId":"Everyone","categoryLabel":"Everyone"}],"userDisplayName":"","roomTypeId":200214590,"isUnverified":false,"isFlaggable":false,"isRecommended":"NO"},{"hotelId":"28200","totalPositiveFeedbacks":0,"tpid":"4","eapid":"0","contentLocale":"en_ca","totalThanks":0,"photos":[],"reviewId":"5781a70b5a68010b49d68450","itinId":"1137251710633","moderationStatus":"APPROVED","contentCodes":"","managementResponses":[],"ratingOverall":5,"langId":"4105","userNickname":"familia","brandType":"Expedia","title":"Nice accommodations close to airport, free shuttle","reviewText":"Travelling from Ixtapa, Mexico to Vancouver, Canada with overnight in San Francisco.","featured":false,"ratingsOnly":false,"ratingRoomCleanliness":5,"ratingHotelCondition":5,"ratingService":5,"ratingRoomComfort":5,"positiveRemarks":"","negativeRemarks":"Speak Spanish","locationRemarks":"","lastInitial":"","userLocation":"","reviewSubmissionTime":"2016-07-10T01:38:19Z","reviewerCategories":[{"categoryId":"Everyone","categoryLabel":"Everyone"}],"userDisplayName":"","roomTypeId":200214590,"isUnverified":false,"isFlaggable":true,"isRecommended":"YES"},{"hotelId":"28200","totalPositiveFeedbacks":0,"tpid":"1","eapid":"0","contentLocale":"en_us","totalThanks":0,"photos":[],"reviewId":"577ed5629395710b4947ce6c","itinId":"1138242745285","moderationStatus":"APPROVED","contentCodes":"","managementResponses":[],"ratingOverall":3,"langId":"1033","userNickname":"charlie","brandType":"Expedia","title":"","reviewText":"You get what u pay for. Cheap, damp, hotel. Food at the restaurant is pretty good though. ","featured":false,"ratingsOnly":false,"ratingRoomCleanliness":3,"ratingHotelCondition":2,"ratingService":5,"ratingRoomComfort":3,"positiveRemarks":"","negativeRemarks":"","locationRemarks":"","lastInitial":"","userLocation":"california ","reviewSubmissionTime":"2016-07-07T22:19:14Z","reviewerCategories":[{"categoryId":"Everyone","categoryLabel":"Everyone"}],"userDisplayName":"","roomTypeId":200890454,"isUnverified":false,"isFlaggable":true,"isRecommended":"NO"},{"hotelId":"28200","totalPositiveFeedbacks":0,"tpid":"1","eapid":"0","contentLocale":"en_us","totalThanks":0,"photos":[],"reviewId":"577ddf740cd612150ddc3d74","itinId":"1139284777108","moderationStatus":"APPROVED","contentCodes":"","managementResponses":[],"ratingOverall":2,"langId":"1033","userNickname":"robert","brandType":"Expedia","title":"Tiny little motor inn","reviewText":"Tiny room. Dirty parking lot. Park in front of your window...","featured":false,"ratingsOnly":false,"ratingRoomCleanliness":3,"ratingHotelCondition":2,"ratingService":3,"ratingRoomComfort":2,"positiveRemarks":"Room was clean","negativeRemarks":"Clean exterior","locationRemarks":"Close to airport","lastInitial":"","userLocation":"","reviewSubmissionTime":"2016-07-07T04:49:56Z","reviewerCategories":[{"categoryId":"Everyone","categoryLabel":"Everyone"}],"userDisplayName":"","roomTypeId":200214590,"isUnverified":false,"isFlaggable":true,"isRecommended":"NO"},{"hotelId":"28200","totalPositiveFeedbacks":0,"tpid":"1","eapid":"0","contentLocale":"en_us","totalThanks":0,"photos":[],"reviewId":"577d49073cec320b8ac7bbca","itinId":"1137953401017","moderationStatus":"APPROVED","contentCodes":"HMP MMD","managementResponses":[],"ratingOverall":1,"langId":"1033","userNickname":"horrible expe ","brandType":"Expedia","title":"Horrible experience!","reviewText":"Was there one night and they gave us the wrong keys twice, called them to send Someone to fix our toilet waited an hour n half still no one called again before we left the hotel and then got back at midnight and it still wasn't fixed, had to send my boyfriend to walk all the way to the front desk from the back building to get new keys then move everything to a new room at almost 1 am. Then we didn't have to check out till 11 and has a cleaning lady knocking on our door aT 9am","featured":false,"ratingsOnly":false,"ratingRoomCleanliness":3,"ratingHotelCondition":1,"ratingService":1,"ratingRoomComfort":2,"positiveRemarks":"","negativeRemarks":"","locationRemarks":"","lastInitial":"","userLocation":"","reviewSubmissionTime":"2016-07-06T18:08:07Z","reviewerCategories":[{"categoryId":"Everyone","categoryLabel":"Everyone"}],"userDisplayName":"","roomTypeId":200857964,"isUnverified":false,"isFlaggable":false,"isRecommended":"NO"},{"hotelId":"28200","totalPositiveFeedbacks":0,"tpid":"1","eapid":"0","contentLocale":"en_us","totalThanks":0,"photos":[],"reviewId":"577d181f495b570b82d293f6","itinId":"1138570128613","moderationStatus":"APPROVED","contentCodes":"PD HMP MMD","managementResponses":[],"ratingOverall":3,"langId":"1033","userNickname":"Jewelpaq","brandType":"Expedia","title":"OK for quick stop over","reviewText":"Not too far from the airport. The stairways could do with a good power wash and kept clean. I found the staff to be OK, but my room cleaner was a bit miserable. I would stay here again, but only if I was unable to find another place to stay. \r\nTheir website listed free self car parking, but upon checking in, they hit you for another $10.00 per night for car parking.","featured":false,"ratingsOnly":false,"ratingRoomCleanliness":4,"ratingHotelCondition":3,"ratingService":3,"ratingRoomComfort":3,"positiveRemarks":"Nothing","negativeRemarks":"Power wash the stairways and common areas and elevators. ","locationRemarks":"The have a diner next to the reception. Other than that, you will need transport to get anywhere else.","lastInitial":"B","userLocation":"CT","reviewSubmissionTime":"2016-07-06T14:39:27Z","reviewerCategories":[{"categoryId":"Everyone","categoryLabel":"Everyone"}],"userDisplayName":"","roomTypeId":200214590,"isUnverified":false,"isFlaggable":false,"isRecommended":"NO"},{"hotelId":"28200","totalPositiveFeedbacks":0,"tpid":"1","eapid":"0","contentLocale":"en_us","totalThanks":0,"photos":[],"reviewId":"577a79a1889b0b0b7a1d2c89","itinId":"1139192230384","moderationStatus":"APPROVED","contentCodes":"HMP MMD","managementResponses":[],"ratingOverall":3,"langId":"1033","userNickname":"","brandType":"Expedia","title":"","reviewText":"The hotel was easy to find with the GPS. The check-in went very well. The staff was very nice and accommodating. Since we prepaid with Expedia, they comped the parking fee because we were only staying the one night. When we got to the room, we were a little disappointed. The sheets were stained on one of the double beds, but it was a small stain in the corner of the flat sheet. There were only two large bath towels and there were three of us staying in the room. The shower curtain was torn and tattered and the toilet had a tank cover sitting on it that was clearly not meant for it. Overall the room itself was clean and cozy. It served it's purpose...gave us a place to lay our heads for the night. ","featured":false,"ratingsOnly":false,"ratingRoomCleanliness":2,"ratingHotelCondition":3,"ratingService":3,"ratingRoomComfort":3,"positiveRemarks":"","negativeRemarks":"","locationRemarks":"","lastInitial":"","userLocation":"","reviewSubmissionTime":"2016-07-04T14:58:41Z","reviewerCategories":[{"categoryId":"Everyone","categoryLabel":"Everyone"}],"userDisplayName":"","roomTypeId":200214590,"isUnverified":false,"isFlaggable":false,"isRecommended":"NO"},{"hotelId":"28200","totalPositiveFeedbacks":0,"tpid":"1","eapid":"0","contentLocale":"en_us","totalThanks":0,"photos":[],"reviewId":"57780ce525628c0b7cdd784b","itinId":"1138181374551","moderationStatus":"APPROVED","contentCodes":"","managementResponses":[],"ratingOverall":3,"langId":"1033","userNickname":"Mike","brandType":"Expedia","title":"","reviewText":"Good location. Facilities were not clean. Staff were friendly. Paint coming off the wall. Bed spread stained.","featured":false,"ratingsOnly":false,"ratingRoomCleanliness":1,"ratingHotelCondition":2,"ratingService":4,"ratingRoomComfort":1,"positiveRemarks":"","negativeRemarks":"","locationRemarks":"","lastInitial":"","userLocation":"Spokane, WA","reviewSubmissionTime":"2016-07-02T18:50:13Z","reviewerCategories":[{"categoryId":"Everyone","categoryLabel":"Everyone"}],"userDisplayName":"","roomTypeId":200214590,"isUnverified":false,"isFlaggable":true,"isRecommended":"YES"},{"hotelId":"28200","totalPositiveFeedbacks":0,"tpid":"1","eapid":"0","contentLocale":"en_us","totalThanks":0,"photos":[],"reviewId":"5773b37af6ee503322b4060b","itinId":"1138145784396","moderationStatus":"APPROVED","contentCodes":"","managementResponses":[],"ratingOverall":3,"langId":"1033","userNickname":"","brandType":"Expedia","title":"","reviewText":"The hotel was nice, except for the sticky floor. Probably has not been mopped for a while.","featured":false,"ratingsOnly":false,"ratingRoomCleanliness":2,"ratingHotelCondition":3,"ratingService":3,"ratingRoomComfort":3,"positiveRemarks":"","negativeRemarks":"","locationRemarks":"","lastInitial":"","userLocation":"","reviewSubmissionTime":"2016-06-29T11:39:38Z","reviewerCategories":[{"categoryId":"Everyone","categoryLabel":"Everyone"}],"userDisplayName":"","roomTypeId":200857964,"isUnverified":false,"isFlaggable":true,"isRecommended":"YES"}]}}}
