{"reviewDetails":{"startIndex":0,"numberOfReviewsInThisPage":20,"reviewSummaryCollection":{"reviewSummary":[{"hotelId":"912982","totalReviewCnt":1149,"avgOverallRating":4.161008,"cleanliness":4.424714,"serviceAndStaff":4.2898192,"roomComfort":4.001742,"hotelCondition":4.263712,"convenienceOfLocation":4.613635,"neighborhoodSatisfaction":4.401515,"roomQuality":0,"targetedBrand":"Expedia","originSummary":[{"origin":"Expedia","reviewCnt":1149,"recommendedPercent":89.12097,"avgOverallRating":4.161008,"cleanliness":4.424714,"serviceAndStaff":4.2898192,"roomComfort":4.001742,"hotelCondition":4.263712,"convenienceOfLocation":4.613635,"neighborhoodSatisfaction":4.401515,"valueForMoney":0,"roomQuality":0,"categoryCounts":{"Everyone":473,"BusinessTravelers":63,"Couples":75,"Students":3,"Families":4,"Other":12},"roomTypeIdCounts":{"200257674":215,"28357":1,"200257673":14,"396689":3,"200257671":22,"200257670":109,"200257605":6,"396684":15,"396683":35,"396681":2},"languageCounts":{"en":1149}}],"recommendedPercent":89.12097,"valueForMoney":0,"categoryCounts":{"Everyone":473,"BusinessTravelers":63,"Couples":75,"Students":3,"Families":4,"Other":12},"roomTypeIdCounts":{"200257674":215,"28357":1,"200257673":14,"396689":3,"200257671":22,"200257670":109,"200257605":6,"396684":15,"396683":35,"396681":2},"languageCounts":{"en":1149},"featuredReview":{}}]},"reviewCollection":{"review":[{"hotelId":"912982","totalPositiveFeedbacks":0,"tpid":"1","eapid":"0","contentLocale":"en_us","totalThanks":0,"photos":[],"reviewId":"57b4725f890fba0b27116615","itinId":"1141415397974","moderationStatus":"APPROVED","contentCodes":"","managementResponses":[{"userNickname":"Patrick - Hotel Manager","displayLocale":"en_us","isFlaggable":true,"date":"2016-08-17T16:06:12Z","response":"Thank you Ashley for your stay and review.  We are excited that you had a comfortable stay and found the benefits of the hotels location.  Good advice for those wondering if they need a car in SF.  It makes more sense to use public transposition.  Thank you again and we hope to see you in the future.      ","status":"APPROVED","id":"250b10e5-0bdb-41d1-ba38-312d8919ba40"}],"ratingOverall":5,"langId":"1033","userNickname":"Ashley","brandType":"Expedia","title":"Nice hotel close to the BART","reviewText":"This was a nice hotel. Friendly staff, nice room, comfortable bed. Good location too (near the Embarcado stop for BART). We booked this on Expedia and it exceeded our expectations. One thing to note is in and out parking is $36 + tax per day so we decided to just turn in the rental car early and take BART. Also, the room is sort of small but comfortable for two people. I didn't feel cramped or anything but it was not as spacious as other hotels. Overall, I'd come back and stay again though!","featured":false,"ratingsOnly":false,"ratingRoomCleanliness":5,"ratingHotelCondition":5,"ratingService":5,"ratingRoomComfort":4,"positiveRemarks":"","negativeRemarks":"","locationRemarks":"","lastInitial":"","userLocation":"Ann Arbor, MI","reviewSubmissionTime":"2016-08-17T14:19:11Z","reviewerCategories":[{"categoryId":"Everyone","categoryLabel":"Everyone"}],"userDisplayName":"","roomTypeId":200257674,"isUnverified":false,"isFlaggable":true,"isRecommended":"YES"},{"hotelId":"912982","totalPositiveFeedbacks":0,"tpid":"1","eapid":"0","contentLocale":"en_us","totalThanks":0,"photos":[],"reviewId":"57aed432f489450b3fa40f7e","itinId":"1142954747617","moderationStatus":"APPROVED","contentCodes":"","managementResponses":[{"userNickname":"Patrick - Hotel Manager","displayLocale":"en_us","isFlaggable":true,"date":"2016-08-15T15:54:47Z","response":"Thank you for your stay.  There are bottles water stations in the guest corridors that are complimentary to our guests on floors 2-8 by the elevators.  The bottles are provided and guest have unlimited use.  I'm sorry that you did not find them.  ","status":"APPROVED","id":"4359c3c9-7b78-46a6-9b95-9fcbbe6bccf4"}],"ratingOverall":2,"langId":"1033","userNickname":"","brandType":"Expedia","title":"No bottled water in the room!","reviewText":"No bottled water in the room, not even in the fridge...","featured":false,"ratingsOnly":false,"ratingRoomCleanliness":5,"ratingHotelCondition":2,"ratingService":5,"ratingRoomComfort":2,"positiveRemarks":"","negativeRemarks":"","locationRemarks":"","lastInitial":"","userLocation":"","reviewSubmissionTime":"2016-08-13T08:02:58Z","reviewerCategories":[{"categoryId":"Everyone","categoryLabel":"Everyone"}],"userDisplayName":"","roomTypeId":200257674,"isUnverified":false,"isFlaggable":true,"isRecommended":"NO"},{"hotelId":"912982","totalPositiveFeedbacks":1,"tpid":"1","eapid":"0","contentLocale":"en_us","totalThanks":1,"photos":[],"reviewId":"57a2591a4f61260b26ba8701","itinId":"1139252793130","moderationStatus":"APPROVED","contentCodes":"","managementResponses":[{"userNickname":"Patrick - Hotel Manager","displayLocale":"en_us","isFlaggable":true,"date":"2016-08-04T00:35:39Z","response":"Thank you for your stay.  I'm happy that you liked the restaurant.  I will share your comments with them.  I don't know which room you stayed in, but we have four sizes of rooms.  The Superiors and Suites are much larger than the Club or Standard sizes.  Hopefully we have have you stay with nus again in a larger room.  \r\n\r\nThank you again.  ","status":"APPROVED","id":"44b5d661-ea5e-4207-bdec-3fccdc196699"}],"ratingOverall":4,"langId":"1033","userNickname":"","brandType":"Expedia","title":"","reviewText":"Not a huge room but for being where it was at a good price I can't complain. Fish and Farm next door is really where I had my best time. : )","featured":false,"ratingsOnly":false,"ratingRoomCleanliness":5,"ratingHotelCondition":4,"ratingService":5,"ratingRoomComfort":4,"positiveRemarks":"","negativeRemarks":"","locationRemarks":"","lastInitial":"","userLocation":"","reviewSubmissionTime":"2016-08-03T20:50:34Z","reviewerCategories":[{"categoryId":"Everyone","categoryLabel":"Everyone"}],"userDisplayName":"","roomTypeId":200257670,"isUnverified":false,"isFlaggable":true,"isRecommended":"YES"},{"hotelId":"912982","totalPositiveFeedbacks":0,"tpid":"1","eapid":"0","contentLocale":"en_us","totalThanks":0,"photos":[],"reviewId":"579f816934799a0b28f9b522","itinId":"1140590257492","moderationStatus":"APPROVED","contentCodes":"MMA","managementResponses":[{"userNickname":"Patrick - Hotel Manager","displayLocale":"en_us","isFlaggable":false,"date":"2016-08-17T17:30:42Z","response":"Thank you for your stay with us.  We appreciate you taking the time to review us on Expedia.  PLease note that we do have larger rooms.  I would suggest a Superior or Suite next time as they are good sized rooms.    ","status":"APPROVED","id":"3ae73421-612a-461d-bb9e-33d4a7c2dd41"}],"ratingOverall":4,"langId":"1033","userNickname":"","brandType":"Expedia","title":"","reviewText":"My room was too small. If you're not claustrophobic you'll be fine for a weekend stay. The price was right, and the location was great. This hotel is located in a central location with many sites, restaurants and shopping nearby.  ","featured":false,"ratingsOnly":false,"ratingRoomCleanliness":4,"ratingHotelCondition":4,"ratingService":5,"ratingRoomComfort":3,"positiveRemarks":"","negativeRemarks":"","locationRemarks":"","lastInitial":"","userLocation":"","reviewSubmissionTime":"2016-08-01T17:05:45Z","reviewerCategories":[{"categoryId":"Everyone","categoryLabel":"Everyone"}],"userDisplayName":"","roomTypeId":200257674,"isUnverified":false,"isFlaggable":false,"isRecommended":"YES"},{"hotelId":"912982","totalPositiveFeedbacks":0,"tpid":"1","eapid":"0","contentLocale":"en_us","totalThanks":0,"photos":[],"reviewId":"579cdd0bb5f12f0b07093f12","itinId":"1141610815708","moderationStatus":"APPROVED","contentCodes":"","managementResponses":[{"userNickname":"Patrick - Hotel Manager","displayLocale":"en_us","isFlaggable":true,"date":"2016-08-01T19:21:27Z","response":"Thank you for staying with us Reid and for reviewing us on Expedia.  We certainly do hope to see you again in the future.  All the best.  ","status":"APPROVED","id":"f7f03b38-bb95-4756-9041-ace6c16d2943"}],"ratingOverall":5,"langId":"1033","userNickname":"Reid","brandType":"Expedia","title":"Great for business - a nice work lounge downstairs","reviewText":"Overall, it was a comfortable hotel, awesome restaurant below - with an area that makes getting work done easy. \r\nI come to SF for work a lot, I will likely come back.","featured":false,"ratingsOnly":false,"ratingRoomCleanliness":5,"ratingHotelCondition":5,"ratingService":5,"ratingRoomComfort":4,"positiveRemarks":"","negativeRemarks":"","locationRemarks":"","lastInitial":"","userLocation":"Seattle","reviewSubmissionTime":"2016-07-30T16:59:55Z","reviewerCategories":[{"categoryId":"Everyone","categoryLabel":"Everyone"}],"userDisplayName":"","roomTypeId":200257674,"isUnverified":false,"isFlaggable":true,"isRecommended":"YES"},{"hotelId":"912982","totalPositiveFeedbacks":1,"tpid":"1","eapid":"0","contentLocale":"en_us","totalThanks":1,"photos":[],"reviewId":"57922da63a803a0b282fd632","itinId":"1137151822198","moderationStatus":"APPROVED","contentCodes":"HMP MMD","managementResponses":[],"ratingOverall":1,"langId":"1033","userNickname":"","brandType":"Expedia","title":"Very rude staff, not helpful at all.","reviewText":"Not good! Staff was very rude. I deserve a full refund! They made are staying unwelcome.","featured":false,"ratingsOnly":false,"ratingRoomCleanliness":1,"ratingHotelCondition":1,"ratingService":1,"ratingRoomComfort":1,"positiveRemarks":"","negativeRemarks":"","locationRemarks":"","lastInitial":"","userLocation":"","reviewSubmissionTime":"2016-07-22T14:28:54Z","reviewerCategories":[{"categoryId":"Everyone","categoryLabel":"Everyone"}],"userDisplayName":"","roomTypeId":200257674,"isUnverified":false,"isFlaggable":false,"isRecommended":"NO"},{"hotelId":"912982","totalPositiveFeedbacks":0,"tpid":"3","eapid":"0","contentLocale":"en_gb","totalThanks":0,"photos":[],"reviewId":"578e911492a6f20b27f74dea","itinId":"112164602118","moderationStatus":"APPROVED","contentCodes":"MMA","managementResponses":[{"userNickname":"Patrick ","displayLocale":"en_us","isFlaggable":false,"date":"2016-07-22T15:00:29Z","response":"Thank you for taking the time to complete the Booking.com guest survey. I am so delighted to see that you enjoyed your stay with us here at Club Quarters, and that our entire staff was able to provide you with attentive and friendly service.\r\n\r\nIf you have an extra moment and would like to help be a part of our property's continued success, we would love your feedback from this stay at www.tripadvisor.com!\r\n\r\nI truly appreciate your continued patronage of Club Quarters Hotels, and I am looking forward to welcoming you back in the future.  \r\n\r\nKind regards,\r\n\r\nPatrick Jackson - Hotel Manager","status":"APPROVED","id":"79b17391-fd16-4e3d-b599-008a06023d87"}],"ratingOverall":4,"langId":"2057","userNickname":"","brandType":"Expedia","title":"","reviewText":"This was our second stay in a Club Quarters Hotel, the first being in their New York Central Station outpost. Although for us it does not score as highly as Central Station we were more than happy with our room and the hotel in general. The staff were all polite and attentive and more than happy to help when required. Really good location for exploring San Francisco with Chinatown, Little Italy, Union Square within close walking distance. I would recommend this chain of hotels to anyone and would certainly use them again as I could trust there to be a high standard.","featured":false,"ratingsOnly":false,"ratingRoomCleanliness":4,"ratingHotelCondition":4,"ratingService":5,"ratingRoomComfort":4,"positiveRemarks":"","negativeRemarks":"","locationRemarks":"","lastInitial":"","userLocation":"","reviewSubmissionTime":"2016-07-19T20:44:04Z","reviewerCategories":[{"categoryId":"Everyone","categoryLabel":"Everyone"}],"userDisplayName":"","roomTypeId":200257674,"isUnverified":false,"isFlaggable":false,"isRecommended":"YES"},{"hotelId":"912982","totalPositiveFeedbacks":1,"tpid":"1","eapid":"0","contentLocale":"en_us","totalThanks":1,"photos":[],"reviewId":"578e70f67331850b27a7cc97","itinId":"1139297809104","moderationStatus":"APPROVED","contentCodes":"","managementResponses":[],"ratingOverall":3,"langId":"1033","userNickname":"","brandType":"Expedia","title":"","reviewText":"Great location but very noisy. The walls were thin and one side of the building is against an alley way.\r\nRooms are small but clean. Nice amenity to have coffee and water supplied. Housekeeping kept forgetting there were 2 people staying in the room and did not supply enough towels.","featured":false,"ratingsOnly":false,"ratingRoomCleanliness":3,"ratingHotelCondition":3,"ratingService":3,"ratingRoomComfort":2,"positiveRemarks":"","negativeRemarks":"","locationRemarks":"","lastInitial":"","userLocation":"","reviewSubmissionTime":"2016-07-19T18:27:02Z","reviewerCategories":[{"categoryId":"Everyone","categoryLabel":"Everyone"}],"userDisplayName":"","roomTypeId":200257670,"isUnverified":false,"isFlaggable":true,"isRecommended":"YES"},{"hotelId":"912982","totalPositiveFeedbacks":0,"tpid":"1","eapid":"0","contentLocale":"en_us","totalThanks":0,"photos":[],"reviewId":"578b5e3145d8c10b285328e2","itinId":"1138669559052","moderationStatus":"APPROVED","contentCodes":"","managementResponses":[],"ratingOverall":5,"langId":"1033","userNickname":"Grace","brandType":"Expedia","title":"Good, central location","reviewText":"Enjoyed staying here- the location was very central and felt safe. Reasonably priced parking garage across the street. Staff were friendly and helpful. Self check-in and check-out was easy and efficient. The only con was that the room was on the small side, but we hardly spent any time there, so it wasn't a big deal for us. ","featured":false,"ratingsOnly":false,"ratingRoomCleanliness":5,"ratingHotelCondition":5,"ratingService":5,"ratingRoomComfort":4,"positiveRemarks":"","negativeRemarks":"","locationRemarks":"","lastInitial":"","userLocation":"Sacramento, CA","reviewSubmissionTime":"2016-07-17T10:30:09Z","reviewerCategories":[{"categoryId":"Everyone","categoryLabel":"Everyone"}],"userDisplayName":"","roomTypeId":200257674,"isUnverified":false,"isFlaggable":true,"isRecommended":"YES"},{"hotelId":"912982","totalPositiveFeedbacks":0,"tpid":"18","eapid":"0","contentLocale":"en_hk","totalThanks":0,"photos":[],"reviewId":"57846d5495608f0b4950c6c8","itinId":"132541045624","moderationStatus":"APPROVED","contentCodes":"HMP MMD","managementResponses":[],"ratingOverall":5,"langId":"2057","userNickname":"janet","brandType":"Expedia","title":"","reviewText":"Great location\r\nAnd staff is very nice\r\nI like the room","featured":false,"ratingsOnly":false,"ratingRoomCleanliness":5,"ratingHotelCondition":5,"ratingService":5,"ratingRoomComfort":5,"positiveRemarks":"","negativeRemarks":"","locationRemarks":"","lastInitial":"","userLocation":"","reviewSubmissionTime":"2016-07-12T04:08:52Z","reviewerCategories":[{"categoryId":"Everyone","categoryLabel":"Everyone"}],"userDisplayName":"","roomTypeId":200257674,"isUnverified":false,"isFlaggable":false,"isRecommended":"YES"},{"hotelId":"912982","totalPositiveFeedbacks":3,"tpid":"1","eapid":"0","contentLocale":"en_us","totalThanks":3,"photos":[],"reviewId":"5782718a86a89c0b48a3bcb4","itinId":"1135700479658","moderationStatus":"APPROVED","contentCodes":"","managementResponses":[],"ratingOverall":4,"langId":"1033","userNickname":"","brandType":"Expedia","title":"Good choice in Financial District ","reviewText":"It was a great experience except that you have to pay 34 dollars per night for parking and there is no cheaper way in financial district. The rooms are a little bit smaller than I expected because of its location. However it is very safe and urban.  Youngsters will love it. It's location is close to Lombart stress my and Golden Gate Bridge. Will stay again !","featured":false,"ratingsOnly":false,"ratingRoomCleanliness":5,"ratingHotelCondition":4,"ratingService":5,"ratingRoomComfort":4,"positiveRemarks":"","negativeRemarks":"","locationRemarks":"","lastInitial":"","userLocation":"","reviewSubmissionTime":"2016-07-10T16:02:18Z","reviewerCategories":[{"categoryId":"Everyone","categoryLabel":"Everyone"}],"userDisplayName":"","roomTypeId":200257674,"isUnverified":false,"isFlaggable":true,"isRecommended":"YES"},{"hotelId":"912982","totalPositiveFeedbacks":0,"tpid":"1","eapid":"0","contentLocale":"en_us","totalThanks":0,"photos":[],"reviewId":"578266e70cd612150dccaf87","itinId":"1139643404397","moderationStatus":"APPROVED","contentCodes":"","managementResponses":[],"ratingOverall":3,"langId":"1033","userNickname":"","brandType":"Expedia","title":"old hotel close to everything ","reviewText":"The hotel was fine but dated and old. It seemed more like a building that was originally apartments. It felt like a college dorm. Nowhere near a 4 star hotel.","featured":false,"ratingsOnly":false,"ratingRoomCleanliness":2,"ratingHotelCondition":2,"ratingService":4,"ratingRoomComfort":3,"positiveRemarks":"","negativeRemarks":"","locationRemarks":"","lastInitial":"","userLocation":"","reviewSubmissionTime":"2016-07-10T15:16:55Z","reviewerCategories":[{"categoryId":"Everyone","categoryLabel":"Everyone"}],"userDisplayName":"","roomTypeId":200257671,"isUnverified":false,"isFlaggable":true,"isRecommended":"NO"},{"hotelId":"912982","totalPositiveFeedbacks":1,"tpid":"1","eapid":"0","contentLocale":"en_us","totalThanks":1,"photos":[],"reviewId":"577fe94de250ac1512d5e699","itinId":"1139725276129","moderationStatus":"APPROVED","contentCodes":"","managementResponses":[],"ratingOverall":5,"langId":"1033","userNickname":"Behn","brandType":"Expedia","title":"Not far from Golden Gate Bridge","reviewText":"Regular room was too small and we had to upgrade it by paying $25.  ","featured":false,"ratingsOnly":false,"ratingRoomCleanliness":4,"ratingHotelCondition":4,"ratingService":5,"ratingRoomComfort":4,"positiveRemarks":"Availability of water, soft drinks, Coffee, and nibbles all day in the lobby.  ","negativeRemarks":"","locationRemarks":"","lastInitial":"","userLocation":"Perth Australia","reviewSubmissionTime":"2016-07-08T17:56:29Z","reviewerCategories":[{"categoryId":"Everyone","categoryLabel":"Everyone"}],"userDisplayName":"","roomTypeId":"","isUnverified":false,"isFlaggable":true,"isRecommended":"YES"},{"hotelId":"912982","totalPositiveFeedbacks":1,"tpid":"1","eapid":"0","contentLocale":"en_us","totalThanks":1,"photos":[],"reviewId":"577e4c9686a89c0b48b608c2","itinId":"1139280168493","moderationStatus":"APPROVED","contentCodes":"","managementResponses":[],"ratingOverall":4,"langId":"1033","userNickname":"Kim","brandType":"Expedia","title":"Quick Trip to the City","reviewText":"I went to SF to meet with an old friend for the day. The hotel was centrally located for all of my needs including transportation, coffee, food, and activities. The hotel was designed for business people so amenities included Wifi and access to office machines (copier, fax, computer, etc), perfect for my daughter taking summer college courses. Overall, the room was small but comfortable.\r\n","featured":false,"ratingsOnly":false,"ratingRoomCleanliness":3,"ratingHotelCondition":3,"ratingService":4,"ratingRoomComfort":3,"positiveRemarks":"The staff was friendly and helpful. The location allowed me to walk to wherever I needed to go or had easy access to transportation.","negativeRemarks":"The in room coffee could be better.","locationRemarks":"The location was in the financial district. The hotel was within walking distance to China Town, The Ferry Building, a park, shopping, and restaurants","lastInitial":"H","userLocation":"California","reviewSubmissionTime":"2016-07-07T12:35:34Z","reviewerCategories":[{"categoryId":"Everyone","categoryLabel":"Everyone"}],"userDisplayName":"","roomTypeId":200257674,"isUnverified":false,"isFlaggable":true,"isRecommended":"YES"},{"hotelId":"912982","totalPositiveFeedbacks":2,"tpid":"1","eapid":"0","contentLocale":"en_us","totalThanks":2,"photos":[],"reviewId":"577d25cf37defa0b810b6d62","itinId":"1137265397509","moderationStatus":"APPROVED","contentCodes":"","managementResponses":[],"ratingOverall":4,"langId":"1033","userNickname":"Matt","brandType":"Expedia","title":"Better than most chain hotels.","reviewText":"I was a bit reluctant to stay at any downtown hotel that was not a chain hotel, but I followed previous reviews about this hotel (CQ) and they were very accurate. Very centrally located to all SF tourist destinations. EZ walk to ferry bldg, BART station, trolley, wharf and piers 33 & 39, and Chinatown. You can also catch the 'BigBus' tour across the street too. Of course, there was a Starbucks in the same building so that was a 'bonus' for the wife. The hotel was always very clean. It was never too busy that you couldn't get an elevator, though, the key car feature for the elevators needs some improvement; most people had difficulty with it, including us. Rooms are a all bit small, so I would recommend you upgrade to the 'suite' like we did if you can. All in all a fantastic hotel and we would definitely stay there again.","featured":false,"ratingsOnly":false,"ratingRoomCleanliness":4,"ratingHotelCondition":4,"ratingService":5,"ratingRoomComfort":4,"positiveRemarks":"Staff was always very friendly and responsive, the hotel was very centrally located to all of the normal San Francisco tourist destinations. ","negativeRemarks":"The elevators required your room key to go up and most people, including us, had trouble with that.","locationRemarks":"Very centrally located to all SF tourist destinations. EZ walk to ferry bldg, BART station, trolley, wharf and piers 33 & 39, and Chinatown.","lastInitial":"K","userLocation":"Seattle WA","reviewSubmissionTime":"2016-07-06T15:37:51Z","reviewerCategories":[{"categoryId":"Everyone","categoryLabel":"Everyone"}],"userDisplayName":"","roomTypeId":200257673,"isUnverified":false,"isFlaggable":true,"isRecommended":"YES"},{"hotelId":"912982","totalPositiveFeedbacks":1,"tpid":"4","eapid":"0","contentLocale":"en_ca","totalThanks":1,"photos":[],"reviewId":"577d215666124e0b847c6f09","itinId":"1139608891340","moderationStatus":"APPROVED","contentCodes":"","managementResponses":[],"ratingOverall":5,"langId":"4105","userNickname":"","brandType":"Expedia","title":"","reviewText":"Great room, good location... would stay there again!","featured":false,"ratingsOnly":false,"ratingRoomCleanliness":5,"ratingHotelCondition":5,"ratingService":5,"ratingRoomComfort":5,"positiveRemarks":"","negativeRemarks":"","locationRemarks":"","lastInitial":"","userLocation":"","reviewSubmissionTime":"2016-07-06T15:18:46Z","reviewerCategories":[{"categoryId":"Everyone","categoryLabel":"Everyone"}],"userDisplayName":"","roomTypeId":200257671,"isUnverified":false,"isFlaggable":true,"isRecommended":"YES"},{"hotelId":"912982","totalPositiveFeedbacks":1,"tpid":"4","eapid":"0","contentLocale":"en_ca","totalThanks":1,"photos":[],"reviewId":"577bcad086298d0b829b59cf","itinId":"1137056828377","moderationStatus":"APPROVED","contentCodes":"","managementResponses":[],"ratingOverall":5,"langId":"4105","userNickname":"","brandType":"Expedia","title":"Great hotel, close to the pier and market. ","reviewText":"Got to check in early, everyone was friendly, great location ","featured":false,"ratingsOnly":false,"ratingRoomCleanliness":5,"ratingHotelCondition":5,"ratingService":5,"ratingRoomComfort":5,"positiveRemarks":"","negativeRemarks":"","locationRemarks":"","lastInitial":"","userLocation":"","reviewSubmissionTime":"2016-07-05T14:57:20Z","reviewerCategories":[{"categoryId":"Everyone","categoryLabel":"Everyone"}],"userDisplayName":"","roomTypeId":200257670,"isUnverified":false,"isFlaggable":true,"isRecommended":"YES"},{"hotelId":"912982","totalPositiveFeedbacks":1,"tpid":"1","eapid":"0","contentLocale":"en_us","totalThanks":1,"photos":[],"reviewId":"5779603d2c268d0b7ef3cdc5","itinId":"1137244946841","moderationStatus":"APPROVED","contentCodes":"","managementResponses":[],"ratingOverall":4,"langId":"1033","userNickname":"Keela","brandType":"Expedia","title":"Great location for business travelers","reviewText":"I stayed overnight and appreciated how the hotel makes it easy for business travelers to stay. Wifi was good, large shower (no bath, FYI), quiet room, and great location kitty corner from the Embarcadero Center. It's several minutes walk from BART. I'd happily stay there again.","featured":false,"ratingsOnly":false,"ratingRoomCleanliness":5,"ratingHotelCondition":4,"ratingService":5,"ratingRoomComfort":4,"positiveRemarks":"Location, wifi, quiet rooms","negativeRemarks":"Room was somewhat small, but to be expected given the location.","locationRemarks":"The area is ideal for people doing business in the financial district.","lastInitial":"R","userLocation":"Seattle WA","reviewSubmissionTime":"2016-07-03T18:58:05Z","reviewerCategories":[{"categoryId":"BusinessTravelers","categoryLabel":"BusinessTravelers"}],"userDisplayName":"","roomTypeId":200257670,"isUnverified":false,"isFlaggable":true,"isRecommended":"YES"},{"hotelId":"912982","totalPositiveFeedbacks":2,"tpid":"1","eapid":"0","contentLocale":"en_us","totalThanks":2,"photos":[],"reviewId":"5770b27bd3cd780b7f1af5fe","itinId":"1138715518439","moderationStatus":"APPROVED","contentCodes":"","managementResponses":[],"ratingOverall":3,"langId":"1033","userNickname":"sharon","brandType":"Expedia","title":"Great location","reviewText":"Nice hotel, very clean.  The only problem, I could hear my neighbor very well.  Had to change rooms.  The staff was very accommodating, she gave me a much nicer room.  I slept very well. I will stay there again.  The price was very affordable.","featured":false,"ratingsOnly":false,"ratingRoomCleanliness":5,"ratingHotelCondition":3,"ratingService":5,"ratingRoomComfort":3,"positiveRemarks":"","negativeRemarks":"","locationRemarks":"","lastInitial":"","userLocation":"atlanta","reviewSubmissionTime":"2016-06-27T04:58:35Z","reviewerCategories":[{"categoryId":"Everyone","categoryLabel":"Everyone"}],"userDisplayName":"","roomTypeId":200257674,"isUnverified":false,"isFlaggable":true,"isRecommended":"YES"},{"hotelId":"912982","totalPositiveFeedbacks":1,"tpid":"1","eapid":"0","contentLocale":"en_us","totalThanks":1,"photos":[],"reviewId":"5770a9307749760b7ef3fa41","itinId":"1138728305158","moderationStatus":"APPROVED","contentCodes":"","managementResponses":[],"ratingOverall":5,"langId":"1033","userNickname":"lisa from skron","brandType":"Expedia","title":"Lisa does it right by the bay","reviewText":"We stayed very last minute and were pleasantly impress wirh the location and the ease to check on and out, they also made it vey easy to find where to park and held our luggage for the day","featured":false,"ratingsOnly":false,"ratingRoomCleanliness":5,"ratingHotelCondition":5,"ratingService":5,"ratingRoomComfort":5,"positiveRemarks":"","negativeRemarks":"","locationRemarks":"","lastInitial":"l","userLocation":"n","reviewSubmissionTime":"2016-06-27T04:18:56Z","reviewerCategories":[{"categoryId":"Everyone","categoryLabel":"Everyone"}],"userDisplayName":"","roomTypeId":200257674,"isUnverified":false,"isFlaggable":true,"isRecommended":"YES"}]}}}
