{"reviewDetails":{"startIndex":0,"numberOfReviewsInThisPage":20,"reviewSummaryCollection":{"reviewSummary":[{"hotelId":"15135","totalReviewCnt":116,"avgOverallRating":2.862069,"cleanliness":3.3189654,"serviceAndStaff":3.3189654,"roomComfort":3.112069,"hotelCondition":2.9224133,"convenienceOfLocation":3.8181818,"neighborhoodSatisfaction":3.1818182,"roomQuality":0,"targetedBrand":"Expedia","originSummary":[{"origin":"Expedia","reviewCnt":116,"recommendedPercent":52.58621,"avgOverallRating":2.862069,"cleanliness":3.3189654,"serviceAndStaff":3.3189654,"roomComfort":3.112069,"hotelCondition":2.9224133,"convenienceOfLocation":3.8181818,"neighborhoodSatisfaction":3.1818182,"valueForMoney":0,"roomQuality":0,"categoryCounts":{"Everyone":91,"BusinessTravelers":6,"Couples":4,"Families":3,"Other":2},"roomTypeIdCounts":{"173207":18,"383203":6,"173210":1,"383199":6,"173208":26,"173209":3,"465226":18},"languageCounts":{"en":116}}],"recommendedPercent":52.58621,"valueForMoney":0,"categoryCounts":{"Everyone":91,"BusinessTravelers":6,"Couples":4,"Families":3,"Other":2},"roomTypeIdCounts":{"173207":18,"383203":6,"173210":1,"383199":6,"173208":26,"173209":3,"465226":18},"languageCounts":{"en":116},"featuredReview":{}}]},"reviewCollection":{"review":[{"hotelId":"15135","totalPositiveFeedbacks":0,"tpid":"1","eapid":"0","contentLocale":"en_us","totalThanks":0,"photos":[],"reviewId":"57b5178e6c77c40b43531302","itinId":"1143478888495","moderationStatus":"APPROVED","contentCodes":"","managementResponses":[],"ratingOverall":1,"langId":"1033","userNickname":"","brandType":"Expedia","title":"Will Not Return","reviewText":"The hotel is in the middle of nowhere.  The rooms are small and cramped. Thankfully I was only there for a night.  ","featured":false,"ratingsOnly":false,"ratingRoomCleanliness":3,"ratingHotelCondition":3,"ratingService":4,"ratingRoomComfort":3,"positiveRemarks":"Staff was friendly enough and the room was clean","negativeRemarks":"Unless you are going to relocate the hotel; do some renovations to enlarge the rooms... not much","locationRemarks":"I am not sure about the neighborhood the hotel is located in... desolate and unkept","lastInitial":"","userLocation":"","reviewSubmissionTime":"2016-08-18T02:03:58Z","reviewerCategories":[{"categoryId":"Everyone","categoryLabel":"Everyone"}],"userDisplayName":"","roomTypeId":465226,"isUnverified":false,"isFlaggable":true,"isRecommended":"NO"},{"hotelId":"15135","totalPositiveFeedbacks":0,"tpid":"1","eapid":"0","contentLocale":"en_us","totalThanks":0,"photos":[],"reviewId":"57956d81331f6e0b2803671b","itinId":"1140818053631","moderationStatus":"APPROVED","contentCodes":"","managementResponses":[],"ratingOverall":3,"langId":"1033","userNickname":"Pouria","brandType":"Expedia","title":"Even Not Average","reviewText":"Small room and uncomfortable bed , Close to airport but too far from downtown. I won't consider a coffee and cake (TO GO) as breakfast. Please get rid of \"breakfast included\" ....","featured":false,"ratingsOnly":false,"ratingRoomCleanliness":3,"ratingHotelCondition":2,"ratingService":3,"ratingRoomComfort":2,"positiveRemarks":"","negativeRemarks":"","locationRemarks":"","lastInitial":"","userLocation":"Australia","reviewSubmissionTime":"2016-07-25T01:38:09Z","reviewerCategories":[{"categoryId":"Everyone","categoryLabel":"Everyone"}],"userDisplayName":"","roomTypeId":465226,"isUnverified":false,"isFlaggable":true,"isRecommended":"NO"},{"hotelId":"15135","totalPositiveFeedbacks":0,"tpid":"1","eapid":"0","contentLocale":"en_us","totalThanks":0,"photos":[],"reviewId":"5790d94092a6f20b279ce1d7","itinId":"1140888393496","moderationStatus":"APPROVED","contentCodes":"","managementResponses":[],"ratingOverall":2,"langId":"1033","userNickname":"","brandType":"Expedia","title":"","reviewText":"This was our last resort and it certainly was just that. ","featured":false,"ratingsOnly":false,"ratingRoomCleanliness":3,"ratingHotelCondition":2,"ratingService":2,"ratingRoomComfort":3,"positiveRemarks":"Not much","negativeRemarks":"The \"lobby\"...there was none!  Breakfast should be renamed \"limited morning low grade snack\".","locationRemarks":"Close to airport but too close to the freeway...way too much traffic noise.","lastInitial":"","userLocation":"","reviewSubmissionTime":"2016-07-21T14:16:32Z","reviewerCategories":[{"categoryId":"Everyone","categoryLabel":"Everyone"}],"userDisplayName":"","roomTypeId":173207,"isUnverified":false,"isFlaggable":true,"isRecommended":"NO"},{"hotelId":"15135","totalPositiveFeedbacks":0,"tpid":"1","eapid":"0","contentLocale":"en_us","totalThanks":0,"photos":[],"reviewId":"578873aac830d90b2769fc3f","itinId":"1139211704217","moderationStatus":"APPROVED","contentCodes":"","managementResponses":[],"ratingOverall":3,"langId":"1033","userNickname":"leah","brandType":"Expedia","title":"Close to airport","reviewText":"A place to lay your head. Not fancy. No fitness center or pool.\r\n","featured":false,"ratingsOnly":false,"ratingRoomCleanliness":3,"ratingHotelCondition":3,"ratingService":3,"ratingRoomComfort":3,"positiveRemarks":"","negativeRemarks":"","locationRemarks":"","lastInitial":"","userLocation":"w","reviewSubmissionTime":"2016-07-15T05:24:58Z","reviewerCategories":[{"categoryId":"Everyone","categoryLabel":"Everyone"}],"userDisplayName":"","roomTypeId":173207,"isUnverified":false,"isFlaggable":true,"isRecommended":"NO"},{"hotelId":"15135","totalPositiveFeedbacks":0,"tpid":"1","eapid":"0","contentLocale":"en_us","totalThanks":0,"photos":[],"reviewId":"577ed5c795608f0b4961b6bb","itinId":"1139366489542","moderationStatus":"APPROVED","contentCodes":"","managementResponses":[],"ratingOverall":3,"langId":"1033","userNickname":"Hazel","brandType":"Expedia","title":"Good location.","reviewText":"Nice place to stay because it os near airport and not far from the city. ","featured":false,"ratingsOnly":false,"ratingRoomCleanliness":4,"ratingHotelCondition":3,"ratingService":3,"ratingRoomComfort":4,"positiveRemarks":"","negativeRemarks":"","locationRemarks":"","lastInitial":"","userLocation":"CA","reviewSubmissionTime":"2016-07-07T22:20:55Z","reviewerCategories":[{"categoryId":"Everyone","categoryLabel":"Everyone"}],"userDisplayName":"","roomTypeId":173209,"isUnverified":false,"isFlaggable":true,"isRecommended":"YES"},{"hotelId":"15135","totalPositiveFeedbacks":0,"tpid":"1","eapid":"0","contentLocale":"en_us","totalThanks":0,"photos":[],"reviewId":"576e9b0200db110b7ac24495","itinId":"1138682431623","moderationStatus":"APPROVED","contentCodes":"","managementResponses":[],"ratingOverall":2,"langId":"1033","userNickname":"Jim","brandType":"Expedia","title":"A little sketchy","reviewText":"Very small, non-existent lobby, and overpriced for what you get. Only stay here if you have no other option.","featured":false,"ratingsOnly":false,"ratingRoomCleanliness":3,"ratingHotelCondition":2,"ratingService":3,"ratingRoomComfort":3,"positiveRemarks":"","negativeRemarks":"","locationRemarks":"","lastInitial":"N","userLocation":"Charlotte NC","reviewSubmissionTime":"2016-06-25T14:53:54Z","reviewerCategories":[{"categoryId":"Everyone","categoryLabel":"Everyone"}],"userDisplayName":"","roomTypeId":465226,"isUnverified":false,"isFlaggable":true,"isRecommended":"NO"},{"hotelId":"15135","totalPositiveFeedbacks":0,"tpid":"1","eapid":"0","contentLocale":"en_us","totalThanks":0,"photos":[],"reviewId":"575326f4caa9ae0b81a4f60f","itinId":"1136478034964","moderationStatus":"APPROVED","contentCodes":"","managementResponses":[],"ratingOverall":3,"langId":"1033","userNickname":"Traveler","brandType":"Expedia","title":"Close to Airport","reviewText":"What we expected, does the job for a one night stay near the airport. Airport shuttle was nice. Breakfast I would hardly call breakfast.","featured":false,"ratingsOnly":false,"ratingRoomCleanliness":4,"ratingHotelCondition":3,"ratingService":3,"ratingRoomComfort":3,"positiveRemarks":"Location","negativeRemarks":"Breakfast","locationRemarks":"Airport","lastInitial":"","userLocation":"Atanta","reviewSubmissionTime":"2016-06-04T19:07:32Z","reviewerCategories":[{"categoryId":"Everyone","categoryLabel":"Everyone"}],"userDisplayName":"","roomTypeId":173207,"isUnverified":false,"isFlaggable":true,"isRecommended":"YES"},{"hotelId":"15135","totalPositiveFeedbacks":0,"tpid":"1","eapid":"0","contentLocale":"en_us","totalThanks":0,"photos":[],"reviewId":"57413cff145d8109fd04ba7f","itinId":"1135781960680","moderationStatus":"APPROVED","contentCodes":"HMP MMD","managementResponses":[],"ratingOverall":4,"langId":"1033","userNickname":"Judy","brandType":"Expedia","title":"Nice Inn ten minutes from the airport.","reviewText":"I got there last room and it was the Lord's blessing because I had  reservation at the Holiday Inn but when I got there someone gave it away. So I had to find another room. The Lord knew that I would need that room so he kept it open for me all day.I was amazed because the room was great, better than the Holiday Inns.","featured":false,"ratingsOnly":false,"ratingRoomCleanliness":5,"ratingHotelCondition":4,"ratingService":4,"ratingRoomComfort":5,"positiveRemarks":"","negativeRemarks":"","locationRemarks":"","lastInitial":"T","userLocation":"Oakley,CA","reviewSubmissionTime":"2016-05-22T05:00:47Z","reviewerCategories":[{"categoryId":"Everyone","categoryLabel":"Everyone"}],"userDisplayName":"","roomTypeId":383199,"isUnverified":false,"isFlaggable":false,"isRecommended":"YES"},{"hotelId":"15135","totalPositiveFeedbacks":0,"tpid":"1","eapid":"0","contentLocale":"en_us","totalThanks":0,"photos":[],"reviewId":"57413c2aaea8e009fbc7c1f7","itinId":"1135781960680","moderationStatus":"APPROVED","contentCodes":"HMP MMD","managementResponses":[],"ratingOverall":4,"langId":"1033","userNickname":"I'  a anterpine","brandType":"Expedia","title":"Nice Inn ten minutes from the airport.","reviewText":"I got there last room and it was the Lord's blessing because I had  reservation at the Holiday Inn but when I got there someone gave it away. So I had to find another room. The Lord knew that I would need that room so he kept it open for me all day.I was amazed because the room was great, better than the Holiday Inns.","featured":false,"ratingsOnly":false,"ratingRoomCleanliness":5,"ratingHotelCondition":4,"ratingService":4,"ratingRoomComfort":5,"positiveRemarks":"","negativeRemarks":"","locationRemarks":"","lastInitial":"","userLocation":"","reviewSubmissionTime":"2016-05-22T04:57:14Z","reviewerCategories":[{"categoryId":"Everyone","categoryLabel":"Everyone"}],"userDisplayName":"","roomTypeId":383199,"isUnverified":false,"isFlaggable":false,"isRecommended":"YES"},{"hotelId":"15135","totalPositiveFeedbacks":0,"tpid":"1","eapid":"0","contentLocale":"en_us","totalThanks":0,"photos":[],"reviewId":"573ddb6d69c3f409f8777c6f","itinId":"1135492411075","moderationStatus":"APPROVED","contentCodes":"HMP MMD","managementResponses":[],"ratingOverall":2,"langId":"1033","userNickname":"","brandType":"Expedia","title":"Not very nice","reviewText":"Lots of highway noise, and my non-smoking room smelled like smoke. Room next door had 3 guys who smoked, so they smoked and talked right outside my door. I don't expect much from a Days Inn, but this place underwhelmed, especially for the price tag of $260 a night.","featured":false,"ratingsOnly":false,"ratingRoomCleanliness":2,"ratingHotelCondition":2,"ratingService":3,"ratingRoomComfort":2,"positiveRemarks":"It was better than sleeping on the streets.","negativeRemarks":"You name it.","locationRemarks":"","lastInitial":"","userLocation":"","reviewSubmissionTime":"2016-05-19T15:27:41Z","reviewerCategories":[{"categoryId":"Everyone","categoryLabel":"Everyone"}],"userDisplayName":"","roomTypeId":383199,"isUnverified":false,"isFlaggable":false,"isRecommended":"NO"},{"hotelId":"15135","totalPositiveFeedbacks":0,"tpid":"1","eapid":"0","contentLocale":"en_us","totalThanks":0,"photos":[],"reviewId":"57177739209d2c09dbca06db","itinId":"1132763729715","moderationStatus":"APPROVED","contentCodes":"","managementResponses":[],"ratingOverall":4,"langId":"1033","userNickname":"","brandType":"Expedia","title":"","reviewText":"Good room, clean and plenty of space. Easy parking. Good location ","featured":false,"ratingsOnly":false,"ratingRoomCleanliness":4,"ratingHotelCondition":4,"ratingService":3,"ratingRoomComfort":4,"positiveRemarks":"","negativeRemarks":"","locationRemarks":"","lastInitial":"","userLocation":"","reviewSubmissionTime":"2016-04-20T12:34:01Z","reviewerCategories":[{"categoryId":"Everyone","categoryLabel":"Everyone"}],"userDisplayName":"","roomTypeId":383203,"isUnverified":false,"isFlaggable":true,"isRecommended":"YES"},{"hotelId":"15135","totalPositiveFeedbacks":0,"tpid":"1","eapid":"0","contentLocale":"en_us","totalThanks":0,"photos":[],"reviewId":"571102bed8246109f5ed0dd9","itinId":"1132589793929","moderationStatus":"APPROVED","contentCodes":"","managementResponses":[],"ratingOverall":5,"langId":"1033","userNickname":"","brandType":"Expedia","title":"Friendly Staff & took me to airport.","reviewText":"Great experience  check in was 3 but I got in at 1130 am super tired & they let me in my room to rest way early... Thanks again","featured":false,"ratingsOnly":false,"ratingRoomCleanliness":5,"ratingHotelCondition":5,"ratingService":5,"ratingRoomComfort":5,"positiveRemarks":"","negativeRemarks":"","locationRemarks":"","lastInitial":"","userLocation":"","reviewSubmissionTime":"2016-04-15T15:03:26Z","reviewerCategories":[{"categoryId":"Everyone","categoryLabel":"Everyone"}],"userDisplayName":"","roomTypeId":465226,"isUnverified":false,"isFlaggable":true,"isRecommended":"YES"},{"hotelId":"15135","totalPositiveFeedbacks":1,"tpid":"4","eapid":"0","contentLocale":"en_ca","totalThanks":1,"photos":[],"reviewId":"56ebe3654f20ca097a307cb1","itinId":"1129768773071","moderationStatus":"APPROVED","contentCodes":"","managementResponses":[],"ratingOverall":2,"langId":"4105","userNickname":"Al","brandType":"Expedia","title":"Not bad, but not the greatest","reviewText":"The hotel is a 3 star hotel at the most... but I knocked it down a point due to value vs what you get. The room was comfortable, but very little nearby unless you have a car.  It's conveniently close to the airport with an on demand shuttle.   The rooms are noisy as it's right next to the highway.  Internet is so-so.  ","featured":false,"ratingsOnly":false,"ratingRoomCleanliness":3,"ratingHotelCondition":3,"ratingService":4,"ratingRoomComfort":2,"positiveRemarks":"Close to the airport.","negativeRemarks":"Noise isolation, internet speeds.","locationRemarks":"Not much to do nearby. ","lastInitial":"","userLocation":"Halifax","reviewSubmissionTime":"2016-03-18T11:15:49Z","reviewerCategories":[{"categoryId":"BusinessTravelers","categoryLabel":"BusinessTravelers"}],"userDisplayName":"","roomTypeId":383199,"isUnverified":false,"isFlaggable":true,"isRecommended":"NO"},{"hotelId":"15135","totalPositiveFeedbacks":1,"tpid":"1","eapid":"0","contentLocale":"en_us","totalThanks":1,"photos":[],"reviewId":"56aa3388e0bc350995abdab8","itinId":"1126281073098","moderationStatus":"APPROVED","contentCodes":"MMA","managementResponses":[],"ratingOverall":1,"langId":"1033","userNickname":"wendy","brandType":"Expedia","title":"Worst","reviewText":"My non smoking room smelled like cigarettes.   No soap.  Stained pillowcases.  Sink and shower would not drain.   Toilet was plugged. ","featured":false,"ratingsOnly":false,"ratingRoomCleanliness":1,"ratingHotelCondition":1,"ratingService":3,"ratingRoomComfort":3,"positiveRemarks":"","negativeRemarks":"","locationRemarks":"","lastInitial":"m","userLocation":"california ","reviewSubmissionTime":"2016-01-28T15:28:08Z","reviewerCategories":[{"categoryId":"Everyone","categoryLabel":"Everyone"}],"userDisplayName":"","roomTypeId":383203,"isUnverified":false,"isFlaggable":false,"isRecommended":"NO"},{"hotelId":"15135","totalPositiveFeedbacks":1,"tpid":"1","eapid":"0","contentLocale":"en_us","totalThanks":1,"photos":[],"reviewId":"56a8e7d7b097020993c23e98","itinId":"1126251140560","moderationStatus":"APPROVED","contentCodes":"MMA","managementResponses":[],"ratingOverall":3,"langId":"1033","userNickname":"Traveling Man","brandType":"Expedia","title":"Not quiet","reviewText":"Since there is no carpet in rooms, you can hear people above walking around.  Add to that the freeway noise close by, this place is not for light sleepers.  Brakfast consists of coffee and a cello wrapped roll.  Rooms were clean and the price is cheap.  So you get what you pay for.","featured":false,"ratingsOnly":false,"ratingRoomCleanliness":3,"ratingHotelCondition":3,"ratingService":3,"ratingRoomComfort":3,"positiveRemarks":"","negativeRemarks":"","locationRemarks":"","lastInitial":"R","userLocation":"","reviewSubmissionTime":"2016-01-27T15:52:55Z","reviewerCategories":[{"categoryId":"Everyone","categoryLabel":"Everyone"}],"userDisplayName":"","roomTypeId":465226,"isUnverified":false,"isFlaggable":false,"isRecommended":"NO"},{"hotelId":"15135","totalPositiveFeedbacks":0,"tpid":"1","eapid":"0","contentLocale":"en_us","totalThanks":0,"photos":[],"reviewId":"56a25ea083f1a20994f02aae","itinId":"1125735253375","moderationStatus":"APPROVED","contentCodes":"","managementResponses":[],"ratingOverall":3,"langId":"1033","userNickname":"","brandType":"Expedia","title":"Noise was the biggest issue","reviewText":"For the money, the hotel had the expected facilities and maintenance.  it overlooks multiple major roadways and the noise is deafening. i had to sleep with earplugs and even then i didn't have a restful sleep","featured":false,"ratingsOnly":false,"ratingRoomCleanliness":3,"ratingHotelCondition":3,"ratingService":3,"ratingRoomComfort":3,"positiveRemarks":"","negativeRemarks":"Additional soundproofing of the windows.","locationRemarks":"","lastInitial":"","userLocation":"","reviewSubmissionTime":"2016-01-22T16:53:52Z","reviewerCategories":[{"categoryId":"Everyone","categoryLabel":"Everyone"}],"userDisplayName":"","roomTypeId":465226,"isUnverified":false,"isFlaggable":true,"isRecommended":"NO"},{"hotelId":"15135","totalPositiveFeedbacks":0,"tpid":"1","eapid":"0","contentLocale":"en_us","totalThanks":0,"photos":[],"reviewId":"567d6d718c371c1e821ae405","itinId":"1123884600519","moderationStatus":"APPROVED","contentCodes":"NLI HMP MMD","managementResponses":[],"ratingOverall":1,"langId":"1033","userNickname":"lyndon","brandType":"Expedia","title":"Okay, but not quite.","reviewText":"The room was okay and bed was okay. \r\nThe bad things --- \r\n- when i threw something on the garbage, i noticed that the garbage bin had something in it. When i checked, i kid you not, there was a used condom and condom wrapper. (Crown). Yaikz... \r\n- the bed was squeeking everytime you turn. \r\n- the maid tried to come in and clean at 8am, when we were still inside sleeping. They didnt check at the front if we already checked out. \r\nTerrible experience...","featured":false,"ratingsOnly":false,"ratingRoomCleanliness":1,"ratingHotelCondition":2,"ratingService":5,"ratingRoomComfort":2,"positiveRemarks":"","negativeRemarks":"","locationRemarks":"","lastInitial":"","userLocation":"SF, CA","reviewSubmissionTime":"2015-12-25T16:23:13Z","reviewerCategories":[{"categoryId":"Everyone","categoryLabel":"Everyone"}],"userDisplayName":"","roomTypeId":465226,"isUnverified":false,"isFlaggable":false,"isRecommended":"NO"},{"hotelId":"15135","totalPositiveFeedbacks":0,"tpid":"1","eapid":"0","contentLocale":"en_us","totalThanks":0,"photos":[],"reviewId":"5648a98e388654096882c986","itinId":"1119607591306","moderationStatus":"APPROVED","contentCodes":"MMA","managementResponses":[],"ratingOverall":1,"langId":"1033","userNickname":"steamed","brandType":"Expedia","title":"Worst hotel stay yet","reviewText":"No curtains on lg window,light outside window with shutters lets all light in,bedding old and wore out,small rm,employees moving cars beeping horns all night","featured":false,"ratingsOnly":false,"ratingRoomCleanliness":2,"ratingHotelCondition":2,"ratingService":2,"ratingRoomComfort":2,"positiveRemarks":"","negativeRemarks":"","locationRemarks":"","lastInitial":"","userLocation":"de","reviewSubmissionTime":"2015-11-15T15:49:34Z","reviewerCategories":[{"categoryId":"Everyone","categoryLabel":"Everyone"}],"userDisplayName":"","roomTypeId":465226,"isUnverified":false,"isFlaggable":false,"isRecommended":"NO"},{"hotelId":"15135","totalPositiveFeedbacks":0,"tpid":"1","eapid":"0","contentLocale":"en_us","totalThanks":0,"photos":[],"reviewId":"564337c700f8f5096842b4e6","itinId":"1121036822864","moderationStatus":"APPROVED","contentCodes":"MMA","managementResponses":[],"ratingOverall":1,"langId":"1033","userNickname":"","brandType":"Expedia","title":"Avoid this hotel","reviewText":"The hotel shuttle took nearly 40 minutes to arrive and dropped me off at this motel/no tell. The lobby is in the corner of a small parking area and was the size of a bathroom. A nice view of the busy and loud freeway greets you at your door. The microwave was from 1980 and the bed too! ","featured":false,"ratingsOnly":false,"ratingRoomCleanliness":3,"ratingHotelCondition":1,"ratingService":3,"ratingRoomComfort":1,"positiveRemarks":"The singular staff was reasonably friendly.","negativeRemarks":"Tear down and rebuild.","locationRemarks":"The parking lot is adjacent to the freeway.","lastInitial":"","userLocation":"","reviewSubmissionTime":"2015-11-11T12:42:47Z","reviewerCategories":[{"categoryId":"Everyone","categoryLabel":"Everyone"}],"userDisplayName":"","roomTypeId":173209,"isUnverified":false,"isFlaggable":false,"isRecommended":"NO"},{"hotelId":"15135","totalPositiveFeedbacks":0,"tpid":"1","eapid":"0","contentLocale":"en_us","totalThanks":0,"photos":[],"reviewId":"5640f07bd72aae096ecd6994","itinId":"1120720263979","moderationStatus":"APPROVED","contentCodes":"HMP MMD","managementResponses":[],"ratingOverall":3,"langId":"1033","userNickname":"","brandType":"Expedia","title":"","reviewText":"Bad terrible sheets dirty not a the best it should be cheaper than it is","featured":false,"ratingsOnly":false,"ratingRoomCleanliness":1,"ratingHotelCondition":2,"ratingService":2,"ratingRoomComfort":1,"positiveRemarks":"","negativeRemarks":"","locationRemarks":"","lastInitial":"","userLocation":"","reviewSubmissionTime":"2015-11-09T19:14:03Z","reviewerCategories":[{"categoryId":"Everyone","categoryLabel":"Everyone"}],"userDisplayName":"","roomTypeId":465226,"isUnverified":false,"isFlaggable":false,"isRecommended":"NO"}]}}}
