{"reviewDetails":{"startIndex":0,"numberOfReviewsInThisPage":20,"reviewSummaryCollection":{"reviewSummary":[{"hotelId":"919198","totalReviewCnt":1112,"avgOverallRating":3.7383103,"cleanliness":4.030574,"serviceAndStaff":4.151981,"roomComfort":3.7158277,"hotelCondition":3.5791364,"convenienceOfLocation":4.178082,"neighborhoodSatisfaction":3.4520545,"roomQuality":0,"targetedBrand":"Expedia","originSummary":[{"origin":"Expedia","reviewCnt":1112,"recommendedPercent":82.46403,"avgOverallRating":3.7383103,"cleanliness":4.030574,"serviceAndStaff":4.151981,"roomComfort":3.7158277,"hotelCondition":3.5791364,"convenienceOfLocation":4.178082,"neighborhoodSatisfaction":3.4520545,"valueForMoney":0,"roomQuality":0,"categoryCounts":{"Everyone":794,"BusinessTravelers":19,"Couples":57,"Students":10,"Families":34,"Other":10},"roomTypeIdCounts":{"113793":1,"200140207":194,"200140235":79,"470":1,"200140228":279,"200140241":123},"languageCounts":{"en":1112}}],"recommendedPercent":82.46403,"valueForMoney":0,"categoryCounts":{"Everyone":794,"BusinessTravelers":19,"Couples":57,"Students":10,"Families":34,"Other":10},"roomTypeIdCounts":{"113793":1,"200140207":194,"200140235":79,"470":1,"200140228":279,"200140241":123},"languageCounts":{"en":1112},"featuredReview":{}}]},"reviewCollection":{"review":[{"hotelId":"919198","totalPositiveFeedbacks":0,"tpid":"1","eapid":"0","contentLocale":"en_us","totalThanks":0,"photos":[],"reviewId":"57b40ef7857f6f0b2c129d31","itinId":"1142475916044","moderationStatus":"APPROVED","contentCodes":"","managementResponses":[],"ratingOverall":4,"langId":"1033","userNickname":"","brandType":"Expedia","title":"Great hotel, right in the heart of the city","reviewText":"This isn't the fanciest of hotels, but for the price- it is way worth the stay! Great location, very central and close to everything. We used Uber to go almost everywhere and thanks to where we stayed, traveling around downtown was so affordable. Comfortable beds, clean rooms, attentive staff. Walkable distance to Polk Street which has an amazing nightlife, and plenty of awesome restaurants. I would absolutely stay again! ","featured":false,"ratingsOnly":false,"ratingRoomCleanliness":4,"ratingHotelCondition":4,"ratingService":5,"ratingRoomComfort":4,"positiveRemarks":"","negativeRemarks":"","locationRemarks":"","lastInitial":"","userLocation":"","reviewSubmissionTime":"2016-08-17T07:15:03Z","reviewerCategories":[{"categoryId":"Everyone","categoryLabel":"Everyone"}],"userDisplayName":"","roomTypeId":200140228,"isUnverified":false,"isFlaggable":true,"isRecommended":"YES"},{"hotelId":"919198","totalPositiveFeedbacks":0,"tpid":"1","eapid":"0","contentLocale":"en_us","totalThanks":0,"photos":[],"reviewId":"57b330c0e8fd210b05bf61e9","itinId":"1142299681029","moderationStatus":"APPROVED","contentCodes":"","managementResponses":[],"ratingOverall":5,"langId":"1033","userNickname":"Stuart","brandType":"Expedia","title":"An excellent convenient and affordable hotel","reviewText":"This was my second stay at the Opal. The staff is attentive and friendly. The rooms are clean and spacious enough. The beds are very comfortable, a real pleasure after running all over the city during the day.","featured":false,"ratingsOnly":false,"ratingRoomCleanliness":5,"ratingHotelCondition":4,"ratingService":5,"ratingRoomComfort":5,"positiveRemarks":"The hotel's guests are not party people.it's a quiet hotel where you can relax and get a good night's after a long day. Efficient, attentive staff.","negativeRemarks":"","locationRemarks":"Close  to a ton of ethnic food restaurants on Geary st. \r\nYou can walk to Union Square and the Civic Center - symphony, the Opera , and Asian Museum.","lastInitial":"","userLocation":"New York","reviewSubmissionTime":"2016-08-16T15:26:56Z","reviewerCategories":[{"categoryId":"Everyone","categoryLabel":"Everyone"}],"userDisplayName":"","roomTypeId":200140228,"isUnverified":false,"isFlaggable":true,"isRecommended":"YES"},{"hotelId":"919198","totalPositiveFeedbacks":0,"tpid":"1","eapid":"0","contentLocale":"en_us","totalThanks":0,"photos":[],"reviewId":"57b115b36b0da90b05e50d70","itinId":"1142468871934","moderationStatus":"APPROVED","contentCodes":"HMP MMD","managementResponses":[],"ratingOverall":1,"langId":"1033","userNickname":"millie","brandType":"Expedia","title":"Stinking hotel \r\n","reviewText":"Room was not ready when we came. The sink is clog and the room stinks. Even the hallways in that hotel stink. The only thing that smells good in that hotel is the lobby. Maybe they sprayed a lot of air freshener to cover up the stinking smell of overall hotel . Even the comforter they gave us is too old and stinks.\r\n","featured":false,"ratingsOnly":false,"ratingRoomCleanliness":2,"ratingHotelCondition":3,"ratingService":2,"ratingRoomComfort":1,"positiveRemarks":"","negativeRemarks":"","locationRemarks":"","lastInitial":"","userLocation":"NJ","reviewSubmissionTime":"2016-08-15T01:06:59Z","reviewerCategories":[{"categoryId":"Everyone","categoryLabel":"Everyone"}],"userDisplayName":"","roomTypeId":200140228,"isUnverified":false,"isFlaggable":false,"isRecommended":"NO"},{"hotelId":"919198","totalPositiveFeedbacks":0,"tpid":"1","eapid":"0","contentLocale":"en_us","totalThanks":0,"photos":[],"reviewId":"57a9fa8e0a400a0b0d0cf03c","itinId":"1140967267542","moderationStatus":"APPROVED","contentCodes":"","managementResponses":[],"ratingOverall":3,"langId":"1033","userNickname":"Ginny","brandType":"Expedia","title":"Dated hotel with good location","reviewText":"Stayed in SF downtown for official business and vacation too. The Opal is near two bus lines and near many restaurants. It's like staying in an old European hotel. The furnishings are elegant but dated. The carpeting in the hallways has an unpleasant odor and the bathroom vent gave me a headache because it's way too noisy. Otherwise, it's a pretty good hotel.","featured":false,"ratingsOnly":false,"ratingRoomCleanliness":3,"ratingHotelCondition":3,"ratingService":4,"ratingRoomComfort":3,"positiveRemarks":"Location","negativeRemarks":"Hallway carpets stink and the bathroom vent is unpleasantly noisy","locationRemarks":"There are many restaurants nearby and two bus lines to choose from. Civic Center is walking distance.","lastInitial":"","userLocation":"Austin, TX","reviewSubmissionTime":"2016-08-09T15:45:18Z","reviewerCategories":[{"categoryId":"Everyone","categoryLabel":"Everyone"}],"userDisplayName":"","roomTypeId":200140228,"isUnverified":false,"isFlaggable":true,"isRecommended":"YES"},{"hotelId":"919198","totalPositiveFeedbacks":3,"tpid":"25","eapid":"0","contentLocale":"en_au","totalThanks":3,"photos":[],"reviewId":"579fef1afef6e20b28392a0e","itinId":"19760893905","moderationStatus":"APPROVED","contentCodes":"HMP MMD","managementResponses":[],"ratingOverall":5,"langId":"3081","userNickname":"Chloe","brandType":"Expedia","title":"Great hotel, clean rooms, fantastic staff","reviewText":"Fantastic all round. The breakfast was great and loved it was available to 10, for those sleep ins. The staff were friendly and helpful and it was a short walk to the shops","featured":false,"ratingsOnly":false,"ratingRoomCleanliness":5,"ratingHotelCondition":5,"ratingService":5,"ratingRoomComfort":5,"positiveRemarks":"close to Union Square, great price for San Fran, close to great eateries!","negativeRemarks":"","locationRemarks":"","lastInitial":"","userLocation":"Australia","reviewSubmissionTime":"2016-08-02T00:53:46Z","reviewerCategories":[{"categoryId":"Everyone","categoryLabel":"Everyone"}],"userDisplayName":"","roomTypeId":200140207,"isUnverified":false,"isFlaggable":false,"isRecommended":"YES"},{"hotelId":"919198","totalPositiveFeedbacks":1,"tpid":"18","eapid":"0","contentLocale":"en_hk","totalThanks":1,"photos":[],"reviewId":"579e14b9d4c4650b0d138a68","itinId":"135958766529","moderationStatus":"APPROVED","contentCodes":"HMP MMD","managementResponses":[],"ratingOverall":3,"langId":"2057","userNickname":"Amy","brandType":"Expedia","title":"Old hotel","reviewText":"The hotel needs to be renovated as everything is outdated. There were lots of homeless nearby which gave us an unsafe feeling. Moreover, it is far from the Bart subway.","featured":false,"ratingsOnly":false,"ratingRoomCleanliness":2,"ratingHotelCondition":2,"ratingService":4,"ratingRoomComfort":3,"positiveRemarks":"","negativeRemarks":"","locationRemarks":"","lastInitial":"","userLocation":"Hong Kong","reviewSubmissionTime":"2016-07-31T15:09:45Z","reviewerCategories":[{"categoryId":"Everyone","categoryLabel":"Everyone"}],"userDisplayName":"","roomTypeId":200140207,"isUnverified":false,"isFlaggable":false,"isRecommended":"NO"},{"hotelId":"919198","totalPositiveFeedbacks":1,"tpid":"1","eapid":"0","contentLocale":"en_us","totalThanks":1,"photos":[],"reviewId":"579d2f6787f8460b06afdaad","itinId":"1141405340332","moderationStatus":"APPROVED","contentCodes":"","managementResponses":[],"ratingOverall":3,"langId":"1033","userNickname":"","brandType":"Expedia","title":"Decent and convenient ","reviewText":"Clean and convenient hotel about 10 minutes from attractions like Exploratorium, Fishermans Wharf, the opera, and cute Hayes Valley.  Expensive for what it is but that is San Francisco market rates. Free breakfast. ","featured":false,"ratingsOnly":false,"ratingRoomCleanliness":4,"ratingHotelCondition":3,"ratingService":3,"ratingRoomComfort":4,"positiveRemarks":"","negativeRemarks":"","locationRemarks":"","lastInitial":"","userLocation":"","reviewSubmissionTime":"2016-07-30T22:51:19Z","reviewerCategories":[{"categoryId":"Everyone","categoryLabel":"Everyone"}],"userDisplayName":"","roomTypeId":200140207,"isUnverified":false,"isFlaggable":true,"isRecommended":"YES"},{"hotelId":"919198","totalPositiveFeedbacks":1,"tpid":"4","eapid":"0","contentLocale":"en_ca","totalThanks":1,"photos":[],"reviewId":"579a4fe02409e60b39d7575f","itinId":"1141288377698","moderationStatus":"APPROVED","contentCodes":"HMP MMD","managementResponses":[],"ratingOverall":3,"langId":"4105","userNickname":"Nick","brandType":"Expedia","title":"OK hotel for an OK price","reviewText":"The Opal is a fine hotel for downtown SF. It's not great, it's not terrible. My ground floor room was very very noisy. Road noise, pedestrian noise, construction noise. I spend at least 25% of the year on the road and can do with some fairly noisy rooms. This was a bit too much. Noise from neighboring rooms and the hallway pretty loud too. That goes with the territory of older SF hotels mind you, nothing special there. Zero hot water was available the night I checked in, it was ok the morning after though.\r\n\r\nDon't let the breakfast factor into your decision, it's some bread, toasters, and stale pastries. Plenty of great breakfast in the area that will be a little more filling.\r\n\r\nWould I stay here again? Yea probably. The price was right and the city can get pretty expensive at times. Would I recommend it to someone on vacation? No. Spend a bit more and get something a little nicer.","featured":false,"ratingsOnly":false,"ratingRoomCleanliness":3,"ratingHotelCondition":2,"ratingService":4,"ratingRoomComfort":2,"positiveRemarks":"Reasonably cheap, reasonably well located.","negativeRemarks":"Hotel very dated, cleanliness only ok. Very very noisy. ","locationRemarks":"","lastInitial":"","userLocation":"","reviewSubmissionTime":"2016-07-28T18:33:04Z","reviewerCategories":[{"categoryId":"BusinessTravelers","categoryLabel":"BusinessTravelers"}],"userDisplayName":"","roomTypeId":200140228,"isUnverified":false,"isFlaggable":false,"isRecommended":"YES"},{"hotelId":"919198","totalPositiveFeedbacks":1,"tpid":"1","eapid":"0","contentLocale":"en_us","totalThanks":1,"photos":[],"reviewId":"5798e6cb553a400b296fe2e0","itinId":"1141316490881","moderationStatus":"APPROVED","contentCodes":"","managementResponses":[],"ratingOverall":4,"langId":"1033","userNickname":"Miguel","brandType":"Expedia","title":"","reviewText":"The hotel has a very good location the room where I stayed had a nice view","featured":false,"ratingsOnly":false,"ratingRoomCleanliness":3,"ratingHotelCondition":3,"ratingService":4,"ratingRoomComfort":4,"positiveRemarks":"","negativeRemarks":"","locationRemarks":"","lastInitial":"M","userLocation":"N","reviewSubmissionTime":"2016-07-27T16:52:27Z","reviewerCategories":[{"categoryId":"Everyone","categoryLabel":"Everyone"}],"userDisplayName":"","roomTypeId":200140241,"isUnverified":false,"isFlaggable":true,"isRecommended":"YES"},{"hotelId":"919198","totalPositiveFeedbacks":1,"tpid":"1","eapid":"0","contentLocale":"en_us","totalThanks":1,"photos":[],"reviewId":"57979292bff7f60b2f77b088","itinId":"1141122528641","moderationStatus":"APPROVED","contentCodes":"","managementResponses":[],"ratingOverall":4,"langId":"1033","userNickname":"RM","brandType":"Expedia","title":"","reviewText":"Hotel room was very spacious and clean. The staff was friendly. The one thing I didnt like was the price of parking $48 is way too much.","featured":false,"ratingsOnly":false,"ratingRoomCleanliness":4,"ratingHotelCondition":4,"ratingService":4,"ratingRoomComfort":4,"positiveRemarks":"","negativeRemarks":"","locationRemarks":"","lastInitial":"","userLocation":"Orange County ","reviewSubmissionTime":"2016-07-26T16:40:50Z","reviewerCategories":[{"categoryId":"Everyone","categoryLabel":"Everyone"}],"userDisplayName":"","roomTypeId":200140235,"isUnverified":false,"isFlaggable":true,"isRecommended":"YES"},{"hotelId":"919198","totalPositiveFeedbacks":1,"tpid":"1","eapid":"0","contentLocale":"en_us","totalThanks":1,"photos":[],"reviewId":"5797790892b3430b29e1a393","itinId":"1140217918393","moderationStatus":"APPROVED","contentCodes":"","managementResponses":[{"userNickname":"Roger, Asst General Manager","displayLocale":"en_us","isFlaggable":true,"date":"2016-08-01T20:55:25Z","response":"Thank you for your comments. We are an old hotel, 108 years old, and are in the process of upgrading many of our facilities. Maybe the next time you are in the city, you can try one of our renovated rooms. Because of our age, we do have rooms of various shapes and sizes, but we do what we can to try and give our guests a pleasant stay here. We cannot improve without the comments of our guests, so I appreciate you taking the time to let us know.","status":"APPROVED","id":"de70280c-8911-4db8-b512-e2bdfa98c039"}],"ratingOverall":2,"langId":"1033","userNickname":"","brandType":"Expedia","title":"A small room, a bit tight on space, clean enough","reviewText":"Very small room but the space was clean enough... feels like an old hotel.  Carpet and sheets are a bit worn but everything worked.  ","featured":false,"ratingsOnly":false,"ratingRoomCleanliness":3,"ratingHotelCondition":2,"ratingService":3,"ratingRoomComfort":2,"positiveRemarks":"Proximity to financial district.  ","negativeRemarks":"","locationRemarks":"","lastInitial":"","userLocation":"","reviewSubmissionTime":"2016-07-26T14:51:52Z","reviewerCategories":[{"categoryId":"Everyone","categoryLabel":"Everyone"}],"userDisplayName":"","roomTypeId":200140228,"isUnverified":false,"isFlaggable":true,"isRecommended":"NO"},{"hotelId":"919198","totalPositiveFeedbacks":1,"tpid":"1","eapid":"0","contentLocale":"en_us","totalThanks":1,"photos":[],"reviewId":"57921f3592b3430b293f6382","itinId":"1140301626949","moderationStatus":"APPROVED","contentCodes":"MMA","managementResponses":[{"userNickname":"Roger - Assistant General Manager","displayLocale":"en_us","isFlaggable":true,"date":"2016-07-24T16:21:00Z","response":"I am sorry to hear that the room was too small. Did you have one of our double bedrooms? We do try to accommodate our guests needs in regards to rooms and many are different sizes and configurations due to the building being over 100 years old. Thank you for addressing this to our attention. The best way for us to improve is through the comments and suggestions of our guests!","status":"APPROVED","id":"fe159aa0-47ae-4c71-8893-434965fbd596"}],"ratingOverall":1,"langId":"1033","userNickname":"","brandType":"Expedia","title":"Not worth the daily rate","reviewText":"Too small for 4 people, uncomfortable, Only one side of the room was able to watch tv and AC only reach one side as well, I will not be staying there again.","featured":false,"ratingsOnly":false,"ratingRoomCleanliness":5,"ratingHotelCondition":1,"ratingService":5,"ratingRoomComfort":1,"positiveRemarks":"","negativeRemarks":"","locationRemarks":"","lastInitial":"","userLocation":"","reviewSubmissionTime":"2016-07-22T13:27:17Z","reviewerCategories":[{"categoryId":"Everyone","categoryLabel":"Everyone"}],"userDisplayName":"","roomTypeId":200140207,"isUnverified":false,"isFlaggable":false,"isRecommended":"NO"},{"hotelId":"919198","totalPositiveFeedbacks":1,"tpid":"1","eapid":"0","contentLocale":"en_us","totalThanks":1,"photos":[],"reviewId":"578ff1617331850b276f8fed","itinId":"1140245011745","moderationStatus":"APPROVED","contentCodes":"HMP MMD","managementResponses":[{"userNickname":"Roger - Assistant General Manager","displayLocale":"en_us","isFlaggable":false,"date":"","response":"Angela: Thank you for your comments regarding your stay at the Opal. I know parking can seem expensive, as it is around the city, but we do try to price it lower than most and our parking is at the hotel and we do provide secured parking with 24 hour in and out privileges, but we do have limited spaces. I am sorry to hear that your car was broken into on the street. It is a huge problem around the whole city and we try to warn our guests of this issue. Even if someone finds us too expensive, we will try to suggest other facilities in the area because we hate to hear stories of like what happened with you. Thank you for letting us know what happened. We do hope the rest of your stay in San Francisco was good.","status":"APPROVED","id":"2ef6782e-e1ff-47f7-80b0-38c0083a183a"}],"ratingOverall":5,"langId":"1033","userNickname":"angela","brandType":"Expedia","title":"Get car garage! ","reviewText":"Hotel is in downtown area , is mostly clean , just carpet had a rusty odor , comfy bed . Bad thing is that there is not parking near hotel and hotel offer it but is so small and is first come first serve. Get car garage even prices are too too high but they secure really good your car . We didnt get it because we tought is to expensive for one night and left car to one of streets next day got suprise that a homeless broke into the car , got a broken window. didnt took anything from car , we had chips only and everything was there, homeless wasnt hungry just looking for something valuable or money","featured":false,"ratingsOnly":false,"ratingRoomCleanliness":4,"ratingHotelCondition":4,"ratingService":5,"ratingRoomComfort":4,"positiveRemarks":"","negativeRemarks":"","locationRemarks":"","lastInitial":"g","userLocation":"","reviewSubmissionTime":"2016-07-20T21:47:13Z","reviewerCategories":[{"categoryId":"Everyone","categoryLabel":"Everyone"}],"userDisplayName":"","roomTypeId":200140241,"isUnverified":false,"isFlaggable":false,"isRecommended":"YES"},{"hotelId":"919198","totalPositiveFeedbacks":1,"tpid":"1","eapid":"0","contentLocale":"en_us","totalThanks":1,"photos":[],"reviewId":"578a57d90cb5d70b299f0045","itinId":"1140105698851","moderationStatus":"APPROVED","contentCodes":"","managementResponses":[],"ratingOverall":4,"langId":"1033","userNickname":"Alex","brandType":"Expedia","title":"Nice hotel close to downtown","reviewText":"Friendly\r\nGreat customer service\r\nClose to downtown\r\nBreakfast included\r\nCoffee all day\r\nComfortable\r\nFriendly\r\nGreat customer service\r\nClose to downtown\r\nBreakfast included\r\nCoffee all day\r\nComfortable","featured":false,"ratingsOnly":false,"ratingRoomCleanliness":4,"ratingHotelCondition":4,"ratingService":5,"ratingRoomComfort":4,"positiveRemarks":"Friendly\r\nGreat customer service","negativeRemarks":"Parking","locationRemarks":"Close to downtown\r\nClose to Consulates","lastInitial":"","userLocation":"AZ","reviewSubmissionTime":"2016-07-16T15:50:49Z","reviewerCategories":[{"categoryId":"Everyone","categoryLabel":"Everyone"}],"userDisplayName":"","roomTypeId":200140207,"isUnverified":false,"isFlaggable":true,"isRecommended":"YES"},{"hotelId":"919198","totalPositiveFeedbacks":0,"tpid":"29","eapid":"0","contentLocale":"en_au","totalThanks":0,"photos":[],"reviewId":"57896f71c728560b2cb1999f","itinId":"133234875077","moderationStatus":"APPROVED","contentCodes":"MMA","managementResponses":[],"ratingOverall":3,"langId":"3081","userNickname":"","brandType":"Expedia","title":"nice hotel, close to the union squer ","reviewText":"nice hotle with good staff.\r\nUnfortunately the area is not too good. The streets between the hotel and the union squer are full of homless and strange peoples. Daytime is ok but in the evening is not too good","featured":false,"ratingsOnly":false,"ratingRoomCleanliness":4,"ratingHotelCondition":3,"ratingService":4,"ratingRoomComfort":3,"positiveRemarks":"Good for couple day stay and close to the cable car and chine town","negativeRemarks":"I missed some sausages or scrambled egg from the continental breakfast","locationRemarks":"Unfortunately the area is not too good. The streets between the hotel and the union squer are full of homless and stranger\r\nCable car and chine town ","lastInitial":"","userLocation":"","reviewSubmissionTime":"2016-07-15T23:19:13Z","reviewerCategories":[{"categoryId":"Families","categoryLabel":"Families"}],"userDisplayName":"","roomTypeId":200140207,"isUnverified":false,"isFlaggable":false,"isRecommended":"YES"},{"hotelId":"919198","totalPositiveFeedbacks":0,"tpid":"1","eapid":"0","contentLocale":"en_us","totalThanks":0,"photos":[],"reviewId":"5786eefa2c54c70b2813560f","itinId":"1139705594402","moderationStatus":"APPROVED","contentCodes":"","managementResponses":[],"ratingOverall":3,"langId":"1033","userNickname":"Michele","brandType":"Expedia","title":"Nice Hotel","reviewText":"The hotel was nice considering it was 108 yrs old. Staff was friendly and the rooms were comfortable. My only complaint is that there was a lamp between two double beds that was way too big and everytime you turned over you hit your head.  Would be nice if there was a sitting chair in the room and the traffic was loud all night but to be expected.. it's SF. Continental breakfast was very good. I would definitely stay here again.","featured":false,"ratingsOnly":false,"ratingRoomCleanliness":5,"ratingHotelCondition":3,"ratingService":4,"ratingRoomComfort":4,"positiveRemarks":"","negativeRemarks":"","locationRemarks":"","lastInitial":"","userLocation":"Chico, Ca","reviewSubmissionTime":"2016-07-14T01:46:34Z","reviewerCategories":[{"categoryId":"Everyone","categoryLabel":"Everyone"}],"userDisplayName":"","roomTypeId":200140207,"isUnverified":false,"isFlaggable":true,"isRecommended":"YES"},{"hotelId":"919198","totalPositiveFeedbacks":1,"tpid":"1","eapid":"0","contentLocale":"en_us","totalThanks":1,"photos":[],"reviewId":"5783e28386a89c0b483c56e8","itinId":"1138763472676","moderationStatus":"APPROVED","contentCodes":"","managementResponses":[],"ratingOverall":4,"langId":"1033","userNickname":"Paul","brandType":"Expedia","title":"Nice hotel at a great price","reviewText":"We really enjoyed our stay at The Opal.  The room was very clean, and the beds were very comfortable after long days of sight seeing.  The breakfast was good enough to get you going for the day.  The staff was very friendly and helpful!  The price was very reasonable compared to other hotels in the same area.","featured":false,"ratingsOnly":false,"ratingRoomCleanliness":5,"ratingHotelCondition":4,"ratingService":5,"ratingRoomComfort":5,"positiveRemarks":"","negativeRemarks":"","locationRemarks":"","lastInitial":"","userLocation":"Phoenix, AZ","reviewSubmissionTime":"2016-07-11T18:16:35Z","reviewerCategories":[{"categoryId":"Everyone","categoryLabel":"Everyone"}],"userDisplayName":"","roomTypeId":200140207,"isUnverified":false,"isFlaggable":true,"isRecommended":"YES"},{"hotelId":"919198","totalPositiveFeedbacks":0,"tpid":"1","eapid":"0","contentLocale":"en_us","totalThanks":0,"photos":[],"reviewId":"577e6e8fe250ac1512ffb5f3","itinId":"1133868765389","moderationStatus":"APPROVED","contentCodes":"HMP MMD","managementResponses":[],"ratingOverall":3,"langId":"1033","userNickname":"Johnny ","brandType":"Expedia","title":"It's a place to sleep","reviewText":"We booked the room with 2 queen beds and a pull out sofa bed.   The restroom door kept  getting stuck and had to be opened from the room side.  The carpet are outdated and old. \r\n\r\nIt was a place a to sleep","featured":false,"ratingsOnly":false,"ratingRoomCleanliness":3,"ratingHotelCondition":2,"ratingService":4,"ratingRoomComfort":2,"positiveRemarks":"","negativeRemarks":"","locationRemarks":"","lastInitial":"C","userLocation":"Las Vegas ","reviewSubmissionTime":"2016-07-07T15:00:31Z","reviewerCategories":[{"categoryId":"Everyone","categoryLabel":"Everyone"}],"userDisplayName":"","roomTypeId":200140235,"isUnverified":false,"isFlaggable":false,"isRecommended":"YES"},{"hotelId":"919198","totalPositiveFeedbacks":0,"tpid":"25","eapid":"0","contentLocale":"en_au","totalThanks":0,"photos":[],"reviewId":"577e1a6086a89c0b4830befe","itinId":"19005831269","moderationStatus":"APPROVED","contentCodes":"MMA","managementResponses":[],"ratingOverall":4,"langId":"3081","userNickname":"","brandType":"Expedia","title":"Nice hotel. Very friendly staff. ","reviewText":"Good room. Comfy bed. Breakfast buffet needs a bit more of a upgrade with choices. ","featured":false,"ratingsOnly":false,"ratingRoomCleanliness":4,"ratingHotelCondition":3,"ratingService":4,"ratingRoomComfort":3,"positiveRemarks":"","negativeRemarks":"","locationRemarks":"","lastInitial":"","userLocation":"","reviewSubmissionTime":"2016-07-07T09:01:20Z","reviewerCategories":[{"categoryId":"Everyone","categoryLabel":"Everyone"}],"userDisplayName":"","roomTypeId":200140241,"isUnverified":false,"isFlaggable":false,"isRecommended":"YES"},{"hotelId":"919198","totalPositiveFeedbacks":0,"tpid":"1","eapid":"0","contentLocale":"en_us","totalThanks":0,"photos":[],"reviewId":"577ac6ca889b0b0b7a699af8","itinId":"1138924980881","moderationStatus":"APPROVED","contentCodes":"","managementResponses":[],"ratingOverall":4,"langId":"1033","userNickname":"Danielle","brandType":"Expedia","title":"Good San Fransisco Budget Hotel","reviewText":"I stayed at the Opal SF for two nights with my family after finishing a tour of Redwoods & Yosemite National Parks. Although the lobby is very nice, the rooms are extremely basic (reminiscent of a motel), but safe and for the location, you can't beat the price. We were happy with the room, and it was a great option to explore San Fransisco a little without breaking the bank.","featured":false,"ratingsOnly":false,"ratingRoomCleanliness":4,"ratingHotelCondition":3,"ratingService":4,"ratingRoomComfort":4,"positiveRemarks":"","negativeRemarks":"","locationRemarks":"","lastInitial":"","userLocation":"Chicago","reviewSubmissionTime":"2016-07-04T20:27:54Z","reviewerCategories":[{"categoryId":"Everyone","categoryLabel":"Everyone"}],"userDisplayName":"","roomTypeId":200140207,"isUnverified":false,"isFlaggable":true,"isRecommended":"YES"}]}}}
