{"reviewDetails":{"startIndex":0,"numberOfReviewsInThisPage":20,"reviewSummaryCollection":{"reviewSummary":[{"hotelId":"25271","totalReviewCnt":147,"avgOverallRating":4.1292524,"cleanliness":4.4421754,"serviceAndStaff":4.136053,"roomComfort":4.278913,"hotelCondition":4.285713,"convenienceOfLocation":4.0000005,"neighborhoodSatisfaction":3.7333333,"roomQuality":0,"targetedBrand":"Expedia","originSummary":[{"origin":"Expedia","reviewCnt":147,"recommendedPercent":88.43538,"avgOverallRating":4.1292524,"cleanliness":4.4421754,"serviceAndStaff":4.136053,"roomComfort":4.278913,"hotelCondition":4.285713,"convenienceOfLocation":4.0000005,"neighborhoodSatisfaction":3.7333333,"valueForMoney":0,"roomQuality":0,"categoryCounts":{"Everyone":80,"BusinessTravelers":6,"Couples":5,"Families":7,"Other":3},"roomTypeIdCounts":{"31208":37,"201009605":2,"37039":34},"languageCounts":{"en":147}}],"recommendedPercent":88.43538,"valueForMoney":0,"categoryCounts":{"Everyone":80,"BusinessTravelers":6,"Couples":5,"Families":7,"Other":3},"roomTypeIdCounts":{"31208":37,"201009605":2,"37039":34},"languageCounts":{"en":147},"featuredReview":{}}]},"reviewCollection":{"review":[{"hotelId":"25271","totalPositiveFeedbacks":1,"tpid":"1","eapid":"0","contentLocale":"en_us","totalThanks":1,"photos":[],"reviewId":"57a8d4c37b42f40b28f6d731","itinId":"1142783908889","moderationStatus":"APPROVED","contentCodes":"","managementResponses":[],"ratingOverall":4,"langId":"1033","userNickname":"Julie","brandType":"Expedia","title":"Great value for being close to San Francisco","reviewText":"By staying outside of San Francisco we ended up saving at least $100-$200 on the cost of a one night stay.  Hotel had plenty of free parking even though they were sold out.  It was very close to a shopping mall in case you were inclined to wander around or needed soemthing.  Several restaurants nearby, including one that was walking distance.  Had easy freeway access and only minutes away from a Costco gas location if you are driving.  Also minutes away from SFO\r\nPaul Mitchell products for amenities. Was surpised by the addtion of individually wrapped makeup remover towelettes to the personal amenities ~ great idea!!  Our room looked out into the courtyard which was very inviting with lots of grassy area and outdoor seating areas.  ","featured":false,"ratingsOnly":false,"ratingRoomCleanliness":5,"ratingHotelCondition":5,"ratingService":4,"ratingRoomComfort":5,"positiveRemarks":"We had a double queen, quite comfortable.  Good looking common areas to unwind.  Small snacks and beverages also available in the lobby.","negativeRemarks":"Our key cards did not work for the room - had to go back up to the front to have them redone and had to wait in check-in line again.  Only one clerk.","locationRemarks":"Very close to several dining options including family friendly.  Minutes away from a shopping mall and easy access on/off freeways.","lastInitial":"","userLocation":"Fresno, CA","reviewSubmissionTime":"2016-08-08T18:51:47Z","reviewerCategories":[{"categoryId":"Everyone","categoryLabel":"Everyone"}],"userDisplayName":"","roomTypeId":37039,"isUnverified":false,"isFlaggable":true,"isRecommended":"YES"},{"hotelId":"25271","totalPositiveFeedbacks":0,"tpid":"1","eapid":"0","contentLocale":"en_us","totalThanks":0,"photos":[],"reviewId":"57685de283106a0b509302c5","itinId":"1129446626703","moderationStatus":"APPROVED","contentCodes":"","managementResponses":[],"ratingOverall":4,"langId":"1033","userNickname":"","brandType":"Expedia","title":"Wonderful hotel near airport","reviewText":"We were fortunate to be given an upgrade to a suite because our room was not ready when we arrived after check-in.  The hotel has a lot of amenities and we used the laundry facilities. We picked this place because they had a shuttle to take you to the airport. All the people working there were very nice.","featured":false,"ratingsOnly":false,"ratingRoomCleanliness":4,"ratingHotelCondition":4,"ratingService":4,"ratingRoomComfort":5,"positiveRemarks":"The staff and amenities offered as well as the ability to print boarding passes and a computerized information board.","negativeRemarks":"","locationRemarks":"Located in San Bruno near the airport.  Lots of places nearby to eat and they had their own place to eat as well.","lastInitial":"","userLocation":"","reviewSubmissionTime":"2016-06-20T21:19:30Z","reviewerCategories":[{"categoryId":"Everyone","categoryLabel":"Everyone"}],"userDisplayName":"","roomTypeId":37039,"isUnverified":false,"isFlaggable":true,"isRecommended":"YES"},{"hotelId":"25271","totalPositiveFeedbacks":0,"tpid":"1","eapid":"0","contentLocale":"en_us","totalThanks":0,"photos":[],"reviewId":"5741c412e16cb509fc2f0ea9","itinId":"1134619722551","moderationStatus":"APPROVED","contentCodes":"","managementResponses":[],"ratingOverall":5,"langId":"1033","userNickname":"","brandType":"Expedia","title":"","reviewText":"It was convenient and comfortable. Thank you Courtyard Marriott","featured":false,"ratingsOnly":false,"ratingRoomCleanliness":5,"ratingHotelCondition":4,"ratingService":5,"ratingRoomComfort":5,"positiveRemarks":"","negativeRemarks":"","locationRemarks":"","lastInitial":"K","userLocation":"M","reviewSubmissionTime":"2016-05-22T14:37:06Z","reviewerCategories":[{"categoryId":"Everyone","categoryLabel":"Everyone"}],"userDisplayName":"","roomTypeId":31208,"isUnverified":false,"isFlaggable":true,"isRecommended":"YES"},{"hotelId":"25271","totalPositiveFeedbacks":0,"tpid":"1","eapid":"0","contentLocale":"en_us","totalThanks":0,"photos":[],"reviewId":"5728df3ecbe0b509fdea7527","itinId":"1131272591723","moderationStatus":"APPROVED","contentCodes":"HMP MMD","managementResponses":[],"ratingOverall":3,"langId":"1033","userNickname":"Ricki","brandType":"Expedia","title":"Park and Fly","reviewText":"After booking the room thru Expedia I called the hotel directly and asked about leaving my car there.  I was told I could leave it up to 2 weeks with no charge but when I got there they told me it was 11.00 per day because I had not booked the park and fly package thru expedia.  They said the shuttle runs to the airport every 30 minutes and we got to the airport easily, but on our return trip we expected again it running every 30 minutes.  When it didn't come we called and they said it would be there in 20 minutes.  After another 30 minutes we called again and were told the shuttle had broke down.  They told us to take a cab and they would reimburse us which they did.  But when we pulled up in the cab and shuttle was in their driveway .  ","featured":false,"ratingsOnly":false,"ratingRoomCleanliness":3,"ratingHotelCondition":3,"ratingService":3,"ratingRoomComfort":3,"positiveRemarks":"Small and close to SFO","negativeRemarks":"The shuttle system","locationRemarks":"Plenty of places to eat and shopping nearby","lastInitial":"","userLocation":"","reviewSubmissionTime":"2016-05-03T17:26:22Z","reviewerCategories":[{"categoryId":"Everyone","categoryLabel":"Everyone"}],"userDisplayName":"","roomTypeId":37039,"isUnverified":false,"isFlaggable":false,"isRecommended":"NO"},{"hotelId":"25271","totalPositiveFeedbacks":0,"tpid":"1","eapid":"0","contentLocale":"en_us","totalThanks":0,"photos":[],"reviewId":"571e4cf7209d2c09dbcb6740","itinId":"1131211540786","moderationStatus":"APPROVED","contentCodes":"","managementResponses":[],"ratingOverall":4,"langId":"1033","userNickname":"","brandType":"Expedia","title":"","reviewText":"Comfortable, friendly staff. As always, Marriott could use a 22st century cable tv listing.","featured":false,"ratingsOnly":false,"ratingRoomCleanliness":5,"ratingHotelCondition":5,"ratingService":5,"ratingRoomComfort":5,"positiveRemarks":"","negativeRemarks":"","locationRemarks":"","lastInitial":"","userLocation":"","reviewSubmissionTime":"2016-04-25T16:59:35Z","reviewerCategories":[{"categoryId":"Everyone","categoryLabel":"Everyone"}],"userDisplayName":"","roomTypeId":37039,"isUnverified":false,"isFlaggable":true,"isRecommended":"YES"},{"hotelId":"25271","totalPositiveFeedbacks":0,"tpid":"1","eapid":"0","contentLocale":"en_us","totalThanks":0,"photos":[],"reviewId":"570be284a4c63709da7a2f00","itinId":"1130465309139","moderationStatus":"APPROVED","contentCodes":"","managementResponses":[],"ratingOverall":4,"langId":"1033","userNickname":"Robert","brandType":"Expedia","title":"Good location. Close to airport and shopping.","reviewText":"Easy cab/Uber ride to many attractions in the SF area. Shuttle to/from the airport. Nice lobby/lounge. Clean and comfortable rooms.","featured":false,"ratingsOnly":false,"ratingRoomCleanliness":5,"ratingHotelCondition":4,"ratingService":4,"ratingRoomComfort":5,"positiveRemarks":"Location.","negativeRemarks":"More gym equipment.","locationRemarks":"Nearby shopping and restaurants. Close to the airport.","lastInitial":"L","userLocation":"El Paso, TX","reviewSubmissionTime":"2016-04-11T17:44:36Z","reviewerCategories":[{"categoryId":"Everyone","categoryLabel":"Everyone"}],"userDisplayName":"","roomTypeId":31208,"isUnverified":false,"isFlaggable":true,"isRecommended":"YES"},{"hotelId":"25271","totalPositiveFeedbacks":0,"tpid":"1","eapid":"0","contentLocale":"en_us","totalThanks":0,"photos":[],"reviewId":"56f2e8b879d403097a843cb8","itinId":"1127930037510","moderationStatus":"APPROVED","contentCodes":"","managementResponses":[],"ratingOverall":3,"langId":"1033","userNickname":"","brandType":"Expedia","title":"Spring break stay","reviewText":"Check in and out were fast. No microwave. Very noisy. Great food.","featured":false,"ratingsOnly":false,"ratingRoomCleanliness":4,"ratingHotelCondition":3,"ratingService":4,"ratingRoomComfort":3,"positiveRemarks":"","negativeRemarks":"","locationRemarks":"","lastInitial":"","userLocation":"","reviewSubmissionTime":"2016-03-23T19:04:24Z","reviewerCategories":[{"categoryId":"Everyone","categoryLabel":"Everyone"}],"userDisplayName":"","roomTypeId":37039,"isUnverified":false,"isFlaggable":true,"isRecommended":"YES"},{"hotelId":"25271","totalPositiveFeedbacks":0,"tpid":"1","eapid":"0","contentLocale":"en_us","totalThanks":0,"photos":[],"reviewId":"56f0585eb800f7097aa8711e","itinId":"1129334772104","moderationStatus":"APPROVED","contentCodes":"","managementResponses":[],"ratingOverall":4,"langId":"1033","userNickname":"","brandType":"Expedia","title":"Close to airport","reviewText":"Good clean place to stay with comfortable bedding ","featured":false,"ratingsOnly":false,"ratingRoomCleanliness":5,"ratingHotelCondition":5,"ratingService":4,"ratingRoomComfort":4,"positiveRemarks":"","negativeRemarks":"","locationRemarks":"","lastInitial":"","userLocation":"","reviewSubmissionTime":"2016-03-21T20:23:58Z","reviewerCategories":[{"categoryId":"Everyone","categoryLabel":"Everyone"}],"userDisplayName":"","roomTypeId":37039,"isUnverified":false,"isFlaggable":true,"isRecommended":"YES"},{"hotelId":"25271","totalPositiveFeedbacks":1,"tpid":"1","eapid":"0","contentLocale":"en_us","totalThanks":1,"photos":[],"reviewId":"569d16bcc9a43a09677d012f","itinId":"1124879275915","moderationStatus":"APPROVED","contentCodes":"","managementResponses":[],"ratingOverall":4,"langId":"1033","userNickname":"Mike","brandType":"Expedia","title":"Nice hotel close to the airport","reviewText":"Very nice hotel located within a 10 minute drive to the airport.  Only a 5 minute drive to the rental car return area.  Airport shuttle runs every 20 minutes.","featured":false,"ratingsOnly":false,"ratingRoomCleanliness":5,"ratingHotelCondition":4,"ratingService":4,"ratingRoomComfort":5,"positiveRemarks":"Close to the airport.","negativeRemarks":"","locationRemarks":"","lastInitial":"","userLocation":"","reviewSubmissionTime":"2016-01-18T16:45:48Z","reviewerCategories":[{"categoryId":"Everyone","categoryLabel":"Everyone"}],"userDisplayName":"","roomTypeId":31208,"isUnverified":false,"isFlaggable":true,"isRecommended":"YES"},{"hotelId":"25271","totalPositiveFeedbacks":0,"tpid":"1","eapid":"0","contentLocale":"en_us","totalThanks":0,"photos":[],"reviewId":"56880d4991eced500c111b5c","itinId":"1122465244840","moderationStatus":"APPROVED","contentCodes":"","managementResponses":[],"ratingOverall":4,"langId":"1033","userNickname":"bill","brandType":"Expedia","title":"Near Tanforan","reviewText":"Nice facility near Tanforan and 380. Xxxxxxxxxxxxxxxxxxxxc","featured":false,"ratingsOnly":false,"ratingRoomCleanliness":4,"ratingHotelCondition":4,"ratingService":4,"ratingRoomComfort":4,"positiveRemarks":"","negativeRemarks":"","locationRemarks":"","lastInitial":"","userLocation":"spokane","reviewSubmissionTime":"2016-01-02T17:47:53Z","reviewerCategories":[{"categoryId":"Everyone","categoryLabel":"Everyone"}],"userDisplayName":"","roomTypeId":31208,"isUnverified":false,"isFlaggable":true,"isRecommended":"YES"},{"hotelId":"25271","totalPositiveFeedbacks":0,"tpid":"1","eapid":"0","contentLocale":"en_us","totalThanks":0,"photos":[],"reviewId":"565cff96b52d9c096891a65e","itinId":"1121656870309","moderationStatus":"APPROVED","contentCodes":"MMA","managementResponses":[],"ratingOverall":4,"langId":"1033","userNickname":"Jim","brandType":"Expedia","title":"Great location, easy access to freeway","reviewText":"We reserved a room with two queens and got a room with two doubles which was disappointing as we did inquire at check in and were told the room had two queens but it was not a major issue and we were able to deal with that.  The hotel is located close to restaurants and shopping and has easy access to freeways to get to the city.   The room was clean, quiet and pleasant.  The rate was quite good for the holiday weekend, a great value compared to other local hotels.  ","featured":false,"ratingsOnly":false,"ratingRoomCleanliness":4,"ratingHotelCondition":3,"ratingService":4,"ratingRoomComfort":5,"positiveRemarks":"Clean, quiet, great location, easy access to downtown San Francisco.","negativeRemarks":"We shower in the room was in need of some repair at the floor level grout lines.   ","locationRemarks":"A large shopping mall with restaurants within a block and the airport was a mile away making this very convenient location for air travelers. ","lastInitial":"P","userLocation":"Phoenix","reviewSubmissionTime":"2015-12-01T02:01:58Z","reviewerCategories":[{"categoryId":"Families","categoryLabel":"Families"}],"userDisplayName":"","roomTypeId":37039,"isUnverified":false,"isFlaggable":false,"isRecommended":"YES"},{"hotelId":"25271","totalPositiveFeedbacks":0,"tpid":"1","eapid":"0","contentLocale":"en_us","totalThanks":0,"photos":[],"reviewId":"5650bc601b40160968e6454e","itinId":"1119300647864","moderationStatus":"APPROVED","contentCodes":"","managementResponses":[],"ratingOverall":5,"langId":"1033","userNickname":"","brandType":"Expedia","title":"Very good quality hotel","reviewText":"Everything was quite well. The room is clean and renovated. Parking was plenty. Internet is fine but could be better. Room is clean and comfy.","featured":false,"ratingsOnly":false,"ratingRoomCleanliness":5,"ratingHotelCondition":5,"ratingService":5,"ratingRoomComfort":5,"positiveRemarks":"","negativeRemarks":"","locationRemarks":"","lastInitial":"","userLocation":"Zurich","reviewSubmissionTime":"2015-11-21T18:48:00Z","reviewerCategories":[{"categoryId":"Everyone","categoryLabel":"Everyone"}],"userDisplayName":"","roomTypeId":31208,"isUnverified":false,"isFlaggable":true,"isRecommended":"YES"},{"hotelId":"25271","totalPositiveFeedbacks":0,"tpid":"1","eapid":"0","contentLocale":"en_us","totalThanks":0,"photos":[],"reviewId":"56491b600dfb8609680c128b","itinId":"1118872279624","moderationStatus":"APPROVED","contentCodes":"","managementResponses":[],"ratingOverall":4,"langId":"1033","userNickname":"","brandType":"Expedia","title":"a quiet ok hotel","reviewText":"room is not very big, but ok.\r\nthe hot water is not hot enough, or hard to adjust the temperature.\r\nthe breakfast has few choices.\r\nsuit for a quick visit, but not great for a long stay.","featured":false,"ratingsOnly":false,"ratingRoomCleanliness":4,"ratingHotelCondition":3,"ratingService":3,"ratingRoomComfort":4,"positiveRemarks":"","negativeRemarks":"","locationRemarks":"","lastInitial":"","userLocation":"","reviewSubmissionTime":"2015-11-15T23:55:12Z","reviewerCategories":[{"categoryId":"Everyone","categoryLabel":"Everyone"}],"userDisplayName":"","roomTypeId":31208,"isUnverified":false,"isFlaggable":true,"isRecommended":"YES"},{"hotelId":"25271","totalPositiveFeedbacks":0,"tpid":"1","eapid":"0","contentLocale":"en_us","totalThanks":0,"photos":[],"reviewId":"563f75c1c917060968922786","itinId":"1120701948748","moderationStatus":"APPROVED","contentCodes":"","managementResponses":[],"ratingOverall":4,"langId":"1033","userNickname":"","brandType":"Expedia","title":"The elevator was a little too far from the lobby.\r\n","reviewText":"We found the social area very pleasing and the choice of food and drink was excellent.  The airport shuttle was very pleasant and timely.","featured":false,"ratingsOnly":false,"ratingRoomCleanliness":5,"ratingHotelCondition":5,"ratingService":4,"ratingRoomComfort":5,"positiveRemarks":"We liked the location, the openness and the cleanliness.","negativeRemarks":"","locationRemarks":"","lastInitial":"","userLocation":"","reviewSubmissionTime":"2015-11-08T16:18:09Z","reviewerCategories":[{"categoryId":"BusinessTravelers","categoryLabel":"BusinessTravelers"}],"userDisplayName":"","roomTypeId":201009605,"isUnverified":false,"isFlaggable":true,"isRecommended":"YES"},{"hotelId":"25271","totalPositiveFeedbacks":0,"tpid":"1","eapid":"0","contentLocale":"en_us","totalThanks":0,"photos":[],"reviewId":"562561678b437d09492ddbc5","itinId":"1118316457918","moderationStatus":"APPROVED","contentCodes":"","managementResponses":[],"ratingOverall":4,"langId":"1033","userNickname":"","brandType":"Expedia","title":"Great stay in San Bruno ","reviewText":"Great hotel, pool was clean, rooms were comfy. Beautiful facility! ","featured":false,"ratingsOnly":false,"ratingRoomCleanliness":4,"ratingHotelCondition":4,"ratingService":4,"ratingRoomComfort":4,"positiveRemarks":"","negativeRemarks":"","locationRemarks":"","lastInitial":"","userLocation":"","reviewSubmissionTime":"2015-10-19T21:32:23Z","reviewerCategories":[{"categoryId":"Everyone","categoryLabel":"Everyone"}],"userDisplayName":"","roomTypeId":31208,"isUnverified":false,"isFlaggable":true,"isRecommended":"YES"},{"hotelId":"25271","totalPositiveFeedbacks":0,"tpid":"1","eapid":"0","contentLocale":"en_us","totalThanks":0,"photos":[],"reviewId":"562133a08b437d09494f64a8","itinId":"1114414061143","moderationStatus":"APPROVED","contentCodes":"","managementResponses":[],"ratingOverall":5,"langId":"1033","userNickname":"M Y","brandType":"Expedia","title":"Very good hotel near SFO","reviewText":"Very Good Hotel near if you need to be near the airport\r\n","featured":false,"ratingsOnly":false,"ratingRoomCleanliness":5,"ratingHotelCondition":5,"ratingService":5,"ratingRoomComfort":5,"positiveRemarks":"","negativeRemarks":"","locationRemarks":"","lastInitial":"","userLocation":"Phoenix","reviewSubmissionTime":"2015-10-16T17:28:00Z","reviewerCategories":[{"categoryId":"Everyone","categoryLabel":"Everyone"}],"userDisplayName":"","roomTypeId":37039,"isUnverified":false,"isFlaggable":true,"isRecommended":"YES"},{"hotelId":"25271","totalPositiveFeedbacks":0,"tpid":"1","eapid":"0","contentLocale":"en_us","totalThanks":0,"photos":[],"reviewId":"561bd759181a41094a853123","itinId":"1114035928705","moderationStatus":"APPROVED","contentCodes":"","managementResponses":[],"ratingOverall":5,"langId":"1033","userNickname":"ColaJ","brandType":"Expedia","title":"Excellent choice near SO","reviewText":"The Courtyard in San Bruno is an excellent choice for a stay near SFO airport.  My room was great, with all expected amenities.  The service was superb, no issues at all.  Upon check-in, I arrived a day early due to a change in plans.  the staff accommodated this change with barely a question.  Fortunately, they were not sold out on the weekend I arrived.   The bar / grill inside the hotel is convenient, had all the essentials covered and had very helpful and friendly staff.","featured":false,"ratingsOnly":false,"ratingRoomCleanliness":5,"ratingHotelCondition":5,"ratingService":5,"ratingRoomComfort":5,"positiveRemarks":"convenient location, good work space in room, easy access to restaurants and airport.","negativeRemarks":"Television remote was sluggish, I think due to using Dish Network - some channels were not clear.  ","locationRemarks":"The location has many restaurants a short drive away, some even walking distance.  Shopping is just to the north if you have any last minute needs. ","lastInitial":"","userLocation":"Michigan","reviewSubmissionTime":"2015-10-12T15:52:57Z","reviewerCategories":[{"categoryId":"BusinessTravelers","categoryLabel":"BusinessTravelers"}],"userDisplayName":"","roomTypeId":31208,"isUnverified":false,"isFlaggable":true,"isRecommended":"YES"},{"hotelId":"25271","totalPositiveFeedbacks":0,"tpid":"1","eapid":"0","contentLocale":"en_us","totalThanks":0,"photos":[],"reviewId":"55f9ebb205f6d208f05892e4","itinId":"1116799763297","moderationStatus":"APPROVED","contentCodes":"","managementResponses":[],"ratingOverall":5,"langId":"1033","userNickname":"Bob","brandType":"Expedia","title":"Going home","reviewText":"needed place near airport after a week in Napa. Excellent.","featured":false,"ratingsOnly":false,"ratingRoomCleanliness":5,"ratingHotelCondition":5,"ratingService":5,"ratingRoomComfort":5,"positiveRemarks":"Proximity to airport. Neighborhood, Restaurant nearby (Jack's), safe neighborhood","negativeRemarks":"nothing","locationRemarks":"get to airport quickly. Great shopping nearby.","lastInitial":"","userLocation":"Milwaukee","reviewSubmissionTime":"2015-09-16T22:22:42Z","reviewerCategories":[{"categoryId":"BusinessTravelers","categoryLabel":"BusinessTravelers"}],"userDisplayName":"","roomTypeId":37039,"isUnverified":false,"isFlaggable":true,"isRecommended":"YES"},{"hotelId":"25271","totalPositiveFeedbacks":0,"tpid":"1","eapid":"0","contentLocale":"en_us","totalThanks":0,"photos":[],"reviewId":"55cd061ec9e0d508ec342b69","itinId":"1112462193150","moderationStatus":"APPROVED","contentCodes":"HMP MMD","managementResponses":[],"ratingOverall":4,"langId":"1033","userNickname":"","brandType":"Expedia","title":"reasonable place for the money","reviewText":"Check-in process was seamless. room was clean and bed was comfortable. Hotel front desk comped us with free breakfast to make up for the inconvenience as stated below. Overall stay was pleasant nonetheless.\r\n\r\nDisappointed about room readiness (clogged toilet) upon arrival. Service maintenance staff were not immediately available to address the issue in a timely manner. waited 30 min in the room, until the hotel staff decided to move us to another available room. ","featured":false,"ratingsOnly":false,"ratingRoomCleanliness":4,"ratingHotelCondition":2,"ratingService":4,"ratingRoomComfort":3,"positiveRemarks":"efficient check-in/check-out process, courteous hotel staff. room cleanliness and comfort. ","negativeRemarks":"room layout (unusual placement of TV - on the side of the bed vs. in front, which is commonly found other hotels)","locationRemarks":"Hotel is conveniently located 10 minutes away from the Airport, 5min drive to Tanforan shopping center which houses various drink and dinning options.","lastInitial":"","userLocation":"","reviewSubmissionTime":"2015-08-13T21:03:26Z","reviewerCategories":[{"categoryId":"Everyone","categoryLabel":"Everyone"}],"userDisplayName":"","roomTypeId":31208,"isUnverified":false,"isFlaggable":false,"isRecommended":"YES"},{"hotelId":"25271","totalPositiveFeedbacks":0,"tpid":"1","eapid":"0","contentLocale":"en_us","totalThanks":0,"photos":[],"reviewId":"559989d1ea0bbd08e571da81","itinId":"1107534724791","moderationStatus":"APPROVED","contentCodes":"MMA","managementResponses":[],"ratingOverall":5,"langId":"1033","userNickname":"","brandType":"Expedia","title":"","reviewText":"The hotel is near the airport and the staff have exceptional customer service.","featured":false,"ratingsOnly":false,"ratingRoomCleanliness":5,"ratingHotelCondition":5,"ratingService":5,"ratingRoomComfort":5,"positiveRemarks":"","negativeRemarks":"","locationRemarks":"","lastInitial":"","userLocation":"","reviewSubmissionTime":"2015-07-05T19:47:29Z","reviewerCategories":[{"categoryId":"Everyone","categoryLabel":"Everyone"}],"userDisplayName":"","roomTypeId":37039,"isUnverified":false,"isFlaggable":false,"isRecommended":"YES"}]}}}
