{"reviewDetails":{"startIndex":0,"numberOfReviewsInThisPage":20,"reviewSummaryCollection":{"reviewSummary":[{"hotelId":"118232","totalReviewCnt":79,"avgOverallRating":3.0632918,"cleanliness":3.0379746,"serviceAndStaff":3.4683545,"roomComfort":3.0759494,"hotelCondition":3.0379746,"convenienceOfLocation":4.428571,"neighborhoodSatisfaction":4,"roomQuality":0,"targetedBrand":"Expedia","originSummary":[{"origin":"Expedia","reviewCnt":79,"recommendedPercent":59.49367,"avgOverallRating":3.0632918,"cleanliness":3.0379746,"serviceAndStaff":3.4683545,"roomComfort":3.0759494,"hotelCondition":3.0379746,"convenienceOfLocation":4.428571,"neighborhoodSatisfaction":4,"valueForMoney":0,"roomQuality":0,"categoryCounts":{"Everyone":59,"BusinessTravelers":6,"Couples":4,"Students":1,"Families":2,"Other":1},"roomTypeIdCounts":{"218242":37,"218241":1,"218240":10,"229248":5,"218244":4},"languageCounts":{"en":79}}],"recommendedPercent":59.49367,"valueForMoney":0,"categoryCounts":{"Everyone":59,"BusinessTravelers":6,"Couples":4,"Students":1,"Families":2,"Other":1},"roomTypeIdCounts":{"218242":37,"218241":1,"218240":10,"229248":5,"218244":4},"languageCounts":{"en":79},"featuredReview":{}}]},"reviewCollection":{"review":[{"hotelId":"118232","totalPositiveFeedbacks":0,"tpid":"1","eapid":"0","contentLocale":"en_us","totalThanks":0,"photos":[],"reviewId":"57a74b2a94356f0b2855e50b","itinId":"1141563320779","moderationStatus":"APPROVED","contentCodes":"","managementResponses":[],"ratingOverall":3,"langId":"1033","userNickname":"","brandType":"Expedia","title":"Nice hotel ","reviewText":"Nice hotel had kitchen which was nice to use for making meals ","featured":false,"ratingsOnly":false,"ratingRoomCleanliness":3,"ratingHotelCondition":3,"ratingService":3,"ratingRoomComfort":3,"positiveRemarks":"","negativeRemarks":"","locationRemarks":"","lastInitial":"","userLocation":"","reviewSubmissionTime":"2016-08-07T14:52:26Z","reviewerCategories":[{"categoryId":"Everyone","categoryLabel":"Everyone"}],"userDisplayName":"","roomTypeId":218242,"isUnverified":false,"isFlaggable":true,"isRecommended":"YES"},{"hotelId":"118232","totalPositiveFeedbacks":2,"tpid":"1","eapid":"0","contentLocale":"en_us","totalThanks":2,"photos":[],"reviewId":"577fc8b186a89c0b486e6bd8","itinId":"1137826109280","moderationStatus":"APPROVED","contentCodes":"HMP MMD","managementResponses":[],"ratingOverall":1,"langId":"1033","userNickname":"Maribel","brandType":"Expedia","title":"Bad bad bad","reviewText":"The receptionist said I couldn't check in without giving my work information...it was weird and uncomfortable. The bed was so hard and very squeaky! Carpet had stains. Felt like a Motel 6!!!","featured":false,"ratingsOnly":false,"ratingRoomCleanliness":3,"ratingHotelCondition":3,"ratingService":1,"ratingRoomComfort":1,"positiveRemarks":"","negativeRemarks":"","locationRemarks":"","lastInitial":"","userLocation":"","reviewSubmissionTime":"2016-07-08T15:37:21Z","reviewerCategories":[{"categoryId":"Everyone","categoryLabel":"Everyone"}],"userDisplayName":"","roomTypeId":218242,"isUnverified":false,"isFlaggable":false,"isRecommended":"NO"},{"hotelId":"118232","totalPositiveFeedbacks":2,"tpid":"1","eapid":"0","contentLocale":"en_us","totalThanks":2,"photos":[],"reviewId":"5756e7846c0ad50b48f04849","itinId":"1136849645929","moderationStatus":"APPROVED","contentCodes":"MMA","managementResponses":[],"ratingOverall":2,"langId":"1033","userNickname":"","brandType":"Expedia","title":"2 star hotel ","reviewText":"We went to check in at 6pm the rooms were still not ready,  when we got out room they were already occupied with someone else in it which was very awkward when I opened the door.  Breakfast was not your typical continental breakfast only coffee, muffin and oatmeal ","featured":false,"ratingsOnly":false,"ratingRoomCleanliness":1,"ratingHotelCondition":1,"ratingService":2,"ratingRoomComfort":1,"positiveRemarks":"","negativeRemarks":"","locationRemarks":"","lastInitial":"","userLocation":"","reviewSubmissionTime":"2016-06-07T15:25:56Z","reviewerCategories":[{"categoryId":"Everyone","categoryLabel":"Everyone"}],"userDisplayName":"","roomTypeId":218242,"isUnverified":false,"isFlaggable":false,"isRecommended":"NO"},{"hotelId":"118232","totalPositiveFeedbacks":1,"tpid":"1","eapid":"0","contentLocale":"en_us","totalThanks":1,"photos":[],"reviewId":"57438669e16cb509fcbbca1b","itinId":"1131886887041","moderationStatus":"APPROVED","contentCodes":"","managementResponses":[],"ratingOverall":2,"langId":"1033","userNickname":"","brandType":"Expedia","title":"Basic Bay Area room","reviewText":"Small, clean studio room. On request one can get dishes, coffee pot etc. No continental breakfast. No pool. Need car to drive to.","featured":false,"ratingsOnly":false,"ratingRoomCleanliness":2,"ratingHotelCondition":2,"ratingService":2,"ratingRoomComfort":2,"positiveRemarks":"","negativeRemarks":"","locationRemarks":"","lastInitial":"","userLocation":"","reviewSubmissionTime":"2016-05-23T22:38:33Z","reviewerCategories":[{"categoryId":"Everyone","categoryLabel":"Everyone"}],"userDisplayName":"","roomTypeId":218242,"isUnverified":false,"isFlaggable":true,"isRecommended":"NO"},{"hotelId":"118232","totalPositiveFeedbacks":1,"tpid":"1","eapid":"0","contentLocale":"en_us","totalThanks":1,"photos":[],"reviewId":"5739e469fc962409fc47fa5d","itinId":"1131184144834","moderationStatus":"APPROVED","contentCodes":"","managementResponses":[],"ratingOverall":3,"langId":"1033","userNickname":"DB","brandType":"Expedia","title":"Its ok ","reviewText":"Bed and carpet smells like an old wet towel. Bed was clean and comfortable, room was clean. Just had a funny smell. Room was on the freeway side, traffic noise was not loud. Bathroom was clean and so were the towels ","featured":false,"ratingsOnly":false,"ratingRoomCleanliness":2,"ratingHotelCondition":3,"ratingService":4,"ratingRoomComfort":2,"positiveRemarks":"","negativeRemarks":"","locationRemarks":"","lastInitial":"","userLocation":"Lakewood","reviewSubmissionTime":"2016-05-16T15:16:57Z","reviewerCategories":[{"categoryId":"Everyone","categoryLabel":"Everyone"}],"userDisplayName":"","roomTypeId":218242,"isUnverified":false,"isFlaggable":true,"isRecommended":"YES"},{"hotelId":"118232","totalPositiveFeedbacks":0,"tpid":"1","eapid":"0","contentLocale":"en_us","totalThanks":0,"photos":[],"reviewId":"57365a4cf7524009fdabae15","itinId":"1134548753566","moderationStatus":"APPROVED","contentCodes":"HMP MMD","managementResponses":[],"ratingOverall":1,"langId":"1033","userNickname":"Vicki","brandType":"Expedia","title":"Trust Me... Do NOT stay here!","reviewText":"While the hotel staff was completely pleasant and helpful, that is the only positive comment I have about this place.  We were supposed to stay for 4 days and we checked out after one!  The place is old, run down, outdated, our room smelled, the freeway is loud, the bedding was creepy... need I go on?  Save you $$$ and don't stay here.","featured":false,"ratingsOnly":false,"ratingRoomCleanliness":1,"ratingHotelCondition":1,"ratingService":4,"ratingRoomComfort":1,"positiveRemarks":"The staff was very helpful and understanding","negativeRemarks":"Remodel the who place!","locationRemarks":"","lastInitial":"","userLocation":"Salem, OR","reviewSubmissionTime":"2016-05-13T22:50:52Z","reviewerCategories":[{"categoryId":"Everyone","categoryLabel":"Everyone"}],"userDisplayName":"","roomTypeId":218240,"isUnverified":false,"isFlaggable":false,"isRecommended":"NO"},{"hotelId":"118232","totalPositiveFeedbacks":1,"tpid":"1","eapid":"0","contentLocale":"en_us","totalThanks":1,"photos":[],"reviewId":"56c356eb8b84f609959da961","itinId":"1125554251200","moderationStatus":"APPROVED","contentCodes":"","managementResponses":[],"ratingOverall":3,"langId":"1033","userNickname":"","brandType":"Expedia","title":"Nice ","reviewText":"Room was good it had everything I needed. Location and parking was easy to find ","featured":false,"ratingsOnly":false,"ratingRoomCleanliness":3,"ratingHotelCondition":4,"ratingService":3,"ratingRoomComfort":4,"positiveRemarks":"","negativeRemarks":"","locationRemarks":"","lastInitial":"","userLocation":"","reviewSubmissionTime":"2016-02-16T17:05:47Z","reviewerCategories":[{"categoryId":"Everyone","categoryLabel":"Everyone"}],"userDisplayName":"","roomTypeId":229248,"isUnverified":false,"isFlaggable":true,"isRecommended":"YES"},{"hotelId":"118232","totalPositiveFeedbacks":1,"tpid":"1","eapid":"0","contentLocale":"en_us","totalThanks":1,"photos":[],"reviewId":"56bb49f92585700980e1fa24","itinId":"1126602037248","moderationStatus":"APPROVED","contentCodes":"","managementResponses":[],"ratingOverall":5,"langId":"1033","userNickname":"","brandType":"Expedia","title":"Super Bowl visit","reviewText":"No problems what so ever. Warmly welcomed! Excellent customer service from Robert and Rubian...","featured":false,"ratingsOnly":false,"ratingRoomCleanliness":5,"ratingHotelCondition":5,"ratingService":5,"ratingRoomComfort":5,"positiveRemarks":"location","negativeRemarks":"","locationRemarks":"convenient to many food options, retail, major bay area sights","lastInitial":"","userLocation":"NC","reviewSubmissionTime":"2016-02-10T14:32:25Z","reviewerCategories":[{"categoryId":"Everyone","categoryLabel":"Everyone"}],"userDisplayName":"","roomTypeId":218244,"isUnverified":false,"isFlaggable":true,"isRecommended":"YES"},{"hotelId":"118232","totalPositiveFeedbacks":1,"tpid":"1","eapid":"0","contentLocale":"en_us","totalThanks":1,"photos":[],"reviewId":"56ba10cc2b563b09944a346a","itinId":"1126967165575","moderationStatus":"APPROVED","contentCodes":"","managementResponses":[],"ratingOverall":5,"langId":"1033","userNickname":"Jenn","brandType":"Expedia","title":"Great hotel and great experience","reviewText":"The hotel was clean and the staff was amazing.  We brought our two dogs with us and they accomadated them.  They had ample room to walk and play.  ","featured":false,"ratingsOnly":false,"ratingRoomCleanliness":5,"ratingHotelCondition":5,"ratingService":5,"ratingRoomComfort":5,"positiveRemarks":"The room was nice and big.  We really enjoyed our stay.  ","negativeRemarks":"","locationRemarks":"The location is perfect.  We were outside of the city.  We went to the beaches and to the bay bridge.  Also the golden gate bridge. ","lastInitial":"","userLocation":"Oreg","reviewSubmissionTime":"2016-02-09T16:16:12Z","reviewerCategories":[{"categoryId":"Everyone","categoryLabel":"Everyone"}],"userDisplayName":"","roomTypeId":229248,"isUnverified":false,"isFlaggable":true,"isRecommended":"YES"},{"hotelId":"118232","totalPositiveFeedbacks":2,"tpid":"1","eapid":"0","contentLocale":"en_us","totalThanks":2,"photos":[],"reviewId":"56b671b4d3f2d509943a88e6","itinId":"1126573127308","moderationStatus":"APPROVED","contentCodes":"MMA","managementResponses":[],"ratingOverall":1,"langId":"1033","userNickname":"CY ","brandType":"Expedia","title":"Quiet location ","reviewText":"Room was not clean, uncomfortable bed with some sound when u moving ur body , old furnished.","featured":false,"ratingsOnly":false,"ratingRoomCleanliness":1,"ratingHotelCondition":1,"ratingService":1,"ratingRoomComfort":1,"positiveRemarks":"","negativeRemarks":"","locationRemarks":"","lastInitial":"","userLocation":"san mateo,CA","reviewSubmissionTime":"2016-02-06T22:20:36Z","reviewerCategories":[{"categoryId":"Everyone","categoryLabel":"Everyone"}],"userDisplayName":"","roomTypeId":218242,"isUnverified":false,"isFlaggable":false,"isRecommended":"NO"},{"hotelId":"118232","totalPositiveFeedbacks":1,"tpid":"1","eapid":"0","contentLocale":"en_us","totalThanks":1,"photos":[],"reviewId":"56b032685d1f1f098118b3f7","itinId":"1126101986747","moderationStatus":"APPROVED","contentCodes":"","managementResponses":[],"ratingOverall":3,"langId":"1033","userNickname":"","brandType":"Expedia","title":"","reviewText":"Good stay, clean room.  It's just not a good idea to check out earlier than 7 am.  Have to wait for someone from the laundry to help with the check out.","featured":false,"ratingsOnly":false,"ratingRoomCleanliness":4,"ratingHotelCondition":4,"ratingService":3,"ratingRoomComfort":4,"positiveRemarks":"","negativeRemarks":"","locationRemarks":"","lastInitial":"","userLocation":"","reviewSubmissionTime":"2016-02-02T04:36:56Z","reviewerCategories":[{"categoryId":"Everyone","categoryLabel":"Everyone"}],"userDisplayName":"","roomTypeId":229248,"isUnverified":false,"isFlaggable":true,"isRecommended":"YES"},{"hotelId":"118232","totalPositiveFeedbacks":0,"tpid":"1","eapid":"0","contentLocale":"en_us","totalThanks":0,"photos":[],"reviewId":"56aa1bd3e0bc3509958d0208","itinId":"1126225406512","moderationStatus":"APPROVED","contentCodes":"","managementResponses":[],"ratingOverall":3,"langId":"1033","userNickname":"","brandType":"Expedia","title":"","reviewText":"Close to mall and airport. Staff is very nice. Room was small but comfortable","featured":false,"ratingsOnly":false,"ratingRoomCleanliness":3,"ratingHotelCondition":3,"ratingService":5,"ratingRoomComfort":3,"positiveRemarks":"","negativeRemarks":"","locationRemarks":"","lastInitial":"","userLocation":"","reviewSubmissionTime":"2016-01-28T13:46:59Z","reviewerCategories":[{"categoryId":"Everyone","categoryLabel":"Everyone"}],"userDisplayName":"","roomTypeId":218240,"isUnverified":false,"isFlaggable":true,"isRecommended":"YES"},{"hotelId":"118232","totalPositiveFeedbacks":0,"tpid":"1","eapid":"0","contentLocale":"en_us","totalThanks":0,"photos":[],"reviewId":"568acd9791eced500c4b645b","itinId":"1124532163270","moderationStatus":"APPROVED","contentCodes":"HMP MMD","managementResponses":[],"ratingOverall":5,"langId":"1033","userNickname":"jess","brandType":"Expedia","title":"Nice ","reviewText":"Needed a late night place to stay on a whim, this place was close and cheapest. We had a little trouble booking through Expedia as we booked online shortly before arriving and the reservation was not in the hotels system. The staff was very helpful with this problem and got it taken care of. The room was good and did the job well. ","featured":false,"ratingsOnly":false,"ratingRoomCleanliness":4,"ratingHotelCondition":4,"ratingService":5,"ratingRoomComfort":4,"positiveRemarks":"","negativeRemarks":"","locationRemarks":"","lastInitial":"","userLocation":"cali","reviewSubmissionTime":"2016-01-04T19:52:55Z","reviewerCategories":[{"categoryId":"Everyone","categoryLabel":"Everyone"}],"userDisplayName":"","roomTypeId":218242,"isUnverified":false,"isFlaggable":false,"isRecommended":"YES"},{"hotelId":"118232","totalPositiveFeedbacks":1,"tpid":"1","eapid":"0","contentLocale":"en_us","totalThanks":1,"photos":[],"reviewId":"568ab9d5f74cb42119875fd8","itinId":"1124400881186","moderationStatus":"APPROVED","contentCodes":"","managementResponses":[],"ratingOverall":2,"langId":"1033","userNickname":"","brandType":"Expedia","title":"Ok for rest. Forget cleanliness ","reviewText":"Little dirty. Coffee n pastry, but not a breakfast","featured":false,"ratingsOnly":false,"ratingRoomCleanliness":2,"ratingHotelCondition":2,"ratingService":4,"ratingRoomComfort":2,"positiveRemarks":"","negativeRemarks":"","locationRemarks":"","lastInitial":"","userLocation":"","reviewSubmissionTime":"2016-01-04T18:28:37Z","reviewerCategories":[{"categoryId":"Everyone","categoryLabel":"Everyone"}],"userDisplayName":"","roomTypeId":218242,"isUnverified":false,"isFlaggable":true,"isRecommended":"NO"},{"hotelId":"118232","totalPositiveFeedbacks":1,"tpid":"1","eapid":"0","contentLocale":"en_us","totalThanks":1,"photos":[],"reviewId":"5672c46599642809688609e6","itinId":"1123184892631","moderationStatus":"APPROVED","contentCodes":"HMP MMD","managementResponses":[],"ratingOverall":2,"langId":"1033","userNickname":"sleepless","brandType":"Expedia","title":"It sucked ","reviewText":"Heater was so loud we could not sleep. Pillows were as thin as bed sheets. There were no cloths hangers","featured":false,"ratingsOnly":false,"ratingRoomCleanliness":3,"ratingHotelCondition":2,"ratingService":3,"ratingRoomComfort":1,"positiveRemarks":"","negativeRemarks":"","locationRemarks":"","lastInitial":"b","userLocation":"O","reviewSubmissionTime":"2015-12-17T14:19:17Z","reviewerCategories":[{"categoryId":"Everyone","categoryLabel":"Everyone"}],"userDisplayName":"","roomTypeId":218244,"isUnverified":false,"isFlaggable":false,"isRecommended":"NO"},{"hotelId":"118232","totalPositiveFeedbacks":1,"tpid":"1","eapid":"0","contentLocale":"en_us","totalThanks":1,"photos":[],"reviewId":"563cde7cc9170609683cc5df","itinId":"1119725739368","moderationStatus":"APPROVED","contentCodes":"MMA","managementResponses":[],"ratingOverall":3,"langId":"1033","userNickname":"","brandType":"Expedia","title":"","reviewText":"One night for business.  The price was right, but I got what I paid for.","featured":false,"ratingsOnly":false,"ratingRoomCleanliness":2,"ratingHotelCondition":3,"ratingService":3,"ratingRoomComfort":3,"positiveRemarks":"Inexpensive.","negativeRemarks":"There was just something about the cleanliness.  Nothing overt, but it did not \"feel fresh\".  ","locationRemarks":"","lastInitial":"","userLocation":"","reviewSubmissionTime":"2015-11-06T17:08:12Z","reviewerCategories":[{"categoryId":"BusinessTravelers","categoryLabel":"BusinessTravelers"}],"userDisplayName":"","roomTypeId":218242,"isUnverified":false,"isFlaggable":false,"isRecommended":"YES"},{"hotelId":"118232","totalPositiveFeedbacks":0,"tpid":"1","eapid":"0","contentLocale":"en_us","totalThanks":0,"photos":[],"reviewId":"563cdb4ec91706096838e3d8","itinId":"1119599033895","moderationStatus":"APPROVED","contentCodes":"","managementResponses":[],"ratingOverall":3,"langId":"1033","userNickname":"","brandType":"Expedia","title":"","reviewText":"The room was very cold even though the heater was on. ","featured":false,"ratingsOnly":false,"ratingRoomCleanliness":3,"ratingHotelCondition":3,"ratingService":5,"ratingRoomComfort":2,"positiveRemarks":"","negativeRemarks":"","locationRemarks":"","lastInitial":"","userLocation":"","reviewSubmissionTime":"2015-11-06T16:54:38Z","reviewerCategories":[{"categoryId":"Everyone","categoryLabel":"Everyone"}],"userDisplayName":"","roomTypeId":218242,"isUnverified":false,"isFlaggable":true,"isRecommended":"NO"},{"hotelId":"118232","totalPositiveFeedbacks":1,"tpid":"1","eapid":"0","contentLocale":"en_us","totalThanks":1,"photos":[],"reviewId":"5633886dc92eb3094afb09fa","itinId":"1118673833403","moderationStatus":"APPROVED","contentCodes":"NLI HMP MMD","managementResponses":[],"ratingOverall":3,"langId":"1033","userNickname":"","brandType":"Expedia","title":"Nice but need to really check linens. ","reviewText":"Blood on pillow cases and bed cover...grossed me out","featured":false,"ratingsOnly":false,"ratingRoomCleanliness":3,"ratingHotelCondition":3,"ratingService":3,"ratingRoomComfort":3,"positiveRemarks":"","negativeRemarks":"","locationRemarks":"","lastInitial":"","userLocation":"","reviewSubmissionTime":"2015-10-30T15:10:37Z","reviewerCategories":[{"categoryId":"Everyone","categoryLabel":"Everyone"}],"userDisplayName":"","roomTypeId":229248,"isUnverified":false,"isFlaggable":false,"isRecommended":"NO"},{"hotelId":"118232","totalPositiveFeedbacks":1,"tpid":"1","eapid":"0","contentLocale":"en_us","totalThanks":1,"photos":[],"reviewId":"5625450a56583b0949d5aee0","itinId":"1118683936525","moderationStatus":"APPROVED","contentCodes":"MMA","managementResponses":[],"ratingOverall":3,"langId":"1033","userNickname":"brenda","brandType":"Expedia","title":"San Mateo Extended Stay","reviewText":"Hotel exterior was attractive.  Room interior was OK.  Bed was very comfortable.  Towels were old but clean.  Continental breakfast barely adequate but not stocked well on Sunday.  Desk clerk was not knowledgeable and she was unwilling to communicate with supervisor for help.  Wouldn't recommend because price high for value received.","featured":false,"ratingsOnly":false,"ratingRoomCleanliness":3,"ratingHotelCondition":3,"ratingService":2,"ratingRoomComfort":3,"positiveRemarks":"Bed","negativeRemarks":"Continental breakfast and method of charging and reimbursing credit card at check-in.\r\n","locationRemarks":"Don't know.  Night time and in middle business zone.","lastInitial":"G","userLocation":"Santa Maria","reviewSubmissionTime":"2015-10-19T19:31:22Z","reviewerCategories":[{"categoryId":"Everyone","categoryLabel":"Everyone"}],"userDisplayName":"","roomTypeId":218242,"isUnverified":false,"isFlaggable":false,"isRecommended":"NO"},{"hotelId":"118232","totalPositiveFeedbacks":1,"tpid":"1","eapid":"0","contentLocale":"en_us","totalThanks":1,"photos":[],"reviewId":"561d8682e3986f094ab31648","itinId":"1118860857878","moderationStatus":"APPROVED","contentCodes":"","managementResponses":[],"ratingOverall":4,"langId":"1033","userNickname":"John K.","brandType":"Expedia","title":"Easy parking, close to shopping","reviewText":"One problem. Our room had a very musty smell. Got a little better with the cooler turned on, but never went completely away.","featured":false,"ratingsOnly":false,"ratingRoomCleanliness":3,"ratingHotelCondition":4,"ratingService":5,"ratingRoomComfort":4,"positiveRemarks":"","negativeRemarks":"","locationRemarks":"","lastInitial":"","userLocation":"Fresno, Ca","reviewSubmissionTime":"2015-10-13T22:32:34Z","reviewerCategories":[{"categoryId":"Everyone","categoryLabel":"Everyone"}],"userDisplayName":"","roomTypeId":218242,"isUnverified":false,"isFlaggable":true,"isRecommended":"YES"}]}}}
