{"reviewDetails":{"startIndex":0,"numberOfReviewsInThisPage":20,"reviewSummaryCollection":{"reviewSummary":[{"hotelId":"26945","totalReviewCnt":232,"avgOverallRating":3.9137936,"cleanliness":4.1724105,"serviceAndStaff":4.3017244,"roomComfort":3.98707,"hotelCondition":3.814655,"convenienceOfLocation":3.857143,"neighborhoodSatisfaction":3.607143,"roomQuality":0,"targetedBrand":"Expedia","originSummary":[{"origin":"Expedia","reviewCnt":232,"recommendedPercent":84.91379,"avgOverallRating":3.9137936,"cleanliness":4.1724105,"serviceAndStaff":4.3017244,"roomComfort":3.98707,"hotelCondition":3.814655,"convenienceOfLocation":3.857143,"neighborhoodSatisfaction":3.607143,"valueForMoney":0,"roomQuality":0,"categoryCounts":{"Everyone":181,"BusinessTravelers":13,"Couples":16,"Families":12},"roomTypeIdCounts":{"471830":46,"201466468":3,"471853":81,"471821":34},"languageCounts":{"en":232}}],"recommendedPercent":84.91379,"valueForMoney":0,"categoryCounts":{"Everyone":181,"BusinessTravelers":13,"Couples":16,"Families":12},"roomTypeIdCounts":{"471830":46,"201466468":3,"471853":81,"471821":34},"languageCounts":{"en":232},"featuredReview":{}}]},"reviewCollection":{"review":[{"hotelId":"26945","totalPositiveFeedbacks":0,"tpid":"4","eapid":"0","contentLocale":"en_ca","totalThanks":0,"photos":[],"reviewId":"57b6119e97ae110b46eb5759","itinId":"1135232206827","moderationStatus":"APPROVED","contentCodes":"","managementResponses":[],"ratingOverall":4,"langId":"4105","userNickname":"","brandType":"Expedia","title":"OK hotel","reviewText":"Staff was not so accommodating when we arrived but able to give us what we need. Room was clean and spacious.  bathroom  was clean. OK breakfast.","featured":false,"ratingsOnly":false,"ratingRoomCleanliness":4,"ratingHotelCondition":4,"ratingService":3,"ratingRoomComfort":4,"positiveRemarks":"near our friend's house.","negativeRemarks":"","locationRemarks":"near gas station and commercial area ","lastInitial":"","userLocation":"","reviewSubmissionTime":"2016-08-18T19:50:54Z","reviewerCategories":[{"categoryId":"Everyone","categoryLabel":"Everyone"}],"userDisplayName":"","roomTypeId":471853,"isUnverified":false,"isFlaggable":true,"isRecommended":"YES"},{"hotelId":"26945","totalPositiveFeedbacks":0,"tpid":"25","eapid":"0","contentLocale":"en_au","totalThanks":0,"photos":[],"reviewId":"57a94690c01ada0b06b65c58","itinId":"18899437864","moderationStatus":"APPROVED","contentCodes":"MMA","managementResponses":[],"ratingOverall":5,"langId":"3081","userNickname":"John","brandType":"Expedia","title":"Nice Hotel, close to the airport.","reviewText":"Friendly, helpful staff. Nice breakfast. We enjoyed our stay.","featured":false,"ratingsOnly":false,"ratingRoomCleanliness":5,"ratingHotelCondition":5,"ratingService":5,"ratingRoomComfort":5,"positiveRemarks":"Clean, close to airport, friendly & helpful staff. Nice breakfast.","negativeRemarks":"No complaints.","locationRemarks":"Good location to the airport. ","lastInitial":"H","userLocation":"Australia","reviewSubmissionTime":"2016-08-09T02:57:20Z","reviewerCategories":[{"categoryId":"Everyone","categoryLabel":"Everyone"}],"userDisplayName":"","roomTypeId":471830,"isUnverified":false,"isFlaggable":false,"isRecommended":"YES"},{"hotelId":"26945","totalPositiveFeedbacks":0,"tpid":"1","eapid":"0","contentLocale":"en_us","totalThanks":0,"photos":[],"reviewId":"57a32c02075f640b273f8f62","itinId":"1141901653646","moderationStatus":"APPROVED","contentCodes":"","managementResponses":[],"ratingOverall":4,"langId":"1033","userNickname":"public offcial","brandType":"Expedia","title":"A lovely respite after a long busy trip","reviewText":"We only wish we could have stayed longer and enjoyed the Inn's amenities more, but arrived late and had an early flight from the very convenient SFO airport.","featured":false,"ratingsOnly":false,"ratingRoomCleanliness":5,"ratingHotelCondition":4,"ratingService":5,"ratingRoomComfort":5,"positiveRemarks":"","negativeRemarks":"","locationRemarks":"","lastInitial":"M","userLocation":"Florida","reviewSubmissionTime":"2016-08-04T11:50:26Z","reviewerCategories":[{"categoryId":"Everyone","categoryLabel":"Everyone"}],"userDisplayName":"","roomTypeId":471853,"isUnverified":false,"isFlaggable":true,"isRecommended":"YES"},{"hotelId":"26945","totalPositiveFeedbacks":1,"tpid":"1","eapid":"0","contentLocale":"en_us","totalThanks":1,"photos":[],"reviewId":"57a1511e647eae0b2986ce7b","itinId":"1135185327687","moderationStatus":"APPROVED","contentCodes":"","managementResponses":[],"ratingOverall":5,"langId":"1033","userNickname":"","brandType":"Expedia","title":"","reviewText":"Awesome hotel, much better than expected. Clean room, comfortable bed, friendly staff (who even called after we got into the room to check on how we liked the room and if there was anything that we needed).\r\n\r\nOnly con was the lack of parking.  Not enough parking for the rooms that they have.","featured":false,"ratingsOnly":false,"ratingRoomCleanliness":4,"ratingHotelCondition":4,"ratingService":4,"ratingRoomComfort":4,"positiveRemarks":"","negativeRemarks":"","locationRemarks":"","lastInitial":"","userLocation":"","reviewSubmissionTime":"2016-08-03T02:04:14Z","reviewerCategories":[{"categoryId":"Everyone","categoryLabel":"Everyone"}],"userDisplayName":"","roomTypeId":201466468,"isUnverified":false,"isFlaggable":true,"isRecommended":"YES"},{"hotelId":"26945","totalPositiveFeedbacks":0,"tpid":"1","eapid":"0","contentLocale":"en_us","totalThanks":0,"photos":[],"reviewId":"578b962d0b3adc0b27366d40","itinId":"1131538779453","moderationStatus":"APPROVED","contentCodes":"","managementResponses":[],"ratingOverall":3,"langId":"1033","userNickname":"","brandType":"Expedia","title":"Close to airport","reviewText":"It was a simple but pleasant breakfast. They have free parking under the hotel. A big plus in San Francisco. ","featured":false,"ratingsOnly":false,"ratingRoomCleanliness":4,"ratingHotelCondition":3,"ratingService":4,"ratingRoomComfort":4,"positiveRemarks":"","negativeRemarks":"","locationRemarks":"","lastInitial":"","userLocation":"","reviewSubmissionTime":"2016-07-17T14:29:01Z","reviewerCategories":[{"categoryId":"Everyone","categoryLabel":"Everyone"}],"userDisplayName":"","roomTypeId":471853,"isUnverified":false,"isFlaggable":true,"isRecommended":"YES"},{"hotelId":"26945","totalPositiveFeedbacks":0,"tpid":"1","eapid":"0","contentLocale":"en_us","totalThanks":0,"photos":[],"reviewId":"578a2983c728560b2c4d2472","itinId":"1135337004650","moderationStatus":"APPROVED","contentCodes":"","managementResponses":[],"ratingOverall":3,"langId":"1033","userNickname":"","brandType":"Expedia","title":"Nice hotel near the airport ","reviewText":"Breakfast provided which are sumptuous. Free shuttle to and fro the airport. Quiet nearborhood and walking distance to Walgreen, Safeway and Trader Joe. Good transportation by bus to shopping mass with a good selection of food court that you could spent the whole afternoon. Good Bart train from there to Union Square for sightseeing etc. There is a 50% discount for senior for bus transportation. ","featured":false,"ratingsOnly":false,"ratingRoomCleanliness":3,"ratingHotelCondition":3,"ratingService":3,"ratingRoomComfort":3,"positiveRemarks":"As above. Also Wi-fi accommodation without extra charge. ","negativeRemarks":"Nothing much for. A relaxed vacation.","locationRemarks":"As stated above.","lastInitial":"","userLocation":"","reviewSubmissionTime":"2016-07-16T12:33:07Z","reviewerCategories":[{"categoryId":"Everyone","categoryLabel":"Everyone"}],"userDisplayName":"","roomTypeId":471830,"isUnverified":false,"isFlaggable":true,"isRecommended":"YES"},{"hotelId":"26945","totalPositiveFeedbacks":0,"tpid":"1","eapid":"0","contentLocale":"en_us","totalThanks":0,"photos":[],"reviewId":"578786b02c54c70b289ad3b9","itinId":"1137639161168","moderationStatus":"APPROVED","contentCodes":"","managementResponses":[],"ratingOverall":4,"langId":"1033","userNickname":"","brandType":"Expedia","title":"Nice hotel close to the airport. ","reviewText":"Close to air port. Registration staff were super nice and helpful. Breakfast was good. Very nice pool area. ","featured":false,"ratingsOnly":false,"ratingRoomCleanliness":4,"ratingHotelCondition":4,"ratingService":5,"ratingRoomComfort":4,"positiveRemarks":"Breakfast was pretty good. Nice pool area. Registration staff were super nice and helpful. Best I have seen. ","negativeRemarks":"Room is a little small but probably not much you can do about that.  ","locationRemarks":"Could walk to restaurants which was nice. ","lastInitial":"","userLocation":"","reviewSubmissionTime":"2016-07-14T12:33:52Z","reviewerCategories":[{"categoryId":"Everyone","categoryLabel":"Everyone"}],"userDisplayName":"","roomTypeId":471830,"isUnverified":false,"isFlaggable":true,"isRecommended":"YES"},{"hotelId":"26945","totalPositiveFeedbacks":0,"tpid":"1","eapid":"0","contentLocale":"en_us","totalThanks":0,"photos":[],"reviewId":"5786d9852c54c70b28dbd121","itinId":"1136813693664","moderationStatus":"APPROVED","contentCodes":"","managementResponses":[],"ratingOverall":3,"langId":"1033","userNickname":"Traveler","brandType":"Expedia","title":"La Quinta Inn near SFO","reviewText":"Mid-level hotel in significant need of upgrading.  Staff was friendly and helpful, and the free shuttle to/from SFO was very useful.  However, room was tiny and cramped and the walls were paper thin.  Had a barking dog in the next room and thank god it went to sleep late at night.  Not the worst hotel experience, but not the best.","featured":false,"ratingsOnly":false,"ratingRoomCleanliness":3,"ratingHotelCondition":3,"ratingService":4,"ratingRoomComfort":2,"positiveRemarks":"Friendly staff/Airport Shuttle.  Relatively close to airport.","negativeRemarks":"Nicer more spacious rooms.  Soundproofing!!!!!","locationRemarks":"Location so-so.  Have to drive to find places to eat.","lastInitial":"","userLocation":"","reviewSubmissionTime":"2016-07-14T00:15:01Z","reviewerCategories":[{"categoryId":"Everyone","categoryLabel":"Everyone"}],"userDisplayName":"","roomTypeId":471830,"isUnverified":false,"isFlaggable":true,"isRecommended":"NO"},{"hotelId":"26945","totalPositiveFeedbacks":0,"tpid":"1","eapid":"0","contentLocale":"en_us","totalThanks":0,"photos":[],"reviewId":"578526a99684e30b4afc02c5","itinId":"1136333171351","moderationStatus":"APPROVED","contentCodes":"","managementResponses":[],"ratingOverall":4,"langId":"1033","userNickname":"","brandType":"Expedia","title":"Clean hotel close to air port","reviewText":"Clean hotel close to air port, highway and shopping.","featured":false,"ratingsOnly":false,"ratingRoomCleanliness":4,"ratingHotelCondition":4,"ratingService":4,"ratingRoomComfort":4,"positiveRemarks":"","negativeRemarks":"","locationRemarks":"","lastInitial":"","userLocation":"","reviewSubmissionTime":"2016-07-12T17:19:37Z","reviewerCategories":[{"categoryId":"Everyone","categoryLabel":"Everyone"}],"userDisplayName":"","roomTypeId":471853,"isUnverified":false,"isFlaggable":true,"isRecommended":"YES"},{"hotelId":"26945","totalPositiveFeedbacks":0,"tpid":"1","eapid":"0","contentLocale":"en_us","totalThanks":0,"photos":[],"reviewId":"5785047db35a940b2ab388a9","itinId":"1137953968606","moderationStatus":"APPROVED","contentCodes":"HMP MMD","managementResponses":[],"ratingOverall":3,"langId":"1033","userNickname":"kim n. ","brandType":"Expedia","title":"Faucet leaking h20, utensils were dirty. ","reviewText":"I am not impressed with room because faucet was leaking water. Utensils had food stain. ","featured":false,"ratingsOnly":false,"ratingRoomCleanliness":2,"ratingHotelCondition":2,"ratingService":3,"ratingRoomComfort":3,"positiveRemarks":"","negativeRemarks":"","locationRemarks":"","lastInitial":"","userLocation":"","reviewSubmissionTime":"2016-07-12T14:53:49Z","reviewerCategories":[{"categoryId":"Everyone","categoryLabel":"Everyone"}],"userDisplayName":"","roomTypeId":201466468,"isUnverified":false,"isFlaggable":false,"isRecommended":"YES"},{"hotelId":"26945","totalPositiveFeedbacks":0,"tpid":"1","eapid":"0","contentLocale":"en_us","totalThanks":0,"photos":[],"reviewId":"57759c2767a4b00b7d2c77c5","itinId":"1136293518717","moderationStatus":"APPROVED","contentCodes":"HMP MMD","managementResponses":[],"ratingOverall":2,"langId":"1033","userNickname":"stayed 1 night","brandType":"Expedia","title":"Close to airport","reviewText":"We discovered black hairs in our bed around 10 pm  and promptly called the front desk. They said that there was no one on duty that could change the bed for us but offered to deliver sheets to our room  for us to change them. No apology was made by the girl who brought them.  The next morning I told staff at the front desk, and the manager was very apologetic and nice about it. They ended up taking a small amount off of our room charge. ","featured":false,"ratingsOnly":false,"ratingRoomCleanliness":1,"ratingHotelCondition":2,"ratingService":3,"ratingRoomComfort":2,"positiveRemarks":"","negativeRemarks":"","locationRemarks":"","lastInitial":"","userLocation":"","reviewSubmissionTime":"2016-06-30T22:24:39Z","reviewerCategories":[{"categoryId":"Everyone","categoryLabel":"Everyone"}],"userDisplayName":"","roomTypeId":471830,"isUnverified":false,"isFlaggable":false,"isRecommended":"NO"},{"hotelId":"26945","totalPositiveFeedbacks":0,"tpid":"1","eapid":"0","contentLocale":"en_us","totalThanks":0,"photos":[],"reviewId":"5775257d67a4b00b7d46ab05","itinId":"1138536156601","moderationStatus":"APPROVED","contentCodes":"","managementResponses":[],"ratingOverall":5,"langId":"1033","userNickname":"Bob","brandType":"Expedia","title":"Excellent place to stay near the airport","reviewText":"I was just there for a night but had to make an additional trip back and forth to the airport to meet an incoming flight. The desk staff arranged the shuttle and were extremely helpful. The room was spotless and I found the facility to be very quiet!  I would definitely stay there again when I have a VERY EARLY flight out of SFO. ","featured":false,"ratingsOnly":false,"ratingRoomCleanliness":5,"ratingHotelCondition":5,"ratingService":5,"ratingRoomComfort":5,"positiveRemarks":"location and welcoming desk staff","negativeRemarks":"nothing","locationRemarks":"","lastInitial":"H","userLocation":"Lexington Ky","reviewSubmissionTime":"2016-06-30T13:58:21Z","reviewerCategories":[{"categoryId":"Everyone","categoryLabel":"Everyone"}],"userDisplayName":"","roomTypeId":471853,"isUnverified":false,"isFlaggable":true,"isRecommended":"YES"},{"hotelId":"26945","totalPositiveFeedbacks":0,"tpid":"1","eapid":"0","contentLocale":"en_us","totalThanks":0,"photos":[],"reviewId":"576df43a070ba40b81687b8a","itinId":"1137388067121","moderationStatus":"APPROVED","contentCodes":"","managementResponses":[],"ratingOverall":4,"langId":"1033","userNickname":"","brandType":"Expedia","title":"Convenient to Airport","reviewText":"Rather than driving from Sonoma area though the city of San Francisco during rush hour, we opted to drop our rental car and stay near the airport so we could catch our morning flight.  The hotel shuttle was convenient and on time, so we made it through check-in and TSA with time to spare...\r\n\r\nThe room was clean and had everything we needed:  small fridge, coffee maker, etc.  Self-serve breakfast was also good, except for a couple of kids with parents that had no control...\r\n\r\nWhile we didn't use them, the other hotel amenities (pool, sauna, etc.) looked to be well maintained for guest's use.","featured":false,"ratingsOnly":false,"ratingRoomCleanliness":4,"ratingHotelCondition":4,"ratingService":4,"ratingRoomComfort":4,"positiveRemarks":"","negativeRemarks":"","locationRemarks":"","lastInitial":"","userLocation":"","reviewSubmissionTime":"2016-06-25T03:02:18Z","reviewerCategories":[{"categoryId":"BusinessTravelers","categoryLabel":"BusinessTravelers"}],"userDisplayName":"","roomTypeId":471853,"isUnverified":false,"isFlaggable":true,"isRecommended":"YES"},{"hotelId":"26945","totalPositiveFeedbacks":0,"tpid":"1","eapid":"0","contentLocale":"en_us","totalThanks":0,"photos":[],"reviewId":"57680b3b9fa8ce0b7bee593b","itinId":"1137817517372","moderationStatus":"APPROVED","contentCodes":"","managementResponses":[],"ratingOverall":4,"langId":"1033","userNickname":"Gary","brandType":"Expedia","title":"Airport close","reviewText":"Very comfortable bed and overall well furnished. The only disappointmen was the failure of the in-room Wi-FI system, requiring use of business computer 3 floors down in the lobby.","featured":false,"ratingsOnly":false,"ratingRoomCleanliness":5,"ratingHotelCondition":3,"ratingService":4,"ratingRoomComfort":5,"positiveRemarks":"Airport shuttle, two chairs and comfortable \"Marriot\" bed.","negativeRemarks":"In room WI-FI.","locationRemarks":"Access to restaurants, airport and Bart to the City.          ","lastInitial":"T","userLocation":"Big Island, Hawaii","reviewSubmissionTime":"2016-06-20T15:26:51Z","reviewerCategories":[{"categoryId":"Everyone","categoryLabel":"Everyone"}],"userDisplayName":"","roomTypeId":471853,"isUnverified":false,"isFlaggable":true,"isRecommended":"YES"},{"hotelId":"26945","totalPositiveFeedbacks":0,"tpid":"1","eapid":"0","contentLocale":"en_us","totalThanks":0,"photos":[],"reviewId":"5760d9c1f48e420b26090b2a","itinId":"1137578969219","moderationStatus":"APPROVED","contentCodes":"","managementResponses":[],"ratingOverall":4,"langId":"1033","userNickname":"isabel","brandType":"Expedia","title":"Nice comfy hotel","reviewText":"It was a great two night stay got the room with a kitchen. I felt comfy and was able to rest","featured":false,"ratingsOnly":false,"ratingRoomCleanliness":4,"ratingHotelCondition":3,"ratingService":5,"ratingRoomComfort":4,"positiveRemarks":"","negativeRemarks":"","locationRemarks":"","lastInitial":"","userLocation":"minneapolis ","reviewSubmissionTime":"2016-06-15T04:29:53Z","reviewerCategories":[{"categoryId":"Everyone","categoryLabel":"Everyone"}],"userDisplayName":"","roomTypeId":471821,"isUnverified":false,"isFlaggable":true,"isRecommended":"YES"},{"hotelId":"26945","totalPositiveFeedbacks":0,"tpid":"1","eapid":"0","contentLocale":"en_us","totalThanks":0,"photos":[],"reviewId":"5756045a773f350b503c940e","itinId":"1135711451562","moderationStatus":"APPROVED","contentCodes":"","managementResponses":[],"ratingOverall":5,"langId":"1033","userNickname":"","brandType":"Expedia","title":"Nice hotel close to the airport","reviewText":"Nice hotel close to the airport. They provide shuttle to and from the airport. Very clean hotel. No issues.","featured":false,"ratingsOnly":false,"ratingRoomCleanliness":5,"ratingHotelCondition":5,"ratingService":5,"ratingRoomComfort":5,"positiveRemarks":"","negativeRemarks":"","locationRemarks":"","lastInitial":"","userLocation":"","reviewSubmissionTime":"2016-06-06T23:16:42Z","reviewerCategories":[{"categoryId":"Everyone","categoryLabel":"Everyone"}],"userDisplayName":"","roomTypeId":471853,"isUnverified":false,"isFlaggable":true,"isRecommended":"YES"},{"hotelId":"26945","totalPositiveFeedbacks":0,"tpid":"1","eapid":"0","contentLocale":"en_us","totalThanks":0,"photos":[],"reviewId":"575554dee67cf90b7c45c410","itinId":"1137012836583","moderationStatus":"APPROVED","contentCodes":"","managementResponses":[],"ratingOverall":5,"langId":"1033","userNickname":"sat","brandType":"Expedia","title":"Comfortable ","reviewText":"I was treated very good at the front desk both at check in n out my needs were all met staff was pleasant n professional.\r\nWould definitely come back n stay longer .","featured":false,"ratingsOnly":false,"ratingRoomCleanliness":5,"ratingHotelCondition":5,"ratingService":5,"ratingRoomComfort":5,"positiveRemarks":"","negativeRemarks":"","locationRemarks":"","lastInitial":"r","userLocation":"nj","reviewSubmissionTime":"2016-06-06T10:47:58Z","reviewerCategories":[{"categoryId":"Everyone","categoryLabel":"Everyone"}],"userDisplayName":"","roomTypeId":471853,"isUnverified":false,"isFlaggable":true,"isRecommended":"YES"},{"hotelId":"26945","totalPositiveFeedbacks":0,"tpid":"1","eapid":"0","contentLocale":"en_us","totalThanks":0,"photos":[],"reviewId":"5751ea6f6c0ad50b484c22c1","itinId":"1136806737236","moderationStatus":"APPROVED","contentCodes":"","managementResponses":[],"ratingOverall":5,"langId":"1033","userNickname":"Brien","brandType":"Expedia","title":"Very Relaxing and Convenient","reviewText":"Great room, clean, very nice jacuzzi in room, close to gym, and alot of stuff to do close by as well.  Very friendly staff, great breakfast, food service, pool, sauna and excellent water.","featured":false,"ratingsOnly":false,"ratingRoomCleanliness":5,"ratingHotelCondition":5,"ratingService":5,"ratingRoomComfort":5,"positiveRemarks":"","negativeRemarks":"","locationRemarks":"","lastInitial":"C","userLocation":"Millbrae","reviewSubmissionTime":"2016-06-03T20:37:03Z","reviewerCategories":[{"categoryId":"Everyone","categoryLabel":"Everyone"}],"userDisplayName":"","roomTypeId":471853,"isUnverified":false,"isFlaggable":true,"isRecommended":"YES"},{"hotelId":"26945","totalPositiveFeedbacks":0,"tpid":"1","eapid":"0","contentLocale":"en_us","totalThanks":0,"photos":[],"reviewId":"574709af4dc48609fb7d3f77","itinId":"1135864611129","moderationStatus":"APPROVED","contentCodes":"","managementResponses":[],"ratingOverall":4,"langId":"1033","userNickname":"","brandType":"Expedia","title":"","reviewText":"Good location with hotel shuttle for layover. Breakfast was ample and room had a full kitchen. ","featured":false,"ratingsOnly":false,"ratingRoomCleanliness":5,"ratingHotelCondition":4,"ratingService":5,"ratingRoomComfort":5,"positiveRemarks":"","negativeRemarks":"","locationRemarks":"","lastInitial":"","userLocation":"","reviewSubmissionTime":"2016-05-26T14:35:27Z","reviewerCategories":[{"categoryId":"Everyone","categoryLabel":"Everyone"}],"userDisplayName":"","roomTypeId":471821,"isUnverified":false,"isFlaggable":true,"isRecommended":"YES"},{"hotelId":"26945","totalPositiveFeedbacks":0,"tpid":"1","eapid":"0","contentLocale":"en_us","totalThanks":0,"photos":[],"reviewId":"57405a64a022c10a0242b95b","itinId":"1133768306846","moderationStatus":"APPROVED","contentCodes":"","managementResponses":[],"ratingOverall":4,"langId":"1033","userNickname":"johnny","brandType":"Expedia","title":"","reviewText":"Great location, many restaurants around. Breakfast Is fair, receipt on is helpful. ","featured":false,"ratingsOnly":false,"ratingRoomCleanliness":4,"ratingHotelCondition":4,"ratingService":4,"ratingRoomComfort":4,"positiveRemarks":"","negativeRemarks":"","locationRemarks":"","lastInitial":"","userLocation":"JW","reviewSubmissionTime":"2016-05-21T12:53:56Z","reviewerCategories":[{"categoryId":"Everyone","categoryLabel":"Everyone"}],"userDisplayName":"","roomTypeId":471853,"isUnverified":false,"isFlaggable":true,"isRecommended":"YES"}]}}}
