{"reviewDetails":{"startIndex":0,"numberOfReviewsInThisPage":20,"reviewSummaryCollection":{"reviewSummary":[{"hotelId":"876315","totalReviewCnt":840,"avgOverallRating":3.915476,"cleanliness":4.2869043,"serviceAndStaff":4.1535745,"roomComfort":3.6690476,"hotelCondition":3.942857,"convenienceOfLocation":4.7446804,"neighborhoodSatisfaction":4.2659574,"roomQuality":0,"targetedBrand":"Expedia","originSummary":[{"origin":"Expedia","reviewCnt":840,"recommendedPercent":83.809525,"avgOverallRating":3.915476,"cleanliness":4.2869043,"serviceAndStaff":4.1535745,"roomComfort":3.6690476,"hotelCondition":3.942857,"convenienceOfLocation":4.7446804,"neighborhoodSatisfaction":4.2659574,"valueForMoney":0,"roomQuality":0,"categoryCounts":{"Everyone":345,"Couples":33,"BusinessTravelers":26,"Students":10,"Families":7,"Other":17},"roomTypeIdCounts":{"126689":27,"345797":1,"200163245":21,"200642801":7,"284882":1,"200642802":11,"11080":120,"200031792":97,"200331581":3},"languageCounts":{"en":840}}],"recommendedPercent":83.809525,"valueForMoney":0,"categoryCounts":{"Everyone":345,"Couples":33,"BusinessTravelers":26,"Students":10,"Families":7,"Other":17},"roomTypeIdCounts":{"126689":27,"345797":1,"200163245":21,"200642801":7,"284882":1,"200642802":11,"11080":120,"200031792":97,"200331581":3},"languageCounts":{"en":840},"featuredReview":{}}]},"reviewCollection":{"review":[{"hotelId":"876315","totalPositiveFeedbacks":0,"tpid":"4","eapid":"0","contentLocale":"en_ca","totalThanks":0,"photos":[],"reviewId":"57b1c8adc25ece0b06b7b7ff","itinId":"1140899793042","moderationStatus":"APPROVED","contentCodes":"","managementResponses":[],"ratingOverall":3,"langId":"4105","userNickname":"","brandType":"Expedia","title":"","reviewText":"Bathroom was fairly dirty. Also we came a bit early and they didn't allow early check-in. Building is overall pretty old so its expected nooks edges are full of dust.","featured":false,"ratingsOnly":false,"ratingRoomCleanliness":3,"ratingHotelCondition":3,"ratingService":3,"ratingRoomComfort":3,"positiveRemarks":"The location is great! walking distance to shopping!","negativeRemarks":"Cleanliness can be approved.","locationRemarks":"Uniqlo shop is nearby and lots of places to eat.","lastInitial":"","userLocation":"","reviewSubmissionTime":"2016-08-15T13:50:37Z","reviewerCategories":[{"categoryId":"Couples","categoryLabel":"Couples"}],"userDisplayName":"","roomTypeId":200642802,"isUnverified":false,"isFlaggable":true,"isRecommended":"NO"},{"hotelId":"876315","totalPositiveFeedbacks":0,"tpid":"3","eapid":"0","contentLocale":"en_gb","totalThanks":0,"photos":[],"reviewId":"57ae527089519e0b068c039e","itinId":"112039284047","moderationStatus":"APPROVED","contentCodes":"","managementResponses":[],"ratingOverall":3,"langId":"2057","userNickname":"WFP","brandType":"Expedia","title":"Good location","reviewText":"Very good location, very close to shops and many places to eat. Walkable or convenient for using public transport to get to many attractions. However very noisy in the morning as seemed to be constant rubbish/recycling collections everyday outside and windows.","featured":false,"ratingsOnly":false,"ratingRoomCleanliness":4,"ratingHotelCondition":3,"ratingService":4,"ratingRoomComfort":3,"positiveRemarks":"Location.","negativeRemarks":"Better sound proofing of the room.","locationRemarks":"Lots of shops and restaurants very close by.","lastInitial":"","userLocation":"London","reviewSubmissionTime":"2016-08-12T22:49:20Z","reviewerCategories":[{"categoryId":"Everyone","categoryLabel":"Everyone"}],"userDisplayName":"","roomTypeId":11080,"isUnverified":false,"isFlaggable":true,"isRecommended":"YES"},{"hotelId":"876315","totalPositiveFeedbacks":0,"tpid":"1","eapid":"0","contentLocale":"en_us","totalThanks":0,"photos":[],"reviewId":"57a1c99d2b34e10b29098c21","itinId":"1140119814480","moderationStatus":"APPROVED","contentCodes":"","managementResponses":[],"ratingOverall":3,"langId":"1033","userNickname":"","brandType":"Expedia","title":"Nice location","reviewText":"Parking charges are extremely high, $55 a day + over $7 in taxes (they don't tell you that).  You won't know where to park when you are checking in.  Room was small, no view out the window.  Breakfast room was hard to find and almost not worth going to.","featured":false,"ratingsOnly":false,"ratingRoomCleanliness":3,"ratingHotelCondition":3,"ratingService":3,"ratingRoomComfort":2,"positiveRemarks":"Location was good. Close by nice restaurants and convenient to transportation.","negativeRemarks":"","locationRemarks":"","lastInitial":"","userLocation":"","reviewSubmissionTime":"2016-08-03T10:38:21Z","reviewerCategories":[{"categoryId":"Everyone","categoryLabel":"Everyone"}],"userDisplayName":"","roomTypeId":11080,"isUnverified":false,"isFlaggable":true,"isRecommended":"NO"},{"hotelId":"876315","totalPositiveFeedbacks":0,"tpid":"4","eapid":"0","contentLocale":"en_ca","totalThanks":0,"photos":[],"reviewId":"579bb533dbc3c50b080c9a0c","itinId":"1134115591796","moderationStatus":"APPROVED","contentCodes":"","managementResponses":[],"ratingOverall":4,"langId":"4105","userNickname":"","brandType":"Expedia","title":"great location downtown, near trolleys","reviewText":"Poor breakfast, warm room, clean, good price, great location, knowleageable staff. ","featured":false,"ratingsOnly":false,"ratingRoomCleanliness":3,"ratingHotelCondition":3,"ratingService":4,"ratingRoomComfort":3,"positiveRemarks":"","negativeRemarks":"","locationRemarks":"","lastInitial":"","userLocation":"","reviewSubmissionTime":"2016-07-29T19:57:39Z","reviewerCategories":[{"categoryId":"Everyone","categoryLabel":"Everyone"}],"userDisplayName":"","roomTypeId":200163245,"isUnverified":false,"isFlaggable":true,"isRecommended":"YES"},{"hotelId":"876315","totalPositiveFeedbacks":1,"tpid":"1","eapid":"0","contentLocale":"en_us","totalThanks":1,"photos":[],"reviewId":"5797b6193a803a0b2871f277","itinId":"1140564183560","moderationStatus":"APPROVED","contentCodes":"","managementResponses":[],"ratingOverall":4,"langId":"1033","userNickname":"Pebbles","brandType":"Expedia","title":"Cute little hotel, close to Union Square ","reviewText":"The rooms were small and not every room had an air conditioner, but with SF weather you might be okay with just the ceiling fan!  If you google Tenderloin district it is \"technically\" I'm that area... However, so is some of Union Square. I felt safe the entire time. I think the bad area is further west. It was a cute, clean and great price for being 2 blocks from Union Square. If you want the Hilton, keep looking. If you want a nice hotel for a place to lay your head at night and shower in the morning without breaking the bank you should book!","featured":false,"ratingsOnly":false,"ratingRoomCleanliness":4,"ratingHotelCondition":4,"ratingService":5,"ratingRoomComfort":4,"positiveRemarks":"","negativeRemarks":"","locationRemarks":"","lastInitial":"P","userLocation":"L","reviewSubmissionTime":"2016-07-26T19:12:25Z","reviewerCategories":[{"categoryId":"Everyone","categoryLabel":"Everyone"}],"userDisplayName":"","roomTypeId":200031792,"isUnverified":false,"isFlaggable":true,"isRecommended":"YES"},{"hotelId":"876315","totalPositiveFeedbacks":0,"tpid":"1","eapid":"0","contentLocale":"en_us","totalThanks":0,"photos":[],"reviewId":"57913377c3c1f80b28454f05","itinId":"1140701694158","moderationStatus":"APPROVED","contentCodes":"","managementResponses":[],"ratingOverall":3,"langId":"1033","userNickname":"","brandType":"Expedia","title":"Convenient location","reviewText":"The hotel was in a great spot and the staff was awesome. Rooms are small, or at least ours was. Not the best if little ones are with you","featured":false,"ratingsOnly":false,"ratingRoomCleanliness":4,"ratingHotelCondition":3,"ratingService":5,"ratingRoomComfort":2,"positiveRemarks":"","negativeRemarks":"","locationRemarks":"","lastInitial":"","userLocation":"","reviewSubmissionTime":"2016-07-21T20:41:27Z","reviewerCategories":[{"categoryId":"Everyone","categoryLabel":"Everyone"}],"userDisplayName":"","roomTypeId":200642802,"isUnverified":false,"isFlaggable":true,"isRecommended":"YES"},{"hotelId":"876315","totalPositiveFeedbacks":0,"tpid":"29","eapid":"0","contentLocale":"en_au","totalThanks":0,"photos":[],"reviewId":"5789a35815645e0b2809bbd8","itinId":"130156256215","moderationStatus":"APPROVED","contentCodes":"MMA","managementResponses":[],"ratingOverall":3,"langId":"3081","userNickname":"sally","brandType":"Expedia","title":"close to central city","reviewText":"reasonable hotel for cost\r\ndisappointed no breakfast supplied as stated on website\r\nstaff unaware and nil communication to guests","featured":false,"ratingsOnly":false,"ratingRoomCleanliness":5,"ratingHotelCondition":4,"ratingService":5,"ratingRoomComfort":3,"positiveRemarks":"close to amenities\r\nand pleasant staff","negativeRemarks":"free breakfast was cancelled\r\nnil information provided to guests and staff  as to reasons why","locationRemarks":"","lastInitial":"","userLocation":"new zealand","reviewSubmissionTime":"2016-07-16T03:00:40Z","reviewerCategories":[{"categoryId":"Everyone","categoryLabel":"Everyone"}],"userDisplayName":"","roomTypeId":11080,"isUnverified":false,"isFlaggable":false,"isRecommended":"YES"},{"hotelId":"876315","totalPositiveFeedbacks":0,"tpid":"1","eapid":"0","contentLocale":"en_us","totalThanks":0,"photos":[],"reviewId":"5787900d45d8c10b28ad389c","itinId":"1131570199414","moderationStatus":"APPROVED","contentCodes":"","managementResponses":[],"ratingOverall":5,"langId":"1033","userNickname":"Monika","brandType":"Expedia","title":"Great location","reviewText":"The hotel is close to Union Square, shopping, restaurants and transportation. The staff is very polite and extremely helpful.","featured":false,"ratingsOnly":false,"ratingRoomCleanliness":5,"ratingHotelCondition":5,"ratingService":5,"ratingRoomComfort":5,"positiveRemarks":"","negativeRemarks":"","locationRemarks":"","lastInitial":"","userLocation":"Denver, CO","reviewSubmissionTime":"2016-07-14T13:13:49Z","reviewerCategories":[{"categoryId":"Everyone","categoryLabel":"Everyone"}],"userDisplayName":"","roomTypeId":126689,"isUnverified":false,"isFlaggable":true,"isRecommended":"YES"},{"hotelId":"876315","totalPositiveFeedbacks":0,"tpid":"1","eapid":"0","contentLocale":"en_us","totalThanks":0,"photos":[],"reviewId":"57874af8d863a20b2a989c64","itinId":"1137540839751","moderationStatus":"APPROVED","contentCodes":"HMP MMD","managementResponses":[],"ratingOverall":3,"langId":"1033","userNickname":"Angel","brandType":"Expedia","title":"Parking alone screams stay away","reviewText":"It took me almost 30 minutes of driving around to figure how to get into Ellis St, so I called the hotel and the lady told me that parking was in the front. She never mentioned anything about there being no access to this street unless I mad a U-turn. Parking is $51--park elsewhere. The gentlemen the in the from if the hotel were nice and more helpful. \r\n\r\nThe room was clean and had a unique design; too bad no desk to work for a two bed room. \r\n\r\nWifi is clean and free, and they offer free continental breakfast from 8-9.\r\n\r\nThe elevator needs some fixing; it made horrible sounds. Overall, the location is in a busy area which is great for shopping and dining. However, the fact that there is no free parking is a major downer. Also, it is noisy at night and day. Wouldn't return there. ","featured":false,"ratingsOnly":false,"ratingRoomCleanliness":4,"ratingHotelCondition":3,"ratingService":4,"ratingRoomComfort":3,"positiveRemarks":"","negativeRemarks":"","locationRemarks":"","lastInitial":"","userLocation":"Los Angeles","reviewSubmissionTime":"2016-07-14T08:19:04Z","reviewerCategories":[{"categoryId":"Everyone","categoryLabel":"Everyone"}],"userDisplayName":"","roomTypeId":200642802,"isUnverified":false,"isFlaggable":false,"isRecommended":"NO"},{"hotelId":"876315","totalPositiveFeedbacks":0,"tpid":"25","eapid":"0","contentLocale":"en_au","totalThanks":0,"photos":[],"reviewId":"576ff1d1f544680b7c732025","itinId":"18552300253","moderationStatus":"APPROVED","contentCodes":"MMA","managementResponses":[],"ratingOverall":4,"langId":"3081","userNickname":"","brandType":"Expedia","title":"","reviewText":"Hotel OK. Reception is under construction. Very good location.","featured":false,"ratingsOnly":false,"ratingRoomCleanliness":4,"ratingHotelCondition":3,"ratingService":5,"ratingRoomComfort":3,"positiveRemarks":"","negativeRemarks":"","locationRemarks":"","lastInitial":"","userLocation":"","reviewSubmissionTime":"2016-06-26T15:16:33Z","reviewerCategories":[{"categoryId":"Everyone","categoryLabel":"Everyone"}],"userDisplayName":"","roomTypeId":200163245,"isUnverified":false,"isFlaggable":false,"isRecommended":"YES"},{"hotelId":"876315","totalPositiveFeedbacks":0,"tpid":"4","eapid":"0","contentLocale":"en_ca","totalThanks":0,"photos":[{"thumbnailUrl":"https://a.travel-assets.com/ugc/hotel-reviews/BBEC7646258B13B284AEDBEC1D0F8A4948B1BD581466953450205.jpg?resize=*:75","normalUrl":"https://a.travel-assets.com/ugc/hotel-reviews/BBEC7646258B13B284AEDBEC1D0F8A4948B1BD581466953450205.jpg?resize=*:270","caption":"The view from our room"}],"reviewId":"576fe24899fac30b83293ca2","itinId":"1126606533726","moderationStatus":"APPROVED","contentCodes":"HMP","managementResponses":[],"ratingOverall":3,"langId":"4105","userNickname":"lapidit","brandType":"Expedia","title":"mix feelings - good location","reviewText":"We got a horrible room for the first 2 nights (small, weird , window is overlooking pipes) and much better room the last 2 days after we complained. Breakfast was ok but you have to eat it in your room. Location is great, right in the middle of action. ","featured":false,"ratingsOnly":false,"ratingRoomCleanliness":3,"ratingHotelCondition":3,"ratingService":3,"ratingRoomComfort":2,"positiveRemarks":"","negativeRemarks":"","locationRemarks":"","lastInitial":"l","userLocation":"san francisco","reviewSubmissionTime":"2016-06-26T14:10:16Z","reviewerCategories":[{"categoryId":"Everyone","categoryLabel":"Everyone"}],"userDisplayName":"","roomTypeId":11080,"isUnverified":false,"isFlaggable":false,"isRecommended":"NO"},{"hotelId":"876315","totalPositiveFeedbacks":0,"tpid":"30029","eapid":"0","contentLocale":"en_us","totalThanks":0,"photos":[],"reviewId":"5769352ff225300b4830e0f0","itinId":"14765544666","moderationStatus":"APPROVED","contentCodes":"HMP MMD","managementResponses":[],"ratingOverall":4,"langId":"1033","userNickname":"70118 Dude","brandType":"Expedia","title":"Noisy but nice","reviewText":"We had a large room on the front of the building. Number 402, as I recall. Some might think it noisy. But at night I enjoy the \"music of the city\" - car horns, voices, sirens, etc. During the day, there was construction going on in the hotel but we weren't there during the day. No big deal. So it might not be everyone's choice. But I would certainly stay there again. The staff are friendly and helpful, the location is very close to Union Square and all the major stores. By the way, the gym was tiny and the continental breakfast quite basic. Those items were not important to me.","featured":false,"ratingsOnly":false,"ratingRoomCleanliness":4,"ratingHotelCondition":3,"ratingService":4,"ratingRoomComfort":4,"positiveRemarks":"","negativeRemarks":"","locationRemarks":"","lastInitial":"","userLocation":"","reviewSubmissionTime":"2016-06-21T12:38:07Z","reviewerCategories":[{"categoryId":"Everyone","categoryLabel":"Everyone"}],"userDisplayName":"","roomTypeId":11080,"isUnverified":false,"isFlaggable":false,"isRecommended":"YES"},{"hotelId":"876315","totalPositiveFeedbacks":0,"tpid":"25","eapid":"0","contentLocale":"en_au","totalThanks":0,"photos":[],"reviewId":"57435dbff50a8f09fbf4a0b9","itinId":"18432270633","moderationStatus":"APPROVED","contentCodes":"HMP MMD","managementResponses":[],"ratingOverall":4,"langId":"3081","userNickname":"T.L","brandType":"Expedia","title":"Hotel is Centrallylocated near Powell Bart Station","reviewText":"Location is good...restaurants, shops , transportation are within walking distance.  Close to Union Square.\r\nRooms are a bit small.  Continental Breakfast is Adequate and Self-Help and you need to carry them back on a tray and to be consumed in your own room. Reception lounge has Complimentary Coffee and Tea 24hrs and a dated computer with printer for your airline onbooking confirmations.","featured":false,"ratingsOnly":false,"ratingRoomCleanliness":4,"ratingHotelCondition":4,"ratingService":4,"ratingRoomComfort":4,"positiveRemarks":"Location and friendly staff","negativeRemarks":"haha... a Breakfast Room ?","locationRemarks":"Plenty to do !!","lastInitial":"","userLocation":"Sydney, Australia","reviewSubmissionTime":"2016-05-23T19:45:03Z","reviewerCategories":[{"categoryId":"Everyone","categoryLabel":"Everyone"}],"userDisplayName":"","roomTypeId":200642802,"isUnverified":false,"isFlaggable":false,"isRecommended":"YES"},{"hotelId":"876315","totalPositiveFeedbacks":2,"tpid":"25","eapid":"0","contentLocale":"en_au","totalThanks":2,"photos":[],"reviewId":"5742766cc845e309fb313a59","itinId":"16597034457","moderationStatus":"APPROVED","contentCodes":"HMP MMD","managementResponses":[],"ratingOverall":3,"langId":"3081","userNickname":"","brandType":"Expedia","title":"Noisy, but clean and comfortable","reviewText":"Staff were friendly and helpful. The bed was comfy, and the pillows too (pillow menu was available if you needed it) and the room was clean, and staff did a good job keeping it that way. Conveniently located near macys and barneys and a couple of walgreens and the cable cars. a 30 min walk to chinatown or fishermans wharf (depending on which street you used it could be steep)\r\n\r\nColleague and i booked the same room from expedia, and got very different rooms. Theirs was a large room with plenty of space but a small bathroom with a shower over a small tub and basin in the bedroom. Mine was a very small room (not enough space to have suitcase out and get around the bed) and a large bathroom (put suitcase in there) with a proper shower, but no space around the sink for brushes and toothbrush etc.\r\n\r\nI had a room overlooking the inside of the building, and it sounded like a very noisy aircon was on the whole time outside. Turning the rooms aircon on only made it even louder. My ipad volume was barely loud enough to be heard using it's speakers.","featured":false,"ratingsOnly":false,"ratingRoomCleanliness":4,"ratingHotelCondition":3,"ratingService":4,"ratingRoomComfort":3,"positiveRemarks":"staff and comfortable bed","negativeRemarks":"noise of equipment","locationRemarks":"conveniently located to central shopping area and moscone centre","lastInitial":"","userLocation":"","reviewSubmissionTime":"2016-05-23T03:18:04Z","reviewerCategories":[{"categoryId":"Everyone","categoryLabel":"Everyone"}],"userDisplayName":"","roomTypeId":11080,"isUnverified":false,"isFlaggable":false,"isRecommended":"YES"},{"hotelId":"876315","totalPositiveFeedbacks":1,"tpid":"1","eapid":"0","contentLocale":"en_us","totalThanks":1,"photos":[],"reviewId":"573dcccfdd615b09f180d8cc","itinId":"1132363923845","moderationStatus":"APPROVED","contentCodes":"","managementResponses":[],"ratingOverall":5,"langId":"1033","userNickname":"Sean","brandType":"Expedia","title":"Easy walk to convention center, nice stay","reviewText":"Breakfast was quite basic, but was an unexpected pleasure. Overall, I was very pleased with my stay. Have stayed at several area hotels for conventions at Moscone center, and would have to say this was one of the best-they even have coffee in the lobby!","featured":false,"ratingsOnly":false,"ratingRoomCleanliness":5,"ratingHotelCondition":5,"ratingService":4,"ratingRoomComfort":4,"positiveRemarks":"Clean, comfortable bed, great location only a block from Powell station on BART and street car. Everything about this hotel beat my expectations.","negativeRemarks":"The complimentary breakfast was a pleasant surprise, but was pretty basic. Not a complaint, by any means, but is the only thing I could see to improve","locationRemarks":"Easy walk to dozens of stores and dining spots, plus so easy to reach from BART from airport.","lastInitial":"","userLocation":"Montana","reviewSubmissionTime":"2016-05-19T14:25:19Z","reviewerCategories":[{"categoryId":"BusinessTravelers","categoryLabel":"BusinessTravelers"}],"userDisplayName":"","roomTypeId":200642801,"isUnverified":false,"isFlaggable":true,"isRecommended":"YES"},{"hotelId":"876315","totalPositiveFeedbacks":0,"tpid":"1","eapid":"0","contentLocale":"en_us","totalThanks":0,"photos":[],"reviewId":"573cafc3628bd709f810fd6d","itinId":"1134528819889","moderationStatus":"APPROVED","contentCodes":"","managementResponses":[],"ratingOverall":3,"langId":"1033","userNickname":"","brandType":"Expedia","title":"Great location!","reviewText":"Cost benefit solution. Couldn't sleep due to noises coming from the air conditioner during the whole night!","featured":false,"ratingsOnly":false,"ratingRoomCleanliness":2,"ratingHotelCondition":2,"ratingService":3,"ratingRoomComfort":2,"positiveRemarks":"Location and continental breakfast","negativeRemarks":"Room conditions","locationRemarks":"Close to everything!","lastInitial":"","userLocation":"","reviewSubmissionTime":"2016-05-18T18:09:07Z","reviewerCategories":[{"categoryId":"BusinessTravelers","categoryLabel":"BusinessTravelers"}],"userDisplayName":"","roomTypeId":11080,"isUnverified":false,"isFlaggable":true,"isRecommended":"NO"},{"hotelId":"876315","totalPositiveFeedbacks":0,"tpid":"1","eapid":"0","contentLocale":"en_us","totalThanks":0,"photos":[],"reviewId":"57235612ccdf6609e0e505a9","itinId":"1131164574648","moderationStatus":"APPROVED","contentCodes":"","managementResponses":[],"ratingOverall":4,"langId":"1033","userNickname":"BYK","brandType":"Expedia","title":"","reviewText":"The room I got was a bit tiny and dark but the overall value of the hotel when you think about the price and the location is pretty nice. Also not all rooms are like this. If you get a better room with better natural lighting and a bit more space, it is a steal. The room was also very clean at all times.","featured":false,"ratingsOnly":false,"ratingRoomCleanliness":5,"ratingHotelCondition":3,"ratingService":4,"ratingRoomComfort":3,"positiveRemarks":"Great location, friendly staff, very clean","negativeRemarks":"Room size, bed comfort and natural lighting can be improved.","locationRemarks":"It is very close to a large shopping mall, Westfield Center. It is also right next to Union Square. Very close to public transport.","lastInitial":"","userLocation":"","reviewSubmissionTime":"2016-04-29T12:39:46Z","reviewerCategories":[{"categoryId":"Other","categoryLabel":"Single Travelers"}],"userDisplayName":"","roomTypeId":126689,"isUnverified":false,"isFlaggable":true,"isRecommended":"YES"},{"hotelId":"876315","totalPositiveFeedbacks":0,"tpid":"1","eapid":"0","contentLocale":"en_us","totalThanks":0,"photos":[],"reviewId":"57227effbb353509fc4d7903","itinId":"1131992127553","moderationStatus":"APPROVED","contentCodes":"HMP MMD","managementResponses":[],"ratingOverall":1,"langId":"1033","userNickname":"","brandType":"Expedia","title":"Very very bad ","reviewText":"The hotel rooms are super small , the stuff is not good , they charged me twice for the same room , they almost check me out the day earlier , they did a lots of mistakes just bad , will never stay again , the elevator didn't worked , just really bad ","featured":false,"ratingsOnly":false,"ratingRoomCleanliness":2,"ratingHotelCondition":1,"ratingService":1,"ratingRoomComfort":1,"positiveRemarks":"","negativeRemarks":"","locationRemarks":"","lastInitial":"","userLocation":"","reviewSubmissionTime":"2016-04-28T21:22:07Z","reviewerCategories":[{"categoryId":"Everyone","categoryLabel":"Everyone"}],"userDisplayName":"","roomTypeId":126689,"isUnverified":false,"isFlaggable":false,"isRecommended":"NO"},{"hotelId":"876315","totalPositiveFeedbacks":2,"tpid":"1","eapid":"0","contentLocale":"en_us","totalThanks":2,"photos":[],"reviewId":"571eb228793a3b09da7806e3","itinId":"1133160905898","moderationStatus":"APPROVED","contentCodes":"","managementResponses":[],"ratingOverall":4,"langId":"1033","userNickname":"Jose","brandType":"Expedia","title":"I will stay again!","reviewText":"Excellent staff, very friendly.. the rooms were small but functional.. the bathroom can use some uplift but its clean so that works","featured":false,"ratingsOnly":false,"ratingRoomCleanliness":4,"ratingHotelCondition":3,"ratingService":5,"ratingRoomComfort":4,"positiveRemarks":"The staff were very friendly.. the room were good, the bed was very comfortable. I will stay here again!","negativeRemarks":"The bathroom, at least paint it or something.. update the shower heads if possible..","locationRemarks":"Awesome location right in the middle of Union square, next door to nice Hotels like Parc55, Hilton etc.. ","lastInitial":"","userLocation":"Houston","reviewSubmissionTime":"2016-04-26T00:11:20Z","reviewerCategories":[{"categoryId":"Everyone","categoryLabel":"Everyone"}],"userDisplayName":"","roomTypeId":11080,"isUnverified":false,"isFlaggable":true,"isRecommended":"YES"},{"hotelId":"876315","totalPositiveFeedbacks":1,"tpid":"25","eapid":"0","contentLocale":"en_au","totalThanks":1,"photos":[],"reviewId":"5713b0e5347d9b09f5998b45","itinId":"17993043196","moderationStatus":"APPROVED","contentCodes":"HMP MMD","managementResponses":[],"ratingOverall":5,"langId":"3081","userNickname":"australian","brandType":"Expedia","title":"Nice hotel, great location to trolley car & shopin","reviewText":"Scott was amazing from start to finish.  All staff lovely and helpful.  Room was small but worth it for location.\r\n\r\nBreakfast was continental.  Decent selection of pastries and bagels.  Loved cranberry juice as a breakfast option.  Everything was just easy. ","featured":false,"ratingsOnly":false,"ratingRoomCleanliness":5,"ratingHotelCondition":5,"ratingService":5,"ratingRoomComfort":4,"positiveRemarks":"","negativeRemarks":"","locationRemarks":"","lastInitial":"","userLocation":"sf","reviewSubmissionTime":"2016-04-17T15:51:01Z","reviewerCategories":[{"categoryId":"Everyone","categoryLabel":"Everyone"}],"userDisplayName":"","roomTypeId":200642802,"isUnverified":false,"isFlaggable":false,"isRecommended":"YES"}]}}}
