{"reviewDetails":{"startIndex":0,"numberOfReviewsInThisPage":0,"reviewSummaryCollection":{"reviewSummary":[{"hotelId":"2536795","totalReviewCnt":0,"avgOverallRating":0,"cleanliness":0,"serviceAndStaff":0,"roomComfort":0,"hotelCondition":0,"convenienceOfLocation":0,"neighborhoodSatisfaction":0,"roomQuality":0,"targetedBrand":"Expedia","originSummary":[],"recommendedPercent":0,"valueForMoney":0,"categoryCounts":{},"roomTypeIdCounts":{},"languageCounts":{},"featuredReview":{}}]},"reviewCollection":{"review":[]}}}
