{"reviewDetails":{"startIndex":0,"numberOfReviewsInThisPage":20,"reviewSummaryCollection":{"reviewSummary":[{"hotelId":"14781","totalReviewCnt":92,"avgOverallRating":3.2065217,"cleanliness":3.6413043,"serviceAndStaff":3.6413043,"roomComfort":3.347826,"hotelCondition":3.2282608,"convenienceOfLocation":4.4444447,"neighborhoodSatisfaction":3.5555556,"roomQuality":0,"targetedBrand":"Expedia","originSummary":[{"origin":"Expedia","reviewCnt":92,"recommendedPercent":68.478264,"avgOverallRating":3.2065217,"cleanliness":3.6413043,"serviceAndStaff":3.6413043,"roomComfort":3.347826,"hotelCondition":3.2282608,"convenienceOfLocation":4.4444447,"neighborhoodSatisfaction":3.5555556,"valueForMoney":0,"roomQuality":0,"categoryCounts":{"Everyone":62,"Couples":5,"BusinessTravelers":2,"Families":4,"Other":1},"roomTypeIdCounts":{"200145804":27,"200145806":7,"200145809":15,"200145808":1,"200145811":2},"languageCounts":{"en":92}}],"recommendedPercent":68.478264,"valueForMoney":0,"categoryCounts":{"Everyone":62,"Couples":5,"BusinessTravelers":2,"Families":4,"Other":1},"roomTypeIdCounts":{"200145804":27,"200145806":7,"200145809":15,"200145808":1,"200145811":2},"languageCounts":{"en":92},"featuredReview":{}}]},"reviewCollection":{"review":[{"hotelId":"14781","totalPositiveFeedbacks":0,"tpid":"1","eapid":"0","contentLocale":"en_us","totalThanks":0,"photos":[],"reviewId":"57b42ab3890fba0b27249248","itinId":"1143698788970","moderationStatus":"APPROVED","contentCodes":"","managementResponses":[],"ratingOverall":4,"langId":"1033","userNickname":"","brandType":"Expedia","title":"Comfortable and friendly","reviewText":"They upgraded my room free of charge. The bathroom was cleanly. The only catch is the Internet connection did not consistently connect on my IPhone.","featured":false,"ratingsOnly":false,"ratingRoomCleanliness":4,"ratingHotelCondition":4,"ratingService":4,"ratingRoomComfort":4,"positiveRemarks":"","negativeRemarks":"","locationRemarks":"","lastInitial":"","userLocation":"","reviewSubmissionTime":"2016-08-17T09:13:23Z","reviewerCategories":[{"categoryId":"Everyone","categoryLabel":"Everyone"}],"userDisplayName":"","roomTypeId":200145804,"isUnverified":false,"isFlaggable":true,"isRecommended":"YES"},{"hotelId":"14781","totalPositiveFeedbacks":0,"tpid":"1","eapid":"0","contentLocale":"en_us","totalThanks":0,"photos":[],"reviewId":"57b3219cb32f690b068d12b2","itinId":"1142776717040","moderationStatus":"APPROVED","contentCodes":"","managementResponses":[],"ratingOverall":4,"langId":"1033","userNickname":"","brandType":"Expedia","title":"outstanding kindlyness and support from manager","reviewText":"very kind in dealing with our requests and flexible in accomodating our wishes","featured":false,"ratingsOnly":false,"ratingRoomCleanliness":4,"ratingHotelCondition":3,"ratingService":5,"ratingRoomComfort":4,"positiveRemarks":"Service mentality","negativeRemarks":"","locationRemarks":"","lastInitial":"","userLocation":"","reviewSubmissionTime":"2016-08-16T14:22:20Z","reviewerCategories":[{"categoryId":"Everyone","categoryLabel":"Everyone"}],"userDisplayName":"","roomTypeId":200145809,"isUnverified":false,"isFlaggable":true,"isRecommended":"YES"},{"hotelId":"14781","totalPositiveFeedbacks":0,"tpid":"1","eapid":"0","contentLocale":"en_us","totalThanks":0,"photos":[],"reviewId":"57a1b3bafef6e20b283560f0","itinId":"1142451959838","moderationStatus":"APPROVED","contentCodes":"","managementResponses":[],"ratingOverall":5,"langId":"1033","userNickname":"","brandType":"Expedia","title":"","reviewText":"Very friendly front desk personal. Check in was fast. Restful night stay. Continental Breakfast was great. ","featured":false,"ratingsOnly":false,"ratingRoomCleanliness":5,"ratingHotelCondition":5,"ratingService":5,"ratingRoomComfort":5,"positiveRemarks":"","negativeRemarks":"","locationRemarks":"","lastInitial":"","userLocation":"","reviewSubmissionTime":"2016-08-03T09:04:58Z","reviewerCategories":[{"categoryId":"Everyone","categoryLabel":"Everyone"}],"userDisplayName":"","roomTypeId":200145809,"isUnverified":false,"isFlaggable":true,"isRecommended":"YES"},{"hotelId":"14781","totalPositiveFeedbacks":0,"tpid":"1","eapid":"0","contentLocale":"en_us","totalThanks":0,"photos":[],"reviewId":"57a0cbd3efe1630b28641486","itinId":"1139815105914","moderationStatus":"APPROVED","contentCodes":"","managementResponses":[],"ratingOverall":4,"langId":"1033","userNickname":"Tony","brandType":"Expedia","title":"Reasonable for the area","reviewText":"Good location to stay close to my business in the San Carlos area.  Also close to SFO.","featured":false,"ratingsOnly":false,"ratingRoomCleanliness":5,"ratingHotelCondition":4,"ratingService":4,"ratingRoomComfort":5,"positiveRemarks":"Easy access to freeways and shops","negativeRemarks":"","locationRemarks":"","lastInitial":"T","userLocation":"Fresno, CA","reviewSubmissionTime":"2016-08-02T16:35:31Z","reviewerCategories":[{"categoryId":"Everyone","categoryLabel":"Everyone"}],"userDisplayName":"","roomTypeId":200145804,"isUnverified":false,"isFlaggable":true,"isRecommended":"YES"},{"hotelId":"14781","totalPositiveFeedbacks":0,"tpid":"4","eapid":"0","contentLocale":"en_ca","totalThanks":0,"photos":[],"reviewId":"579f7e7fbc131a0b28916aee","itinId":"1142190782876","moderationStatus":"APPROVED","contentCodes":"","managementResponses":[],"ratingOverall":4,"langId":"4105","userNickname":"","brandType":"Expedia","title":"Nice hotel","reviewText":"Booked it last minute we didn't expect much but we were surprised that it was clean and staff are very friendly. 15 mins to the airport.","featured":false,"ratingsOnly":false,"ratingRoomCleanliness":4,"ratingHotelCondition":4,"ratingService":4,"ratingRoomComfort":4,"positiveRemarks":"","negativeRemarks":"","locationRemarks":"","lastInitial":"","userLocation":"","reviewSubmissionTime":"2016-08-01T16:53:19Z","reviewerCategories":[{"categoryId":"Everyone","categoryLabel":"Everyone"}],"userDisplayName":"","roomTypeId":200145804,"isUnverified":false,"isFlaggable":true,"isRecommended":"YES"},{"hotelId":"14781","totalPositiveFeedbacks":0,"tpid":"3","eapid":"0","contentLocale":"en_gb","totalThanks":0,"photos":[],"reviewId":"5791fe0592b3430b2900c151","itinId":"112641865358","moderationStatus":"APPROVED","contentCodes":"","managementResponses":[],"ratingOverall":4,"langId":"2057","userNickname":"","brandType":"Expedia","title":"Good motel","reviewText":"Clean, good condition, 30 mins from San Francisco ","featured":false,"ratingsOnly":false,"ratingRoomCleanliness":5,"ratingHotelCondition":4,"ratingService":4,"ratingRoomComfort":4,"positiveRemarks":"","negativeRemarks":"","locationRemarks":"","lastInitial":"","userLocation":"","reviewSubmissionTime":"2016-07-22T11:05:41Z","reviewerCategories":[{"categoryId":"Everyone","categoryLabel":"Everyone"}],"userDisplayName":"","roomTypeId":200145809,"isUnverified":false,"isFlaggable":true,"isRecommended":"YES"},{"hotelId":"14781","totalPositiveFeedbacks":0,"tpid":"1","eapid":"0","contentLocale":"en_us","totalThanks":0,"photos":[],"reviewId":"578286cc86a89c0b48ff56d3","itinId":"1139934988444","moderationStatus":"APPROVED","contentCodes":"","managementResponses":[],"ratingOverall":3,"langId":"1033","userNickname":"CHARLITO","brandType":"Expedia","title":"Excellent location ","reviewText":"Great place to stay if you need it just to spend the night, great location close to shops and freeway.","featured":false,"ratingsOnly":false,"ratingRoomCleanliness":4,"ratingHotelCondition":3,"ratingService":5,"ratingRoomComfort":4,"positiveRemarks":"","negativeRemarks":"","locationRemarks":"","lastInitial":"C","userLocation":"P","reviewSubmissionTime":"2016-07-10T17:33:00Z","reviewerCategories":[{"categoryId":"Everyone","categoryLabel":"Everyone"}],"userDisplayName":"","roomTypeId":200145809,"isUnverified":false,"isFlaggable":true,"isRecommended":"YES"},{"hotelId":"14781","totalPositiveFeedbacks":0,"tpid":"1","eapid":"0","contentLocale":"en_us","totalThanks":0,"photos":[],"reviewId":"576adc47f50ddf0b5c3814f5","itinId":"1137918204667","moderationStatus":"APPROVED","contentCodes":"HMP MMD","managementResponses":[],"ratingOverall":2,"langId":"1033","userNickname":"","brandType":"Expedia","title":"Room good, staff not","reviewText":"Although I mentioned I had a lot of luggage (4 items for 1 person) & I had specifically requested for a quite room away from the freeway, the check-in staff gave me a room on the 4th floor at the farthest end of the building & closest to the freeway !   After moving there, I came back & asked for a 1st floor room & away from freeway, after some grumbling about it, they complied & I had to move all my stuff again.  Asked for a wake call to be set up, said it was done, but the phone never rang in the morning, fortunately I had also set up an alarm on the clock radio & that worked.   Was supposed to get a free water bottle, was never offered one until I saw another guest getting it & when I asked, then I was given 1.  Staff generally not friendly.  Room was good condition, clean & bed comfortable","featured":false,"ratingsOnly":false,"ratingRoomCleanliness":3,"ratingHotelCondition":3,"ratingService":2,"ratingRoomComfort":3,"positiveRemarks":"Room","negativeRemarks":"Staff not friendly & helpful unless prodded","locationRemarks":"Walking trails, hardly any good places to eat","lastInitial":"","userLocation":"","reviewSubmissionTime":"2016-06-22T18:43:19Z","reviewerCategories":[{"categoryId":"Everyone","categoryLabel":"Everyone"}],"userDisplayName":"","roomTypeId":200145806,"isUnverified":false,"isFlaggable":false,"isRecommended":"NO"},{"hotelId":"14781","totalPositiveFeedbacks":0,"tpid":"1","eapid":"0","contentLocale":"en_us","totalThanks":0,"photos":[],"reviewId":"569804ea5af9e40967bbdaff","itinId":"1124436191211","moderationStatus":"APPROVED","contentCodes":"","managementResponses":[],"ratingOverall":3,"langId":"1033","userNickname":"Lani","brandType":"Expedia","title":"Decent motel for the area","reviewText":"As we were staying there due to a family funeral, I do not wish to say more.","featured":false,"ratingsOnly":false,"ratingRoomCleanliness":4,"ratingHotelCondition":4,"ratingService":3,"ratingRoomComfort":3,"positiveRemarks":"Location to family's home.","negativeRemarks":"Move Cal Train","locationRemarks":"N/A","lastInitial":"","userLocation":"Humboldt County, CA","reviewSubmissionTime":"2016-01-14T20:28:26Z","reviewerCategories":[{"categoryId":"Other","categoryLabel":"N/A"}],"userDisplayName":"","roomTypeId":200145804,"isUnverified":false,"isFlaggable":true,"isRecommended":"YES"},{"hotelId":"14781","totalPositiveFeedbacks":0,"tpid":"1","eapid":"0","contentLocale":"en_us","totalThanks":0,"photos":[],"reviewId":"5627a50a6d10fd094ae2eef0","itinId":"1118165457470","moderationStatus":"APPROVED","contentCodes":"HMP MMD","managementResponses":[],"ratingOverall":4,"langId":"1033","userNickname":"","brandType":"Expedia","title":"Not what expected but would stay again","reviewText":"The photos made this hotel look much nicer than it actually is.  However, the staff was nice, the room was clean, looked like fresh decor, wall paper, paint, etc. Appliances were in good shape & working well, safe in the room. We had an upstairs room, it was pretty quiet. Bathroom is super small, bed & pillows were not the best. Also, couldn't get the wiFi to work on our Apple devices, only our laptop. Weird. Best part is that it's walking distance to a nice downtown area with lots of good eateries and sidewalk cafés. Despite the room being small and boring, I would stay here again for its other amenities and the nice staff and the cleanliness of the facility. ","featured":false,"ratingsOnly":false,"ratingRoomCleanliness":5,"ratingHotelCondition":4,"ratingService":5,"ratingRoomComfort":3,"positiveRemarks":"Close to shops, restaurants, it was clean and the appliances were nice and in good working condition. ","negativeRemarks":"","locationRemarks":"Walking distance to downtown area with stores, restaurants, bars, yoga studio, massage, salons. Trader Joe's & Walgreens within 2 blocks. ","lastInitial":"","userLocation":"carmel Valley, CA","reviewSubmissionTime":"2015-10-21T14:45:30Z","reviewerCategories":[{"categoryId":"Couples","categoryLabel":"Couples"}],"userDisplayName":"","roomTypeId":200145804,"isUnverified":false,"isFlaggable":false,"isRecommended":"YES"},{"hotelId":"14781","totalPositiveFeedbacks":0,"tpid":"1","eapid":"0","contentLocale":"en_us","totalThanks":0,"photos":[],"reviewId":"56089f61f2909a08f0c9f987","itinId":"1115380738241","moderationStatus":"APPROVED","contentCodes":"HMP MMD","managementResponses":[{"userNickname":"Suresh ","displayLocale":"en_us","isFlaggable":false,"date":"2015-10-07T18:00:28Z","response":"Thank you for staying with us. We are happy that you like our location and facility. We are glad that we were able to move you to handicapped accessible room as soon as one became available. We do have Guest computer for email and printing boarding passes in the mart area lobby.","status":"APPROVED","id":"6a109f61-0c79-4a37-aa1e-8a02afb480ed"}],"ratingOverall":3,"langId":"1033","userNickname":"chillaxingnc","brandType":"Expedia","title":"Perfect location close to airport by car","reviewText":"Staff was accommodating after first night to move us to the originally requested handicapped accessible room that was not available at check in.  Claimed Expedia did not include this request when reservation was submitted to them.  ","featured":false,"ratingsOnly":false,"ratingRoomCleanliness":4,"ratingHotelCondition":3,"ratingService":5,"ratingRoomComfort":3,"positiveRemarks":"Location.  clean and continental breakfast included","negativeRemarks":"access to computer and / or printer for airport check in and printing boarding passes would be helpful.","locationRemarks":"San Francisco and San Jose are within 30 - 40 min. drive","lastInitial":"","userLocation":"North Carolina","reviewSubmissionTime":"2015-09-28T02:01:05Z","reviewerCategories":[{"categoryId":"Everyone","categoryLabel":"Everyone"}],"userDisplayName":"","roomTypeId":200145809,"isUnverified":false,"isFlaggable":false,"isRecommended":"YES"},{"hotelId":"14781","totalPositiveFeedbacks":0,"tpid":"1","eapid":"0","contentLocale":"en_us","totalThanks":0,"photos":[],"reviewId":"55da20607852cb08f0f500ac","itinId":"1112455364553","moderationStatus":"APPROVED","contentCodes":"MMA","managementResponses":[],"ratingOverall":3,"langId":"1033","userNickname":"","brandType":"Expedia","title":"","reviewText":"Too pricey for what you get, bed was hard as a rock.","featured":false,"ratingsOnly":false,"ratingRoomCleanliness":3,"ratingHotelCondition":3,"ratingService":3,"ratingRoomComfort":2,"positiveRemarks":"","negativeRemarks":"","locationRemarks":"","lastInitial":"","userLocation":"","reviewSubmissionTime":"2015-08-23T19:34:56Z","reviewerCategories":[{"categoryId":"Everyone","categoryLabel":"Everyone"}],"userDisplayName":"","roomTypeId":"","isUnverified":false,"isFlaggable":false,"isRecommended":"YES"},{"hotelId":"14781","totalPositiveFeedbacks":2,"tpid":"1","eapid":"0","contentLocale":"en_us","totalThanks":2,"photos":[],"reviewId":"55d65df9f8422308ec116c2a","itinId":"1114143139041","moderationStatus":"APPROVED","contentCodes":"HMP MMD","managementResponses":[{"userNickname":"Suresh","displayLocale":"en_us","isFlaggable":false,"date":"2015-09-15T15:31:33Z","response":"Thank you for staying with us. We appreciate that you like our larger rooms, amenities and continental breakfast. We have updated all the rooms and exterior very recently. I am not sure why you mention NO elevator to second floor? We have 2 elevators serving all floor so no one has no climb stairs. ","status":"APPROVED","id":"54581347-0179-4010-8bd1-8d25e3298c95"}],"ratingOverall":3,"langId":"1033","userNickname":"Michele","brandType":"Expedia","title":"Nice room for the price.","reviewText":"Older hotel with some updates. Good water pressure, and everything in the room worked. Staff were very friendly. Located on busy street just across from train tracks, but staff put us in a corner room away from the street for less noise. It was the best of the \"value\" motels we've stayed at in the area.  No elevator to 2nd floor, which would bar anyone who couldn't climb stairs.","featured":false,"ratingsOnly":false,"ratingRoomCleanliness":3,"ratingHotelCondition":3,"ratingService":4,"ratingRoomComfort":4,"positiveRemarks":"Larger room than others we've had for the price and included refrigerator and microwave and continental breakfast. Comfortable bed with extra pillows.","negativeRemarks":"Everything seemed clean enough, although there were a couple of stains on the carpet and a chair. Towels were a little thin but okay.","locationRemarks":"Located 1/2 block from Trader Joe's and 25 minutes from Stanford. I felt safe walking in the area.","lastInitial":"A","userLocation":"Atascadero, CA","reviewSubmissionTime":"2015-08-20T23:08:41Z","reviewerCategories":[{"categoryId":"Everyone","categoryLabel":"Everyone"}],"userDisplayName":"","roomTypeId":"","isUnverified":false,"isFlaggable":false,"isRecommended":"YES"},{"hotelId":"14781","totalPositiveFeedbacks":1,"tpid":"1","eapid":"0","contentLocale":"en_us","totalThanks":1,"photos":[],"reviewId":"55be5108668c1c090ad1111c","itinId":"1109541152523","moderationStatus":"APPROVED","contentCodes":"MMA","managementResponses":[],"ratingOverall":4,"langId":"1033","userNickname":"","brandType":"Expedia","title":"Close to SFO ","reviewText":"I booked in this hotel which is only about 14 miles to San Francisco international air port .That's helped me to catch my early morning flight . ","featured":false,"ratingsOnly":false,"ratingRoomCleanliness":5,"ratingHotelCondition":3,"ratingService":4,"ratingRoomComfort":4,"positiveRemarks":"","negativeRemarks":"","locationRemarks":"","lastInitial":"","userLocation":"","reviewSubmissionTime":"2015-08-02T17:19:04Z","reviewerCategories":[{"categoryId":"Everyone","categoryLabel":"Everyone"}],"userDisplayName":"","roomTypeId":"","isUnverified":false,"isFlaggable":false,"isRecommended":"YES"},{"hotelId":"14781","totalPositiveFeedbacks":0,"tpid":"1","eapid":"0","contentLocale":"en_us","totalThanks":0,"photos":[],"reviewId":"55a79a1928c4160901789843","itinId":"1108666556505","moderationStatus":"APPROVED","contentCodes":"NLI HMP MMD","managementResponses":[],"ratingOverall":1,"langId":"1033","userNickname":"Frances","brandType":"Expedia","title":"don't go","reviewText":"room door lock was sticking and was hard to open. ROACHES !!!!!! All for over $100./night.","featured":false,"ratingsOnly":false,"ratingRoomCleanliness":1,"ratingHotelCondition":1,"ratingService":2,"ratingRoomComfort":2,"positiveRemarks":"","negativeRemarks":"change the management","locationRemarks":"","lastInitial":"","userLocation":"Houston, Tx","reviewSubmissionTime":"2015-07-16T11:48:41Z","reviewerCategories":[{"categoryId":"Everyone","categoryLabel":"Everyone"}],"userDisplayName":"","roomTypeId":200145804,"isUnverified":false,"isFlaggable":false,"isRecommended":"NO"},{"hotelId":"14781","totalPositiveFeedbacks":0,"tpid":"1","eapid":"0","contentLocale":"en_us","totalThanks":0,"photos":[],"reviewId":"559abcc65ae6410901b1cf99","itinId":"1108159759933","moderationStatus":"APPROVED","contentCodes":"HMP MMD","managementResponses":[{"userNickname":"suresh","displayLocale":"en_us","isFlaggable":false,"date":"2015-10-10T03:45:16Z","response":"Thank you for staying with us and writing review. We are happy that you like our new breakfast room and item we provide. We value your support and please come and stay with us again. We provide best value and amenities  to our guests.","status":"APPROVED","id":"131c81b1-df2f-40cb-83bf-4301b94b741b"}],"ratingOverall":3,"langId":"1033","userNickname":"","brandType":"Expedia","title":"good breakfast ","reviewText":"The room smelled a little bit bad but nothing terrible. The Breakfast was good, much better than the other hotels I stayed. ","featured":false,"ratingsOnly":false,"ratingRoomCleanliness":3,"ratingHotelCondition":3,"ratingService":4,"ratingRoomComfort":3,"positiveRemarks":"","negativeRemarks":"","locationRemarks":"","lastInitial":"","userLocation":"","reviewSubmissionTime":"2015-07-06T17:37:10Z","reviewerCategories":[{"categoryId":"Everyone","categoryLabel":"Everyone"}],"userDisplayName":"","roomTypeId":200145811,"isUnverified":false,"isFlaggable":false,"isRecommended":"YES"},{"hotelId":"14781","totalPositiveFeedbacks":0,"tpid":"1","eapid":"0","contentLocale":"en_us","totalThanks":0,"photos":[],"reviewId":"557b1084560f04097fd2a109","itinId":"1106933046406","moderationStatus":"APPROVED","contentCodes":"MMA","managementResponses":[],"ratingOverall":5,"langId":"1033","userNickname":"","brandType":"Expedia","title":"Good value, friendly place","reviewText":"Hotel is in a good location. Staff was very friendly. Room was clean and spacious, with a table for eating/working, a microwave and a small fridge. Excellent value for location.","featured":false,"ratingsOnly":false,"ratingRoomCleanliness":5,"ratingHotelCondition":4,"ratingService":5,"ratingRoomComfort":5,"positiveRemarks":"","negativeRemarks":"","locationRemarks":"","lastInitial":"","userLocation":"","reviewSubmissionTime":"2015-06-12T17:01:56Z","reviewerCategories":[{"categoryId":"Everyone","categoryLabel":"Everyone"}],"userDisplayName":"","roomTypeId":200145804,"isUnverified":false,"isFlaggable":false,"isRecommended":"YES"},{"hotelId":"14781","totalPositiveFeedbacks":0,"tpid":"1","eapid":"0","contentLocale":"en_us","totalThanks":0,"photos":[],"reviewId":"556229d1a4eeec3365d7352e","itinId":"1104463966188","moderationStatus":"APPROVED","contentCodes":"MMA HMP","managementResponses":[],"ratingOverall":5,"langId":"1033","userNickname":"","brandType":"Expedia","title":"","reviewText":"Rooms were clean, beds were comfortable .. overall very good hotel at this price ..","featured":false,"ratingsOnly":false,"ratingRoomCleanliness":5,"ratingHotelCondition":5,"ratingService":4,"ratingRoomComfort":4,"positiveRemarks":"","negativeRemarks":"","locationRemarks":"","lastInitial":"","userLocation":"san francisco ","reviewSubmissionTime":"2015-05-24T19:43:13Z","reviewerCategories":[{"categoryId":"Everyone","categoryLabel":"Everyone"}],"userDisplayName":"","roomTypeId":200145809,"isUnverified":false,"isFlaggable":false,"isRecommended":"YES"},{"hotelId":"14781","totalPositiveFeedbacks":0,"tpid":"1","eapid":"0","contentLocale":"en_us","totalThanks":0,"photos":[],"reviewId":"5526ad94e4b0a00eee518778","itinId":"1102079782425","moderationStatus":"APPROVED","contentCodes":"HMP MMD","managementResponses":[],"ratingOverall":3,"langId":"1033","userNickname":"Sue","brandType":"Expedia","title":"San Carlos Hotel","reviewText":"Besides a few hiccups which were fixed right away (hair dryer didn't work), my stay was a pleasent one. Hotel wasn't noisy, bed was comfortable, room & bathroom were clean, and the staff  very helpful. I will stay here again...","featured":false,"ratingsOnly":false,"ratingRoomCleanliness":4,"ratingHotelCondition":3,"ratingService":5,"ratingRoomComfort":3,"positiveRemarks":"I got a decent \"smoker\" room, and it was nice and quiet","negativeRemarks":"For the price, probably not much...","locationRemarks":"","lastInitial":"","userLocation":"California","reviewSubmissionTime":"2015-04-09T16:49:24Z","reviewerCategories":[{"categoryId":"Everyone","categoryLabel":"Everyone"}],"userDisplayName":"","roomTypeId":200145808,"isUnverified":false,"isFlaggable":false,"isRecommended":"YES"},{"hotelId":"14781","totalPositiveFeedbacks":1,"tpid":"1","eapid":"0","contentLocale":"en_us","totalThanks":1,"photos":[],"reviewId":"10000956238","itinId":"189362670628","moderationStatus":"APPROVED","contentCodes":"","managementResponses":[],"ratingOverall":1,"langId":"1033","userNickname":"","brandType":"Expedia","title":"","reviewText":"They serve the breakfast after seven, I think is because most of the people will be gone, the breakfast is very poor, mini muffins, mini bagels, no milk (only if you eat cereal), room is a little smelly, I don't know if is because they smoke outside and the smoke goes inside the room as well.  ","featured":false,"ratingsOnly":false,"ratingRoomCleanliness":2,"ratingHotelCondition":1,"ratingService":2,"ratingRoomComfort":2,"positiveRemarks":"","negativeRemarks":"","locationRemarks":"","lastInitial":"","userLocation":"","reviewSubmissionTime":"2014-10-31T23:12:42Z","reviewerCategories":[{"categoryId":"Everyone","categoryLabel":"Everyone"}],"userDisplayName":"","roomTypeId":200145806,"isUnverified":false,"isFlaggable":false,"isRecommended":"NO"}]}}}
