{"reviewDetails":{"startIndex":0,"numberOfReviewsInThisPage":20,"reviewSummaryCollection":{"reviewSummary":[{"hotelId":"894295","totalReviewCnt":98,"avgOverallRating":3.8469388,"cleanliness":4.0612235,"serviceAndStaff":4.1632667,"roomComfort":3.9591837,"hotelCondition":3.857143,"convenienceOfLocation":4.3846154,"neighborhoodSatisfaction":3.3076923,"roomQuality":0,"targetedBrand":"Expedia","originSummary":[{"origin":"Expedia","reviewCnt":98,"recommendedPercent":79.591835,"avgOverallRating":3.8469388,"cleanliness":4.0612235,"serviceAndStaff":4.1632667,"roomComfort":3.9591837,"hotelCondition":3.857143,"convenienceOfLocation":4.3846154,"neighborhoodSatisfaction":3.3076923,"valueForMoney":0,"roomQuality":0,"categoryCounts":{"Everyone":48,"BusinessTravelers":4,"Couples":8,"Families":4,"Other":2},"roomTypeIdCounts":{"111093":20,"111098":23,"393517":7},"languageCounts":{"en":98}}],"recommendedPercent":79.591835,"valueForMoney":0,"categoryCounts":{"Everyone":48,"BusinessTravelers":4,"Couples":8,"Families":4,"Other":2},"roomTypeIdCounts":{"111093":20,"111098":23,"393517":7},"languageCounts":{"en":98},"featuredReview":{}}]},"reviewCollection":{"review":[{"hotelId":"894295","totalPositiveFeedbacks":1,"tpid":"1","eapid":"0","contentLocale":"en_us","totalThanks":1,"photos":[],"reviewId":"575350a4c023fa0b4f01fcb3","itinId":"1136794955706","moderationStatus":"APPROVED","contentCodes":"","managementResponses":[],"ratingOverall":4,"langId":"1033","userNickname":"","brandType":"Expedia","title":"Close to the airport ","reviewText":"I picked this hotel because it was close to the airport. Nice comfortable accommodations.  Right down the street from the airport and close to restaurants. ","featured":false,"ratingsOnly":false,"ratingRoomCleanliness":5,"ratingHotelCondition":5,"ratingService":5,"ratingRoomComfort":5,"positiveRemarks":"","negativeRemarks":"","locationRemarks":"","lastInitial":"","userLocation":"orlando","reviewSubmissionTime":"2016-06-04T22:05:24Z","reviewerCategories":[{"categoryId":"Everyone","categoryLabel":"Everyone"}],"userDisplayName":"","roomTypeId":111093,"isUnverified":false,"isFlaggable":true,"isRecommended":"YES"},{"hotelId":"894295","totalPositiveFeedbacks":0,"tpid":"1","eapid":"0","contentLocale":"en_us","totalThanks":0,"photos":[],"reviewId":"574703e382ccbf09fb317b7c","itinId":"1133840410598","moderationStatus":"APPROVED","contentCodes":"","managementResponses":[],"ratingOverall":3,"langId":"1033","userNickname":"","brandType":"Expedia","title":"Nice but noisy","reviewText":"Nice facility, but along flight path meaning noisy.","featured":false,"ratingsOnly":false,"ratingRoomCleanliness":4,"ratingHotelCondition":3,"ratingService":3,"ratingRoomComfort":3,"positiveRemarks":"","negativeRemarks":"","locationRemarks":"","lastInitial":"","userLocation":"","reviewSubmissionTime":"2016-05-26T14:10:43Z","reviewerCategories":[{"categoryId":"Everyone","categoryLabel":"Everyone"}],"userDisplayName":"","roomTypeId":111093,"isUnverified":false,"isFlaggable":true,"isRecommended":"NO"},{"hotelId":"894295","totalPositiveFeedbacks":0,"tpid":"1","eapid":"0","contentLocale":"en_us","totalThanks":0,"photos":[],"reviewId":"56dd72297a113009822e41e2","itinId":"1129034144959","moderationStatus":"APPROVED","contentCodes":"","managementResponses":[],"ratingOverall":4,"langId":"1033","userNickname":"","brandType":"Expedia","title":"Convenient to airport","reviewText":"Needed to be close to long term parking to catch an early flight. Hotel is clean, comfortable. ","featured":false,"ratingsOnly":false,"ratingRoomCleanliness":5,"ratingHotelCondition":4,"ratingService":5,"ratingRoomComfort":4,"positiveRemarks":"","negativeRemarks":"","locationRemarks":"","lastInitial":"","userLocation":"","reviewSubmissionTime":"2016-03-07T12:20:57Z","reviewerCategories":[{"categoryId":"Everyone","categoryLabel":"Everyone"}],"userDisplayName":"","roomTypeId":111093,"isUnverified":false,"isFlaggable":true,"isRecommended":"YES"},{"hotelId":"894295","totalPositiveFeedbacks":1,"tpid":"1","eapid":"0","contentLocale":"en_us","totalThanks":1,"photos":[],"reviewId":"5676ef0eb4fdfd0968d9b0d7","itinId":"1123477132811","moderationStatus":"APPROVED","contentCodes":"MMA","managementResponses":[],"ratingOverall":4,"langId":"1033","userNickname":"","brandType":"Expedia","title":"Didn't realize the hotel didn't have a pool.  ","reviewText":"Good hotel for one night stay.  Booked this location accidentally - didn't realize the sounds of the planes would be so loud.  My fault - as I said, I accidentally booked this location.","featured":false,"ratingsOnly":false,"ratingRoomCleanliness":5,"ratingHotelCondition":5,"ratingService":5,"ratingRoomComfort":5,"positiveRemarks":"","negativeRemarks":"","locationRemarks":"","lastInitial":"","userLocation":"","reviewSubmissionTime":"2015-12-20T18:10:22Z","reviewerCategories":[{"categoryId":"Everyone","categoryLabel":"Everyone"}],"userDisplayName":"","roomTypeId":111098,"isUnverified":false,"isFlaggable":false,"isRecommended":"NO"},{"hotelId":"894295","totalPositiveFeedbacks":0,"tpid":"1","eapid":"0","contentLocale":"en_us","totalThanks":0,"photos":[],"reviewId":"56425e394f48a609687ba742","itinId":"1113941483961","moderationStatus":"APPROVED","contentCodes":"","managementResponses":[],"ratingOverall":3,"langId":"1033","userNickname":"Tommy ","brandType":"Expedia","title":"convenient to airport","reviewText":"close to airport and what you would expect from Comfort Inn. Tired unit.","featured":false,"ratingsOnly":false,"ratingRoomCleanliness":3,"ratingHotelCondition":3,"ratingService":2,"ratingRoomComfort":3,"positiveRemarks":"Clean","negativeRemarks":"Facility is tired and needs updating.  ","locationRemarks":"Little to do nearby, tough older neighborhood.","lastInitial":"W","userLocation":"Florida","reviewSubmissionTime":"2015-11-10T21:14:33Z","reviewerCategories":[{"categoryId":"Everyone","categoryLabel":"Everyone"}],"userDisplayName":"","roomTypeId":111093,"isUnverified":false,"isFlaggable":true,"isRecommended":"NO"},{"hotelId":"894295","totalPositiveFeedbacks":0,"tpid":"1","eapid":"0","contentLocale":"en_us","totalThanks":0,"photos":[],"reviewId":"55ddd82324346308f080de80","itinId":"1114332821599","moderationStatus":"APPROVED","contentCodes":"MMA","managementResponses":[{"userNickname":"Sunil Bhas","displayLocale":"en_us","isFlaggable":false,"date":"2015-08-27T22:30:23Z","response":"Dear Sir,\r\n\r\nWe saw your review and my manager went and fixed the fridge in your room and pulled out the blackout curtains for you. We also put in conditioner for you. We do carry other extra items like toothbrush, razor, shaving cream and other bathroom necessities that are available upon request at the front desk. \r\n\r\nIf there is anything else we can do for you please do not hesitate to let the front desk know.\r\n","status":"APPROVED","id":"677b2cb4-2fc8-4fbe-b4a7-da5e061f29df"}],"ratingOverall":2,"langId":"1033","userNickname":"Frank","brandType":"Expedia","title":"Close to airport overcomes discomfort","reviewText":"Really close to airport. About 5 min drive to Airtrain Car rental station.\r\nThis is a nice hotel in a strange neighborhood, more residential than commercial.\r\nHotel staff are really helpful and friendly.\r\nThe fridge in my room not working. Two shampoos and no conditioner (sound familiar).\r\nMy room faces street and the window only has thin curtains. I did not want to turn on the light at the night.\r\n\r\n","featured":false,"ratingsOnly":false,"ratingRoomCleanliness":3,"ratingHotelCondition":2,"ratingService":3,"ratingRoomComfort":2,"positiveRemarks":"","negativeRemarks":"","locationRemarks":"","lastInitial":"","userLocation":"Cincinnati, Oh","reviewSubmissionTime":"2015-08-26T15:15:47Z","reviewerCategories":[{"categoryId":"Everyone","categoryLabel":"Everyone"}],"userDisplayName":"","roomTypeId":"","isUnverified":false,"isFlaggable":false,"isRecommended":"NO"},{"hotelId":"894295","totalPositiveFeedbacks":0,"tpid":"1","eapid":"0","contentLocale":"en_us","totalThanks":0,"photos":[],"reviewId":"55cad4c28bca9508ecd307c1","itinId":"1113529005397","moderationStatus":"APPROVED","contentCodes":"MMA","managementResponses":[],"ratingOverall":3,"langId":"1033","userNickname":"","brandType":"Expedia","title":"Not so nice","reviewText":"For the amount we paid, we would have hoped for a better room!! There was Pee on one of the beds, but besides that.. It was ok","featured":false,"ratingsOnly":false,"ratingRoomCleanliness":1,"ratingHotelCondition":3,"ratingService":5,"ratingRoomComfort":2,"positiveRemarks":"Location","negativeRemarks":"steam clean your mattresses!!!","locationRemarks":"San Francisco Bay!!!","lastInitial":"","userLocation":"","reviewSubmissionTime":"2015-08-12T05:08:18Z","reviewerCategories":[{"categoryId":"Families","categoryLabel":"Families"}],"userDisplayName":"","roomTypeId":"","isUnverified":false,"isFlaggable":false,"isRecommended":"NO"},{"hotelId":"894295","totalPositiveFeedbacks":1,"tpid":"1","eapid":"0","contentLocale":"en_us","totalThanks":1,"photos":[],"reviewId":"5526970ce4b040bace368961","itinId":"1102223125975","moderationStatus":"APPROVED","contentCodes":"HMP MMD","managementResponses":[],"ratingOverall":4,"langId":"1033","userNickname":"Lovin Life","brandType":"Expedia","title":"Very nice!!","reviewText":"The staff was very nice and they were very helpful. Carlo went out of his way to get us long term parking for our car. They were very reasonable on their rate. I would diffenately stay at the hotel again.","featured":false,"ratingsOnly":false,"ratingRoomCleanliness":4,"ratingHotelCondition":4,"ratingService":4,"ratingRoomComfort":4,"positiveRemarks":"","negativeRemarks":"","locationRemarks":"","lastInitial":"","userLocation":"Turlock ","reviewSubmissionTime":"2015-04-09T15:13:16Z","reviewerCategories":[{"categoryId":"Everyone","categoryLabel":"Everyone"}],"userDisplayName":"","roomTypeId":393517,"isUnverified":false,"isFlaggable":false,"isRecommended":"YES"},{"hotelId":"894295","totalPositiveFeedbacks":0,"tpid":"1","eapid":"0","contentLocale":"en_us","totalThanks":0,"photos":[],"reviewId":"5510584be4b0a8244ab2a8a9","itinId":"1100846036834","moderationStatus":"APPROVED","contentCodes":"HMP MMD","managementResponses":[],"ratingOverall":5,"langId":"1033","userNickname":"sheneta","brandType":"Expedia","title":"relaxing weekend","reviewText":"the front desk customer service personnel was very resourceful, polite and friendly.  the facilities were clean and remodeled tastefully.  the room was clean and comfortable.  the location was convenient.  i would highly recommend and i would stay again.","featured":false,"ratingsOnly":false,"ratingRoomCleanliness":5,"ratingHotelCondition":5,"ratingService":5,"ratingRoomComfort":5,"positiveRemarks":"convenient location and wonderful staff","negativeRemarks":"n/a","locationRemarks":"located close to the airport, malls and restaurants","lastInitial":"","userLocation":"san francisco bay area","reviewSubmissionTime":"2015-03-23T18:15:39Z","reviewerCategories":[{"categoryId":"Everyone","categoryLabel":"Everyone"}],"userDisplayName":"","roomTypeId":111093,"isUnverified":false,"isFlaggable":false,"isRecommended":"YES"},{"hotelId":"894295","totalPositiveFeedbacks":1,"tpid":"1","eapid":"0","contentLocale":"en_us","totalThanks":1,"photos":[],"reviewId":"10001304633","itinId":"187563976218","moderationStatus":"APPROVED","contentCodes":"","managementResponses":[],"ratingOverall":3,"langId":"1033","userNickname":"meg","brandType":"Expedia","title":"Ok","reviewText":"Good for the price. Very close to the airport and the shuttle bus runs every 30 minutes or so,which was very convenient. Nothing amazing but nothing to complain, either. The front desk people were nice and very welcoming. The room was clean and the bed was really comfortable. I loved they had soft pillows and harder pillows.","featured":false,"ratingsOnly":false,"ratingRoomCleanliness":4,"ratingHotelCondition":3,"ratingService":5,"ratingRoomComfort":4,"positiveRemarks":"","negativeRemarks":"","locationRemarks":"","lastInitial":"","userLocation":"Chicago","reviewSubmissionTime":"2014-12-30T20:43:29Z","reviewerCategories":[{"categoryId":"Everyone","categoryLabel":"Everyone"}],"userDisplayName":"","roomTypeId":111098,"isUnverified":false,"isFlaggable":false,"isRecommended":"YES"},{"hotelId":"894295","totalPositiveFeedbacks":0,"tpid":"1","eapid":"0","contentLocale":"en_us","totalThanks":0,"photos":[],"reviewId":"10001218495","itinId":"193084223981","moderationStatus":"APPROVED","contentCodes":"","managementResponses":[],"ratingOverall":5,"langId":"1033","userNickname":"mindy ","brandType":"Expedia","title":"Great hotel near SFO","reviewText":"Free parking, nice rooms, great value at this hotel!","featured":false,"ratingsOnly":false,"ratingRoomCleanliness":5,"ratingHotelCondition":5,"ratingService":5,"ratingRoomComfort":5,"positiveRemarks":"","negativeRemarks":"","locationRemarks":"","lastInitial":"","userLocation":"","reviewSubmissionTime":"2014-12-15T18:41:32Z","reviewerCategories":[{"categoryId":"Everyone","categoryLabel":"Everyone"}],"userDisplayName":"","roomTypeId":111098,"isUnverified":false,"isFlaggable":false,"isRecommended":"YES"},{"hotelId":"894295","totalPositiveFeedbacks":0,"tpid":"1","eapid":"0","contentLocale":"en_us","totalThanks":0,"photos":[],"reviewId":"10000967641","itinId":"189258168622","moderationStatus":"APPROVED","contentCodes":"","managementResponses":[],"ratingOverall":5,"langId":"1033","userNickname":"bob","brandType":"Expedia","title":"","reviewText":"The remodeled room was great. The rest of the hotel will be done soon.  Great stay.","featured":false,"ratingsOnly":false,"ratingRoomCleanliness":5,"ratingHotelCondition":5,"ratingService":5,"ratingRoomComfort":5,"positiveRemarks":"Great beds and pillows.ideal location ","negativeRemarks":"","locationRemarks":"Ideal location if you need to return a rental car or an early flight.","lastInitial":"b","userLocation":"orlando","reviewSubmissionTime":"2014-11-02T23:57:28Z","reviewerCategories":[{"categoryId":"Everyone","categoryLabel":"Everyone"}],"userDisplayName":"","roomTypeId":111098,"isUnverified":false,"isFlaggable":false,"isRecommended":"YES"},{"hotelId":"894295","totalPositiveFeedbacks":0,"tpid":"1","eapid":"0","contentLocale":"en_us","totalThanks":0,"photos":[],"reviewId":"10000054500","itinId":"175072216804","moderationStatus":"APPROVED","contentCodes":"","managementResponses":[],"ratingOverall":4,"langId":"1033","userNickname":"","brandType":"Expedia","title":"Close to airport, good deal for the cost","reviewText":"We only needed a place to stay enroute back to Midwest from our trip to California. The motel was comfortable, close to the airport, clean and had all of the amenities, except they were remodeling and the fitness room was closed. Breakfast was not exceptional, but was free and had a pretty good variety. I would stay there again.","featured":false,"ratingsOnly":false,"ratingRoomCleanliness":5,"ratingHotelCondition":4,"ratingService":5,"ratingRoomComfort":5,"positiveRemarks":"","negativeRemarks":"","locationRemarks":"","lastInitial":"","userLocation":"","reviewSubmissionTime":"2014-07-02T18:31:05Z","reviewerCategories":[{"categoryId":"Everyone","categoryLabel":"Everyone"}],"userDisplayName":"","roomTypeId":"","isUnverified":false,"isFlaggable":false,"isRecommended":"YES"},{"hotelId":"894295","totalPositiveFeedbacks":1,"tpid":"4","eapid":"0","contentLocale":"en_ca","totalThanks":1,"photos":[],"reviewId":"70007162","itinId":"171509031861","moderationStatus":"APPROVED","contentCodes":"","managementResponses":[],"ratingOverall":4,"langId":"4105","userNickname":"Brian","brandType":"Expedia","title":"1 Night stay. Close to the Airport.","reviewText":"We chose the Comfort Inn because of it's close location to the San Francisco Airport. We came off a cruise and wanted to stay 1 extra day to do a bit of touring. We arrived at Comfort Inn at approximately 9 a.m. and they stored our luggage for us and off we went touring. When We came back about 3 p.m. we checked in. They upgraded us from a King Bed Standard room to a King Bed Suite which was a pleasant surprise. Our 1 night stay was enjoyable. Everyone must remember when You stay at a Hotel near an Airport You will hear Airplanes occasionally. It did not bother us.\nWe got a free breakfast in the morning and free shuttle bus to the Airport.","featured":false,"ratingsOnly":false,"ratingRoomCleanliness":4,"ratingHotelCondition":4,"ratingService":5,"ratingRoomComfort":4,"positiveRemarks":"Clean Room. Close to the Airport. Free Breakfast and Free Shuttle bus to the Airport.","negativeRemarks":"","locationRemarks":"Close to Airport. A few restaurants about a 15 minute walk away. Convenience store with Beer and Liquor about a 5 minute walk away.","lastInitial":"","userLocation":"Alberta, Canada","reviewSubmissionTime":"2014-04-30T20:17:47Z","reviewerCategories":[{"categoryId":"Everyone","categoryLabel":"Everyone"}],"userDisplayName":"Brian","roomTypeId":"","isUnverified":false,"isFlaggable":false,"isRecommended":"YES"},{"hotelId":"894295","totalPositiveFeedbacks":0,"tpid":"1","eapid":"0","contentLocale":"en_us","totalThanks":0,"photos":[],"reviewId":"66383364","itinId":"169552406448","moderationStatus":"APPROVED","contentCodes":"","managementResponses":[],"ratingOverall":5,"langId":"1033","userNickname":"","brandType":"Expedia","title":"pleasant hotel","reviewText":"close to the air port and down town and easy access to the fwy.","featured":false,"ratingsOnly":false,"ratingRoomCleanliness":5,"ratingHotelCondition":5,"ratingService":5,"ratingRoomComfort":5,"positiveRemarks":"","negativeRemarks":"","locationRemarks":"","lastInitial":"","userLocation":"","reviewSubmissionTime":"2014-02-18T05:22:55Z","reviewerCategories":[{"categoryId":"Everyone","categoryLabel":"Everyone"}],"userDisplayName":"","roomTypeId":"","isUnverified":false,"isFlaggable":false,"isRecommended":"YES"},{"hotelId":"894295","totalPositiveFeedbacks":0,"tpid":"1","eapid":"0","contentLocale":"en_us","totalThanks":0,"photos":[],"reviewId":"64288936","itinId":"167515668013","moderationStatus":"APPROVED","contentCodes":"","managementResponses":[],"ratingOverall":4,"langId":"1033","userNickname":"chuy","brandType":"Expedia","title":"Good for the price","reviewText":"It was cheap and good room to stay, very close to the airport and have a shuttle to take you there.","featured":false,"ratingsOnly":false,"ratingRoomCleanliness":5,"ratingHotelCondition":4,"ratingService":5,"ratingRoomComfort":4,"positiveRemarks":"","negativeRemarks":"","locationRemarks":"","lastInitial":"","userLocation":"fresno ca","reviewSubmissionTime":"2014-01-03T20:42:20Z","reviewerCategories":[{"categoryId":"Everyone","categoryLabel":"Everyone"}],"userDisplayName":"chuy","roomTypeId":111093,"isUnverified":false,"isFlaggable":false,"isRecommended":"YES"},{"hotelId":"894295","totalPositiveFeedbacks":0,"tpid":"1","eapid":"0","contentLocale":"en_us","totalThanks":0,"photos":[],"reviewId":"63347882","itinId":"166861534631","moderationStatus":"APPROVED","contentCodes":"","managementResponses":[],"ratingOverall":3,"langId":"1033","userNickname":"","brandType":"Expedia","title":"","reviewText":"","featured":false,"ratingsOnly":true,"ratingRoomCleanliness":3,"ratingHotelCondition":3,"ratingService":4,"ratingRoomComfort":3,"positiveRemarks":"","negativeRemarks":"","locationRemarks":"","lastInitial":"","userLocation":"","reviewSubmissionTime":"2013-12-16T19:46:10Z","reviewerCategories":[{"categoryId":"Everyone","categoryLabel":"Everyone"}],"userDisplayName":"","roomTypeId":111093,"isUnverified":false,"isFlaggable":false,"isRecommended":"NO"},{"hotelId":"894295","totalPositiveFeedbacks":0,"tpid":"1","eapid":"0","contentLocale":"en_us","totalThanks":0,"photos":[],"reviewId":"62817905","itinId":"165432099070","moderationStatus":"APPROVED","contentCodes":"","managementResponses":[],"ratingOverall":5,"langId":"1033","userNickname":"Mare","brandType":"Expedia","title":"Great experience","reviewText":"We were pleasantly surprised at the spaciousness of the room (two queens). It was more than enough room for all of us. Everything was clean and well maintained. And of course, the breakfast was wonderful. The full breakfast was why we chose Comfort Inn. We also liked that the stairs were well lit and seemed like they were a part of the hotel not just an emergency exit. We are a family that would much rather take the stairs rather than an elevator, so not having to go out of our way or in some dark, dirty back stairwell was very welcomed.","featured":false,"ratingsOnly":false,"ratingRoomCleanliness":5,"ratingHotelCondition":5,"ratingService":4,"ratingRoomComfort":5,"positiveRemarks":"The full breakfast! Also the atrium - it made things bright and nice.","negativeRemarks":"The desk clerk couldn't tell me how to get to the beach. Yes, it was December, but it was also 70 degrees and we wanted to walk on the beach!","locationRemarks":"Every weekend between Thanksgiving and Christmas at the Cow Palace (less than 10 miles) is the Great Dickens Christmas Fair. That's why we were there!","lastInitial":"","userLocation":"Reno, NV","reviewSubmissionTime":"2013-12-03T22:30:01Z","reviewerCategories":[{"categoryId":"Everyone","categoryLabel":"Everyone"}],"userDisplayName":"Mare","roomTypeId":111098,"isUnverified":false,"isFlaggable":false,"isRecommended":"YES"},{"hotelId":"894295","totalPositiveFeedbacks":0,"tpid":"1","eapid":"0","contentLocale":"en_us","totalThanks":0,"photos":[],"reviewId":"61969941","itinId":"165164040091","moderationStatus":"APPROVED","contentCodes":"","managementResponses":[],"ratingOverall":4,"langId":"1033","userNickname":"LM","brandType":"Expedia","title":"Good Value for your money!","reviewText":"The room is clean and comfortable. The staff are nice and friendly.","featured":false,"ratingsOnly":false,"ratingRoomCleanliness":3,"ratingHotelCondition":3,"ratingService":5,"ratingRoomComfort":4,"positiveRemarks":"The jacuzzi in the bathroom was nice. the energy savings (light, heat, water) is great!","negativeRemarks":"more light in the room.","locationRemarks":"About 6 blocks from The shops at Tansforan.","lastInitial":"","userLocation":"Manila, PH","reviewSubmissionTime":"2013-11-18T18:24:15Z","reviewerCategories":[{"categoryId":"Everyone","categoryLabel":"Everyone"}],"userDisplayName":"LM","roomTypeId":393517,"isUnverified":false,"isFlaggable":false,"isRecommended":"YES"},{"hotelId":"894295","totalPositiveFeedbacks":0,"tpid":"1","eapid":"0","contentLocale":"en_us","totalThanks":0,"photos":[],"reviewId":"60215283","itinId":"163657959857","moderationStatus":"APPROVED","contentCodes":"","managementResponses":[],"ratingOverall":3,"langId":"1033","userNickname":"Dianna","brandType":"Expedia","title":"Easy bus ride to Fisherman's Wharf","reviewText":"Hotel was very average but clean. Could see the Golden Gate from our room. Helpful staff and good location.","featured":false,"ratingsOnly":false,"ratingRoomCleanliness":4,"ratingHotelCondition":3,"ratingService":3,"ratingRoomComfort":4,"positiveRemarks":"","negativeRemarks":"","locationRemarks":"","lastInitial":"","userLocation":"Wyoming","reviewSubmissionTime":"2013-10-24T04:39:40Z","reviewerCategories":[{"categoryId":"Everyone","categoryLabel":"Everyone"}],"userDisplayName":"Dianna","roomTypeId":111098,"isUnverified":false,"isFlaggable":false,"isRecommended":"YES"}]}}}
