{"reviewDetails":{"startIndex":0,"numberOfReviewsInThisPage":20,"reviewSummaryCollection":{"reviewSummary":[{"hotelId":"20191","totalReviewCnt":95,"avgOverallRating":4.4210544,"cleanliness":4.5789485,"serviceAndStaff":4.5052643,"roomComfort":4.48421,"hotelCondition":4.3789477,"convenienceOfLocation":4.5,"neighborhoodSatisfaction":4.3333335,"roomQuality":0,"targetedBrand":"Expedia","originSummary":[{"origin":"Expedia","reviewCnt":95,"recommendedPercent":97.89474,"avgOverallRating":4.4210544,"cleanliness":4.5789485,"serviceAndStaff":4.5052643,"roomComfort":4.48421,"hotelCondition":4.3789477,"convenienceOfLocation":4.5,"neighborhoodSatisfaction":4.3333335,"valueForMoney":0,"roomQuality":0,"categoryCounts":{"Everyone":74,"BusinessTravelers":2,"Couples":5},"roomTypeIdCounts":{"30643":30,"37048":31},"languageCounts":{"en":95}}],"recommendedPercent":97.89474,"valueForMoney":0,"categoryCounts":{"Everyone":74,"BusinessTravelers":2,"Couples":5},"roomTypeIdCounts":{"30643":30,"37048":31},"languageCounts":{"en":95},"featuredReview":{}}]},"reviewCollection":{"review":[{"hotelId":"20191","totalPositiveFeedbacks":0,"tpid":"1","eapid":"0","contentLocale":"en_us","totalThanks":0,"photos":[],"reviewId":"57b1f8a8973cb70b41d22028","itinId":"1143496755892","moderationStatus":"APPROVED","contentCodes":"","managementResponses":[],"ratingOverall":5,"langId":"1033","userNickname":"","brandType":"Expedia","title":"nice hotel","reviewText":"very nice highly recommended and satisfied and happy and very nice and very happy ,,,,,,,,,,,,,,,,,,,,,,,,,,,,,,,,,,,,,,,,,,,,,,,,,,,,,,,,","featured":false,"ratingsOnly":false,"ratingRoomCleanliness":5,"ratingHotelCondition":5,"ratingService":5,"ratingRoomComfort":5,"positiveRemarks":"everything","negativeRemarks":"na","locationRemarks":"perfect","lastInitial":"","userLocation":"","reviewSubmissionTime":"2016-08-15T17:15:20Z","reviewerCategories":[{"categoryId":"Everyone","categoryLabel":"Everyone"}],"userDisplayName":"","roomTypeId":30643,"isUnverified":false,"isFlaggable":true,"isRecommended":"YES"},{"hotelId":"20191","totalPositiveFeedbacks":0,"tpid":"1","eapid":"0","contentLocale":"en_us","totalThanks":0,"photos":[],"reviewId":"57ab21b70a400a0b0d237b39","itinId":"1142638113514","moderationStatus":"APPROVED","contentCodes":"","managementResponses":[],"ratingOverall":5,"langId":"1033","userNickname":"","brandType":"Expedia","title":"","reviewText":"Very nice in every way. Nice rooms. Comfortable bed.","featured":false,"ratingsOnly":false,"ratingRoomCleanliness":5,"ratingHotelCondition":5,"ratingService":5,"ratingRoomComfort":5,"positiveRemarks":"","negativeRemarks":"","locationRemarks":"","lastInitial":"","userLocation":"","reviewSubmissionTime":"2016-08-10T12:44:39Z","reviewerCategories":[{"categoryId":"Everyone","categoryLabel":"Everyone"}],"userDisplayName":"","roomTypeId":30643,"isUnverified":false,"isFlaggable":true,"isRecommended":"YES"},{"hotelId":"20191","totalPositiveFeedbacks":0,"tpid":"1","eapid":"0","contentLocale":"en_us","totalThanks":0,"photos":[],"reviewId":"57867a3083553b0b276a642a","itinId":"1139826299880","moderationStatus":"APPROVED","contentCodes":"","managementResponses":[],"ratingOverall":4,"langId":"1033","userNickname":"","brandType":"Expedia","title":"Pleasant surprise","reviewText":"Not usually a Courtyard guy, but this was very convenient for business travel and within walking distance of some good restaurants without being loud. ","featured":false,"ratingsOnly":false,"ratingRoomCleanliness":5,"ratingHotelCondition":4,"ratingService":5,"ratingRoomComfort":4,"positiveRemarks":"","negativeRemarks":"","locationRemarks":"","lastInitial":"","userLocation":"","reviewSubmissionTime":"2016-07-13T17:28:16Z","reviewerCategories":[{"categoryId":"Everyone","categoryLabel":"Everyone"}],"userDisplayName":"","roomTypeId":30643,"isUnverified":false,"isFlaggable":true,"isRecommended":"YES"},{"hotelId":"20191","totalPositiveFeedbacks":0,"tpid":"1","eapid":"0","contentLocale":"en_us","totalThanks":0,"photos":[],"reviewId":"5781caa724f9a20b7c5b0221","itinId":"1138506468002","moderationStatus":"APPROVED","contentCodes":"","managementResponses":[],"ratingOverall":4,"langId":"1033","userNickname":"Sandie","brandType":"Expedia","title":"On the Bay in Larkspur","reviewText":"Great location, north of San Francisco. A real perk is the ferry from Larkspur to San Francisco and its across the street from the hotel. There is also a sweet market center of restaurants and stores, next to the hotel too. The facility is modern, clean, with a Bistro, swimming pool, gym and terrific staff. I have stayed here several times, and will go back again. ","featured":false,"ratingsOnly":false,"ratingRoomCleanliness":4,"ratingHotelCondition":4,"ratingService":4,"ratingRoomComfort":4,"positiveRemarks":"Location","negativeRemarks":"","locationRemarks":"Explore the northern coast and San Francisco. ","lastInitial":"R","userLocation":"Sacramento, CA","reviewSubmissionTime":"2016-07-10T04:10:15Z","reviewerCategories":[{"categoryId":"Everyone","categoryLabel":"Everyone"}],"userDisplayName":"","roomTypeId":37048,"isUnverified":false,"isFlaggable":true,"isRecommended":"YES"},{"hotelId":"20191","totalPositiveFeedbacks":0,"tpid":"1","eapid":"0","contentLocale":"en_us","totalThanks":0,"photos":[],"reviewId":"5767fe9e9fa8ce0b7bce1a75","itinId":"1131423126622","moderationStatus":"APPROVED","contentCodes":"","managementResponses":[],"ratingOverall":4,"langId":"1033","userNickname":"Jeff","brandType":"Expedia","title":"a great sray","reviewText":"Nice hotel , clean well appointed in quiet but convenient location with shops and dining nearby. The staff was friendly and helpful. A bit pricey but we were quite satisfied with the experience","featured":false,"ratingsOnly":false,"ratingRoomCleanliness":4,"ratingHotelCondition":4,"ratingService":4,"ratingRoomComfort":4,"positiveRemarks":"","negativeRemarks":"","locationRemarks":"","lastInitial":"","userLocation":"Boston","reviewSubmissionTime":"2016-06-20T14:33:02Z","reviewerCategories":[{"categoryId":"Everyone","categoryLabel":"Everyone"}],"userDisplayName":"","roomTypeId":37048,"isUnverified":false,"isFlaggable":true,"isRecommended":"YES"},{"hotelId":"20191","totalPositiveFeedbacks":0,"tpid":"1","eapid":"0","contentLocale":"en_us","totalThanks":0,"photos":[],"reviewId":"57388f2abbb2c009fd0984a0","itinId":"1134939515522","moderationStatus":"APPROVED","contentCodes":"MMA","managementResponses":[],"ratingOverall":3,"langId":"1033","userNickname":"","brandType":"Expedia","title":"Room","reviewText":"I booked a King and received a Queen handicapped room. I paid a lot of money for my room and was very disapointed!","featured":false,"ratingsOnly":false,"ratingRoomCleanliness":4,"ratingHotelCondition":4,"ratingService":4,"ratingRoomComfort":2,"positiveRemarks":"The staff\r\n","negativeRemarks":"","locationRemarks":"Perfect","lastInitial":"","userLocation":"","reviewSubmissionTime":"2016-05-15T15:00:58Z","reviewerCategories":[{"categoryId":"Everyone","categoryLabel":"Everyone"}],"userDisplayName":"","roomTypeId":30643,"isUnverified":false,"isFlaggable":false,"isRecommended":"YES"},{"hotelId":"20191","totalPositiveFeedbacks":0,"tpid":"1","eapid":"0","contentLocale":"en_us","totalThanks":0,"photos":[],"reviewId":"572cd36fbbb2c009fd582f53","itinId":"1132866152759","moderationStatus":"APPROVED","contentCodes":"","managementResponses":[],"ratingOverall":5,"langId":"1033","userNickname":"Kelley","brandType":"Expedia","title":"North Bay Get away!","reviewText":"This Hotel is in a quiet beautiful setting with easy access to more than you can imagine. Shopping, dinning, salons, a Barber, Movies, history, Ferry, Wine, scenic roads, national parks, colleges, and the coast. We did it all including a Professional Ball Game.  Oh, and the variety of whether is unimaginable. The beauty of rolling fog, sails being filled with wind, sunshine shores popping up, and even House Boats! Loved it!","featured":false,"ratingsOnly":false,"ratingRoomCleanliness":5,"ratingHotelCondition":5,"ratingService":5,"ratingRoomComfort":5,"positiveRemarks":"Hotel has easy access to parking, food, elevator, and the pool. It is clean, has a friendly staff, great beds, balconies, and location. ","negativeRemarks":"N/A","locationRemarks":"Scenic Roads, National Parks, the Bay, the Ocean, the country, wineries, quaint towns, sports, dinning, shopping, History, \r\nbicycling, and picnicing.","lastInitial":"","userLocation":"California","reviewSubmissionTime":"2016-05-06T17:25:03Z","reviewerCategories":[{"categoryId":"Everyone","categoryLabel":"Everyone"}],"userDisplayName":"","roomTypeId":37048,"isUnverified":false,"isFlaggable":true,"isRecommended":"YES"},{"hotelId":"20191","totalPositiveFeedbacks":0,"tpid":"1","eapid":"0","contentLocale":"en_us","totalThanks":0,"photos":[],"reviewId":"572c8a5785ec5d09fccfd3fc","itinId":"1133976907467","moderationStatus":"APPROVED","contentCodes":"","managementResponses":[],"ratingOverall":5,"langId":"1033","userNickname":"M","brandType":"Expedia","title":"Pricey but worth it!","reviewText":"The staff in the Starbucks in the lobby were Awesome!","featured":false,"ratingsOnly":false,"ratingRoomCleanliness":5,"ratingHotelCondition":5,"ratingService":5,"ratingRoomComfort":5,"positiveRemarks":"Cozy, Clean, Convienient","negativeRemarks":"Not very kid friendly, we had 12 Girl Scouts and guests were complaining at 9pm that they were too noisy??","locationRemarks":"Awesome Location!!!","lastInitial":"S","userLocation":"CHINO, CA","reviewSubmissionTime":"2016-05-06T12:13:11Z","reviewerCategories":[{"categoryId":"Everyone","categoryLabel":"Everyone"}],"userDisplayName":"","roomTypeId":30643,"isUnverified":false,"isFlaggable":true,"isRecommended":"YES"},{"hotelId":"20191","totalPositiveFeedbacks":0,"tpid":"1","eapid":"0","contentLocale":"en_us","totalThanks":0,"photos":[],"reviewId":"570ad9677dd63a09f521467e","itinId":"1129655097112","moderationStatus":"APPROVED","contentCodes":"","managementResponses":[],"ratingOverall":4,"langId":"1033","userNickname":"","brandType":"Expedia","title":"Nice hotel,  excellent location ","reviewText":"No problems,  clean, comfortable  options,  individual seating arrangements ","featured":false,"ratingsOnly":false,"ratingRoomCleanliness":4,"ratingHotelCondition":4,"ratingService":4,"ratingRoomComfort":4,"positiveRemarks":"Atmosphere ","negativeRemarks":"Nothing much ","locationRemarks":"Ferry larkspur landing ","lastInitial":"","userLocation":"","reviewSubmissionTime":"2016-04-10T22:53:27Z","reviewerCategories":[{"categoryId":"Everyone","categoryLabel":"Everyone"}],"userDisplayName":"","roomTypeId":37048,"isUnverified":false,"isFlaggable":true,"isRecommended":"YES"},{"hotelId":"20191","totalPositiveFeedbacks":0,"tpid":"1","eapid":"0","contentLocale":"en_us","totalThanks":0,"photos":[],"reviewId":"56ef07d479d403097a84ada4","itinId":"1127170732508","moderationStatus":"APPROVED","contentCodes":"","managementResponses":[],"ratingOverall":5,"langId":"1033","userNickname":"JB","brandType":"Expedia","title":"Excellent place to explore SF","reviewText":"We were right across the street from the ferry terminal that took us to the piers.  Location was perfect!  Room was clean and large.  Nice staff.","featured":false,"ratingsOnly":false,"ratingRoomCleanliness":5,"ratingHotelCondition":5,"ratingService":5,"ratingRoomComfort":5,"positiveRemarks":"Clean, modern, great location.","negativeRemarks":"Na","locationRemarks":"Ferry, marketplace","lastInitial":"","userLocation":"","reviewSubmissionTime":"2016-03-20T20:28:04Z","reviewerCategories":[{"categoryId":"Everyone","categoryLabel":"Everyone"}],"userDisplayName":"","roomTypeId":30643,"isUnverified":false,"isFlaggable":true,"isRecommended":"YES"},{"hotelId":"20191","totalPositiveFeedbacks":0,"tpid":"1","eapid":"0","contentLocale":"en_us","totalThanks":0,"photos":[],"reviewId":"56eeb78d4f20ca097a4466fd","itinId":"1129989025610","moderationStatus":"APPROVED","contentCodes":"","managementResponses":[],"ratingOverall":3,"langId":"1033","userNickname":"","brandType":"Expedia","title":"","reviewText":"Cleanliness was well below expectations.  Staff was terrific ","featured":false,"ratingsOnly":false,"ratingRoomCleanliness":2,"ratingHotelCondition":2,"ratingService":5,"ratingRoomComfort":2,"positiveRemarks":"","negativeRemarks":"","locationRemarks":"","lastInitial":"","userLocation":"","reviewSubmissionTime":"2016-03-20T14:45:33Z","reviewerCategories":[{"categoryId":"Everyone","categoryLabel":"Everyone"}],"userDisplayName":"","roomTypeId":37048,"isUnverified":false,"isFlaggable":true,"isRecommended":"YES"},{"hotelId":"20191","totalPositiveFeedbacks":0,"tpid":"1","eapid":"0","contentLocale":"en_us","totalThanks":0,"photos":[],"reviewId":"56c6266c6f89af0995194c68","itinId":"1126731421246","moderationStatus":"APPROVED","contentCodes":"","managementResponses":[],"ratingOverall":4,"langId":"1033","userNickname":"cycruz","brandType":"Expedia","title":"Comfortable hotel near SF","reviewText":"We were pleasantly surprised how close this hotel was to San Francisco. The price was reasonable and the beds comfortable.","featured":false,"ratingsOnly":false,"ratingRoomCleanliness":4,"ratingHotelCondition":4,"ratingService":4,"ratingRoomComfort":5,"positiveRemarks":"Location was good and large comfortable rooms. ","negativeRemarks":"Add some character and color to the place. It's kind of drab.","locationRemarks":"Marin Headlands on a sunny day. Mt Tamilpais. All of San Francisco is close by too.","lastInitial":"","userLocation":"Santa Cruz, CA","reviewSubmissionTime":"2016-02-18T20:15:40Z","reviewerCategories":[{"categoryId":"Everyone","categoryLabel":"Everyone"}],"userDisplayName":"","roomTypeId":30643,"isUnverified":false,"isFlaggable":true,"isRecommended":"YES"},{"hotelId":"20191","totalPositiveFeedbacks":0,"tpid":"1","eapid":"0","contentLocale":"en_us","totalThanks":0,"photos":[],"reviewId":"56c3468f272ea409815711d2","itinId":"1122326435075","moderationStatus":"APPROVED","contentCodes":"","managementResponses":[],"ratingOverall":4,"langId":"1033","userNickname":"Chris","brandType":"Expedia","title":"Perfect location","reviewText":"A perfect spot between SF and the wine country. Quiet and with good restaurants and the bay across the road. ","featured":false,"ratingsOnly":false,"ratingRoomCleanliness":4,"ratingHotelCondition":4,"ratingService":4,"ratingRoomComfort":4,"positiveRemarks":"Great location, easy in and out.","negativeRemarks":"","locationRemarks":"","lastInitial":"","userLocation":"Orange County, CA","reviewSubmissionTime":"2016-02-16T15:55:59Z","reviewerCategories":[{"categoryId":"Everyone","categoryLabel":"Everyone"}],"userDisplayName":"","roomTypeId":30643,"isUnverified":false,"isFlaggable":true,"isRecommended":"YES"},{"hotelId":"20191","totalPositiveFeedbacks":0,"tpid":"1","eapid":"0","contentLocale":"en_us","totalThanks":0,"photos":[],"reviewId":"5604b3254e62e108fd816c1d","itinId":"1107512007139","moderationStatus":"APPROVED","contentCodes":"","managementResponses":[],"ratingOverall":3,"langId":"1033","userNickname":"","brandType":"Expedia","title":"Not a destination hotel, but good stopover.","reviewText":"If you are travelling north of San Francisco and want an overnight spot outside of the city, this is fine.","featured":false,"ratingsOnly":false,"ratingRoomCleanliness":5,"ratingHotelCondition":4,"ratingService":3,"ratingRoomComfort":3,"positiveRemarks":"","negativeRemarks":"","locationRemarks":"","lastInitial":"","userLocation":"","reviewSubmissionTime":"2015-09-25T02:36:21Z","reviewerCategories":[{"categoryId":"Everyone","categoryLabel":"Everyone"}],"userDisplayName":"","roomTypeId":37048,"isUnverified":false,"isFlaggable":true,"isRecommended":"YES"},{"hotelId":"20191","totalPositiveFeedbacks":0,"tpid":"1","eapid":"0","contentLocale":"en_us","totalThanks":0,"photos":[],"reviewId":"56044d321b61b908f03c4ac6","itinId":"1116592068534","moderationStatus":"APPROVED","contentCodes":"HMP MMD","managementResponses":[],"ratingOverall":3,"langId":"1033","userNickname":"Dan","brandType":"Expedia","title":"Overpriced.","reviewText":"A decent hotel convenient to the Larkspur-San Francisco ferry, but profoundly overpriced for the location and quality of the facility.  We made the decision to stay in Larkspur and take the ferry to avoid the outrageous hotels and parking fees in SF proper; however, next time, we will likely stay in SF, pay the additional fees, and (hopefully) have an experience that reflects the money spent.  (The ferry ride was nice but >$40 for two people round trip, so not much cheaper than hotel parking in SF.)","featured":false,"ratingsOnly":false,"ratingRoomCleanliness":4,"ratingHotelCondition":3,"ratingService":3,"ratingRoomComfort":4,"positiveRemarks":"","negativeRemarks":"","locationRemarks":"","lastInitial":"","userLocation":"Albuquerque, NM","reviewSubmissionTime":"2015-09-24T19:21:22Z","reviewerCategories":[{"categoryId":"Everyone","categoryLabel":"Everyone"}],"userDisplayName":"","roomTypeId":30643,"isUnverified":false,"isFlaggable":false,"isRecommended":"NO"},{"hotelId":"20191","totalPositiveFeedbacks":0,"tpid":"1","eapid":"0","contentLocale":"en_us","totalThanks":0,"photos":[],"reviewId":"55cfa3940155d708ecba5f38","itinId":"1112456249470","moderationStatus":"APPROVED","contentCodes":"","managementResponses":[],"ratingOverall":4,"langId":"1033","userNickname":"mary","brandType":"Expedia","title":" Nice eating, shopping nearby good location ","reviewText":"Near fwy.  No wastebasket in shower/toilet room.  Very convenient for ferry to SF. ","featured":false,"ratingsOnly":false,"ratingRoomCleanliness":4,"ratingHotelCondition":4,"ratingService":4,"ratingRoomComfort":3,"positiveRemarks":"","negativeRemarks":"","locationRemarks":"","lastInitial":"","userLocation":"southern California","reviewSubmissionTime":"2015-08-15T20:39:48Z","reviewerCategories":[{"categoryId":"Everyone","categoryLabel":"Everyone"}],"userDisplayName":"","roomTypeId":"","isUnverified":false,"isFlaggable":true,"isRecommended":"YES"},{"hotelId":"20191","totalPositiveFeedbacks":0,"tpid":"1","eapid":"0","contentLocale":"en_us","totalThanks":0,"photos":[],"reviewId":"55b64b14f67cae09032cea14","itinId":"1107399418308","moderationStatus":"APPROVED","contentCodes":"MMA HMP","managementResponses":[],"ratingOverall":4,"langId":"1033","userNickname":"","brandType":"Expedia","title":"","reviewText":"It was amazing how accommodating the staff was when my husband and I arrived with our twin grandsons, aged one. I asked the lady at the front desk where I could buy some milk and she walked over to the bistro and gave me some on the house! It continued to be a very pleasant stay.","featured":false,"ratingsOnly":false,"ratingRoomCleanliness":4,"ratingHotelCondition":4,"ratingService":5,"ratingRoomComfort":4,"positiveRemarks":"Convenient to San Francisco, without the high ticket price.","negativeRemarks":"More parking, but that would be difficult with the layout.","locationRemarks":"Beautiful Marin County! Close to shopping areas, and not far from many Northern California tourist spots.","lastInitial":"","userLocation":"","reviewSubmissionTime":"2015-07-27T15:15:32Z","reviewerCategories":[{"categoryId":"Everyone","categoryLabel":"Everyone"}],"userDisplayName":"","roomTypeId":30643,"isUnverified":false,"isFlaggable":false,"isRecommended":"YES"},{"hotelId":"20191","totalPositiveFeedbacks":0,"tpid":"1","eapid":"0","contentLocale":"en_us","totalThanks":0,"photos":[],"reviewId":"55a7505988016b08ddb9a96b","itinId":"1108595178664","moderationStatus":"APPROVED","contentCodes":"MMA","managementResponses":[],"ratingOverall":4,"langId":"1033","userNickname":"Sandie","brandType":"Expedia","title":"Staying on the Bay, North of the City.","reviewText":"We wanted to go into the City - San Francisco for the 4th of July, but didn't want to drive in or deal with all the other people visiting for the holiday. So we decided to stay in Larkspur and take the ferry over the bay. We found the Courtyard Larkspur. The location was tucked away in the hills on the bay, across the street from where the ferry terminal is located. The Courtyard was very nice with clean comfortable rooms, pool and onsite bistro type restaurant. We had a wonderful time.","featured":false,"ratingsOnly":false,"ratingRoomCleanliness":5,"ratingHotelCondition":4,"ratingService":4,"ratingRoomComfort":5,"positiveRemarks":"Location and accommodations.","negativeRemarks":"We couldn't find the elevators. There needs to be signs to find the elevators. ","locationRemarks":"Of course going to San Francisco. Novato, and Sausalito. Beautiful area. Lots of shopping and dining. ","lastInitial":"R","userLocation":"Sacramento CA","reviewSubmissionTime":"2015-07-16T06:34:01Z","reviewerCategories":[{"categoryId":"Everyone","categoryLabel":"Everyone"}],"userDisplayName":"","roomTypeId":37048,"isUnverified":false,"isFlaggable":false,"isRecommended":"YES"},{"hotelId":"20191","totalPositiveFeedbacks":0,"tpid":"1","eapid":"0","contentLocale":"en_us","totalThanks":0,"photos":[],"reviewId":"559e9a624de8f708e445af70","itinId":"1108929567873","moderationStatus":"APPROVED","contentCodes":"HMP MMD","managementResponses":[],"ratingOverall":5,"langId":"1033","userNickname":"","brandType":"Expedia","title":"","reviewText":"Clean, comfortable and quiet. Best place in town\r\nWe always stay here","featured":false,"ratingsOnly":false,"ratingRoomCleanliness":5,"ratingHotelCondition":5,"ratingService":5,"ratingRoomComfort":5,"positiveRemarks":"","negativeRemarks":"","locationRemarks":"Point Reyes, downtown san francisco","lastInitial":"","userLocation":"","reviewSubmissionTime":"2015-07-09T15:59:30Z","reviewerCategories":[{"categoryId":"Everyone","categoryLabel":"Everyone"}],"userDisplayName":"","roomTypeId":37048,"isUnverified":false,"isFlaggable":false,"isRecommended":"YES"},{"hotelId":"20191","totalPositiveFeedbacks":0,"tpid":"1","eapid":"0","contentLocale":"en_us","totalThanks":0,"photos":[],"reviewId":"557ee754ec190809849b9d86","itinId":"1104228824387","moderationStatus":"APPROVED","contentCodes":"MMA","managementResponses":[],"ratingOverall":5,"langId":"1033","userNickname":"","brandType":"Expedia","title":"","reviewText":"Everything you'd expect in a perfect, convenient, bright hotel experience. Give them a visit and enjoy!!!","featured":false,"ratingsOnly":false,"ratingRoomCleanliness":5,"ratingHotelCondition":5,"ratingService":5,"ratingRoomComfort":5,"positiveRemarks":"","negativeRemarks":"","locationRemarks":"","lastInitial":"","userLocation":"","reviewSubmissionTime":"2015-06-15T14:55:16Z","reviewerCategories":[{"categoryId":"Everyone","categoryLabel":"Everyone"}],"userDisplayName":"","roomTypeId":30643,"isUnverified":false,"isFlaggable":false,"isRecommended":"YES"}]}}}
