{"reviewDetails":{"startIndex":0,"numberOfReviewsInThisPage":20,"reviewSummaryCollection":{"reviewSummary":[{"hotelId":"51116","totalReviewCnt":213,"avgOverallRating":4.5821605,"cleanliness":4.685444,"serviceAndStaff":4.784039,"roomComfort":4.502347,"hotelCondition":4.478873,"convenienceOfLocation":4.7272725,"neighborhoodSatisfaction":4.6363635,"roomQuality":0,"targetedBrand":"Expedia","originSummary":[{"origin":"Expedia","reviewCnt":213,"recommendedPercent":95.77465,"avgOverallRating":4.5821605,"cleanliness":4.685444,"serviceAndStaff":4.784039,"roomComfort":4.502347,"hotelCondition":4.478873,"convenienceOfLocation":4.7272725,"neighborhoodSatisfaction":4.6363635,"valueForMoney":0,"roomQuality":0,"categoryCounts":{"Everyone":189,"BusinessTravelers":5,"Couples":8,"Families":3},"roomTypeIdCounts":{"201188253":3,"201188252":21,"201188255":3,"200685028":31,"200685044":4,"201188254":17,"200685036":17,"200685037":7,"201188256":14,"200685032":28},"languageCounts":{"en":213}}],"recommendedPercent":95.77465,"valueForMoney":0,"categoryCounts":{"Everyone":189,"BusinessTravelers":5,"Couples":8,"Families":3},"roomTypeIdCounts":{"201188253":3,"201188252":21,"201188255":3,"200685028":31,"200685044":4,"201188254":17,"200685036":17,"200685037":7,"201188256":14,"200685032":28},"languageCounts":{"en":213},"featuredReview":{}}]},"reviewCollection":{"review":[{"hotelId":"51116","totalPositiveFeedbacks":0,"tpid":"1","eapid":"0","contentLocale":"en_us","totalThanks":0,"photos":[],"reviewId":"57b484e529b05a0b2863ba53","itinId":"1140934550157","moderationStatus":"APPROVED","contentCodes":"","managementResponses":[],"ratingOverall":4,"langId":"1033","userNickname":"Chrissy & Shawn","brandType":"Expedia","title":"Our view was great of the marina.","reviewText":"We had a great time.  Our T.V. didn't work real well.  But the staff tried to fix it and they couldn't get it to work either.  It kept pixeling out and you couldn't see the picture.  The maids came around a little early for our liking.  The continental breakfast was really nice.  The staff kept it stocked and clean until the very end.  We would definitely stay there again if we are in the area.","featured":false,"ratingsOnly":false,"ratingRoomCleanliness":4,"ratingHotelCondition":3,"ratingService":5,"ratingRoomComfort":4,"positiveRemarks":"Being on the marina and the views. As well as the continental breakfast.","negativeRemarks":"The wall in the bathroom needed some repair.","locationRemarks":"The restaurants adjacent to the hotel were great.  It was also nice to be able to walk along the marina and see people fishing.","lastInitial":"","userLocation":"Tucson, AZ","reviewSubmissionTime":"2016-08-17T15:38:13Z","reviewerCategories":[{"categoryId":"Everyone","categoryLabel":"Everyone"}],"userDisplayName":"","roomTypeId":201188254,"isUnverified":false,"isFlaggable":true,"isRecommended":"YES"},{"hotelId":"51116","totalPositiveFeedbacks":0,"tpid":"1","eapid":"0","contentLocale":"en_us","totalThanks":0,"photos":[],"reviewId":"57b28778f169830b5955675d","itinId":"1142653276488","moderationStatus":"APPROVED","contentCodes":"","managementResponses":[],"ratingOverall":5,"langId":"1033","userNickname":"KUSUNM","brandType":"Expedia","title":"Nice place","reviewText":"All was very good. There was some noise from planes flying over head due to close proximity to Oakland Airport","featured":false,"ratingsOnly":false,"ratingRoomCleanliness":5,"ratingHotelCondition":5,"ratingService":5,"ratingRoomComfort":5,"positiveRemarks":"Location","negativeRemarks":"No","locationRemarks":"San Francisco is about 30 minutes from the hotel there was plenty to see & do there","lastInitial":"","userLocation":"Texas","reviewSubmissionTime":"2016-08-16T03:24:40Z","reviewerCategories":[{"categoryId":"Everyone","categoryLabel":"Everyone"}],"userDisplayName":"","roomTypeId":201188254,"isUnverified":false,"isFlaggable":true,"isRecommended":"YES"},{"hotelId":"51116","totalPositiveFeedbacks":0,"tpid":"1","eapid":"170691","contentLocale":"en_us","totalThanks":0,"photos":[],"reviewId":"57a97596c01ada0b06ff824d","itinId":"7201418136671","moderationStatus":"APPROVED","contentCodes":"","managementResponses":[],"ratingOverall":3,"langId":"1033","userNickname":"","brandType":"Expedia","title":"Not what i expected. Hampton inn is way better. ","reviewText":"Not what i expected. Hampton inn is way better. Room's too small for the price we paid. ","featured":false,"ratingsOnly":false,"ratingRoomCleanliness":3,"ratingHotelCondition":3,"ratingService":4,"ratingRoomComfort":2,"positiveRemarks":"","negativeRemarks":"","locationRemarks":"","lastInitial":"","userLocation":"","reviewSubmissionTime":"2016-08-09T06:17:58Z","reviewerCategories":[{"categoryId":"Everyone","categoryLabel":"Everyone"}],"userDisplayName":"","roomTypeId":201188252,"isUnverified":false,"isFlaggable":true,"isRecommended":"NO"},{"hotelId":"51116","totalPositiveFeedbacks":0,"tpid":"4","eapid":"0","contentLocale":"en_ca","totalThanks":0,"photos":[],"reviewId":"57a7b7c13ee2a90b26ab69ce","itinId":"1141420138177","moderationStatus":"APPROVED","contentCodes":"","managementResponses":[],"ratingOverall":4,"langId":"4105","userNickname":"Katrina","brandType":"Expedia","title":"Nice hotel with good breakfast","reviewText":"The room was clean and reasonably comfortable. The included breakfast had plenty of options, including some tasty fresh fruit. Staff were courteous and efficient.","featured":false,"ratingsOnly":false,"ratingRoomCleanliness":5,"ratingHotelCondition":4,"ratingService":5,"ratingRoomComfort":4,"positiveRemarks":"","negativeRemarks":"","locationRemarks":"","lastInitial":"V","userLocation":"Ottawa, ON","reviewSubmissionTime":"2016-08-07T22:35:45Z","reviewerCategories":[{"categoryId":"Everyone","categoryLabel":"Everyone"}],"userDisplayName":"","roomTypeId":201188256,"isUnverified":false,"isFlaggable":true,"isRecommended":"YES"},{"hotelId":"51116","totalPositiveFeedbacks":0,"tpid":"1","eapid":"0","contentLocale":"en_us","totalThanks":0,"photos":[],"reviewId":"57a660b54f61260b2688abe2","itinId":"7174559682808","moderationStatus":"APPROVED","contentCodes":"","managementResponses":[],"ratingOverall":5,"langId":"1033","userNickname":"Bob & Linda","brandType":"Expedia","title":"Nice Place To Stay","reviewText":"This was a pleasant surprise. The staff was friendly and the room was clean. View of the Boat Harbor and across from a golf course. Nice walking area and places to eat. Pool was clean. Breakfast was great. Highly recommended. Will definately come back.","featured":false,"ratingsOnly":false,"ratingRoomCleanliness":5,"ratingHotelCondition":5,"ratingService":5,"ratingRoomComfort":5,"positiveRemarks":"Most Everything","negativeRemarks":"Chairs on pool , some are broken.","locationRemarks":"Golfing, Boating , food. Close to Oracle.","lastInitial":"","userLocation":"Denver","reviewSubmissionTime":"2016-08-06T22:12:05Z","reviewerCategories":[{"categoryId":"Everyone","categoryLabel":"Everyone"}],"userDisplayName":"","roomTypeId":201188253,"isUnverified":false,"isFlaggable":true,"isRecommended":"YES"},{"hotelId":"51116","totalPositiveFeedbacks":0,"tpid":"3","eapid":"0","contentLocale":"en_gb","totalThanks":0,"photos":[],"reviewId":"57a311e8849f110b28b9dbf4","itinId":"112141570611","moderationStatus":"APPROVED","contentCodes":"","managementResponses":[],"ratingOverall":5,"langId":"2057","userNickname":"","brandType":"Expedia","title":"lovely hotel","reviewText":"a lovely  room, great facilities, great customer service.","featured":false,"ratingsOnly":false,"ratingRoomCleanliness":4,"ratingHotelCondition":5,"ratingService":5,"ratingRoomComfort":4,"positiveRemarks":"The hotel also offered non stop complimentary refreshments and cookies at tea time and a free shuttle service. ","negativeRemarks":"","locationRemarks":"lovely marina and easy access to sanfransisco via free shuttle and train. ","lastInitial":"","userLocation":"","reviewSubmissionTime":"2016-08-04T09:59:04Z","reviewerCategories":[{"categoryId":"Everyone","categoryLabel":"Everyone"}],"userDisplayName":"","roomTypeId":201188252,"isUnverified":false,"isFlaggable":true,"isRecommended":"YES"},{"hotelId":"51116","totalPositiveFeedbacks":0,"tpid":"1","eapid":"0","contentLocale":"en_us","totalThanks":0,"photos":[],"reviewId":"57a20a0838eaf50b27dc85f3","itinId":"1139933836107","moderationStatus":"APPROVED","contentCodes":"HMP MMD","managementResponses":[],"ratingOverall":4,"langId":"1033","userNickname":"Harold","brandType":"Expedia","title":"Nice location","reviewText":"Overlooks the Marina.  Across the street from a golf course and a local park. 2 restaurants next door. Minutes away from the Bart Station and an Outlet Shopping Mall. They serve a nice breakfast, warm cookies with milk after 5pm and the hotel is very quiet. ","featured":false,"ratingsOnly":false,"ratingRoomCleanliness":4,"ratingHotelCondition":4,"ratingService":5,"ratingRoomComfort":5,"positiveRemarks":"","negativeRemarks":"","locationRemarks":"","lastInitial":"L","userLocation":"San Diego","reviewSubmissionTime":"2016-08-03T15:13:12Z","reviewerCategories":[{"categoryId":"Everyone","categoryLabel":"Everyone"}],"userDisplayName":"","roomTypeId":201188255,"isUnverified":false,"isFlaggable":false,"isRecommended":"YES"},{"hotelId":"51116","totalPositiveFeedbacks":0,"tpid":"1","eapid":"0","contentLocale":"en_us","totalThanks":0,"photos":[],"reviewId":"57a0afcd66d3410b2b923e81","itinId":"1140608872687","moderationStatus":"APPROVED","contentCodes":"HMP MMD","managementResponses":[],"ratingOverall":4,"langId":"1033","userNickname":"frances","brandType":"Expedia","title":"weekend getaway","reviewText":"The internet and phone connection was really bad. The sheets were not changed on our second night. We knew because my husband accidentally spilled ketchup on d sheet and it was still there when we came back from our trip to SFO. This was our 4th time here and this is the worst ever","featured":false,"ratingsOnly":false,"ratingRoomCleanliness":2,"ratingHotelCondition":3,"ratingService":5,"ratingRoomComfort":3,"positiveRemarks":"","negativeRemarks":"","locationRemarks":"","lastInitial":"f","userLocation":"los angeles","reviewSubmissionTime":"2016-08-02T14:35:57Z","reviewerCategories":[{"categoryId":"Everyone","categoryLabel":"Everyone"}],"userDisplayName":"","roomTypeId":201188256,"isUnverified":false,"isFlaggable":false,"isRecommended":"YES"},{"hotelId":"51116","totalPositiveFeedbacks":0,"tpid":"1","eapid":"0","contentLocale":"en_us","totalThanks":0,"photos":[],"reviewId":"579fe7a13f9da40b2a65b499","itinId":"1139850592906","moderationStatus":"APPROVED","contentCodes":"","managementResponses":[],"ratingOverall":5,"langId":"1033","userNickname":"ashley","brandType":"Expedia","title":"Very clean!","reviewText":"Guest service was very nice! Checking in and checking out was easy. They have a shuttle service that we took to bars down the road. Our driver, Tim was so great! The whole hotel was very clean and the continental breakfast was okay. The cottage cheese and peaches were excellence. Some advice for the continental breakfast: Hard boiled eggs need to be cooked more (they weren't ready), there needs to be milk, and  need Pam spray for the waffle maker needs PAM spray. Overall, I'll be back! It was wonderful!","featured":false,"ratingsOnly":false,"ratingRoomCleanliness":5,"ratingHotelCondition":5,"ratingService":5,"ratingRoomComfort":5,"positiveRemarks":"","negativeRemarks":"","locationRemarks":"","lastInitial":"","userLocation":"","reviewSubmissionTime":"2016-08-02T00:21:53Z","reviewerCategories":[{"categoryId":"Everyone","categoryLabel":"Everyone"}],"userDisplayName":"","roomTypeId":201188256,"isUnverified":false,"isFlaggable":true,"isRecommended":"YES"},{"hotelId":"51116","totalPositiveFeedbacks":0,"tpid":"1","eapid":"0","contentLocale":"en_us","totalThanks":0,"photos":[],"reviewId":"579f58a0a5437e0b287dc9eb","itinId":"1136729697985","moderationStatus":"APPROVED","contentCodes":"","managementResponses":[],"ratingOverall":5,"langId":"1033","userNickname":"","brandType":"Expedia","title":"Beautiful hotel","reviewText":"Very clean and comfortable. Delicious breakfast too. It was away from the city of San Francisco, but not terribly far. ","featured":false,"ratingsOnly":false,"ratingRoomCleanliness":5,"ratingHotelCondition":5,"ratingService":5,"ratingRoomComfort":5,"positiveRemarks":"Clean, comfortable, really comfortable bed, and great breakfast especially the coffee.","negativeRemarks":"Don't change a thing","locationRemarks":"A little off the main attractions but the scenery made up for it","lastInitial":"","userLocation":"","reviewSubmissionTime":"2016-08-01T14:11:44Z","reviewerCategories":[{"categoryId":"Everyone","categoryLabel":"Everyone"}],"userDisplayName":"","roomTypeId":201188256,"isUnverified":false,"isFlaggable":true,"isRecommended":"YES"},{"hotelId":"51116","totalPositiveFeedbacks":0,"tpid":"1","eapid":"0","contentLocale":"en_us","totalThanks":0,"photos":[{"thumbnailUrl":"https://a.travel-assets.com/ugc/hotel-reviews/5520C6B07F8AF4F2D02F41AD07321B4AB72C75971469804573541.jpg?resize=100:*","normalUrl":"https://a.travel-assets.com/ugc/hotel-reviews/5520C6B07F8AF4F2D02F41AD07321B4AB72C75971469804573541.jpg?resize=360:*","caption":"Bay View"},{"thumbnailUrl":"https://a.travel-assets.com/ugc/hotel-reviews/9C016C8588980A78EA426F05DD9DB6EA9A2F9B481469804578919.jpg?resize=100:*","normalUrl":"https://a.travel-assets.com/ugc/hotel-reviews/9C016C8588980A78EA426F05DD9DB6EA9A2F9B481469804578919.jpg?resize=360:*","caption":""}],"reviewId":"579b6cfb2f032f0b1144dd25","itinId":"1133699332773","moderationStatus":"APPROVED","contentCodes":"HMP","managementResponses":[],"ratingOverall":5,"langId":"1033","userNickname":"Jodi","brandType":"Expedia","title":"Nice Clean Hotel","reviewText":"Spacious Rooms,clean,quiet and bay marina scenery very pleasing. I would definitely stay at this hotel again. Close to airport.","featured":false,"ratingsOnly":false,"ratingRoomCleanliness":5,"ratingHotelCondition":5,"ratingService":5,"ratingRoomComfort":5,"positiveRemarks":"","negativeRemarks":"","locationRemarks":"","lastInitial":"","userLocation":"LOUISIANA","reviewSubmissionTime":"2016-07-29T14:49:31Z","reviewerCategories":[{"categoryId":"Everyone","categoryLabel":"Everyone"}],"userDisplayName":"","roomTypeId":201188252,"isUnverified":false,"isFlaggable":false,"isRecommended":"YES"},{"hotelId":"51116","totalPositiveFeedbacks":0,"tpid":"1","eapid":"0","contentLocale":"en_us","totalThanks":0,"photos":[],"reviewId":"5797e9879a06850b29f4a5b3","itinId":"1132370079247","moderationStatus":"APPROVED","contentCodes":"","managementResponses":[],"ratingOverall":4,"langId":"1033","userNickname":"Red","brandType":"Expedia","title":"Nice, quaint hotel on the bay.","reviewText":"coming from out of state, I was worried about finding the hotel.  Our GPS directions lead us right to the hotel.  The staff were friendly.  The elevator made noises that scared my teenagers.  Breakfast was nice.  It was too chilly the 2 days we were at the hotel, so we didn't get to use the pool.  There are 2 restaurants right next to hotel within walking distance.  The hotel provided a cookie and milk snack in late afternoon/evening, which was a nice touch.  When I needed to go to Walmart, they printed directions off for us.  It is truly the little things that make a difference!  If we ever return to the bay area, definitely will stay here again!","featured":false,"ratingsOnly":false,"ratingRoomCleanliness":4,"ratingHotelCondition":4,"ratingService":4,"ratingRoomComfort":4,"positiveRemarks":"","negativeRemarks":"","locationRemarks":"","lastInitial":"","userLocation":"Indiana","reviewSubmissionTime":"2016-07-26T22:51:51Z","reviewerCategories":[{"categoryId":"Everyone","categoryLabel":"Everyone"}],"userDisplayName":"","roomTypeId":201188252,"isUnverified":false,"isFlaggable":true,"isRecommended":"YES"},{"hotelId":"51116","totalPositiveFeedbacks":0,"tpid":"3","eapid":"0","contentLocale":"en_gb","totalThanks":0,"photos":[],"reviewId":"5792e8d192b3430b29177a87","itinId":"111202420988","moderationStatus":"APPROVED","contentCodes":"","managementResponses":[],"ratingOverall":4,"langId":"2057","userNickname":"Diana","brandType":"Expedia","title":"Good value hotel within easy reach of central SF.","reviewText":"We chose this hotel as a more economical place than central SF and were very pleased with it.  With hotel shuttle service to the BART station, it was easier to get around than it would have been from many more central hotels.   The room was comfortable, nice light breakfast with good choice and a good heated outdoor pool.","featured":false,"ratingsOnly":false,"ratingRoomCleanliness":5,"ratingHotelCondition":4,"ratingService":5,"ratingRoomComfort":5,"positiveRemarks":"The bed, the nice setting by the marina, with a good American restaurant next door (no time to try the Mexican one), the pool and the ease of transpor","negativeRemarks":"The breakfast coffee!","locationRemarks":"","lastInitial":"","userLocation":"Belgium","reviewSubmissionTime":"2016-07-23T03:47:29Z","reviewerCategories":[{"categoryId":"Everyone","categoryLabel":"Everyone"}],"userDisplayName":"","roomTypeId":201188252,"isUnverified":false,"isFlaggable":true,"isRecommended":"YES"},{"hotelId":"51116","totalPositiveFeedbacks":0,"tpid":"1","eapid":"0","contentLocale":"en_us","totalThanks":0,"photos":[],"reviewId":"5791463e331f6e0b28236a65","itinId":"1138945383736","moderationStatus":"APPROVED","contentCodes":"","managementResponses":[],"ratingOverall":5,"langId":"1033","userNickname":"Gary","brandType":"Expedia","title":"Nice, budget friendly hotel","reviewText":"Room and accommodations were great. Free continental breakfast. Only slight downfall was a harder than normal bed but not a huge deal at all.","featured":false,"ratingsOnly":false,"ratingRoomCleanliness":5,"ratingHotelCondition":5,"ratingService":5,"ratingRoomComfort":4,"positiveRemarks":"","negativeRemarks":"","locationRemarks":"","lastInitial":"","userLocation":"Ohio","reviewSubmissionTime":"2016-07-21T22:01:34Z","reviewerCategories":[{"categoryId":"Everyone","categoryLabel":"Everyone"}],"userDisplayName":"","roomTypeId":201188256,"isUnverified":false,"isFlaggable":true,"isRecommended":"YES"},{"hotelId":"51116","totalPositiveFeedbacks":0,"tpid":"4","eapid":"0","contentLocale":"en_ca","totalThanks":0,"photos":[],"reviewId":"578632be5a68010b4977d0b7","itinId":"1137928049643","moderationStatus":"APPROVED","contentCodes":"","managementResponses":[],"ratingOverall":5,"langId":"4105","userNickname":"","brandType":"Expedia","title":"Nice area","reviewText":"Nice area not to far to drive or public transportation into San Francisco ","featured":false,"ratingsOnly":false,"ratingRoomCleanliness":5,"ratingHotelCondition":5,"ratingService":5,"ratingRoomComfort":5,"positiveRemarks":"","negativeRemarks":"","locationRemarks":"","lastInitial":"","userLocation":"","reviewSubmissionTime":"2016-07-13T12:23:26Z","reviewerCategories":[{"categoryId":"Everyone","categoryLabel":"Everyone"}],"userDisplayName":"","roomTypeId":201188254,"isUnverified":false,"isFlaggable":true,"isRecommended":"YES"},{"hotelId":"51116","totalPositiveFeedbacks":0,"tpid":"1","eapid":"0","contentLocale":"en_us","totalThanks":0,"photos":[{"thumbnailUrl":"https://a.travel-assets.com/ugc/hotel-reviews/EE9C6BFB2C9A1B278545E00EE03AE13725358AA91468162966268.jpg?resize=100:*","normalUrl":"https://a.travel-assets.com/ugc/hotel-reviews/EE9C6BFB2C9A1B278545E00EE03AE13725358AA91468162966268.jpg?resize=360:*","caption":"Looking out our back door"},{"thumbnailUrl":"https://a.travel-assets.com/ugc/hotel-reviews/C94D254A9DE2996985488DDA375BE518046F84631468162971108.jpg?resize=100:*","normalUrl":"https://a.travel-assets.com/ugc/hotel-reviews/C94D254A9DE2996985488DDA375BE518046F84631468162971108.jpg?resize=360:*","caption":"Bay trail great for biking, walking, jogging"}],"reviewId":"57825cb68a1d800b49816a38","itinId":"1137715675561","moderationStatus":"APPROVED","contentCodes":"HMP","managementResponses":[],"ratingOverall":4,"langId":"1033","userNickname":"Mom with 12-y.o","brandType":"Expedia","title":"Great place to stay when exploring Bay Area","reviewText":"Comfortable hotel with very friendly and helpful staff. Free amenities (parking, wifi, bikes, breakfast, cookies, fridge, microwave) - no nickel and diming you. Our room had a balcony overlooking the marina. Great walking/biking trail along the bay.  Location was perfect for daily excursions by car or BART to San Francisco, Tiburon and Angel Island, Muir Woods and Stinson Beach, Berkeley, Palo Alto, Monterey. Oakland airport very close, but SFO also nearby.  San Leandro was friendly and also had good grocery stores and restaurants. East Bay traffic was manageable, especially using HOV lane.","featured":false,"ratingsOnly":false,"ratingRoomCleanliness":5,"ratingHotelCondition":4,"ratingService":5,"ratingRoomComfort":5,"positiveRemarks":"","negativeRemarks":"","locationRemarks":"","lastInitial":"","userLocation":"From Georgia","reviewSubmissionTime":"2016-07-10T14:33:26Z","reviewerCategories":[{"categoryId":"Everyone","categoryLabel":"Everyone"}],"userDisplayName":"","roomTypeId":201188254,"isUnverified":false,"isFlaggable":false,"isRecommended":"YES"},{"hotelId":"51116","totalPositiveFeedbacks":0,"tpid":"1","eapid":"0","contentLocale":"en_us","totalThanks":0,"photos":[],"reviewId":"578028fa86a89c0b48374930","itinId":"1132996858204","moderationStatus":"APPROVED","contentCodes":"","managementResponses":[],"ratingOverall":5,"langId":"1033","userNickname":"Ingrid","brandType":"Expedia","title":"","reviewText":"Very beautiful hotel. Very nice staff and good breakfast. we will come back.","featured":false,"ratingsOnly":false,"ratingRoomCleanliness":5,"ratingHotelCondition":5,"ratingService":5,"ratingRoomComfort":5,"positiveRemarks":"everything","negativeRemarks":"","locationRemarks":"","lastInitial":"V","userLocation":"Texas","reviewSubmissionTime":"2016-07-08T22:28:10Z","reviewerCategories":[{"categoryId":"Everyone","categoryLabel":"Everyone"}],"userDisplayName":"","roomTypeId":201188252,"isUnverified":false,"isFlaggable":true,"isRecommended":"YES"},{"hotelId":"51116","totalPositiveFeedbacks":0,"tpid":"1","eapid":"0","contentLocale":"en_us","totalThanks":0,"photos":[],"reviewId":"577d50b01cbfea0b898347c4","itinId":"1126856976570","moderationStatus":"APPROVED","contentCodes":"","managementResponses":[],"ratingOverall":2,"langId":"1033","userNickname":"Pat","brandType":"Expedia","title":"Not a bargain.  ","reviewText":"Hotel is in need of some serious updating.  Elevators will scare the living daylight out of you as they screech and crack on every ride up and down.  Beds were too small.  ","featured":false,"ratingsOnly":false,"ratingRoomCleanliness":3,"ratingHotelCondition":2,"ratingService":3,"ratingRoomComfort":1,"positiveRemarks":"Complimentary breakfast was pretty good.  ","negativeRemarks":"Very outdated property.","locationRemarks":"Location was really off the beaten path.  It was safe but was not close to any stores or restaurants other than an over priced place and Mexican place","lastInitial":"","userLocation":"ohio","reviewSubmissionTime":"2016-07-06T18:40:48Z","reviewerCategories":[{"categoryId":"Everyone","categoryLabel":"Everyone"}],"userDisplayName":"","roomTypeId":201188252,"isUnverified":false,"isFlaggable":true,"isRecommended":"NO"},{"hotelId":"51116","totalPositiveFeedbacks":0,"tpid":"1","eapid":"0","contentLocale":"en_us","totalThanks":0,"photos":[],"reviewId":"577d0a381cbfea0b89f535ef","itinId":"1137784980650","moderationStatus":"APPROVED","contentCodes":"","managementResponses":[],"ratingOverall":4,"langId":"1033","userNickname":"Ryan","brandType":"Expedia","title":"Very clean and nice hotel near airport and marina.","reviewText":"We only stayed one night and it was perfect. Would have liked to stay longer.","featured":false,"ratingsOnly":false,"ratingRoomCleanliness":5,"ratingHotelCondition":5,"ratingService":5,"ratingRoomComfort":4,"positiveRemarks":"Everything.","negativeRemarks":"Having 2 non-decaf coffees in the room would have been nice. Luckily the lobby had a fresh pot ready at 4:30 am.","locationRemarks":"close to airport, next to a marina.","lastInitial":"V","userLocation":"Houston, TX","reviewSubmissionTime":"2016-07-06T13:40:08Z","reviewerCategories":[{"categoryId":"Everyone","categoryLabel":"Everyone"}],"userDisplayName":"","roomTypeId":201188256,"isUnverified":false,"isFlaggable":true,"isRecommended":"YES"},{"hotelId":"51116","totalPositiveFeedbacks":0,"tpid":"1","eapid":"0","contentLocale":"en_us","totalThanks":0,"photos":[],"reviewId":"5777ed6886298d0b829fce76","itinId":"1139291259859","moderationStatus":"APPROVED","contentCodes":"","managementResponses":[],"ratingOverall":4,"langId":"1033","userNickname":"Steve","brandType":"Expedia","title":"Cute little Inn on the Marina","reviewText":"This was a last minute booking for me as I was stranded at the airport, but was very pleased as it was a great place with a very comfortable room.  They upgraded me and made sure I made the shuttle in time the next day.  Really pleased with the experience and the people were awesome!","featured":false,"ratingsOnly":false,"ratingRoomCleanliness":5,"ratingHotelCondition":5,"ratingService":5,"ratingRoomComfort":5,"positiveRemarks":"the people and the ammenities","negativeRemarks":"","locationRemarks":"","lastInitial":"","userLocation":"Orange County, CA","reviewSubmissionTime":"2016-07-02T16:35:52Z","reviewerCategories":[{"categoryId":"Everyone","categoryLabel":"Everyone"}],"userDisplayName":"","roomTypeId":201188252,"isUnverified":false,"isFlaggable":true,"isRecommended":"YES"}]}}}
