{"reviewDetails":{"startIndex":0,"numberOfReviewsInThisPage":20,"reviewSummaryCollection":{"reviewSummary":[{"hotelId":"856888","totalReviewCnt":137,"avgOverallRating":4.1678834,"cleanliness":4.430658,"serviceAndStaff":4.1970806,"roomComfort":4.3868623,"hotelCondition":4.2773724,"convenienceOfLocation":4.24,"neighborhoodSatisfaction":3.64,"roomQuality":0,"targetedBrand":"Expedia","originSummary":[{"origin":"Expedia","reviewCnt":137,"recommendedPercent":90.51095,"avgOverallRating":4.1678834,"cleanliness":4.430658,"serviceAndStaff":4.1970806,"roomComfort":4.3868623,"hotelCondition":4.2773724,"convenienceOfLocation":4.24,"neighborhoodSatisfaction":3.64,"valueForMoney":0,"roomQuality":0,"categoryCounts":{"Everyone":76,"BusinessTravelers":11,"Couples":5,"Students":1,"Families":10,"Other":5},"roomTypeIdCounts":{"475029":1,"274369":18,"200057611":1,"230698":6,"475018":15,"274362":15,"200039442":9},"languageCounts":{"en":137}}],"recommendedPercent":90.51095,"valueForMoney":0,"categoryCounts":{"Everyone":76,"BusinessTravelers":11,"Couples":5,"Students":1,"Families":10,"Other":5},"roomTypeIdCounts":{"475029":1,"274369":18,"200057611":1,"230698":6,"475018":15,"274362":15,"200039442":9},"languageCounts":{"en":137},"featuredReview":{}}]},"reviewCollection":{"review":[{"hotelId":"856888","totalPositiveFeedbacks":0,"tpid":"1","eapid":"0","contentLocale":"en_us","totalThanks":0,"photos":[],"reviewId":"5783b5ed86a89c0b484ae7b5","itinId":"1133900374666","moderationStatus":"APPROVED","contentCodes":"HMP MMD","managementResponses":[],"ratingOverall":2,"langId":"1033","userNickname":"DC","brandType":"Expedia","title":"Airport dump","reviewText":"Well, at least the hair dryer worked.... nothing else good to say.","featured":false,"ratingsOnly":false,"ratingRoomCleanliness":2,"ratingHotelCondition":1,"ratingService":2,"ratingRoomComfort":1,"positiveRemarks":"","negativeRemarks":"","locationRemarks":"","lastInitial":"","userLocation":"Ohio","reviewSubmissionTime":"2016-07-11T15:06:21Z","reviewerCategories":[{"categoryId":"Everyone","categoryLabel":"Everyone"}],"userDisplayName":"","roomTypeId":274369,"isUnverified":false,"isFlaggable":false,"isRecommended":"NO"},{"hotelId":"856888","totalPositiveFeedbacks":0,"tpid":"1","eapid":"0","contentLocale":"en_us","totalThanks":0,"photos":[],"reviewId":"56d4b625eb935009957bbc75","itinId":"1128365843802","moderationStatus":"APPROVED","contentCodes":"HMP MMD","managementResponses":[],"ratingOverall":2,"langId":"1033","userNickname":"Art","brandType":"Expedia","title":"Bathroom and breakfast","reviewText":"The toilet required 5+ flushes to work. The Shampoo and Conditioner bottles could not be squeezed to use the content.  Looked like they were \"refilled\" on site and not new containers. The biscuits were soggy on the bottom where they sat in a humid heater.  The English muffin fell apart in my hand when I tried to cut it in half to place in the toaster.","featured":false,"ratingsOnly":false,"ratingRoomCleanliness":3,"ratingHotelCondition":2,"ratingService":5,"ratingRoomComfort":2,"positiveRemarks":"Staff was excellent. ","negativeRemarks":"Everything I mentioned above.","locationRemarks":"Excellent location for me even though I had to travel to Wallnut Creek and Napa while there. ","lastInitial":"G","userLocation":"San Antonio","reviewSubmissionTime":"2016-02-29T21:20:37Z","reviewerCategories":[{"categoryId":"Everyone","categoryLabel":"Everyone"}],"userDisplayName":"","roomTypeId":230698,"isUnverified":false,"isFlaggable":false,"isRecommended":"NO"},{"hotelId":"856888","totalPositiveFeedbacks":0,"tpid":"1","eapid":"0","contentLocale":"en_us","totalThanks":0,"photos":[],"reviewId":"56b8bc00705eb409930faaf1","itinId":"1125902537298","moderationStatus":"APPROVED","contentCodes":"","managementResponses":[],"ratingOverall":4,"langId":"1033","userNickname":"KO","brandType":"Expedia","title":"Decent place for Super Bowl weekend","reviewText":"It's a decent hotel, no fancy bells or whistles and no red flags. Clean and comfortable. I appreciate the complimentary shuttle to and from the airport and the small complimentary breakfast(essentials). Made life easy. It took about 25 to 40 mins to get into dowtown San Francisco. Über and Lyft were cool for that. Was about 15 to 20 dollars each way. A little more at night since it was super bowl and people were everywhere.  Overall no Complaints. Tess the front desk lady was also awesome :) ","featured":false,"ratingsOnly":false,"ratingRoomCleanliness":4,"ratingHotelCondition":3,"ratingService":4,"ratingRoomComfort":4,"positiveRemarks":"","negativeRemarks":"","locationRemarks":"","lastInitial":"","userLocation":"los angeles, ca","reviewSubmissionTime":"2016-02-08T16:02:08Z","reviewerCategories":[{"categoryId":"Everyone","categoryLabel":"Everyone"}],"userDisplayName":"","roomTypeId":274369,"isUnverified":false,"isFlaggable":true,"isRecommended":"YES"},{"hotelId":"856888","totalPositiveFeedbacks":0,"tpid":"1","eapid":"0","contentLocale":"en_us","totalThanks":0,"photos":[],"reviewId":"569ec113225dc9099458128d","itinId":"1123592135397","moderationStatus":"APPROVED","contentCodes":"HMP MMD","managementResponses":[],"ratingOverall":4,"langId":"1033","userNickname":"Darcgarc","brandType":"Expedia","title":"Better than expected!","reviewText":"I was worried when I saw this hotel had 2 1/2 stars. I initially thought I had booked the Holiday Inn Express in Burlingame and that had better reviews. I was pleasantly surprised upon check-in. Our room was very spacious, the bed was comfy and the seating area was great! Each room has a larger than average hotel fridge and a microwave. The room does have blackout shades despite some of the reviews on here. I'm not sure how people missed them! \r\nBreakfast has many options and it's free! Parking wasn't an issue at all. They do charge $10, but we knew that going in as it is stated on the website. Considering it's near the airport you have to expect this. Larger hotels charge even more to park. The only complaint I had was the air freshener used in the room. It needs to be toned down quite a bit as our clothes even smelled of the scent. I would recommend this HIE to a friend.","featured":false,"ratingsOnly":false,"ratingRoomCleanliness":4,"ratingHotelCondition":4,"ratingService":5,"ratingRoomComfort":5,"positiveRemarks":"","negativeRemarks":"","locationRemarks":"","lastInitial":"","userLocation":"","reviewSubmissionTime":"2016-01-19T23:04:51Z","reviewerCategories":[{"categoryId":"Everyone","categoryLabel":"Everyone"}],"userDisplayName":"","roomTypeId":274362,"isUnverified":false,"isFlaggable":false,"isRecommended":"YES"},{"hotelId":"856888","totalPositiveFeedbacks":1,"tpid":"1","eapid":"0","contentLocale":"en_us","totalThanks":1,"photos":[],"reviewId":"56280ed1a9bbc2094957ddd7","itinId":"1103964622959","moderationStatus":"APPROVED","contentCodes":"","managementResponses":[],"ratingOverall":5,"langId":"1033","userNickname":"","brandType":"Expedia","title":"","reviewText":"Comfortable bed. Clean room. Good breakfast. Airport shuttle was very convenient.","featured":false,"ratingsOnly":false,"ratingRoomCleanliness":5,"ratingHotelCondition":4,"ratingService":5,"ratingRoomComfort":5,"positiveRemarks":"","negativeRemarks":"","locationRemarks":"","lastInitial":"","userLocation":"","reviewSubmissionTime":"2015-10-21T22:16:49Z","reviewerCategories":[{"categoryId":"Everyone","categoryLabel":"Everyone"}],"userDisplayName":"","roomTypeId":274362,"isUnverified":false,"isFlaggable":true,"isRecommended":"YES"},{"hotelId":"856888","totalPositiveFeedbacks":1,"tpid":"1","eapid":"0","contentLocale":"en_us","totalThanks":1,"photos":[],"reviewId":"561ac7aa27356f094a8debc7","itinId":"1106861001376","moderationStatus":"APPROVED","contentCodes":"","managementResponses":[],"ratingOverall":5,"langId":"1033","userNickname":"","brandType":"Expedia","title":"","reviewText":"convenient location close to airport, car rental return, places to eat.  Friendly staff.  Good coffee in the morning.","featured":false,"ratingsOnly":false,"ratingRoomCleanliness":5,"ratingHotelCondition":4,"ratingService":5,"ratingRoomComfort":5,"positiveRemarks":"","negativeRemarks":"Air conditioning unit was a little noisy.  Could be updated.","locationRemarks":"","lastInitial":"","userLocation":"","reviewSubmissionTime":"2015-10-11T20:33:46Z","reviewerCategories":[{"categoryId":"Everyone","categoryLabel":"Everyone"}],"userDisplayName":"","roomTypeId":475018,"isUnverified":false,"isFlaggable":true,"isRecommended":"YES"},{"hotelId":"856888","totalPositiveFeedbacks":0,"tpid":"1","eapid":"0","contentLocale":"en_us","totalThanks":0,"photos":[],"reviewId":"5600c3e09efce608fb02a351","itinId":"1107061431105","moderationStatus":"APPROVED","contentCodes":"","managementResponses":[],"ratingOverall":5,"langId":"1033","userNickname":"","brandType":"Expedia","title":"Nice hotel, friendly staff and convenient locatio.","reviewText":"Very nice hotel with great location for the airport. Staff very friendly and helpful with directions. ","featured":false,"ratingsOnly":false,"ratingRoomCleanliness":5,"ratingHotelCondition":5,"ratingService":5,"ratingRoomComfort":5,"positiveRemarks":"","negativeRemarks":"","locationRemarks":"","lastInitial":"","userLocation":"","reviewSubmissionTime":"2015-09-22T02:58:40Z","reviewerCategories":[{"categoryId":"Everyone","categoryLabel":"Everyone"}],"userDisplayName":"","roomTypeId":274362,"isUnverified":false,"isFlaggable":true,"isRecommended":"YES"},{"hotelId":"856888","totalPositiveFeedbacks":0,"tpid":"1","eapid":"0","contentLocale":"en_us","totalThanks":0,"photos":[],"reviewId":"55f51307a1d1c608f0a9b761","itinId":"1114367483301","moderationStatus":"APPROVED","contentCodes":"","managementResponses":[],"ratingOverall":2,"langId":"1033","userNickname":"Chris","brandType":"Expedia","title":"too much for nothing","reviewText":"in the middle of an industrial airport zone, no value for money","featured":false,"ratingsOnly":false,"ratingRoomCleanliness":4,"ratingHotelCondition":2,"ratingService":2,"ratingRoomComfort":4,"positiveRemarks":"proximity to the airport","negativeRemarks":"","locationRemarks":"","lastInitial":"","userLocation":"SFO","reviewSubmissionTime":"2015-09-13T06:09:11Z","reviewerCategories":[{"categoryId":"Everyone","categoryLabel":"Everyone"}],"userDisplayName":"","roomTypeId":274362,"isUnverified":false,"isFlaggable":true,"isRecommended":"NO"},{"hotelId":"856888","totalPositiveFeedbacks":0,"tpid":"4","eapid":"0","contentLocale":"en_ca","totalThanks":0,"photos":[],"reviewId":"55da06e541b07708f34cde03","itinId":"1105850931639","moderationStatus":"APPROVED","contentCodes":"HMP MMD","managementResponses":[],"ratingOverall":5,"langId":"4105","userNickname":"julie","brandType":"Expedia","title":"Nice hotel close to the airport","reviewText":"Great hotel, great room. We had the executive king room and we enjoyed it. Spacious and clean. Really close to the sfo airport with a free shuttle. We took the Bart to go to downtown.. 30min only. Breakfats is good. A little bit loud at night for the ones doing a late checkin if you have a room on the second floor.","featured":false,"ratingsOnly":false,"ratingRoomCleanliness":5,"ratingHotelCondition":5,"ratingService":5,"ratingRoomComfort":5,"positiveRemarks":"","negativeRemarks":"","locationRemarks":"","lastInitial":"","userLocation":"montreal","reviewSubmissionTime":"2015-08-23T17:46:13Z","reviewerCategories":[{"categoryId":"Everyone","categoryLabel":"Everyone"}],"userDisplayName":"","roomTypeId":"","isUnverified":false,"isFlaggable":false,"isRecommended":"YES"},{"hotelId":"856888","totalPositiveFeedbacks":0,"tpid":"1","eapid":"0","contentLocale":"en_us","totalThanks":0,"photos":[],"reviewId":"55d9e87104128208f96b6f98","itinId":"1114753995313","moderationStatus":"APPROVED","contentCodes":"MMA","managementResponses":[],"ratingOverall":5,"langId":"1033","userNickname":"","brandType":"Expedia","title":"Airport hotel","reviewText":"Comfortable and convenient. I particularly apappreciated the breakfast with turkey sausage. Grabbed a banana to eat on my flight .","featured":false,"ratingsOnly":false,"ratingRoomCleanliness":5,"ratingHotelCondition":5,"ratingService":5,"ratingRoomComfort":5,"positiveRemarks":"","negativeRemarks":"","locationRemarks":"","lastInitial":"","userLocation":"austin tx","reviewSubmissionTime":"2015-08-23T15:36:17Z","reviewerCategories":[{"categoryId":"Everyone","categoryLabel":"Everyone"}],"userDisplayName":"","roomTypeId":"","isUnverified":false,"isFlaggable":false,"isRecommended":"YES"},{"hotelId":"856888","totalPositiveFeedbacks":0,"tpid":"1","eapid":"0","contentLocale":"en_us","totalThanks":0,"photos":[],"reviewId":"55abc63907a33909058dd497","itinId":"1102971516000","moderationStatus":"APPROVED","contentCodes":"MMA","managementResponses":[],"ratingOverall":5,"langId":"1033","userNickname":"zen0906","brandType":"Expedia","title":"Close to SF downtown and airport","reviewText":"We always stay at any Holiday inn express cuz it's clean and the staff are accomodating. ","featured":false,"ratingsOnly":false,"ratingRoomCleanliness":5,"ratingHotelCondition":5,"ratingService":5,"ratingRoomComfort":5,"positiveRemarks":"","negativeRemarks":"","locationRemarks":"","lastInitial":"","userLocation":"Riwland Hts, Ca.","reviewSubmissionTime":"2015-07-19T15:46:01Z","reviewerCategories":[{"categoryId":"Everyone","categoryLabel":"Everyone"}],"userDisplayName":"","roomTypeId":200039442,"isUnverified":false,"isFlaggable":false,"isRecommended":"YES"},{"hotelId":"856888","totalPositiveFeedbacks":0,"tpid":"1","eapid":"0","contentLocale":"en_us","totalThanks":0,"photos":[],"reviewId":"55a45d0ee61efd08f889f676","itinId":"1103725427625","moderationStatus":"APPROVED","contentCodes":"HMP MMD","managementResponses":[],"ratingOverall":5,"langId":"1033","userNickname":"Lawrence","brandType":"Expedia","title":"Nice Hotel close to the airport","reviewText":"hotel allowed us to check in early, were very courteous, friendly and helpful.  front desk staff Michelle was very nice and cheerful. very clean rooms. breakfast was outstanding. will stay here again.","featured":false,"ratingsOnly":false,"ratingRoomCleanliness":5,"ratingHotelCondition":5,"ratingService":5,"ratingRoomComfort":5,"positiveRemarks":"","negativeRemarks":"","locationRemarks":"","lastInitial":"Z","userLocation":"Prescott AZ","reviewSubmissionTime":"2015-07-14T00:51:26Z","reviewerCategories":[{"categoryId":"Everyone","categoryLabel":"Everyone"}],"userDisplayName":"","roomTypeId":274362,"isUnverified":false,"isFlaggable":false,"isRecommended":"YES"},{"hotelId":"856888","totalPositiveFeedbacks":0,"tpid":"1","eapid":"0","contentLocale":"en_us","totalThanks":0,"photos":[],"reviewId":"559a0e1eea0bbd08e5f258c3","itinId":"1107720778458","moderationStatus":"APPROVED","contentCodes":"MMA","managementResponses":[],"ratingOverall":3,"langId":"1033","userNickname":"","brandType":"Expedia","title":"Decent Airport Hotel","reviewText":"It's a great hotel if you want to stay by the airport. The staff was really friendly! We were only there to sleep and then left right away in the morning. I really love Holiday Inn Express, my only problem with this stay was that we didn't have a shower curtain and it seemed like the bathroom didn't have a shower curtain in a while.","featured":false,"ratingsOnly":false,"ratingRoomCleanliness":5,"ratingHotelCondition":3,"ratingService":4,"ratingRoomComfort":4,"positiveRemarks":"","negativeRemarks":"","locationRemarks":"","lastInitial":"","userLocation":"","reviewSubmissionTime":"2015-07-06T05:11:58Z","reviewerCategories":[{"categoryId":"Everyone","categoryLabel":"Everyone"}],"userDisplayName":"","roomTypeId":274369,"isUnverified":false,"isFlaggable":false,"isRecommended":"YES"},{"hotelId":"856888","totalPositiveFeedbacks":0,"tpid":"1","eapid":"0","contentLocale":"en_us","totalThanks":0,"photos":[],"reviewId":"5582ec01bfb1a90969e56d9c","itinId":"1101111485823","moderationStatus":"APPROVED","contentCodes":"HMP MMD","managementResponses":[],"ratingOverall":4,"langId":"1033","userNickname":"Runsalot","brandType":"Expedia","title":"Great value and location next to SFO","reviewText":"We've been staying at the HIE for several years now since we discovered how close it is to everything we need in a hotel room when visiting family in the City.  First of all, rather than to stress out my elderly mother who has to deal with water rationing penalties during drought conditions and laundering linen etc., we decided to give her a break several years ago and \"just get a room.\"  At first it was awkward, not staying with family....but honestly, I think everyone is much more relaxed.  We can make it to the car rental center in minutes down the road, get our own breakfast downstairs in the lobby for a quick bite, get on the freeway two blocks away, shop at Costco next door for flowers, gifts, supplies etc. and not pay through the nose for a room in the City where you're most likely going to have your car broken into than here at the HIE.  \r\n\r\nThe hotel front lobby staff have been here for several years and recognizable by their pleasant, efficient and friendly welcome each and every visit.  When someone enjoys their work, it shows and these ladies are the best!  The rooms are clean, have a little fridge, microwave and coffee pot.  Bathrooms are a bit dated and the toilets need several flushes to down the t.p., but all one needs.  Flatscreen televisions, working heater/ac unit and efficient housekeeping rounds out a pleasant stay.  There's even a McDonald's directly next door if you run into the midnight munchies. ","featured":false,"ratingsOnly":false,"ratingRoomCleanliness":4,"ratingHotelCondition":4,"ratingService":5,"ratingRoomComfort":5,"positiveRemarks":"Proximity to SFO and the City.","negativeRemarks":"Housekeeping works hard and efficiently, but this trip we returned to our room around 2:00 p.m. and sadly the room hadn't been made up.  ","locationRemarks":"Easy access to Highway 101, San Bruno for Rolling Pin Donuts and Costco next door.","lastInitial":"","userLocation":"Seattle, Wa.","reviewSubmissionTime":"2015-06-18T16:04:17Z","reviewerCategories":[{"categoryId":"Everyone","categoryLabel":"Everyone"}],"userDisplayName":"","roomTypeId":274362,"isUnverified":false,"isFlaggable":false,"isRecommended":"YES"},{"hotelId":"856888","totalPositiveFeedbacks":0,"tpid":"1","eapid":"0","contentLocale":"en_us","totalThanks":0,"photos":[],"reviewId":"5570a12f0e64750a06d6821d","itinId":"1106342648191","moderationStatus":"APPROVED","contentCodes":"MMA","managementResponses":[],"ratingOverall":4,"langId":"1033","userNickname":"M","brandType":"Expedia","title":"Very Nice Location and Accommodations\r\n","reviewText":"We were in San Francisco for our great-nephew's graduation and had to travel from San Francisco to South San Francisco, and other locations.  This hotel was greatly located, the accommodations were excellent.  The staff was helpful and friendly.  The coffee - VERY good (especially early in the morning) and parking was very convenient.  \r\nI would recommend this hotel to anyone who needed/wanted to stay in or near San Francisco proper, and yet wanted the quiet of a local hotel an not the overwhelming hustle and bustle of a huge hotel.  ","featured":false,"ratingsOnly":false,"ratingRoomCleanliness":5,"ratingHotelCondition":4,"ratingService":4,"ratingRoomComfort":5,"positiveRemarks":"Everything we experienced.  ","negativeRemarks":"Larger coffee cups to go to bring to the room.  ","locationRemarks":"Although near the airport, there was virtually no noise & it was easy to get to city to explore.  ","lastInitial":"R","userLocation":"Irvine, CA","reviewSubmissionTime":"2015-06-04T19:04:15Z","reviewerCategories":[{"categoryId":"Everyone","categoryLabel":"Everyone"}],"userDisplayName":"","roomTypeId":475018,"isUnverified":false,"isFlaggable":false,"isRecommended":"YES"},{"hotelId":"856888","totalPositiveFeedbacks":0,"tpid":"1","eapid":"0","contentLocale":"en_us","totalThanks":0,"photos":[],"reviewId":"556b29d76c99b30a077b7fde","itinId":"1102782365909","moderationStatus":"APPROVED","contentCodes":"MMA","managementResponses":[],"ratingOverall":5,"langId":"1033","userNickname":"Tim","brandType":"Expedia","title":"Close to airport and comfortable","reviewText":"Beds were very comfortable!! Great location! Bathrooms were a little small","featured":false,"ratingsOnly":false,"ratingRoomCleanliness":4,"ratingHotelCondition":4,"ratingService":5,"ratingRoomComfort":5,"positiveRemarks":"","negativeRemarks":"","locationRemarks":"","lastInitial":"","userLocation":"S.","reviewSubmissionTime":"2015-05-31T15:33:43Z","reviewerCategories":[{"categoryId":"Everyone","categoryLabel":"Everyone"}],"userDisplayName":"","roomTypeId":274369,"isUnverified":false,"isFlaggable":false,"isRecommended":"YES"},{"hotelId":"856888","totalPositiveFeedbacks":0,"tpid":"1","eapid":"0","contentLocale":"en_us","totalThanks":0,"photos":[],"reviewId":"553a58b9e4b0e8c5a5ebd6d2","itinId":"1102356138914","moderationStatus":"APPROVED","contentCodes":"MMA","managementResponses":[],"ratingOverall":5,"langId":"1033","userNickname":"BB","brandType":"Expedia","title":"Great hotel close to SFO","reviewText":"Great hotel, reasonable rates, clean and comfy! The staff was extremely helpful and friendly. I was impressed by the cleanliness of this property. Beds were heavenly!","featured":false,"ratingsOnly":false,"ratingRoomCleanliness":5,"ratingHotelCondition":5,"ratingService":5,"ratingRoomComfort":5,"positiveRemarks":"Everything","negativeRemarks":"Nothing--they are doing a great job!","locationRemarks":"","lastInitial":"","userLocation":"","reviewSubmissionTime":"2015-04-24T14:52:41Z","reviewerCategories":[{"categoryId":"BusinessTravelers","categoryLabel":"BusinessTravelers"}],"userDisplayName":"","roomTypeId":475018,"isUnverified":false,"isFlaggable":false,"isRecommended":"YES"},{"hotelId":"856888","totalPositiveFeedbacks":0,"tpid":"1","eapid":"0","contentLocale":"en_us","totalThanks":0,"photos":[],"reviewId":"5527f27be4b09bc1e2232420","itinId":"1101838556753","moderationStatus":"APPROVED","contentCodes":"HMP MMD","managementResponses":[],"ratingOverall":5,"langId":"1033","userNickname":"Ty","brandType":"Expedia","title":"Very quiet and comfortable stay","reviewText":"I Like staying in the Holiday Express Hotels. The Hotels  are well maintained and a great value and the Staff is always pleasant and courteous. \r\n\r\nI did have a problem with the room when I first arrived the chirping fire detector. Maintenance was dispatched quickly and when it was not an easy fix they switched my room for me. ","featured":false,"ratingsOnly":false,"ratingRoomCleanliness":5,"ratingHotelCondition":5,"ratingService":5,"ratingRoomComfort":5,"positiveRemarks":"The Bed was Awesome!  Drifted right to sleep in it ","negativeRemarks":"It is a budget hotel so any improvement I would suggest would most likely cause the rates to increase. The Bathroom, nice could be nicer with tile","locationRemarks":"this Hotel is Close the the Airport and San Francisco is a short drive.  As things to do it is more a business travelers location ","lastInitial":"C","userLocation":"Phoenix","reviewSubmissionTime":"2015-04-10T15:55:39Z","reviewerCategories":[{"categoryId":"BusinessTravelers","categoryLabel":"BusinessTravelers"}],"userDisplayName":"","roomTypeId":475018,"isUnverified":false,"isFlaggable":false,"isRecommended":"YES"},{"hotelId":"856888","totalPositiveFeedbacks":0,"tpid":"1","eapid":"0","contentLocale":"en_us","totalThanks":0,"photos":[],"reviewId":"551c5367e4b05ea5129d1077","itinId":"197814748264","moderationStatus":"APPROVED","contentCodes":"HMP MMD","managementResponses":[],"ratingOverall":5,"langId":"1033","userNickname":"","brandType":"Expedia","title":"","reviewText":"Fran was very helpful and gave good references for nearby restaurants.","featured":false,"ratingsOnly":false,"ratingRoomCleanliness":5,"ratingHotelCondition":5,"ratingService":5,"ratingRoomComfort":5,"positiveRemarks":"","negativeRemarks":"","locationRemarks":"","lastInitial":"","userLocation":"","reviewSubmissionTime":"2015-04-01T20:21:59Z","reviewerCategories":[{"categoryId":"Everyone","categoryLabel":"Everyone"}],"userDisplayName":"","roomTypeId":475018,"isUnverified":false,"isFlaggable":false,"isRecommended":"YES"},{"hotelId":"856888","totalPositiveFeedbacks":1,"tpid":"1","eapid":"0","contentLocale":"en_us","totalThanks":1,"photos":[],"reviewId":"5513f2a3e4b079d4bab55570","itinId":"199103929057","moderationStatus":"APPROVED","contentCodes":"HMP MMD","managementResponses":[],"ratingOverall":5,"langId":"1033","userNickname":"peggy","brandType":"Expedia","title":"Nice hotel near airport","reviewText":"We were very satisfied with location the hotel as we were taking a morning flight the following day. The early breakfast was very good and complete with many items. The staff was quite helpful and pleasant.  Th rooms were roomy and great for a good night's sleep.  The only concern was that the bright light directly out our window was overwhelming, however, we found the room darkening shades the next morning. The price, with the added taxes, was a little pricy, but not unusual in San Francisco. The confusion with the other Holiday Inn Express was difficult for family coming to visit us at the hotel.\r\n","featured":false,"ratingsOnly":false,"ratingRoomCleanliness":5,"ratingHotelCondition":5,"ratingService":5,"ratingRoomComfort":5,"positiveRemarks":"We loved the location and the facility itself.","negativeRemarks":"The two nearby HI Express need different labelings.","locationRemarks":"The primary use for the hotel was the location near the airport.","lastInitial":"Y","userLocation":"Nebraska","reviewSubmissionTime":"2015-03-26T11:50:59Z","reviewerCategories":[{"categoryId":"Everyone","categoryLabel":"Everyone"}],"userDisplayName":"","roomTypeId":230698,"isUnverified":false,"isFlaggable":false,"isRecommended":"YES"}]}}}
