{"reviewDetails":{"startIndex":0,"numberOfReviewsInThisPage":20,"reviewSummaryCollection":{"reviewSummary":[{"hotelId":"578899","totalReviewCnt":1147,"avgOverallRating":4.284224,"cleanliness":4.481257,"serviceAndStaff":4.397556,"roomComfort":4.2694,"hotelCondition":4.3173475,"convenienceOfLocation":4.7784786,"neighborhoodSatisfaction":4.525318,"roomQuality":0,"targetedBrand":"Expedia","originSummary":[{"origin":"Expedia","reviewCnt":1147,"recommendedPercent":93.19965,"avgOverallRating":4.284224,"cleanliness":4.481257,"serviceAndStaff":4.397556,"roomComfort":4.2694,"hotelCondition":4.3173475,"convenienceOfLocation":4.7784786,"neighborhoodSatisfaction":4.525318,"valueForMoney":0,"roomQuality":0,"categoryCounts":{"Everyone":588,"Couples":160,"BusinessTravelers":6,"Students":2,"Families":95,"Other":36},"roomTypeIdCounts":{"200057644":8,"145955":1,"200238381":21,"51170":1,"200057640":6,"274659":27,"200057643":1,"274637":263,"455663":46,"274640":109,"201171307":2,"201544564":14,"410876":5,"200238384":3},"languageCounts":{"en":1147}}],"recommendedPercent":93.19965,"valueForMoney":0,"categoryCounts":{"Everyone":588,"Couples":160,"BusinessTravelers":6,"Students":2,"Families":95,"Other":36},"roomTypeIdCounts":{"200057644":8,"145955":1,"200238381":21,"51170":1,"200057640":6,"274659":27,"200057643":1,"274637":263,"455663":46,"274640":109,"201171307":2,"201544564":14,"410876":5,"200238384":3},"languageCounts":{"en":1147},"featuredReview":{}}]},"reviewCollection":{"review":[{"hotelId":"578899","totalPositiveFeedbacks":0,"tpid":"1","eapid":"0","contentLocale":"en_us","totalThanks":0,"photos":[],"reviewId":"57b22f2e5fef710b3cd3b69a","itinId":"1140800909169","moderationStatus":"APPROVED","contentCodes":"","managementResponses":[],"ratingOverall":5,"langId":"1033","userNickname":"","brandType":"Expedia","title":"","reviewText":"Walking distance to lots of great sights. The staff was friendly and helpful. We would definitely stay here again. ","featured":false,"ratingsOnly":false,"ratingRoomCleanliness":5,"ratingHotelCondition":5,"ratingService":5,"ratingRoomComfort":5,"positiveRemarks":"","negativeRemarks":"","locationRemarks":"","lastInitial":"","userLocation":"","reviewSubmissionTime":"2016-08-15T21:07:58Z","reviewerCategories":[{"categoryId":"Everyone","categoryLabel":"Everyone"}],"userDisplayName":"","roomTypeId":200238381,"isUnverified":false,"isFlaggable":true,"isRecommended":"YES"},{"hotelId":"578899","totalPositiveFeedbacks":0,"tpid":"1","eapid":"0","contentLocale":"en_us","totalThanks":0,"photos":[],"reviewId":"57b1ed3fc25ece0b063bf390","itinId":"1136551250946","moderationStatus":"APPROVED","contentCodes":"","managementResponses":[],"ratingOverall":4,"langId":"1033","userNickname":"mom","brandType":"Expedia","title":"Great location","reviewText":"Walked to wharf, piers, cable car, china town from hotel. Breakfast and plenty of room for sitting. ","featured":false,"ratingsOnly":false,"ratingRoomCleanliness":4,"ratingHotelCondition":4,"ratingService":4,"ratingRoomComfort":4,"positiveRemarks":"","negativeRemarks":"","locationRemarks":"","lastInitial":"m","userLocation":"oh","reviewSubmissionTime":"2016-08-15T16:26:39Z","reviewerCategories":[{"categoryId":"Everyone","categoryLabel":"Everyone"}],"userDisplayName":"","roomTypeId":201544564,"isUnverified":false,"isFlaggable":true,"isRecommended":"YES"},{"hotelId":"578899","totalPositiveFeedbacks":0,"tpid":"1","eapid":"0","contentLocale":"en_us","totalThanks":0,"photos":[],"reviewId":"57b1b9aee8bed90b3f33e26d","itinId":"1142850222038","moderationStatus":"APPROVED","contentCodes":"","managementResponses":[],"ratingOverall":5,"langId":"1033","userNickname":"","brandType":"Expedia","title":"Great hotel, very close to attractions.","reviewText":"Had a great time in San Francisco!! Hotel very nice and within walking distance to Fisherman's Wharf, cable cars, and the famous Buena Vista cafe. Highly reccomend.","featured":false,"ratingsOnly":false,"ratingRoomCleanliness":5,"ratingHotelCondition":5,"ratingService":5,"ratingRoomComfort":5,"positiveRemarks":"","negativeRemarks":"","locationRemarks":"","lastInitial":"","userLocation":"","reviewSubmissionTime":"2016-08-15T12:46:38Z","reviewerCategories":[{"categoryId":"Everyone","categoryLabel":"Everyone"}],"userDisplayName":"","roomTypeId":274637,"isUnverified":false,"isFlaggable":true,"isRecommended":"YES"},{"hotelId":"578899","totalPositiveFeedbacks":0,"tpid":"1","eapid":"0","contentLocale":"en_us","totalThanks":0,"photos":[],"reviewId":"57ae1b87afdd860b052c33c7","itinId":"1137800717024","moderationStatus":"APPROVED","contentCodes":"","managementResponses":[],"ratingOverall":4,"langId":"1033","userNickname":"","brandType":"Expedia","title":"","reviewText":"Close to waterfront and restaurants. Quiet street ","featured":false,"ratingsOnly":false,"ratingRoomCleanliness":4,"ratingHotelCondition":4,"ratingService":4,"ratingRoomComfort":4,"positiveRemarks":"","negativeRemarks":"","locationRemarks":"","lastInitial":"","userLocation":"","reviewSubmissionTime":"2016-08-12T18:55:03Z","reviewerCategories":[{"categoryId":"Everyone","categoryLabel":"Everyone"}],"userDisplayName":"","roomTypeId":201544564,"isUnverified":false,"isFlaggable":true,"isRecommended":"YES"},{"hotelId":"578899","totalPositiveFeedbacks":0,"tpid":"1","eapid":"0","contentLocale":"en_us","totalThanks":0,"photos":[],"reviewId":"57ab25307f7e0d0b04b3496f","itinId":"1137665376884","moderationStatus":"APPROVED","contentCodes":"","managementResponses":[],"ratingOverall":4,"langId":"1033","userNickname":"","brandType":"Expedia","title":"Close to everything ","reviewText":"Fast check-in, breakfast was a little crowded in the mornings had trouble finding a place to sit. Room was comfortable","featured":false,"ratingsOnly":false,"ratingRoomCleanliness":4,"ratingHotelCondition":4,"ratingService":5,"ratingRoomComfort":4,"positiveRemarks":"","negativeRemarks":"","locationRemarks":"","lastInitial":"","userLocation":"","reviewSubmissionTime":"2016-08-10T12:59:28Z","reviewerCategories":[{"categoryId":"Everyone","categoryLabel":"Everyone"}],"userDisplayName":"","roomTypeId":455663,"isUnverified":false,"isFlaggable":true,"isRecommended":"YES"},{"hotelId":"578899","totalPositiveFeedbacks":0,"tpid":"1","eapid":"0","contentLocale":"en_us","totalThanks":0,"photos":[],"reviewId":"57a8177e1563430b295888cb","itinId":"1135784442585","moderationStatus":"APPROVED","contentCodes":"","managementResponses":[],"ratingOverall":4,"langId":"1033","userNickname":"aly","brandType":"Expedia","title":"Nice close to piers","reviewText":"Hotel has pool NEXT DOOR, at the hotel next block. Breakfast the same every day, but close to other restaurants and plenty of things to do outside hotel....","featured":false,"ratingsOnly":false,"ratingRoomCleanliness":4,"ratingHotelCondition":4,"ratingService":4,"ratingRoomComfort":4,"positiveRemarks":"","negativeRemarks":"","locationRemarks":"","lastInitial":"b","userLocation":"colorado","reviewSubmissionTime":"2016-08-08T05:24:14Z","reviewerCategories":[{"categoryId":"Everyone","categoryLabel":"Everyone"}],"userDisplayName":"","roomTypeId":201544564,"isUnverified":false,"isFlaggable":true,"isRecommended":"YES"},{"hotelId":"578899","totalPositiveFeedbacks":0,"tpid":"1","eapid":"0","contentLocale":"en_us","totalThanks":0,"photos":[],"reviewId":"57a73c321563430b29e067c6","itinId":"1137725325591","moderationStatus":"APPROVED","contentCodes":"","managementResponses":[],"ratingOverall":2,"langId":"1033","userNickname":"","brandType":"Expedia","title":"","reviewText":"Good location. Staff not friendly. Parking expensive ","featured":false,"ratingsOnly":false,"ratingRoomCleanliness":3,"ratingHotelCondition":3,"ratingService":1,"ratingRoomComfort":3,"positiveRemarks":"","negativeRemarks":"","locationRemarks":"","lastInitial":"","userLocation":"","reviewSubmissionTime":"2016-08-07T13:48:34Z","reviewerCategories":[{"categoryId":"Everyone","categoryLabel":"Everyone"}],"userDisplayName":"","roomTypeId":201544564,"isUnverified":false,"isFlaggable":true,"isRecommended":"NO"},{"hotelId":"578899","totalPositiveFeedbacks":0,"tpid":"1","eapid":"0","contentLocale":"en_us","totalThanks":0,"photos":[],"reviewId":"57a662f00a81ec0b2e727846","itinId":"1142204405979","moderationStatus":"APPROVED","contentCodes":"","managementResponses":[],"ratingOverall":5,"langId":"1033","userNickname":"","brandType":"Expedia","title":"Wonderful hotel close to The Embarcadero.  ","reviewText":"Our first experience at a Holiday Inn Express and it was wonderful!  A great hotel close to The Embarcadero with a warm and welcoming staff.  We would definitely stay here on our next visit!","featured":false,"ratingsOnly":false,"ratingRoomCleanliness":5,"ratingHotelCondition":5,"ratingService":5,"ratingRoomComfort":5,"positiveRemarks":"","negativeRemarks":"","locationRemarks":"","lastInitial":"","userLocation":"","reviewSubmissionTime":"2016-08-06T22:21:36Z","reviewerCategories":[{"categoryId":"Everyone","categoryLabel":"Everyone"}],"userDisplayName":"","roomTypeId":274637,"isUnverified":false,"isFlaggable":true,"isRecommended":"YES"},{"hotelId":"578899","totalPositiveFeedbacks":1,"tpid":"1","eapid":"0","contentLocale":"en_us","totalThanks":1,"photos":[],"reviewId":"57992a1d553a400b290353dd","itinId":"1135773423225","moderationStatus":"APPROVED","contentCodes":"","managementResponses":[],"ratingOverall":5,"langId":"1033","userNickname":"Lisa","brandType":"Expedia","title":"Great Location, Helpful Staff and Breakfast!! ","reviewText":"Stayed at the Holiday Inn Express July 20-25, 2016 - great hotel!! Location was perfect to everywhere we wanted to go - even walked to Chinatown - about 1 mile away since it was a beautiful day!  Staff was so helpful and friendly and having breakfast included was such a savings!!  I would highly recommend.  ","featured":false,"ratingsOnly":false,"ratingRoomCleanliness":5,"ratingHotelCondition":5,"ratingService":5,"ratingRoomComfort":5,"positiveRemarks":"Location, location, location ","negativeRemarks":"","locationRemarks":"","lastInitial":"A","userLocation":"Baton Rouge, LA","reviewSubmissionTime":"2016-07-27T21:39:41Z","reviewerCategories":[{"categoryId":"Everyone","categoryLabel":"Everyone"}],"userDisplayName":"","roomTypeId":274637,"isUnverified":false,"isFlaggable":true,"isRecommended":"YES"},{"hotelId":"578899","totalPositiveFeedbacks":1,"tpid":"1","eapid":"0","contentLocale":"en_us","totalThanks":1,"photos":[],"reviewId":"57990029553a400b29a4784f","itinId":"1141534975840","moderationStatus":"APPROVED","contentCodes":"","managementResponses":[],"ratingOverall":5,"langId":"1033","userNickname":"road trip ","brandType":"Expedia","title":"On road trip and heading home , this was perfect.","reviewText":"Wonderful staff, and in perfect spot for sightseeing! If late arrival local yelp has places that deliver to your room inexpensive.\r\nSuggestions for breakfast the cafe on the corner amazing and great for kids ! Hotel was overall an A+","featured":false,"ratingsOnly":false,"ratingRoomCleanliness":5,"ratingHotelCondition":5,"ratingService":5,"ratingRoomComfort":5,"positiveRemarks":"","negativeRemarks":"","locationRemarks":"","lastInitial":"S","userLocation":"wa","reviewSubmissionTime":"2016-07-27T18:40:41Z","reviewerCategories":[{"categoryId":"Everyone","categoryLabel":"Everyone"}],"userDisplayName":"","roomTypeId":274637,"isUnverified":false,"isFlaggable":true,"isRecommended":"YES"},{"hotelId":"578899","totalPositiveFeedbacks":1,"tpid":"1","eapid":"0","contentLocale":"en_us","totalThanks":1,"photos":[],"reviewId":"57977c3a7331850b27ed4682","itinId":"1139737249267","moderationStatus":"APPROVED","contentCodes":"","managementResponses":[],"ratingOverall":4,"langId":"1033","userNickname":"Chucky","brandType":"Expedia","title":"Convenience, location and breakfast","reviewText":"I was pleased with the location of Holiday Inn Express.  I was in walking distance to Fisherman's Wharf, Ghirardelli and Trader Joes.  I also walked past Safeway.  Great location and I woke up to a nice breakfast.  ","featured":false,"ratingsOnly":false,"ratingRoomCleanliness":5,"ratingHotelCondition":4,"ratingService":5,"ratingRoomComfort":4,"positiveRemarks":"Clean, pleasant staff and there was even cardio machines.","negativeRemarks":"Nothing much for the price.","locationRemarks":"Lots to see near by in walking distance","lastInitial":"N","userLocation":"Honolulu","reviewSubmissionTime":"2016-07-26T15:05:30Z","reviewerCategories":[{"categoryId":"Families","categoryLabel":"Families"}],"userDisplayName":"","roomTypeId":200238381,"isUnverified":false,"isFlaggable":true,"isRecommended":"YES"},{"hotelId":"578899","totalPositiveFeedbacks":1,"tpid":"1","eapid":"0","contentLocale":"en_us","totalThanks":1,"photos":[],"reviewId":"57957c91bff7f60b2fcad749","itinId":"1137387885043","moderationStatus":"APPROVED","contentCodes":"","managementResponses":[],"ratingOverall":5,"langId":"1033","userNickname":"Lyana","brandType":"Expedia","title":"Location, location, location ... ","reviewText":"I parked my vehicle and walked everywhere, close to the cable carts, Fisherman Wharf (Pier 39), Pier 33 where we caught the fairy to Alcatraz ... came with my boys, parents and nephew, love San Francisco. Free breakfast made it convenient so we can get on the go. ","featured":false,"ratingsOnly":false,"ratingRoomCleanliness":5,"ratingHotelCondition":4,"ratingService":5,"ratingRoomComfort":5,"positiveRemarks":"Location, location, location ...","negativeRemarks":"","locationRemarks":"Shopping, food, site seeing ... loved IT!","lastInitial":"","userLocation":"Santa Fe Springs, CA","reviewSubmissionTime":"2016-07-25T02:42:25Z","reviewerCategories":[{"categoryId":"Families","categoryLabel":"Families"}],"userDisplayName":"","roomTypeId":201544564,"isUnverified":false,"isFlaggable":true,"isRecommended":"YES"},{"hotelId":"578899","totalPositiveFeedbacks":1,"tpid":"1","eapid":"0","contentLocale":"en_us","totalThanks":1,"photos":[],"reviewId":"57944b9f8566a80b2a6bef50","itinId":"1136520996554","moderationStatus":"APPROVED","contentCodes":"","managementResponses":[],"ratingOverall":5,"langId":"1033","userNickname":"debbie","brandType":"Expedia","title":"Very nice hotel perfectly situated for the tourist","reviewText":"We did not rent a car or have a car. This hotel made it so easy to spend our days walking, taking a cable car or a street car, or renting a bike to see everything in the city!  We spent for fabulous days there. Busy from morning till night seeing the sights and having fun.","featured":false,"ratingsOnly":false,"ratingRoomCleanliness":5,"ratingHotelCondition":5,"ratingService":5,"ratingRoomComfort":5,"positiveRemarks":"","negativeRemarks":"","locationRemarks":"","lastInitial":"","userLocation":"San Diego","reviewSubmissionTime":"2016-07-24T05:01:19Z","reviewerCategories":[{"categoryId":"Everyone","categoryLabel":"Everyone"}],"userDisplayName":"","roomTypeId":274659,"isUnverified":false,"isFlaggable":true,"isRecommended":"YES"},{"hotelId":"578899","totalPositiveFeedbacks":1,"tpid":"1","eapid":"0","contentLocale":"en_us","totalThanks":1,"photos":[],"reviewId":"5791701bd29e300b28d25b25","itinId":"1136913783623","moderationStatus":"APPROVED","contentCodes":"","managementResponses":[],"ratingOverall":5,"langId":"1033","userNickname":"","brandType":"Expedia","title":"Excellent","reviewText":"Close to main attractions, bus stops. Wxcellent breakfast","featured":false,"ratingsOnly":false,"ratingRoomCleanliness":5,"ratingHotelCondition":5,"ratingService":4,"ratingRoomComfort":5,"positiveRemarks":"","negativeRemarks":"","locationRemarks":"","lastInitial":"","userLocation":"","reviewSubmissionTime":"2016-07-22T01:00:11Z","reviewerCategories":[{"categoryId":"Everyone","categoryLabel":"Everyone"}],"userDisplayName":"","roomTypeId":201544564,"isUnverified":false,"isFlaggable":true,"isRecommended":"YES"},{"hotelId":"578899","totalPositiveFeedbacks":2,"tpid":"1","eapid":"0","contentLocale":"en_us","totalThanks":2,"photos":[],"reviewId":"578ebb96d29e300b2800a51c","itinId":"1135983587220","moderationStatus":"APPROVED","contentCodes":"","managementResponses":[],"ratingOverall":5,"langId":"1033","userNickname":"","brandType":"Expedia","title":"Great location & great breakfast!","reviewText":"My husband and I were very pleased with the hotel's location as it was in a great location - close to shops, restaurants, the piers, and public transportation.  It was very clean and comfortable and the staff (particularly the front desk) were very friendly.  We also really appreciated the breakfast that was included which was much more than we were expecting (pancakes, eggs, sausage, cereal, oatmeal, bagels, toast, cinnamon rolls, juice, coffee, yogurt and fruit).  Since San Francisco is so spendy, it was nice to not have to pay for at least one of our meals each day.  We were only disappointed by 2 things: 1) our view (which was a building with windows only a few yards away) and 2) no pool (Of course, it was my fault for not noticing on the website that there was no pool).  Other than that - we had a great stay and would definitely stay here again.","featured":false,"ratingsOnly":false,"ratingRoomCleanliness":5,"ratingHotelCondition":4,"ratingService":5,"ratingRoomComfort":5,"positiveRemarks":"The breakfast that was included - was much more than we were expecting!","negativeRemarks":"","locationRemarks":"It is just a few blocks from the pier with tons of shops and restaurants nearby.  And very convenient for public transportation to all the attractions","lastInitial":"","userLocation":"","reviewSubmissionTime":"2016-07-19T23:45:26Z","reviewerCategories":[{"categoryId":"Everyone","categoryLabel":"Everyone"}],"userDisplayName":"","roomTypeId":274637,"isUnverified":false,"isFlaggable":true,"isRecommended":"YES"},{"hotelId":"578899","totalPositiveFeedbacks":1,"tpid":"4","eapid":"0","contentLocale":"en_ca","totalThanks":1,"photos":[],"reviewId":"578e5e43331f6e0b28ecc027","itinId":"1135774721093","moderationStatus":"APPROVED","contentCodes":"","managementResponses":[],"ratingOverall":4,"langId":"4105","userNickname":"julie","brandType":"Expedia","title":"comfortable hotel close to fisherman's wharf.","reviewText":"Our room was very comfortable and the breakfast in the morning was ok.  It was just a short walk to the wharf.  We took a hop on hop off bus tour and there is a stop very close to the hotel.","featured":false,"ratingsOnly":false,"ratingRoomCleanliness":5,"ratingHotelCondition":4,"ratingService":4,"ratingRoomComfort":5,"positiveRemarks":"","negativeRemarks":"","locationRemarks":"","lastInitial":"","userLocation":"Langley, BC","reviewSubmissionTime":"2016-07-19T17:07:15Z","reviewerCategories":[{"categoryId":"Everyone","categoryLabel":"Everyone"}],"userDisplayName":"","roomTypeId":201544564,"isUnverified":false,"isFlaggable":true,"isRecommended":"YES"},{"hotelId":"578899","totalPositiveFeedbacks":0,"tpid":"1","eapid":"0","contentLocale":"en_us","totalThanks":0,"photos":[],"reviewId":"578e4e9292a6f20b2715cab5","itinId":"1137102288265","moderationStatus":"APPROVED","contentCodes":"","managementResponses":[],"ratingOverall":4,"langId":"1033","userNickname":"s","brandType":"Expedia","title":"","reviewText":"Perfect location for warf area.  Alittle pricey plus you have to pay for parking. ","featured":false,"ratingsOnly":false,"ratingRoomCleanliness":5,"ratingHotelCondition":5,"ratingService":5,"ratingRoomComfort":5,"positiveRemarks":"","negativeRemarks":"","locationRemarks":"","lastInitial":"","userLocation":"buffalo ny","reviewSubmissionTime":"2016-07-19T16:00:18Z","reviewerCategories":[{"categoryId":"Everyone","categoryLabel":"Everyone"}],"userDisplayName":"","roomTypeId":274637,"isUnverified":false,"isFlaggable":true,"isRecommended":"YES"},{"hotelId":"578899","totalPositiveFeedbacks":0,"tpid":"4","eapid":"0","contentLocale":"en_ca","totalThanks":0,"photos":[],"reviewId":"578b91f415645e0b28bcceac","itinId":"1135644674698","moderationStatus":"APPROVED","contentCodes":"","managementResponses":[],"ratingOverall":5,"langId":"4105","userNickname":"Dot","brandType":"Expedia","title":"Great hotel close to cable cars and the Wharf","reviewText":"We stayed on the ground floor and it was very quiet.  It was close to a Safeway to pick up some food for lunch and etc.","featured":false,"ratingsOnly":false,"ratingRoomCleanliness":5,"ratingHotelCondition":4,"ratingService":5,"ratingRoomComfort":4,"positiveRemarks":"Close to transportation and amenities","negativeRemarks":"Would like to have a small refrigerator in the room.","locationRemarks":"Near Pier 39, a short walk to Ghiradhelli Square.","lastInitial":"","userLocation":"Vancouver, B.C","reviewSubmissionTime":"2016-07-17T14:11:00Z","reviewerCategories":[{"categoryId":"Everyone","categoryLabel":"Everyone"}],"userDisplayName":"","roomTypeId":201544564,"isUnverified":false,"isFlaggable":true,"isRecommended":"YES"},{"hotelId":"578899","totalPositiveFeedbacks":0,"tpid":"1","eapid":"0","contentLocale":"en_us","totalThanks":0,"photos":[],"reviewId":"5788f9492c54c70b2824773f","itinId":"1136776088895","moderationStatus":"APPROVED","contentCodes":"","managementResponses":[],"ratingOverall":5,"langId":"1033","userNickname":"Dale","brandType":"Expedia","title":"Location, location, location!","reviewText":"The hotel was an easy stroll to all of the attractions in the Fisherman's Wharf area.  It couldn't have been located in a better spot: Close enough to walk, but just far enough to be away from the crowds.  The staff was friendly and efficient, and the room was clean and ready for us at check-in.  And the room was spacious and comfortable enough to accommodate a roll-away bed in addition to the 2 queens.  Great value!","featured":false,"ratingsOnly":false,"ratingRoomCleanliness":4,"ratingHotelCondition":5,"ratingService":5,"ratingRoomComfort":5,"positiveRemarks":"","negativeRemarks":"","locationRemarks":"","lastInitial":"G","userLocation":"Solon, OH","reviewSubmissionTime":"2016-07-15T14:55:05Z","reviewerCategories":[{"categoryId":"Everyone","categoryLabel":"Everyone"}],"userDisplayName":"","roomTypeId":201544564,"isUnverified":false,"isFlaggable":true,"isRecommended":"YES"},{"hotelId":"578899","totalPositiveFeedbacks":0,"tpid":"28","eapid":"0","contentLocale":"en_us","totalThanks":0,"photos":[],"reviewId":"5788df8015645e0b2888145c","itinId":"17065787200","moderationStatus":"APPROVED","contentCodes":"","managementResponses":[],"ratingOverall":4,"langId":"1033","userNickname":"A","brandType":"Expedia","title":"Great!","reviewText":"I really appreciated that they let me drop my luggage and use their safety deposit box 5 hours before the planned check in time. That little courtesy made a huge difference in my one day visit to San Francisco. ","featured":false,"ratingsOnly":false,"ratingRoomCleanliness":4,"ratingHotelCondition":4,"ratingService":4,"ratingRoomComfort":4,"positiveRemarks":"","negativeRemarks":"","locationRemarks":"","lastInitial":"Y","userLocation":"japan","reviewSubmissionTime":"2016-07-15T13:05:04Z","reviewerCategories":[{"categoryId":"Everyone","categoryLabel":"Everyone"}],"userDisplayName":"","roomTypeId":201544564,"isUnverified":false,"isFlaggable":true,"isRecommended":"YES"}]}}}
