{"reviewDetails":{"startIndex":0,"numberOfReviewsInThisPage":20,"reviewSummaryCollection":{"reviewSummary":[{"hotelId":"897333","totalReviewCnt":282,"avgOverallRating":4.414896,"cleanliness":4.570922,"serviceAndStaff":4.500001,"roomComfort":4.4113464,"hotelCondition":4.379433,"convenienceOfLocation":4.6190476,"neighborhoodSatisfaction":4.253969,"roomQuality":0,"targetedBrand":"Expedia","originSummary":[{"origin":"Expedia","reviewCnt":282,"recommendedPercent":93.61702,"avgOverallRating":4.414896,"cleanliness":4.570922,"serviceAndStaff":4.500001,"roomComfort":4.4113464,"hotelCondition":4.379433,"convenienceOfLocation":4.6190476,"neighborhoodSatisfaction":4.253969,"valueForMoney":0,"roomQuality":0,"categoryCounts":{"Everyone":134,"BusinessTravelers":13,"Couples":23,"Families":33,"Other":5},"roomTypeIdCounts":{"201128205":2,"18019":77,"92580":8,"201128219":6,"201128212":2,"93179":25,"200259968":3},"languageCounts":{"en":282}}],"recommendedPercent":93.61702,"valueForMoney":0,"categoryCounts":{"Everyone":134,"BusinessTravelers":13,"Couples":23,"Families":33,"Other":5},"roomTypeIdCounts":{"201128205":2,"18019":77,"92580":8,"201128219":6,"201128212":2,"93179":25,"200259968":3},"languageCounts":{"en":282},"featuredReview":{}}]},"reviewCollection":{"review":[{"hotelId":"897333","totalPositiveFeedbacks":0,"tpid":"1","eapid":"0","contentLocale":"en_us","totalThanks":0,"photos":[],"reviewId":"57a62b47075f640b27fcc8bc","itinId":"1142630754022","moderationStatus":"APPROVED","contentCodes":"MMA","managementResponses":[],"ratingOverall":2,"langId":"1033","userNickname":"bad business","brandType":"Expedia","title":"Terrible bed!  Room wasn't ready at check in!  ","reviewText":"Miserable night, need a chiropractor now!  Room was ok, but bed was terrible!  Room temperature was difficult to control, either too hot or cold!","featured":false,"ratingsOnly":false,"ratingRoomCleanliness":3,"ratingHotelCondition":2,"ratingService":3,"ratingRoomComfort":1,"positiveRemarks":"","negativeRemarks":"","locationRemarks":"","lastInitial":"","userLocation":"","reviewSubmissionTime":"2016-08-06T18:24:07Z","reviewerCategories":[{"categoryId":"Everyone","categoryLabel":"Everyone"}],"userDisplayName":"","roomTypeId":92580,"isUnverified":false,"isFlaggable":false,"isRecommended":"NO"},{"hotelId":"897333","totalPositiveFeedbacks":0,"tpid":"1","eapid":"0","contentLocale":"en_us","totalThanks":0,"photos":[],"reviewId":"5769423df7ebc30b7b6fa1de","itinId":"1136329212011","moderationStatus":"APPROVED","contentCodes":"","managementResponses":[],"ratingOverall":4,"langId":"1033","userNickname":"","brandType":"Expedia","title":"Overnight stay by the airport","reviewText":"We got in late and had a very early flight.  The staff was friendly.  The robot that brought up 2 waters to our room was really neat.  The room was nice, the temperature was easy to control, the bathroom and bed were fine.  Overall, I'd go back there and stay if I had an early flight out.  The hotel shuttle was ready for us and left on time.  Unfortunately, we left before breakfast was ready.","featured":false,"ratingsOnly":false,"ratingRoomCleanliness":4,"ratingHotelCondition":4,"ratingService":4,"ratingRoomComfort":3,"positiveRemarks":"The location was great to get to an early flight. ","negativeRemarks":"Could have used at least one more towel in the bathroom for my wife and I. ","locationRemarks":"","lastInitial":"","userLocation":"","reviewSubmissionTime":"2016-06-21T13:33:49Z","reviewerCategories":[{"categoryId":"Everyone","categoryLabel":"Everyone"}],"userDisplayName":"","roomTypeId":201128212,"isUnverified":false,"isFlaggable":true,"isRecommended":"YES"},{"hotelId":"897333","totalPositiveFeedbacks":0,"tpid":"1","eapid":"0","contentLocale":"en_us","totalThanks":0,"photos":[],"reviewId":"575c4cd0e61a690b280c21cf","itinId":"1136342359637","moderationStatus":"APPROVED","contentCodes":"","managementResponses":[],"ratingOverall":5,"langId":"1033","userNickname":"Lloyd","brandType":"Expedia","title":"Close to Airport and BART","reviewText":"First time I stayed here. Staff was helpful and efficient. Will be back.","featured":false,"ratingsOnly":false,"ratingRoomCleanliness":5,"ratingHotelCondition":4,"ratingService":5,"ratingRoomComfort":5,"positiveRemarks":"","negativeRemarks":"","locationRemarks":"","lastInitial":"Z","userLocation":"Corona, CA","reviewSubmissionTime":"2016-06-11T17:39:28Z","reviewerCategories":[{"categoryId":"Everyone","categoryLabel":"Everyone"}],"userDisplayName":"","roomTypeId":201128212,"isUnverified":false,"isFlaggable":true,"isRecommended":"YES"},{"hotelId":"897333","totalPositiveFeedbacks":0,"tpid":"1","eapid":"0","contentLocale":"en_us","totalThanks":0,"photos":[],"reviewId":"57176b2634dec709db634e68","itinId":"1132685560918","moderationStatus":"APPROVED","contentCodes":"","managementResponses":[],"ratingOverall":5,"langId":"1033","userNickname":"Carey's","brandType":"Expedia","title":"Great location ","reviewText":"We were in san fran for a bitter sweet event however your amesome staff made the stay amazing..thanks","featured":false,"ratingsOnly":false,"ratingRoomCleanliness":5,"ratingHotelCondition":5,"ratingService":5,"ratingRoomComfort":5,"positiveRemarks":"","negativeRemarks":"","locationRemarks":"","lastInitial":"","userLocation":"Miami","reviewSubmissionTime":"2016-04-20T11:42:30Z","reviewerCategories":[{"categoryId":"Everyone","categoryLabel":"Everyone"}],"userDisplayName":"","roomTypeId":93179,"isUnverified":false,"isFlaggable":true,"isRecommended":"YES"},{"hotelId":"897333","totalPositiveFeedbacks":0,"tpid":"1","eapid":"0","contentLocale":"en_us","totalThanks":0,"photos":[],"reviewId":"56f01e942d1e2d097907e14f","itinId":"1128044769123","moderationStatus":"APPROVED","contentCodes":"","managementResponses":[],"ratingOverall":4,"langId":"1033","userNickname":"","brandType":"Expedia","title":"Nice hotel near SF Airport","reviewText":"Stayed for 2 nights on weekend with family. Good comparative rates with nice amenities like mini refrigerator and microwave in a room, complementary breakfast with free parking.  ","featured":false,"ratingsOnly":false,"ratingRoomCleanliness":5,"ratingHotelCondition":5,"ratingService":4,"ratingRoomComfort":5,"positiveRemarks":"","negativeRemarks":"","locationRemarks":"","lastInitial":"","userLocation":"","reviewSubmissionTime":"2016-03-21T16:17:24Z","reviewerCategories":[{"categoryId":"Everyone","categoryLabel":"Everyone"}],"userDisplayName":"","roomTypeId":18019,"isUnverified":false,"isFlaggable":true,"isRecommended":"YES"},{"hotelId":"897333","totalPositiveFeedbacks":1,"tpid":"1","eapid":"0","contentLocale":"en_us","totalThanks":1,"photos":[],"reviewId":"56ed66f4044ff50979086bd4","itinId":"1126140881743","moderationStatus":"APPROVED","contentCodes":"MMA","managementResponses":[],"ratingOverall":2,"langId":"1033","userNickname":"","brandType":"Expedia","title":"Horrible beds","reviewText":"Our room was by the elevator and we could hear the door opening and closing all night long. The beds were really bad. We put the comforter on the bottom to help with the mattress. Next time I will stay elsewhere. ","featured":false,"ratingsOnly":false,"ratingRoomCleanliness":4,"ratingHotelCondition":2,"ratingService":4,"ratingRoomComfort":1,"positiveRemarks":"","negativeRemarks":"","locationRemarks":"","lastInitial":"","userLocation":"","reviewSubmissionTime":"2016-03-19T14:49:24Z","reviewerCategories":[{"categoryId":"Everyone","categoryLabel":"Everyone"}],"userDisplayName":"","roomTypeId":18019,"isUnverified":false,"isFlaggable":false,"isRecommended":"NO"},{"hotelId":"897333","totalPositiveFeedbacks":1,"tpid":"1","eapid":"0","contentLocale":"en_us","totalThanks":1,"photos":[],"reviewId":"56e70f284b5e3c0999edb693","itinId":"1129017990481","moderationStatus":"APPROVED","contentCodes":"","managementResponses":[],"ratingOverall":5,"langId":"1033","userNickname":"Dennis","brandType":"Expedia","title":"Convenient to our destination","reviewText":"East to find off the 101.  Parking could be better.","featured":false,"ratingsOnly":false,"ratingRoomCleanliness":5,"ratingHotelCondition":4,"ratingService":5,"ratingRoomComfort":4,"positiveRemarks":"","negativeRemarks":"","locationRemarks":"","lastInitial":"H","userLocation":"Fresno , CA","reviewSubmissionTime":"2016-03-14T19:21:12Z","reviewerCategories":[{"categoryId":"Everyone","categoryLabel":"Everyone"}],"userDisplayName":"","roomTypeId":92580,"isUnverified":false,"isFlaggable":true,"isRecommended":"YES"},{"hotelId":"897333","totalPositiveFeedbacks":1,"tpid":"1","eapid":"0","contentLocale":"en_us","totalThanks":1,"photos":[],"reviewId":"56e5ca9e4b5e3c099952305e","itinId":"1127544777382","moderationStatus":"APPROVED","contentCodes":"HMP MMD","managementResponses":[],"ratingOverall":3,"langId":"1033","userNickname":"Bekah","brandType":"Expedia","title":"Renovations in progress.","reviewText":"We enjoyed our stay, but we were not aware that renovations were under way.  The elevator was not working, though fortunately (or unfortunately) we were on the first floor in a handicapped room (none of us were handicapped), so at least we did not have to climb stairs.  The breakfast was great, and I am sure the facilities will be wonderful when the renovations are complete.  Because we were on the first floor, we did not have any kind of view, which would have been nice as the motel is near the water.","featured":false,"ratingsOnly":false,"ratingRoomCleanliness":4,"ratingHotelCondition":2,"ratingService":5,"ratingRoomComfort":4,"positiveRemarks":"The location, price and shuttle to the airport were wonderful.  The free breakfast was probably the best I have had.  The free parking was a bonus.","negativeRemarks":"A working elevator and completion of renovations.","locationRemarks":"","lastInitial":"","userLocation":"Minnesota","reviewSubmissionTime":"2016-03-13T20:16:30Z","reviewerCategories":[{"categoryId":"Everyone","categoryLabel":"Everyone"}],"userDisplayName":"","roomTypeId":201128219,"isUnverified":false,"isFlaggable":false,"isRecommended":"NO"},{"hotelId":"897333","totalPositiveFeedbacks":0,"tpid":"1","eapid":"0","contentLocale":"en_us","totalThanks":0,"photos":[],"reviewId":"56df294ac573a3099918bb37","itinId":"1128394903877","moderationStatus":"APPROVED","contentCodes":"","managementResponses":[],"ratingOverall":3,"langId":"1033","userNickname":"SF trip -lena ","brandType":"Expedia","title":"Close to airport and other business establishments","reviewText":"Nice, comfortable hotel. However, they are doing construction right now so depending on the room, there may be some noise. I would not recommend staying on the first floor either. The continental breakfast was good, very fresh and convenient as well. My husband and I had it once. The hotel also provides a shuttle to the airport of needed. ","featured":false,"ratingsOnly":false,"ratingRoomCleanliness":4,"ratingHotelCondition":3,"ratingService":4,"ratingRoomComfort":3,"positiveRemarks":"","negativeRemarks":"","locationRemarks":"","lastInitial":"","userLocation":"","reviewSubmissionTime":"2016-03-08T19:34:34Z","reviewerCategories":[{"categoryId":"Everyone","categoryLabel":"Everyone"}],"userDisplayName":"","roomTypeId":201128205,"isUnverified":false,"isFlaggable":true,"isRecommended":"YES"},{"hotelId":"897333","totalPositiveFeedbacks":0,"tpid":"1","eapid":"0","contentLocale":"en_us","totalThanks":0,"photos":[],"reviewId":"56d9e8a6a981a1099636aa91","itinId":"1127418130682","moderationStatus":"APPROVED","contentCodes":"NLI HMP MMD","managementResponses":[],"ratingOverall":2,"langId":"1033","userNickname":"Lorie","brandType":"Expedia","title":"","reviewText":"I had stayed at a different Hotel the night before. A well known hotel in every state but cheaper in cost (and known to be cheap) so my expectation of that hotel vs. the Hampton Inn was lesser of the two since The Hampton Inn is by Hilton Inn & Suites. Well I was very disappointed to find that the room at the Hampton Inn was much smaller, the bathroom was way smaller, the bed wasn't as comfortable, the breakfast wasn't all that great, the staff at breakfast don't smile at you and they had staff on their hands and knees cleaning the floors by the elevators with a small brush in hand. I thought it was a safety issue since it was during check out time (11am) so the floors were wet, we had to walk around staff on their knees and try not to slip and fall and I thought it was belittling to staff. If that's the protocol for cleaning floors at The Hampton Inn then it should be done during sleep hours so that you don't place customer's at risk. ","featured":false,"ratingsOnly":false,"ratingRoomCleanliness":3,"ratingHotelCondition":4,"ratingService":3,"ratingRoomComfort":3,"positiveRemarks":"There was nothing extra ordinary about it to stand out above any other.","negativeRemarks":"Friendlier staff, don't wet the floors during check out time, better breakfast options and since the rooms and bathrooms are small, lower the price!","locationRemarks":"","lastInitial":"R","userLocation":"Burlingame, San Francisco","reviewSubmissionTime":"2016-03-04T19:57:26Z","reviewerCategories":[{"categoryId":"Everyone","categoryLabel":"Everyone"}],"userDisplayName":"","roomTypeId":18019,"isUnverified":false,"isFlaggable":false,"isRecommended":"NO"},{"hotelId":"897333","totalPositiveFeedbacks":0,"tpid":"1","eapid":"0","contentLocale":"en_us","totalThanks":0,"photos":[],"reviewId":"56d0f3b2eefa7f09819d7619","itinId":"1128122083647","moderationStatus":"APPROVED","contentCodes":"","managementResponses":[],"ratingOverall":3,"langId":"1033","userNickname":"","brandType":"Expedia","title":"Visiting daughter ","reviewText":"Under remodeling at the time we stayed but it was still nice .","featured":false,"ratingsOnly":false,"ratingRoomCleanliness":3,"ratingHotelCondition":3,"ratingService":3,"ratingRoomComfort":3,"positiveRemarks":"","negativeRemarks":"","locationRemarks":"","lastInitial":"","userLocation":"","reviewSubmissionTime":"2016-02-27T00:54:10Z","reviewerCategories":[{"categoryId":"Everyone","categoryLabel":"Everyone"}],"userDisplayName":"","roomTypeId":18019,"isUnverified":false,"isFlaggable":true,"isRecommended":"YES"},{"hotelId":"897333","totalPositiveFeedbacks":0,"tpid":"1","eapid":"0","contentLocale":"en_us","totalThanks":0,"photos":[],"reviewId":"56d0bf3c563b6d09820f4c1d","itinId":"1128067541139","moderationStatus":"APPROVED","contentCodes":"","managementResponses":[],"ratingOverall":5,"langId":"1033","userNickname":"","brandType":"Expedia","title":"Comfortable and convenient","reviewText":"We just needed a place to stay in the area while we were visiting friends.  It was very comfortable. There were extra touches by the staff that made us feel welcome and appreciated.  Breakfast was a pleasant surprise.  I have the hotel in my \"places to stay\" folder.","featured":false,"ratingsOnly":false,"ratingRoomCleanliness":5,"ratingHotelCondition":4,"ratingService":5,"ratingRoomComfort":5,"positiveRemarks":"Clean.  In a safe area so we could walk to restaurants. Great service.","negativeRemarks":"They were in the process of upgrading.  Can't wait til they're done.","locationRemarks":"We visited friends but it's close to a wonderful park, golf and a walking trail along the bay.  And, of course, it's near to San Francisco.","lastInitial":"","userLocation":"","reviewSubmissionTime":"2016-02-26T21:10:20Z","reviewerCategories":[{"categoryId":"Everyone","categoryLabel":"Everyone"}],"userDisplayName":"","roomTypeId":18019,"isUnverified":false,"isFlaggable":true,"isRecommended":"YES"},{"hotelId":"897333","totalPositiveFeedbacks":0,"tpid":"1","eapid":"0","contentLocale":"en_us","totalThanks":0,"photos":[],"reviewId":"56d089d6d72f870981d61f05","itinId":"1128190761769","moderationStatus":"APPROVED","contentCodes":"","managementResponses":[],"ratingOverall":5,"langId":"1033","userNickname":"Sarah","brandType":"Expedia","title":" Great experience! ","reviewText":" The hotel is conveniently located near the airport, making it easy to take the BART into the city and return for an easy stay overnight. Much more reasonable than trying to find anything decent downtown. We were definitely stay here again! ","featured":false,"ratingsOnly":false,"ratingRoomCleanliness":5,"ratingHotelCondition":5,"ratingService":5,"ratingRoomComfort":5,"positiveRemarks":"","negativeRemarks":"","locationRemarks":"","lastInitial":"","userLocation":"Z","reviewSubmissionTime":"2016-02-26T17:22:30Z","reviewerCategories":[{"categoryId":"Everyone","categoryLabel":"Everyone"}],"userDisplayName":"","roomTypeId":18019,"isUnverified":false,"isFlaggable":true,"isRecommended":"YES"},{"hotelId":"897333","totalPositiveFeedbacks":0,"tpid":"1","eapid":"0","contentLocale":"en_us","totalThanks":0,"photos":[],"reviewId":"56ceeaaea3cbd50981b83b34","itinId":"1128260734576","moderationStatus":"APPROVED","contentCodes":"HMP MMD","managementResponses":[],"ratingOverall":3,"langId":"1033","userNickname":"Sylvia","brandType":"Expedia","title":"Unexpected!","reviewText":"Staff was very friendly and our room was very clean and comfortable.  It looked like it was newly refurbished.  The bathroom was well stocked with bath supplies and the towels smelled like they were just freshly laundered! An added plus was the the great drainage in the shower! We've stayed in 5 star hotels where the shower drain is clogged up and this riles me to no end!   The bed was firm and very comfortable, the linen smelled fresh and clean. The only complaint I have is the hallway outside our room.  During our entire stay, I don't believe they vacuumed the carpet; the same small pieces of paper strewn on the carpet was still there when we checked out! Overall, for one who favors staying at the nearby Westin whenever we travel this area, I would definitely stay in this hotel again!","featured":false,"ratingsOnly":false,"ratingRoomCleanliness":4,"ratingHotelCondition":3,"ratingService":3,"ratingRoomComfort":4,"positiveRemarks":"","negativeRemarks":"","locationRemarks":"","lastInitial":"C","userLocation":"Los Angeles, CA","reviewSubmissionTime":"2016-02-25T11:51:10Z","reviewerCategories":[{"categoryId":"Everyone","categoryLabel":"Everyone"}],"userDisplayName":"","roomTypeId":92580,"isUnverified":false,"isFlaggable":false,"isRecommended":"YES"},{"hotelId":"897333","totalPositiveFeedbacks":0,"tpid":"4","eapid":"0","contentLocale":"en_ca","totalThanks":0,"photos":[],"reviewId":"56b3a525ee825a0993e4ba2d","itinId":"1125502188376","moderationStatus":"APPROVED","contentCodes":"","managementResponses":[],"ratingOverall":4,"langId":"4105","userNickname":"David","brandType":"Expedia","title":"Convenient comfortable airport hotel","reviewText":"Good convenient airport hotel... comfortable room... easy check-in and check-out... good shuttle service to airport","featured":false,"ratingsOnly":false,"ratingRoomCleanliness":5,"ratingHotelCondition":4,"ratingService":4,"ratingRoomComfort":5,"positiveRemarks":"","negativeRemarks":"","locationRemarks":"","lastInitial":"","userLocation":"Calgary","reviewSubmissionTime":"2016-02-04T19:23:17Z","reviewerCategories":[{"categoryId":"Everyone","categoryLabel":"Everyone"}],"userDisplayName":"","roomTypeId":93179,"isUnverified":false,"isFlaggable":true,"isRecommended":"YES"},{"hotelId":"897333","totalPositiveFeedbacks":0,"tpid":"1","eapid":"0","contentLocale":"en_us","totalThanks":0,"photos":[],"reviewId":"56a63cfe8d409709943856a0","itinId":"1123506429660","moderationStatus":"APPROVED","contentCodes":"HMP MMD","managementResponses":[],"ratingOverall":3,"langId":"1033","userNickname":"Rick","brandType":"Expedia","title":"As Expected","reviewText":"The hotel was clean, beds OK.   There was not a heavy drape on the window for total security (darkness) which was my only compliant.    Breakfast was good with basic choices available.    Only one Bus to SFO, which left every half hour, which means that you get picked up at airport only every half hour.   Most hotels has a more frequent schedule.","featured":false,"ratingsOnly":false,"ratingRoomCleanliness":4,"ratingHotelCondition":3,"ratingService":3,"ratingRoomComfort":4,"positiveRemarks":"Breakfast","negativeRemarks":"More timely transportation to airport.","locationRemarks":"","lastInitial":"","userLocation":"MN","reviewSubmissionTime":"2016-01-25T15:19:26Z","reviewerCategories":[{"categoryId":"Everyone","categoryLabel":"Everyone"}],"userDisplayName":"","roomTypeId":201128219,"isUnverified":false,"isFlaggable":false,"isRecommended":"YES"},{"hotelId":"897333","totalPositiveFeedbacks":0,"tpid":"1","eapid":"0","contentLocale":"en_us","totalThanks":0,"photos":[],"reviewId":"568be6a783b3335318c6d8d8","itinId":"1124551884851","moderationStatus":"APPROVED","contentCodes":"","managementResponses":[],"ratingOverall":5,"langId":"1033","userNickname":"y.y.","brandType":"Expedia","title":"Nice hotel near airport. ","reviewText":"Free shuttle every 30 min. Nice comfortable room, clean bedding. Complimentary water bottles in the room. Free continental hot breakfast. \r\nVery nice and helpful staff","featured":false,"ratingsOnly":false,"ratingRoomCleanliness":5,"ratingHotelCondition":5,"ratingService":5,"ratingRoomComfort":5,"positiveRemarks":"","negativeRemarks":"","locationRemarks":"","lastInitial":"","userLocation":"Philadelphia ","reviewSubmissionTime":"2016-01-05T15:52:07Z","reviewerCategories":[{"categoryId":"Everyone","categoryLabel":"Everyone"}],"userDisplayName":"","roomTypeId":201128219,"isUnverified":false,"isFlaggable":true,"isRecommended":"YES"},{"hotelId":"897333","totalPositiveFeedbacks":0,"tpid":"1","eapid":"0","contentLocale":"en_us","totalThanks":0,"photos":[],"reviewId":"568b27f491eced500cda3cf6","itinId":"1123764563181","moderationStatus":"APPROVED","contentCodes":"HMP MMD","managementResponses":[],"ratingOverall":2,"langId":"1033","userNickname":"","brandType":"Expedia","title":"Ice cold","reviewText":"Check in was OK... kind service... but room was horrible!   Ice cold (set at 65).... no water.... bathroom is laid out like a gym.... tons of space in the center... but no space on sink...- almost like a special needs room... but it was not.  \r\n\r\nBreakfast is served only after 6am...  not very buisness savvy... nor friendly to early flights.   \r\n\r\nNo vending (that I could find)...\r\n\r\nNothing good to say...  ","featured":false,"ratingsOnly":false,"ratingRoomCleanliness":3,"ratingHotelCondition":3,"ratingService":4,"ratingRoomComfort":1,"positiveRemarks":"nothing","negativeRemarks":"remodel the rooms and bathrooms... have vending machines... serve breakfast starting at 5am... and stock water (like the amenities states)","locationRemarks":"Near Airport","lastInitial":"","userLocation":"","reviewSubmissionTime":"2016-01-05T02:18:28Z","reviewerCategories":[{"categoryId":"Everyone","categoryLabel":"Everyone"}],"userDisplayName":"","roomTypeId":201128205,"isUnverified":false,"isFlaggable":false,"isRecommended":"NO"},{"hotelId":"897333","totalPositiveFeedbacks":1,"tpid":"1","eapid":"0","contentLocale":"en_us","totalThanks":1,"photos":[],"reviewId":"56589eec85cb030967a75f2a","itinId":"1118449789180","moderationStatus":"APPROVED","contentCodes":"HMP MMD","managementResponses":[],"ratingOverall":4,"langId":"1033","userNickname":"S","brandType":"Expedia","title":"Nice hotel but it seems like the staff isnt well t","reviewText":"Stayed for one night.  Front desk check in was pleasant and efficient.  Got to the room and was greeted with a sign saying, \"Enjoy complimentary bottled water\".  However, there was no water at all.  I wouldn't have expected it if the sign wasn't there, but if they say they are giving me something, then they should have it there.  Perhaps a problem with the housekeeping staff.  \r\n\r\nIn the morning, we arrived for breakfast only to find the hot items were out.  The person filling them appeared to be filling them but after waiting there for some time with no food forthcoming, we asked her if she was filling them.  She snapped at us in a rude way that \"they are coming\" as if we were bothering her by even asking if more would be coming out.   It was kind of surprising coming from someone in the entertainment industry.  She saw us waiting there and it was obvious what we were waiting for.  She should have at least acknowledged that she was filling them without us asking.  And then, to be answered in such a rude way was kind of disappointing.  \r\n\r\nOverall it was a fine stay but we were definitely taken aback by that.   ","featured":false,"ratingsOnly":false,"ratingRoomCleanliness":4,"ratingHotelCondition":4,"ratingService":2,"ratingRoomComfort":4,"positiveRemarks":"The rooms were updated and clean.  Beds were comfy.  Very quiet rooms.  ","negativeRemarks":"Training for staff other than front desk staff.","locationRemarks":"","lastInitial":"G","userLocation":"Sacramento, CA","reviewSubmissionTime":"2015-11-27T18:20:28Z","reviewerCategories":[{"categoryId":"Everyone","categoryLabel":"Everyone"}],"userDisplayName":"","roomTypeId":201128219,"isUnverified":false,"isFlaggable":false,"isRecommended":"YES"},{"hotelId":"897333","totalPositiveFeedbacks":0,"tpid":"1","eapid":"0","contentLocale":"en_us","totalThanks":0,"photos":[],"reviewId":"564b6bef883ab409673441e0","itinId":"1118276848561","moderationStatus":"APPROVED","contentCodes":"","managementResponses":[],"ratingOverall":5,"langId":"1033","userNickname":"","brandType":"Expedia","title":"Very happy with my stay","reviewText":"This hotel provided even more than I expected. Wonderful breakfast. ","featured":false,"ratingsOnly":false,"ratingRoomCleanliness":5,"ratingHotelCondition":5,"ratingService":5,"ratingRoomComfort":5,"positiveRemarks":"","negativeRemarks":"","locationRemarks":"","lastInitial":"","userLocation":"","reviewSubmissionTime":"2015-11-17T18:03:27Z","reviewerCategories":[{"categoryId":"Everyone","categoryLabel":"Everyone"}],"userDisplayName":"","roomTypeId":93179,"isUnverified":false,"isFlaggable":true,"isRecommended":"YES"}]}}}
