{"reviewDetails":{"startIndex":0,"numberOfReviewsInThisPage":20,"reviewSummaryCollection":{"reviewSummary":[{"hotelId":"790579","totalReviewCnt":349,"avgOverallRating":3.6361032,"cleanliness":3.9025788,"serviceAndStaff":3.8767912,"roomComfort":3.8452723,"hotelCondition":3.6275072,"convenienceOfLocation":3.8809524,"neighborhoodSatisfaction":3.0714285,"roomQuality":0,"targetedBrand":"Expedia","originSummary":[{"origin":"Expedia","reviewCnt":349,"recommendedPercent":75.07163,"avgOverallRating":3.6361032,"cleanliness":3.9025788,"serviceAndStaff":3.8767912,"roomComfort":3.8452723,"hotelCondition":3.6275072,"convenienceOfLocation":3.8809524,"neighborhoodSatisfaction":3.0714285,"valueForMoney":0,"roomQuality":0,"categoryCounts":{"Everyone":152,"BusinessTravelers":22,"Couples":10,"Students":1,"Families":12},"roomTypeIdCounts":{"200638647":31,"200638663":10,"200743972":1,"472227":14,"200638723":4,"200284886":2,"200638674":3,"472224":21,"200638717":3,"226968":1,"200638713":20,"13677":40},"languageCounts":{"en":349}}],"recommendedPercent":75.07163,"valueForMoney":0,"categoryCounts":{"Everyone":152,"BusinessTravelers":22,"Couples":10,"Students":1,"Families":12},"roomTypeIdCounts":{"200638647":31,"200638663":10,"200743972":1,"472227":14,"200638723":4,"200284886":2,"200638674":3,"472224":21,"200638717":3,"226968":1,"200638713":20,"13677":40},"languageCounts":{"en":349},"featuredReview":{}}]},"reviewCollection":{"review":[{"hotelId":"790579","totalPositiveFeedbacks":0,"tpid":"1","eapid":"0","contentLocale":"en_us","totalThanks":0,"photos":[],"reviewId":"57b1f38e973cb70b41bce0ed","itinId":"1140712742477","moderationStatus":"APPROVED","contentCodes":"HMP MMD","managementResponses":[],"ratingOverall":1,"langId":"1033","userNickname":"","brandType":"Expedia","title":"Series of Unfortunate Events","reviewText":"Stayed for a week! AC was leaking all over carpet and the bathroom was not cleaned properly upon my arrival. Also, there were limited items available for breakfast. The front desk is very difficult to get ahold of and they don't monitor their guests very well. There were several parties on our floor and the entire floor/our room reaked of marijuana one night. To no surprise - the entire hotel was evacuated due to the fire alarms going off at 12am. During this time there was no communication to the guests about what was going on! No one even told us it was safe to return to our rooms.  We would not stay again! ","featured":false,"ratingsOnly":false,"ratingRoomCleanliness":1,"ratingHotelCondition":2,"ratingService":2,"ratingRoomComfort":1,"positiveRemarks":"","negativeRemarks":"","locationRemarks":"","lastInitial":"","userLocation":"Orange County","reviewSubmissionTime":"2016-08-15T16:53:34Z","reviewerCategories":[{"categoryId":"Everyone","categoryLabel":"Everyone"}],"userDisplayName":"","roomTypeId":200638647,"isUnverified":false,"isFlaggable":false,"isRecommended":"NO"},{"hotelId":"790579","totalPositiveFeedbacks":0,"tpid":"1","eapid":"0","contentLocale":"en_us","totalThanks":0,"photos":[],"reviewId":"57962ec5331f6e0b28f7508b","itinId":"1141146570137","moderationStatus":"APPROVED","contentCodes":"","managementResponses":[],"ratingOverall":5,"langId":"1033","userNickname":"decent & practi","brandType":"Expedia","title":"Very comfortable and staff was friendly. ","reviewText":"Check in was a breeze. The room\r\nWas very clean. Accessibility to San Jose and San Francisco... SFO Int'l Airport was within reach. ","featured":false,"ratingsOnly":false,"ratingRoomCleanliness":5,"ratingHotelCondition":5,"ratingService":5,"ratingRoomComfort":5,"positiveRemarks":"","negativeRemarks":"","locationRemarks":"","lastInitial":"","userLocation":"","reviewSubmissionTime":"2016-07-25T15:22:45Z","reviewerCategories":[{"categoryId":"Everyone","categoryLabel":"Everyone"}],"userDisplayName":"","roomTypeId":200638723,"isUnverified":false,"isFlaggable":true,"isRecommended":"YES"},{"hotelId":"790579","totalPositiveFeedbacks":0,"tpid":"4","eapid":"0","contentLocale":"en_ca","totalThanks":0,"photos":[],"reviewId":"5790ed8ac4201a0b29e4fdd5","itinId":"1135714456476","moderationStatus":"APPROVED","contentCodes":"","managementResponses":[],"ratingOverall":4,"langId":"4105","userNickname":"Karen","brandType":"Expedia","title":"Nice hotel close to SFO airport.","reviewText":"The hotel room was nice, great staff, comfortable beds, clean showers. A bit of a drive to other destinations, but overall a good stay. ","featured":false,"ratingsOnly":false,"ratingRoomCleanliness":4,"ratingHotelCondition":4,"ratingService":5,"ratingRoomComfort":4,"positiveRemarks":"","negativeRemarks":"","locationRemarks":"","lastInitial":"","userLocation":"Vancouver, BC ","reviewSubmissionTime":"2016-07-21T15:43:06Z","reviewerCategories":[{"categoryId":"Everyone","categoryLabel":"Everyone"}],"userDisplayName":"","roomTypeId":200638647,"isUnverified":false,"isFlaggable":true,"isRecommended":"YES"},{"hotelId":"790579","totalPositiveFeedbacks":0,"tpid":"1","eapid":"0","contentLocale":"en_us","totalThanks":0,"photos":[],"reviewId":"577c141d67a4b00b7d97de0f","itinId":"1137257251805","moderationStatus":"APPROVED","contentCodes":"MMA","managementResponses":[],"ratingOverall":3,"langId":"1033","userNickname":"ravisse","brandType":"Expedia","title":"Convenient hotel","reviewText":"Near downtown.\r\nRoom is nice but not in good condition. They didn't check their facilities before renting out. We had no AC first day. Got move to another room for the second day. So overall staying rating is not that good. The service is very good. ","featured":false,"ratingsOnly":false,"ratingRoomCleanliness":2,"ratingHotelCondition":2,"ratingService":4,"ratingRoomComfort":2,"positiveRemarks":"","negativeRemarks":"","locationRemarks":"","lastInitial":"","userLocation":"CA","reviewSubmissionTime":"2016-07-05T20:10:05Z","reviewerCategories":[{"categoryId":"Everyone","categoryLabel":"Everyone"}],"userDisplayName":"","roomTypeId":200638647,"isUnverified":false,"isFlaggable":false,"isRecommended":"YES"},{"hotelId":"790579","totalPositiveFeedbacks":0,"tpid":"1","eapid":"0","contentLocale":"en_us","totalThanks":0,"photos":[],"reviewId":"5771823d0620330b7d889128","itinId":"1135141946711","moderationStatus":"APPROVED","contentCodes":"NLI HMP MMD","managementResponses":[],"ratingOverall":1,"langId":"1033","userNickname":"Ken","brandType":"Expedia","title":"There were ants in the room everywhere.  ","reviewText":"There were ants in the room on the bed, on the desk and on the counter where the coffee condiments were.  The front desk and telephone operator were notified but no one came to the room to check it out.  There was no manager on duty.  The front desk clerk stated that she would inform the manager when he came in.  The maid was notified upon check-out.   ","featured":false,"ratingsOnly":false,"ratingRoomCleanliness":1,"ratingHotelCondition":1,"ratingService":4,"ratingRoomComfort":1,"positiveRemarks":"It was quite.","negativeRemarks":"Getting rid of the ants. ","locationRemarks":"Close to San Francisco. ","lastInitial":"","userLocation":"Fairfield, CA","reviewSubmissionTime":"2016-06-27T19:45:01Z","reviewerCategories":[{"categoryId":"Everyone","categoryLabel":"Everyone"}],"userDisplayName":"","roomTypeId":200638713,"isUnverified":false,"isFlaggable":false,"isRecommended":"NO"},{"hotelId":"790579","totalPositiveFeedbacks":0,"tpid":"1","eapid":"0","contentLocale":"en_us","totalThanks":0,"photos":[],"reviewId":"5766ddb29cd5dd0b485b6284","itinId":"1134299134003","moderationStatus":"APPROVED","contentCodes":"HMP MMD","managementResponses":[],"ratingOverall":3,"langId":"1033","userNickname":"","brandType":"Expedia","title":"Hotel by the airport ","reviewText":"I already submitted a review. The hotel walls were dirty and bare. The kitchen in our toom was pathetic. Need more cream and sugar for the coffe bar in the room. Better signs for when room is ready to be cleaned! Cleaning crew came by too early and never came back to clean our room. Overall, I'm disappointed. Will not come back. ","featured":false,"ratingsOnly":false,"ratingRoomCleanliness":2,"ratingHotelCondition":2,"ratingService":4,"ratingRoomComfort":3,"positiveRemarks":"","negativeRemarks":"","locationRemarks":"","lastInitial":"","userLocation":"","reviewSubmissionTime":"2016-06-19T18:00:18Z","reviewerCategories":[{"categoryId":"Everyone","categoryLabel":"Everyone"}],"userDisplayName":"","roomTypeId":200638717,"isUnverified":false,"isFlaggable":false,"isRecommended":"NO"},{"hotelId":"790579","totalPositiveFeedbacks":0,"tpid":"1","eapid":"0","contentLocale":"en_us","totalThanks":0,"photos":[],"reviewId":"575d1d176368560b28edbb98","itinId":"1134723849593","moderationStatus":"APPROVED","contentCodes":"","managementResponses":[],"ratingOverall":4,"langId":"1033","userNickname":"","brandType":"Expedia","title":"Close to airport.","reviewText":"Clean, friendly staff, parking cost for each day. Close to airport.","featured":false,"ratingsOnly":false,"ratingRoomCleanliness":4,"ratingHotelCondition":4,"ratingService":5,"ratingRoomComfort":4,"positiveRemarks":"","negativeRemarks":"","locationRemarks":"","lastInitial":"","userLocation":"","reviewSubmissionTime":"2016-06-12T08:28:07Z","reviewerCategories":[{"categoryId":"Everyone","categoryLabel":"Everyone"}],"userDisplayName":"","roomTypeId":200638647,"isUnverified":false,"isFlaggable":true,"isRecommended":"YES"},{"hotelId":"790579","totalPositiveFeedbacks":0,"tpid":"1","eapid":"0","contentLocale":"en_us","totalThanks":0,"photos":[],"reviewId":"575763e50192760b478882c9","itinId":"1137025530619","moderationStatus":"APPROVED","contentCodes":"HMP MMD","managementResponses":[],"ratingOverall":2,"langId":"1033","userNickname":"MS","brandType":"Expedia","title":"Do not stay here!","reviewText":"There was absolutely nothing to eat when I arrived late at night. And now way to get anything. The air/heat in the room was not working properly and I was freezing. The maintenance man said there was nothing he could do. There was nothing to eat in the morning and no way to get it until too late. \r\nStaff  uncommunicative (except maintenance guy who was friendly). Front desk hard to reach by phone and completely unconcerned about my comfort.\r\nOn the plus side - very close to airport and really good beds.","featured":false,"ratingsOnly":false,"ratingRoomCleanliness":3,"ratingHotelCondition":3,"ratingService":2,"ratingRoomComfort":2,"positiveRemarks":"Bed. Location.","negativeRemarks":"Service, service, service. heat. Food.","locationRemarks":"Nothing to do but get a on a plane. That's the point of this hotel.","lastInitial":"","userLocation":"California","reviewSubmissionTime":"2016-06-08T00:16:37Z","reviewerCategories":[{"categoryId":"Everyone","categoryLabel":"Everyone"}],"userDisplayName":"","roomTypeId":200638647,"isUnverified":false,"isFlaggable":false,"isRecommended":"NO"},{"hotelId":"790579","totalPositiveFeedbacks":0,"tpid":"1","eapid":"0","contentLocale":"en_us","totalThanks":0,"photos":[],"reviewId":"57570653c023fa0b4f323faa","itinId":"1135202697495","moderationStatus":"APPROVED","contentCodes":"","managementResponses":[],"ratingOverall":4,"langId":"1033","userNickname":"Dragana","brandType":"Expedia","title":"","reviewText":"Great big room, soundproofed windows - you cannot hear highway noise. Bus stop with connection to downtown SF right in front of the hotel. Order hamburger, it's delicious. Shuttle to the airport. Friendly stuff.","featured":false,"ratingsOnly":false,"ratingRoomCleanliness":5,"ratingHotelCondition":4,"ratingService":5,"ratingRoomComfort":5,"positiveRemarks":"","negativeRemarks":"","locationRemarks":"","lastInitial":"","userLocation":"Seattle","reviewSubmissionTime":"2016-06-07T17:37:23Z","reviewerCategories":[{"categoryId":"Everyone","categoryLabel":"Everyone"}],"userDisplayName":"","roomTypeId":200638674,"isUnverified":false,"isFlaggable":true,"isRecommended":"YES"},{"hotelId":"790579","totalPositiveFeedbacks":0,"tpid":"1","eapid":"0","contentLocale":"en_us","totalThanks":0,"photos":[],"reviewId":"574f9f75021cc109df096933","itinId":"1133539535716","moderationStatus":"APPROVED","contentCodes":"","managementResponses":[],"ratingOverall":4,"langId":"1033","userNickname":"","brandType":"Expedia","title":"","reviewText":"Very comfortable and close to the airport. Room was clean and staff was really polite. Definitely would go back. ","featured":false,"ratingsOnly":false,"ratingRoomCleanliness":4,"ratingHotelCondition":3,"ratingService":5,"ratingRoomComfort":4,"positiveRemarks":"","negativeRemarks":"","locationRemarks":"","lastInitial":"","userLocation":"","reviewSubmissionTime":"2016-06-02T02:52:37Z","reviewerCategories":[{"categoryId":"Everyone","categoryLabel":"Everyone"}],"userDisplayName":"","roomTypeId":200638647,"isUnverified":false,"isFlaggable":true,"isRecommended":"YES"},{"hotelId":"790579","totalPositiveFeedbacks":0,"tpid":"1","eapid":"0","contentLocale":"en_us","totalThanks":0,"photos":[],"reviewId":"574f0b45122b6809dea6592d","itinId":"1134419879517","moderationStatus":"APPROVED","contentCodes":"","managementResponses":[],"ratingOverall":4,"langId":"1033","userNickname":"Luke","brandType":"Expedia","title":"Nice hotel close to airport","reviewText":"We only stayed overnight because we had an early flight and this location was right down the road from the rental car return. It was great though because there was a gas station right next door. Only downside is that you have to pay for parking even though there is no special garage or anything. Room was very clean. The bartender was very unresponsive though. My wife and I sat at the bar for five minutes before being greeted and then asked for a dessert menu and didn't see her again for another five minutes, so we gave up. \r\n\r\nNice hotel for a quite stay for a flight out of San Francisco though.","featured":false,"ratingsOnly":false,"ratingRoomCleanliness":5,"ratingHotelCondition":4,"ratingService":3,"ratingRoomComfort":4,"positiveRemarks":"Proximity to the airport","negativeRemarks":"Having to pay for parking is ridiculous since there is no gate or covering.","locationRemarks":"Airport is close by.","lastInitial":"J","userLocation":"Kansas","reviewSubmissionTime":"2016-06-01T16:20:21Z","reviewerCategories":[{"categoryId":"Everyone","categoryLabel":"Everyone"}],"userDisplayName":"","roomTypeId":200638713,"isUnverified":false,"isFlaggable":true,"isRecommended":"YES"},{"hotelId":"790579","totalPositiveFeedbacks":0,"tpid":"4","eapid":"0","contentLocale":"en_ca","totalThanks":0,"photos":[],"reviewId":"5747270a82ccbf09fb98e8d8","itinId":"1133897953069","moderationStatus":"APPROVED","contentCodes":"HMP MMD","managementResponses":[],"ratingOverall":2,"langId":"4105","userNickname":"","brandType":"Expedia","title":"Convenient - close to conference center","reviewText":"Arrived late - I got the feeling things were not quite as they should be at the front desk.  I know they were overbooked as they gave me someone else's room.  The manager told the desk clerk to go ahead and re-assign as my room was prepaid.","featured":false,"ratingsOnly":false,"ratingRoomCleanliness":3,"ratingHotelCondition":2,"ratingService":3,"ratingRoomComfort":3,"positiveRemarks":"Convenient location.","negativeRemarks":"The hotel, a Sheraton Four Points, I would say met the minimum requirements.  It was a little \"tired\" and in need of renovations.","locationRemarks":"I only visited the conference center.","lastInitial":"","userLocation":"","reviewSubmissionTime":"2016-05-26T16:40:42Z","reviewerCategories":[{"categoryId":"BusinessTravelers","categoryLabel":"BusinessTravelers"}],"userDisplayName":"","roomTypeId":200638713,"isUnverified":false,"isFlaggable":false,"isRecommended":"NO"},{"hotelId":"790579","totalPositiveFeedbacks":0,"tpid":"1","eapid":"0","contentLocale":"en_us","totalThanks":0,"photos":[],"reviewId":"57410b42aea8e009fb7571fe","itinId":"1128365350661","moderationStatus":"APPROVED","contentCodes":"","managementResponses":[],"ratingOverall":4,"langId":"1033","userNickname":"Candy","brandType":"Expedia","title":"Right off the Freeway","reviewText":"Located in South San Fransico, it is right off the freeway. Easy to reach the hotel and easy to hit the road for the city. The shuttle was always on time, and the staff was excellent. ","featured":false,"ratingsOnly":false,"ratingRoomCleanliness":5,"ratingHotelCondition":4,"ratingService":5,"ratingRoomComfort":5,"positiveRemarks":"Staff","negativeRemarks":"WiFi always booted me off. ","locationRemarks":"","lastInitial":"","userLocation":"","reviewSubmissionTime":"2016-05-22T01:28:34Z","reviewerCategories":[{"categoryId":"Everyone","categoryLabel":"Everyone"}],"userDisplayName":"","roomTypeId":200638713,"isUnverified":false,"isFlaggable":true,"isRecommended":"YES"},{"hotelId":"790579","totalPositiveFeedbacks":0,"tpid":"1","eapid":"0","contentLocale":"en_us","totalThanks":0,"photos":[],"reviewId":"57273da067a29e09e1425ce9","itinId":"1132477368124","moderationStatus":"APPROVED","contentCodes":"HMP MMD","managementResponses":[],"ratingOverall":2,"langId":"1033","userNickname":"Lizzie","brandType":"Expedia","title":"Dismal Location, Food and Service","reviewText":"This hotel is very near the airport and is located on a strip of similar hotels. The highway runs directly behind this hotel. Be aware that you have to pay extra for parking if you have a car. \r\n\r\nThe decor inside is tired and my room, particularly the bathroom, could have been cleaner. There was scuff marks/dirt all along the inside door to my bathroom and the smoke detector was hanging by its wires from the ceiling. ","featured":false,"ratingsOnly":false,"ratingRoomCleanliness":2,"ratingHotelCondition":2,"ratingService":2,"ratingRoomComfort":3,"positiveRemarks":"Bed was comfortable. ","negativeRemarks":"The food served by the restaurant was terrible. The service at breakfast was slow & inattentive. The evening server was rude to customers at closing. ","locationRemarks":"Not much is nearby in terms of restaurants. There's a McDonald's down the street. ","lastInitial":"G","userLocation":"Chicago","reviewSubmissionTime":"2016-05-02T11:44:32Z","reviewerCategories":[{"categoryId":"BusinessTravelers","categoryLabel":"BusinessTravelers"}],"userDisplayName":"","roomTypeId":200638713,"isUnverified":false,"isFlaggable":false,"isRecommended":"NO"},{"hotelId":"790579","totalPositiveFeedbacks":0,"tpid":"1","eapid":"0","contentLocale":"en_us","totalThanks":0,"photos":[],"reviewId":"5713a0a9de253609faca2209","itinId":"1132587029528","moderationStatus":"APPROVED","contentCodes":"HMP MMD","managementResponses":[],"ratingOverall":2,"langId":"1033","userNickname":"Robert","brandType":"Expedia","title":"It is right on the busiest highway.","reviewText":"Very noisy, not very clean. There where animal and other people's hair on the bedding and on the towels. Dirtier than I expected, I felt as wearing my shoes in a room since the carpet felt sticky and filthy. Streaks of dirt on the bathroom door, the bathroom door was't staying open, something was wrong with the spring. I will not stay there again. Very noisy, not soundproof. ","featured":false,"ratingsOnly":false,"ratingRoomCleanliness":1,"ratingHotelCondition":2,"ratingService":4,"ratingRoomComfort":2,"positiveRemarks":"Close to the airport.","negativeRemarks":"","locationRemarks":"Airport, Costco, exit to the main highway.","lastInitial":"R","userLocation":"New York","reviewSubmissionTime":"2016-04-17T14:41:45Z","reviewerCategories":[{"categoryId":"BusinessTravelers","categoryLabel":"BusinessTravelers"}],"userDisplayName":"","roomTypeId":200638663,"isUnverified":false,"isFlaggable":false,"isRecommended":"NO"},{"hotelId":"790579","totalPositiveFeedbacks":0,"tpid":"1","eapid":"0","contentLocale":"en_us","totalThanks":0,"photos":[],"reviewId":"571177a910a48809f70ae51a","itinId":"1132344511790","moderationStatus":"APPROVED","contentCodes":"","managementResponses":[],"ratingOverall":5,"langId":"1033","userNickname":"chel","brandType":"Expedia","title":"Beautiful hotel with 2 storey","reviewText":"Feel comfortable hotel is clean staff are friendly ","featured":false,"ratingsOnly":false,"ratingRoomCleanliness":5,"ratingHotelCondition":5,"ratingService":5,"ratingRoomComfort":5,"positiveRemarks":"","negativeRemarks":"","locationRemarks":"","lastInitial":"","userLocation":"u","reviewSubmissionTime":"2016-04-15T23:22:17Z","reviewerCategories":[{"categoryId":"Everyone","categoryLabel":"Everyone"}],"userDisplayName":"","roomTypeId":200638717,"isUnverified":false,"isFlaggable":true,"isRecommended":"YES"},{"hotelId":"790579","totalPositiveFeedbacks":0,"tpid":"1","eapid":"0","contentLocale":"en_us","totalThanks":0,"photos":[],"reviewId":"570c41c7248df609f5cf8ab5","itinId":"1130555427645","moderationStatus":"APPROVED","contentCodes":"","managementResponses":[],"ratingOverall":4,"langId":"1033","userNickname":"Erik","brandType":"Expedia","title":"Great Offer, Near DTSF","reviewText":"Stayed here for a weekend. Check-In and Check-Out were fairly easy, room was comfortable. Confused where the AC switch was, so was cold all night but thats just a personal mistake rather than the hotel. Staff was friendly, will consider staying here again next time i visit SF","featured":false,"ratingsOnly":false,"ratingRoomCleanliness":4,"ratingHotelCondition":4,"ratingService":5,"ratingRoomComfort":4,"positiveRemarks":"","negativeRemarks":"","locationRemarks":"","lastInitial":"","userLocation":"Los Angeles","reviewSubmissionTime":"2016-04-12T00:31:03Z","reviewerCategories":[{"categoryId":"Everyone","categoryLabel":"Everyone"}],"userDisplayName":"","roomTypeId":200638647,"isUnverified":false,"isFlaggable":true,"isRecommended":"YES"},{"hotelId":"790579","totalPositiveFeedbacks":0,"tpid":"1","eapid":"0","contentLocale":"en_us","totalThanks":0,"photos":[],"reviewId":"570275a0f44433097e15a325","itinId":"1130961435982","moderationStatus":"APPROVED","contentCodes":"HMP MMD","managementResponses":[],"ratingOverall":2,"langId":"1033","userNickname":"disappointed","brandType":"Expedia","title":"Close to airport","reviewText":"Disappointed in hotel,  room was dirty,  stains on bed linen. They came and changed it and gave us a free breakfast but the food was not good. There were still stains on the couch and walls. Bathtub was not cleaned well.  I wouldn't consider this 3 stars and won't stay there again. ","featured":false,"ratingsOnly":false,"ratingRoomCleanliness":1,"ratingHotelCondition":1,"ratingService":3,"ratingRoomComfort":3,"positiveRemarks":"","negativeRemarks":"","locationRemarks":"","lastInitial":"","userLocation":"","reviewSubmissionTime":"2016-04-04T14:09:36Z","reviewerCategories":[{"categoryId":"Everyone","categoryLabel":"Everyone"}],"userDisplayName":"","roomTypeId":200638663,"isUnverified":false,"isFlaggable":false,"isRecommended":"NO"},{"hotelId":"790579","totalPositiveFeedbacks":0,"tpid":"1","eapid":"0","contentLocale":"en_us","totalThanks":0,"photos":[],"reviewId":"5701f5714f20ca097a298704","itinId":"1131281713015","moderationStatus":"APPROVED","contentCodes":"MMA","managementResponses":[],"ratingOverall":3,"langId":"1033","userNickname":"","brandType":"Expedia","title":"Have a backup plan for breakfast.","reviewText":"We were told breakfast would be available starting at 6:30am.  We tried at 6:40 and were told the woman that sets up was late and they needed 10 more minutes.  We gave them until 7 before giving up.  They apologized, but come on, your entire operation hinges on one person?  3 people at the front desk and no one was cross trained?  Too bad, I was going to give them a 5 out of 5.","featured":false,"ratingsOnly":false,"ratingRoomCleanliness":5,"ratingHotelCondition":5,"ratingService":3,"ratingRoomComfort":5,"positiveRemarks":"","negativeRemarks":"","locationRemarks":"","lastInitial":"","userLocation":"","reviewSubmissionTime":"2016-04-04T05:02:41Z","reviewerCategories":[{"categoryId":"Everyone","categoryLabel":"Everyone"}],"userDisplayName":"","roomTypeId":200638647,"isUnverified":false,"isFlaggable":false,"isRecommended":"YES"},{"hotelId":"790579","totalPositiveFeedbacks":0,"tpid":"1","eapid":"0","contentLocale":"en_us","totalThanks":0,"photos":[],"reviewId":"56ffaeea22e2f1097d57dd07","itinId":"1131368352897","moderationStatus":"APPROVED","contentCodes":"","managementResponses":[],"ratingOverall":4,"langId":"1033","userNickname":"Jun","brandType":"Expedia","title":"","reviewText":"Decent hotel. \r\nThey deserve more stars.\r\nClean and cozy.","featured":false,"ratingsOnly":false,"ratingRoomCleanliness":4,"ratingHotelCondition":4,"ratingService":3,"ratingRoomComfort":4,"positiveRemarks":"","negativeRemarks":"","locationRemarks":"","lastInitial":"","userLocation":"","reviewSubmissionTime":"2016-04-02T11:37:14Z","reviewerCategories":[{"categoryId":"Everyone","categoryLabel":"Everyone"}],"userDisplayName":"","roomTypeId":200638663,"isUnverified":false,"isFlaggable":true,"isRecommended":"YES"}]}}}
