{"reviewDetails":{"startIndex":0,"numberOfReviewsInThisPage":20,"reviewSummaryCollection":{"reviewSummary":[{"hotelId":"23383","totalReviewCnt":361,"avgOverallRating":4.6038766,"cleanliness":4.8254843,"serviceAndStaff":4.709144,"roomComfort":4.567867,"hotelCondition":4.5955663,"convenienceOfLocation":4.7857146,"neighborhoodSatisfaction":4.761905,"roomQuality":0,"targetedBrand":"Expedia","originSummary":[{"origin":"Expedia","reviewCnt":361,"recommendedPercent":91.96676,"avgOverallRating":4.6038766,"cleanliness":4.8254843,"serviceAndStaff":4.709144,"roomComfort":4.567867,"hotelCondition":4.5955663,"convenienceOfLocation":4.7857146,"neighborhoodSatisfaction":4.761905,"valueForMoney":0,"roomQuality":0,"categoryCounts":{"Everyone":183,"Couples":42,"BusinessTravelers":10,"Families":5,"Other":1},"roomTypeIdCounts":{"10426":89,"169257":13,"226488":3,"104108":32},"languageCounts":{"en":361}}],"recommendedPercent":91.96676,"valueForMoney":0,"categoryCounts":{"Everyone":183,"Couples":42,"BusinessTravelers":10,"Families":5,"Other":1},"roomTypeIdCounts":{"10426":89,"169257":13,"226488":3,"104108":32},"languageCounts":{"en":361},"featuredReview":{}}]},"reviewCollection":{"review":[{"hotelId":"23383","totalPositiveFeedbacks":0,"tpid":"29","eapid":"0","contentLocale":"en_au","totalThanks":0,"photos":[],"reviewId":"57ad0a1b1233290b27bd3b1f","itinId":"129211077564","moderationStatus":"APPROVED","contentCodes":"MMA HMP","managementResponses":[],"ratingOverall":4,"langId":"3081","userNickname":"Ginny","brandType":"Expedia","title":"Central, comfortable with excellent service","reviewText":"Staff went out of their way to ensure our needs were met. Thank you.","featured":false,"ratingsOnly":false,"ratingRoomCleanliness":5,"ratingHotelCondition":4,"ratingService":5,"ratingRoomComfort":5,"positiveRemarks":"","negativeRemarks":"","locationRemarks":"","lastInitial":"","userLocation":"New Zealand","reviewSubmissionTime":"2016-08-11T23:28:27Z","reviewerCategories":[{"categoryId":"Couples","categoryLabel":"Couples"}],"userDisplayName":"","roomTypeId":10426,"isUnverified":false,"isFlaggable":false,"isRecommended":"YES"},{"hotelId":"23383","totalPositiveFeedbacks":0,"tpid":"4","eapid":"0","contentLocale":"en_ca","totalThanks":0,"photos":[],"reviewId":"57aabdde4a939b0b09383365","itinId":"1138169009287","moderationStatus":"APPROVED","contentCodes":"","managementResponses":[{"userNickname":"Ashrafi Matcheswala","displayLocale":"en_us","isFlaggable":true,"date":"2016-08-10T22:09:15Z","response":"Dear Jon ,\r\n\r\nI was delighted to read your review of Taj Campton Place and thank you for the same. I am delighted to hear that you enjoyed the excellent location of the hotel, it is one of the most convenient places for shopping and all the wonderful sight-seeing that the city has to offer. I am happy that you liked the amenities in our rooms too. I wish you safe travels for your future journeys and look forward to your future visit to our hotel.\r\n\r\nKind Regards\r\n\r\nAshrafi Matcheswala\r\nGeneral Manager\r\nTaj Campton Place\r\n340 Stockton Street\r\nSan Francisco\r\nEmail: cmpgm.sf@tajhotels.com\r\n","status":"APPROVED","id":"d4adecc1-a5d7-4797-96e6-9dfedf6ba8ea"}],"ratingOverall":5,"langId":"4105","userNickname":"Jon","brandType":"Expedia","title":"Fantastic Hotel","reviewText":"Very comfortable hotel room, the staff were always helpful, courteous, friendly and made us feel welcome every evening when we returned.  There was a newspaper at our door every morning.  When we required some assistance i.e., bathroom lights went off when we accidentally tripped the breaker and service tech was at our room within 5 minutes.  Wonderful service.","featured":false,"ratingsOnly":false,"ratingRoomCleanliness":5,"ratingHotelCondition":5,"ratingService":5,"ratingRoomComfort":5,"positiveRemarks":"The closeness to everything, i.e. Chinatown, Union Square, Fishermans Wharf, the friendliness of staff and our room was very spacious.","negativeRemarks":"NA","locationRemarks":"Very central to street cars, buses and all amenities were very close, great stores to do some shopping i.e., Macy's, H & M, Walgreens","lastInitial":"","userLocation":"San Francisco","reviewSubmissionTime":"2016-08-10T05:38:38Z","reviewerCategories":[{"categoryId":"Everyone","categoryLabel":"Everyone"}],"userDisplayName":"","roomTypeId":104108,"isUnverified":false,"isFlaggable":true,"isRecommended":"YES"},{"hotelId":"23383","totalPositiveFeedbacks":0,"tpid":"1","eapid":"0","contentLocale":"en_us","totalThanks":0,"photos":[],"reviewId":"57a686a5e40c4a0b2803db23","itinId":"1132553411975","moderationStatus":"APPROVED","contentCodes":"","managementResponses":[{"userNickname":"Ashrafi Matcheswala","displayLocale":"en_us","isFlaggable":true,"date":"2016-08-09T18:38:46Z","response":"Dear Firas,\r\n\r\nI was so happy to read your review and thank you for the same. I am so glad that you apprecieted our staff, we do have an excellent team of Associates and are proud to have them work for us. I wish you safe travels for your future journeys and look forward to your future visit to our hotel.\r\n\r\n\r\nKind Regards\r\n\r\nAshrafi Matcheswala\r\nGeneral Manager\r\nTaj Campton Place\r\n340 Stockton Street\r\nSan Francisco\r\nEmail: cmpgm.sf@tajhotels.com\r\n","status":"APPROVED","id":"32543469-cc27-42c5-8cf9-7b8caec823bd"}],"ratingOverall":5,"langId":"1033","userNickname":"Jeff","brandType":"Expedia","title":"Great Hotel great staff","reviewText":"Great Hotel great staff wonderful experience... Great location","featured":false,"ratingsOnly":false,"ratingRoomCleanliness":5,"ratingHotelCondition":5,"ratingService":5,"ratingRoomComfort":5,"positiveRemarks":"","negativeRemarks":"","locationRemarks":"","lastInitial":"","userLocation":"Metuchen, NJ","reviewSubmissionTime":"2016-08-07T00:53:57Z","reviewerCategories":[{"categoryId":"Everyone","categoryLabel":"Everyone"}],"userDisplayName":"","roomTypeId":10426,"isUnverified":false,"isFlaggable":true,"isRecommended":"YES"},{"hotelId":"23383","totalPositiveFeedbacks":0,"tpid":"1","eapid":"0","contentLocale":"en_us","totalThanks":0,"photos":[],"reviewId":"578bce97d863a20b2a3c1251","itinId":"1137521553991","moderationStatus":"APPROVED","contentCodes":"HMP MMD","managementResponses":[],"ratingOverall":5,"langId":"1033","userNickname":"NBR","brandType":"Expedia","title":"Very nice boutique hotel","reviewText":"Hotel is beautiful. Rooms very comfortable and the staff is spectacular. Located half block from union square. \r\nHad breakfast there everyday a bit expensive but nicely served.\r\nLast night we had dinner in Campton Place and this is one of the best meals we have ever had, Cali-Indian fusion was delicious. \r\nMy family including 2 young kids really liked our stay. Definitely would stay there again. I want to try another Taj hotel somewhere else as well","featured":false,"ratingsOnly":false,"ratingRoomCleanliness":5,"ratingHotelCondition":5,"ratingService":5,"ratingRoomComfort":5,"positiveRemarks":"","negativeRemarks":"","locationRemarks":"","lastInitial":"","userLocation":"EP, Texas","reviewSubmissionTime":"2016-07-17T18:29:43Z","reviewerCategories":[{"categoryId":"Everyone","categoryLabel":"Everyone"}],"userDisplayName":"","roomTypeId":169257,"isUnverified":false,"isFlaggable":false,"isRecommended":"YES"},{"hotelId":"23383","totalPositiveFeedbacks":0,"tpid":"1","eapid":"0","contentLocale":"en_us","totalThanks":0,"photos":[],"reviewId":"578bc6cd0cb5d70b29f86010","itinId":"1139078991774","moderationStatus":"APPROVED","contentCodes":"MMA","managementResponses":[],"ratingOverall":5,"langId":"1033","userNickname":"Ivo","brandType":"Expedia","title":"","reviewText":"This is a truly luxurious hotel in terms of room amenities and comfort. Add an unbeatable location and you have a winning combination for any SF visit.","featured":false,"ratingsOnly":false,"ratingRoomCleanliness":5,"ratingHotelCondition":5,"ratingService":4,"ratingRoomComfort":5,"positiveRemarks":"","negativeRemarks":"","locationRemarks":"","lastInitial":"K","userLocation":"","reviewSubmissionTime":"2016-07-17T17:56:29Z","reviewerCategories":[{"categoryId":"Everyone","categoryLabel":"Everyone"}],"userDisplayName":"","roomTypeId":104108,"isUnverified":false,"isFlaggable":false,"isRecommended":"YES"},{"hotelId":"23383","totalPositiveFeedbacks":1,"tpid":"1","eapid":"0","contentLocale":"en_us","totalThanks":1,"photos":[],"reviewId":"578271cc5a68010b49dc15d8","itinId":"1136394135755","moderationStatus":"APPROVED","contentCodes":"","managementResponses":[{"userNickname":"Ashrafi","displayLocale":"en_us","isFlaggable":true,"date":"2016-07-11T17:18:44Z","response":"Dear Kelly,\r\nThank you for taking the time to post your review of Taj Campton Place on Expedia! I am so pleased you enjoyed your stay with us recently.  Our associates are always going above and beyond while looking after our guests. We hope you will come back and stay again on your future visit and that Taj will be your choice of hotel always.\r\n\r\nSafe travels and we look forward to seeing you again!\r\n\r\nKind Regards\r\n\r\nAshrafi Matcheswala\r\nGeneral Manager\r\nTaj Campton Place\r\n340 Stockton Street\r\nSan Francisco\r\nEmail: cmpgm.sf@tajhotels.com\r\n","status":"APPROVED","id":"6e947fa7-1875-42c1-8da4-575c94fc469f"}],"ratingOverall":5,"langId":"1033","userNickname":"Kelly","brandType":"Expedia","title":"Great hotel!","reviewText":"This hotel had the best customer service that I have ever received and I travel quite a bit. It's in a great location for shopping, dining, and bars. I got a great price that also included a $25 breakfast credit at the hotel restaurant. The only negative is there are no in-room coffee makers but there is free coffee in the bistro from 6am-8am. There's also a Starbucks right next door. Great stay!! ","featured":false,"ratingsOnly":false,"ratingRoomCleanliness":5,"ratingHotelCondition":5,"ratingService":5,"ratingRoomComfort":5,"positiveRemarks":"","negativeRemarks":"","locationRemarks":"","lastInitial":"","userLocation":"Dayton, OH","reviewSubmissionTime":"2016-07-10T16:03:24Z","reviewerCategories":[{"categoryId":"Everyone","categoryLabel":"Everyone"}],"userDisplayName":"","roomTypeId":10426,"isUnverified":false,"isFlaggable":true,"isRecommended":"YES"},{"hotelId":"23383","totalPositiveFeedbacks":0,"tpid":"1","eapid":"0","contentLocale":"en_us","totalThanks":0,"photos":[],"reviewId":"577fc1c523b4170b49986d79","itinId":"1127912132018","moderationStatus":"APPROVED","contentCodes":"MMA","managementResponses":[],"ratingOverall":5,"langId":"1033","userNickname":"Brent","brandType":"Expedia","title":"Great Downtown SF location!","reviewText":"We love the Taj! Always consistently providing us with top level service.","featured":false,"ratingsOnly":false,"ratingRoomCleanliness":5,"ratingHotelCondition":5,"ratingService":5,"ratingRoomComfort":5,"positiveRemarks":"","negativeRemarks":"","locationRemarks":"","lastInitial":"","userLocation":"NH","reviewSubmissionTime":"2016-07-08T15:07:49Z","reviewerCategories":[{"categoryId":"Everyone","categoryLabel":"Everyone"}],"userDisplayName":"","roomTypeId":104108,"isUnverified":false,"isFlaggable":false,"isRecommended":"YES"},{"hotelId":"23383","totalPositiveFeedbacks":0,"tpid":"18","eapid":"0","contentLocale":"en_hk","totalThanks":0,"photos":[],"reviewId":"577abbe4d34ecf0b7c1e8402","itinId":"128808003681","moderationStatus":"APPROVED","contentCodes":"HMP MMD","managementResponses":[],"ratingOverall":4,"langId":"2057","userNickname":"","brandType":"Expedia","title":"","reviewText":"Convenient location, easily accessible to shops, restaurants, Moma etc ","featured":false,"ratingsOnly":false,"ratingRoomCleanliness":4,"ratingHotelCondition":4,"ratingService":4,"ratingRoomComfort":4,"positiveRemarks":"","negativeRemarks":"","locationRemarks":"","lastInitial":"","userLocation":"","reviewSubmissionTime":"2016-07-04T19:41:24Z","reviewerCategories":[{"categoryId":"Everyone","categoryLabel":"Everyone"}],"userDisplayName":"","roomTypeId":10426,"isUnverified":false,"isFlaggable":false,"isRecommended":"YES"},{"hotelId":"23383","totalPositiveFeedbacks":0,"tpid":"1","eapid":"0","contentLocale":"en_us","totalThanks":0,"photos":[],"reviewId":"5769c9db273a000b7dd70242","itinId":"1137602850461","moderationStatus":"APPROVED","contentCodes":"","managementResponses":[{"userNickname":"Ashrafi Matcheswala","displayLocale":"en_us","isFlaggable":true,"date":"2016-07-21T17:53:14Z","response":"Dear Sir,\r\n\r\nThank you very much for your great review of Taj Campton Place. I am so glad that you enjoyed the location of our hotel, which is convenient for shopping and sightseeing.\r\nI am looking forward to your next visit to our hotel, where I look forward to meeting you in person. I do appreciate the time taken by you to post this wonderful review of our hotel.\r\n\r\nKind Regards\r\n\r\nAshrafi Matcheswala\r\nGeneral Manager\r\nTaj Campton Place\r\n340 Stockton Street\r\nSan Francisco\r\nEmail: cmpgm.sf@tajhotels.com\r\n","status":"APPROVED","id":"6fbf8b46-1614-41f7-9ab4-d16b93e7da81"}],"ratingOverall":5,"langId":"1033","userNickname":"","brandType":"Expedia","title":"","reviewText":"It's Taj! You can only expect the best from them.................................................","featured":false,"ratingsOnly":false,"ratingRoomCleanliness":5,"ratingHotelCondition":5,"ratingService":5,"ratingRoomComfort":5,"positiveRemarks":"","negativeRemarks":"","locationRemarks":"","lastInitial":"","userLocation":"","reviewSubmissionTime":"2016-06-21T23:12:27Z","reviewerCategories":[{"categoryId":"Everyone","categoryLabel":"Everyone"}],"userDisplayName":"","roomTypeId":104108,"isUnverified":false,"isFlaggable":true,"isRecommended":"YES"},{"hotelId":"23383","totalPositiveFeedbacks":0,"tpid":"4","eapid":"0","contentLocale":"en_ca","totalThanks":0,"photos":[],"reviewId":"575c1ec46368560b2839e553","itinId":"1128790092592","moderationStatus":"APPROVED","contentCodes":"","managementResponses":[{"userNickname":"Ashrafi Matcheswala","displayLocale":"en_us","isFlaggable":true,"date":"2016-07-21T18:21:12Z","response":"Dear Rick,\r\nThank you very much for your great review of Taj Campton Place. I am so glad that you enjoyed the location of our hotel, which is convenient for shopping and sightseeing. i alos do appreciate your comments about our wonderful associates.\r\nI am looking forward to your next visit to our hotel, where I look forward to meeting you in person. I do appreciate the time taken by you to post this wonderful review of our hotel.\r\n\r\nKind Regards\r\n\r\nAshrafi Matcheswala\r\nGeneral Manager\r\nTaj Campton Place\r\n340 Stockton Street\r\nSan Francisco\r\nEmail: cmpgm.sf@tajhotels.com\r\n","status":"APPROVED","id":"1dc6bb13-067d-402a-afd6-34a24eb638c0"}],"ratingOverall":5,"langId":"4105","userNickname":"Rick","brandType":"Expedia","title":"Great hotel close to Union Square","reviewText":"Fantastic location close to great shopping and awesome restaurants. Staff was super friendly and extremely helpful. Would highly recommend this!","featured":false,"ratingsOnly":false,"ratingRoomCleanliness":5,"ratingHotelCondition":5,"ratingService":5,"ratingRoomComfort":5,"positiveRemarks":"","negativeRemarks":"","locationRemarks":"","lastInitial":"F","userLocation":"Toronto","reviewSubmissionTime":"2016-06-11T14:23:00Z","reviewerCategories":[{"categoryId":"Everyone","categoryLabel":"Everyone"}],"userDisplayName":"","roomTypeId":10426,"isUnverified":false,"isFlaggable":true,"isRecommended":"YES"},{"hotelId":"23383","totalPositiveFeedbacks":0,"tpid":"4","eapid":"0","contentLocale":"en_ca","totalThanks":0,"photos":[],"reviewId":"575811a4b7bd270b264940d0","itinId":"1136189572820","moderationStatus":"APPROVED","contentCodes":"MMA","managementResponses":[],"ratingOverall":5,"langId":"4105","userNickname":"","brandType":"Expedia","title":"","reviewText":"Great hotel great staff, definitely will recommend to my friends. Looking forward to staying in this hotel again.","featured":false,"ratingsOnly":false,"ratingRoomCleanliness":5,"ratingHotelCondition":5,"ratingService":5,"ratingRoomComfort":5,"positiveRemarks":"","negativeRemarks":"","locationRemarks":"","lastInitial":"","userLocation":"","reviewSubmissionTime":"2016-06-08T12:37:56Z","reviewerCategories":[{"categoryId":"Everyone","categoryLabel":"Everyone"}],"userDisplayName":"","roomTypeId":104108,"isUnverified":false,"isFlaggable":false,"isRecommended":"YES"},{"hotelId":"23383","totalPositiveFeedbacks":0,"tpid":"1","eapid":"0","contentLocale":"en_us","totalThanks":0,"photos":[],"reviewId":"574b4dec8476ea09fbf84b28","itinId":"1129722949187","moderationStatus":"APPROVED","contentCodes":"","managementResponses":[{"userNickname":"Ashrafi Matcheswala","displayLocale":"en_us","isFlaggable":true,"date":"2016-07-21T18:00:06Z","response":"Dear Kim,\r\nThank you very much for your great review of Taj Campton Place. I am so glad that you enjoyed the location of our hotel, which is convenient for shopping and sightseeing. we also do have a wonderful team of associates who always take great pride in looking after our guests.\r\nI am looking forward to your next visit to our hotel, where I look forward to meeting you in person. I do appreciate the time taken by you to post this wonderful review of our hotel.\r\n\r\nKind Regards\r\n\r\nAshrafi Matcheswala\r\nGeneral Manager\r\nTaj Campton Place\r\n340 Stockton Street\r\nSan Francisco\r\nEmail: cmpgm.sf@tajhotels.com\r\n","status":"APPROVED","id":"59585cf4-ea91-4ca2-aadc-bf7f80d79ab2"}],"ratingOverall":5,"langId":"1033","userNickname":"kim","brandType":"Expedia","title":"Nice hotel","reviewText":"Great hotel. One of the best hotels we have stayed so far. Staff was very friendly and hotel was very clean. Close to Union Square and Chinatown ","featured":false,"ratingsOnly":false,"ratingRoomCleanliness":5,"ratingHotelCondition":5,"ratingService":5,"ratingRoomComfort":5,"positiveRemarks":"","negativeRemarks":"","locationRemarks":"","lastInitial":"","userLocation":"","reviewSubmissionTime":"2016-05-29T20:15:40Z","reviewerCategories":[{"categoryId":"Everyone","categoryLabel":"Everyone"}],"userDisplayName":"","roomTypeId":10426,"isUnverified":false,"isFlaggable":true,"isRecommended":"YES"},{"hotelId":"23383","totalPositiveFeedbacks":0,"tpid":"1","eapid":"0","contentLocale":"en_us","totalThanks":0,"photos":[],"reviewId":"5746ecc5363b5209fb2d18cd","itinId":"1135553193412","moderationStatus":"APPROVED","contentCodes":"","managementResponses":[{"userNickname":"Ashrafi Matcheswala","displayLocale":"en_us","isFlaggable":true,"date":"2016-07-21T19:31:34Z","response":"Dear Mayumi,\r\n\r\nThank you very much for your great review of Taj Campton Place. I am so glad that you enjoyed the service in our hotel. Our team of associates are always going above and beyond while looking after our guests. I am looking forward to your next visit to our hotel, where I look forward to meeting you in person. I do appreciate the time taken by you to post this wonderful review of our hotel.\r\n\r\nKind Regards\r\n\r\nAshrafi Matcheswala\r\nGeneral Manager\r\nTaj Campton Place\r\n340 Stockton Street\r\nSan Francisco\r\nEmail: cmpgm.sf@tajhotels.com\r\n","status":"APPROVED","id":"f91b2071-4f96-40fb-9bcb-b8d8d5d0c342"}],"ratingOverall":5,"langId":"1033","userNickname":"","brandType":"Expedia","title":"","reviewText":"The staff were exceptional! The customer service was really amazing and appreciated. ","featured":false,"ratingsOnly":false,"ratingRoomCleanliness":5,"ratingHotelCondition":5,"ratingService":5,"ratingRoomComfort":5,"positiveRemarks":"","negativeRemarks":"","locationRemarks":"","lastInitial":"","userLocation":"","reviewSubmissionTime":"2016-05-26T12:32:05Z","reviewerCategories":[{"categoryId":"Everyone","categoryLabel":"Everyone"}],"userDisplayName":"","roomTypeId":10426,"isUnverified":false,"isFlaggable":true,"isRecommended":"YES"},{"hotelId":"23383","totalPositiveFeedbacks":0,"tpid":"1","eapid":"0","contentLocale":"en_us","totalThanks":0,"photos":[],"reviewId":"5744f3e3aea8e009fb498390","itinId":"1134130780583","moderationStatus":"APPROVED","contentCodes":"","managementResponses":[],"ratingOverall":5,"langId":"1033","userNickname":"","brandType":"Expedia","title":"Best in the city","reviewText":"Treated like royalty staff is the most helpful the restaurant is excellant the bar lounge serves the best onion soup I have ever experienced","featured":false,"ratingsOnly":false,"ratingRoomCleanliness":5,"ratingHotelCondition":5,"ratingService":5,"ratingRoomComfort":5,"positiveRemarks":"","negativeRemarks":"","locationRemarks":"","lastInitial":"","userLocation":"","reviewSubmissionTime":"2016-05-25T00:37:55Z","reviewerCategories":[{"categoryId":"Everyone","categoryLabel":"Everyone"}],"userDisplayName":"","roomTypeId":104108,"isUnverified":false,"isFlaggable":true,"isRecommended":"YES"},{"hotelId":"23383","totalPositiveFeedbacks":0,"tpid":"3","eapid":"0","contentLocale":"en_gb","totalThanks":0,"photos":[],"reviewId":"572e3b49f7524009fd419fd6","itinId":"19828533512","moderationStatus":"APPROVED","contentCodes":"","managementResponses":[{"userNickname":"Ashrafi Matcheswala","displayLocale":"en_us","isFlaggable":true,"date":"2016-07-21T21:19:03Z","response":"Dear Ian,\r\n\r\nThank you very much for your great review of Taj Campton Place. I am so glad that you enjoyed the location of our hotel, which is convenient for shopping and sightseeing. I am particularly pleased to note that you enjoyed the excellent service provided by our associates who are truly wonderful.\r\nI am looking forward to your next visit to our hotel, where I look forward to meeting you in person. I do appreciate the time taken by you to post this wonderful review of our hotel.\r\n\r\nKind Regards\r\n\r\nAshrafi Matcheswala\r\nGeneral Manager\r\nTaj Campton Place\r\n340 Stockton Street\r\nSan Francisco\r\nEmail: cmpgm.sf@tajhotels.com\r\n","status":"APPROVED","id":"2198c8f4-5a0e-4187-ac39-d654f6ba9a85"}],"ratingOverall":5,"langId":"2057","userNickname":"Ian ","brandType":"Expedia","title":"So friendly","reviewText":"Stay in many hotels in San Francisco but none more friendly than Taj Compton place everything was just perfect , staff were so pleasant ,very clean , a delight to stay there .","featured":false,"ratingsOnly":false,"ratingRoomCleanliness":5,"ratingHotelCondition":5,"ratingService":5,"ratingRoomComfort":4,"positiveRemarks":"Everything ,position in city  cleanliness and most of all staff , ","negativeRemarks":"None.","locationRemarks":"Right on Union square , cable cars so close ,shopping at major shops , all forms of transport nearby just perfect .","lastInitial":"Q","userLocation":"Liverpool","reviewSubmissionTime":"2016-05-07T19:00:25Z","reviewerCategories":[{"categoryId":"Everyone","categoryLabel":"Everyone"}],"userDisplayName":"","roomTypeId":10426,"isUnverified":false,"isFlaggable":true,"isRecommended":"YES"},{"hotelId":"23383","totalPositiveFeedbacks":0,"tpid":"1","eapid":"0","contentLocale":"en_us","totalThanks":0,"photos":[],"reviewId":"572caea9fd62b709fc41ec06","itinId":"1132332685429","moderationStatus":"APPROVED","contentCodes":"MMA","managementResponses":[],"ratingOverall":5,"langId":"1033","userNickname":"","brandType":"Expedia","title":"Perfect for moscone","reviewText":"Love the little sunken. Bistro and wines by the glass exceptional ","featured":false,"ratingsOnly":false,"ratingRoomCleanliness":5,"ratingHotelCondition":5,"ratingService":5,"ratingRoomComfort":5,"positiveRemarks":"","negativeRemarks":"","locationRemarks":"","lastInitial":"","userLocation":"","reviewSubmissionTime":"2016-05-06T14:48:09Z","reviewerCategories":[{"categoryId":"Everyone","categoryLabel":"Everyone"}],"userDisplayName":"","roomTypeId":10426,"isUnverified":false,"isFlaggable":false,"isRecommended":"YES"},{"hotelId":"23383","totalPositiveFeedbacks":0,"tpid":"1","eapid":"0","contentLocale":"en_us","totalThanks":0,"photos":[],"reviewId":"57291f6a85ec5d09fc961643","itinId":"1132493047900","moderationStatus":"APPROVED","contentCodes":"","managementResponses":[{"userNickname":"Ashrafi Matcheswala","displayLocale":"en_us","isFlaggable":true,"date":"2016-07-21T20:47:05Z","response":"Dear Julie,\r\nThank you very much for your great review of Taj Campton Place. I am so glad that you enjoyed the location of our hotel, which is convenient for shopping and sightseeing. I am so pleased to note that you dined in our two Michelin star restaurant, which is our jewel.\r\nI do apologize for the torn bathrobe, which is certainly not our standard form of delivery. \r\nI am looking forward to your next visit to our hotel, where I look forward to meeting you in person. I do appreciate the time taken by you to post this wonderful review of our hotel.\r\n\r\nKind Regards\r\n\r\nAshrafi Matcheswala\r\nGeneral Manager\r\nTaj Campton Place\r\n340 Stockton Street\r\nSan Francisco\r\nEmail: cmpgm.sf@tajhotels.com\r\n","status":"APPROVED","id":"5e80ea2d-e7b6-4079-8ecc-883615eec357"}],"ratingOverall":5,"langId":"1033","userNickname":"Julie","brandType":"Expedia","title":"Near Union Square","reviewText":"This is a cozy, friendly hotel.  Close walking distance to Union Square.  The turn down service is a nice touch.  The downtown noise was not a problem.  Our room was nice and quiet\r\n","featured":false,"ratingsOnly":false,"ratingRoomCleanliness":5,"ratingHotelCondition":4,"ratingService":5,"ratingRoomComfort":5,"positiveRemarks":"Nice, clean, quiet, friendly.  We enjoyed eating breakfast and dinner in the 2 restaurants.  Delicious food and great service","negativeRemarks":"Check the bathrobes.  One had a hole under the arm.  Otherwise, everything was great.","locationRemarks":"Union square.  Hop on the trolley.  Hop on the cable car or city bus to go all over town.  Great restaurants and bars nearby","lastInitial":"","userLocation":"Southern CA","reviewSubmissionTime":"2016-05-03T22:00:10Z","reviewerCategories":[{"categoryId":"Couples","categoryLabel":"Couples"}],"userDisplayName":"","roomTypeId":10426,"isUnverified":false,"isFlaggable":true,"isRecommended":"YES"},{"hotelId":"23383","totalPositiveFeedbacks":0,"tpid":"1","eapid":"0","contentLocale":"en_us","totalThanks":0,"photos":[],"reviewId":"5728d1e7fc962409fc05ede6","itinId":"1132640082664","moderationStatus":"APPROVED","contentCodes":"MMA","managementResponses":[{"userNickname":"Ashrafi Matcheswala","displayLocale":"en_us","isFlaggable":false,"date":"2016-07-22T19:15:28Z","response":"Dear Sir,\r\n\r\nThank you very much for your great review of Taj Campton Place. I am so glad that you enjoyed your meal in our two Michelin star restaurant, which we are so proud of.\r\nI am looking forward to your next visit to our hotel, where I look forward to meeting you in person. I do appreciate the time taken by you to post this wonderful review of our hotel.\r\n\r\nKind Regards\r\n\r\nAshrafi Matcheswala\r\nGeneral Manager\r\nTaj Campton Place\r\n340 Stockton Street\r\nSan Francisco\r\nEmail: cmpgm.sf@tajhotels.com\r\n","status":"APPROVED","id":"5b71436d-c9dd-4540-a8ad-bcb24390f772"}],"ratingOverall":5,"langId":"1033","userNickname":"","brandType":"Expedia","title":"Truly Exceptional Experience","reviewText":"We stayed in the old Campton Place Hotel many times in the past. This was our first experience of the Taj Campton Place and it was even better. Outstanding service, comfort, quiet, cleanliness and the Restaurant is in a league of its own. Getting a Michelin 2 star rating says it all. Will definitely being staying there again. 6 star rating!","featured":false,"ratingsOnly":false,"ratingRoomCleanliness":5,"ratingHotelCondition":5,"ratingService":5,"ratingRoomComfort":5,"positiveRemarks":"","negativeRemarks":"","locationRemarks":"","lastInitial":"","userLocation":"","reviewSubmissionTime":"2016-05-03T16:29:27Z","reviewerCategories":[{"categoryId":"Everyone","categoryLabel":"Everyone"}],"userDisplayName":"","roomTypeId":10426,"isUnverified":false,"isFlaggable":false,"isRecommended":"YES"},{"hotelId":"23383","totalPositiveFeedbacks":0,"tpid":"1","eapid":"0","contentLocale":"en_us","totalThanks":0,"photos":[],"reviewId":"570aeba47dd63a09f532b454","itinId":"1126987720226","moderationStatus":"APPROVED","contentCodes":"","managementResponses":[],"ratingOverall":5,"langId":"1033","userNickname":"Edward","brandType":"Expedia","title":"Nice hotel right in or next to downtown.","reviewText":"All good.  Clean, people were friendly, daily paper.  Walking distance to Moscone Center.","featured":false,"ratingsOnly":false,"ratingRoomCleanliness":5,"ratingHotelCondition":5,"ratingService":5,"ratingRoomComfort":5,"positiveRemarks":"Room size was good for me (1 person).  Bathroom was fancy!","negativeRemarks":"TV reception was choppy, but I don't watch much.  Breakfast was too expensive for a Ham-and-Egger from Pittsburgh.","locationRemarks":"Starbucks next door.  Walked to the convention center and Ubered it over to AT&T park and walked back.","lastInitial":"V","userLocation":"","reviewSubmissionTime":"2016-04-11T00:11:16Z","reviewerCategories":[{"categoryId":"BusinessTravelers","categoryLabel":"BusinessTravelers"}],"userDisplayName":"","roomTypeId":10426,"isUnverified":false,"isFlaggable":true,"isRecommended":"YES"},{"hotelId":"23383","totalPositiveFeedbacks":0,"tpid":"1","eapid":"0","contentLocale":"en_us","totalThanks":0,"photos":[],"reviewId":"56eef2cbb800f7097a02c3d5","itinId":"1129783727388","moderationStatus":"APPROVED","contentCodes":"","managementResponses":[],"ratingOverall":5,"langId":"1033","userNickname":"milla","brandType":"Expedia","title":"Nice boutique hotel","reviewText":"I've been staying in the hotel pretty often. I feel very comfortable here and the staff is very good and caring. Rooms are clean.\r\n\r\n\r\n\r\n","featured":false,"ratingsOnly":false,"ratingRoomCleanliness":5,"ratingHotelCondition":5,"ratingService":5,"ratingRoomComfort":5,"positiveRemarks":"The hotel restaurant is one of my favorite, the food is great","negativeRemarks":"I would prefer a little more comfortable matrasses","locationRemarks":"The hotel is downtown, close to theaters, good restaurants and shopping","lastInitial":"","userLocation":"northern california","reviewSubmissionTime":"2016-03-20T18:58:19Z","reviewerCategories":[{"categoryId":"Everyone","categoryLabel":"Everyone"}],"userDisplayName":"","roomTypeId":10426,"isUnverified":false,"isFlaggable":true,"isRecommended":"YES"}]}}}
