{"reviewDetails":{"startIndex":0,"numberOfReviewsInThisPage":20,"reviewSummaryCollection":{"reviewSummary":[{"hotelId":"883306","totalReviewCnt":169,"avgOverallRating":3.3964505,"cleanliness":3.781065,"serviceAndStaff":3.5443788,"roomComfort":3.514793,"hotelCondition":3.278107,"convenienceOfLocation":3.892857,"neighborhoodSatisfaction":3.7857146,"roomQuality":0,"targetedBrand":"Expedia","originSummary":[{"origin":"Expedia","reviewCnt":169,"recommendedPercent":69.230774,"avgOverallRating":3.3964505,"cleanliness":3.781065,"serviceAndStaff":3.5443788,"roomComfort":3.514793,"hotelCondition":3.278107,"convenienceOfLocation":3.892857,"neighborhoodSatisfaction":3.7857146,"valueForMoney":0,"roomQuality":0,"categoryCounts":{"Everyone":118,"BusinessTravelers":1,"Couples":11,"Students":2,"Families":7,"Other":5},"roomTypeIdCounts":{"69729":19,"82450":7,"69716":25,"69726":49},"languageCounts":{"en":169}}],"recommendedPercent":69.230774,"valueForMoney":0,"categoryCounts":{"Everyone":118,"BusinessTravelers":1,"Couples":11,"Students":2,"Families":7,"Other":5},"roomTypeIdCounts":{"69729":19,"82450":7,"69716":25,"69726":49},"languageCounts":{"en":169},"featuredReview":{}}]},"reviewCollection":{"review":[{"hotelId":"883306","totalPositiveFeedbacks":0,"tpid":"1","eapid":"0","contentLocale":"en_us","totalThanks":0,"photos":[],"reviewId":"579a10b1bef0270b28b3e18d","itinId":"1134870919923","moderationStatus":"APPROVED","contentCodes":"","managementResponses":[],"ratingOverall":3,"langId":"1033","userNickname":"Jon","brandType":"Expedia","title":"Just avg","reviewText":"Average hotel, nothing great, small room, very limited parking.","featured":false,"ratingsOnly":false,"ratingRoomCleanliness":4,"ratingHotelCondition":2,"ratingService":2,"ratingRoomComfort":2,"positiveRemarks":"","negativeRemarks":"","locationRemarks":"","lastInitial":"","userLocation":"Hawaii","reviewSubmissionTime":"2016-07-28T14:03:29Z","reviewerCategories":[{"categoryId":"Everyone","categoryLabel":"Everyone"}],"userDisplayName":"","roomTypeId":69729,"isUnverified":false,"isFlaggable":true,"isRecommended":"NO"},{"hotelId":"883306","totalPositiveFeedbacks":0,"tpid":"1","eapid":"0","contentLocale":"en_us","totalThanks":0,"photos":[],"reviewId":"579a0ff8bef0270b28b05cec","itinId":"1134871796215","moderationStatus":"APPROVED","contentCodes":"","managementResponses":[],"ratingOverall":3,"langId":"1033","userNickname":"jon","brandType":"Expedia","title":"Very limited parking","reviewText":"Small spaces and limited parking, first come first served. Otherwise take your chances on the street.","featured":false,"ratingsOnly":false,"ratingRoomCleanliness":4,"ratingHotelCondition":2,"ratingService":2,"ratingRoomComfort":3,"positiveRemarks":"","negativeRemarks":"","locationRemarks":"","lastInitial":"","userLocation":"","reviewSubmissionTime":"2016-07-28T14:00:24Z","reviewerCategories":[{"categoryId":"Everyone","categoryLabel":"Everyone"}],"userDisplayName":"","roomTypeId":69729,"isUnverified":false,"isFlaggable":true,"isRecommended":"NO"},{"hotelId":"883306","totalPositiveFeedbacks":0,"tpid":"1","eapid":"0","contentLocale":"en_us","totalThanks":0,"photos":[],"reviewId":"5798c7a02f43ae0b2810083c","itinId":"1126715943437","moderationStatus":"APPROVED","contentCodes":"","managementResponses":[],"ratingOverall":4,"langId":"1033","userNickname":"great spot","brandType":"Expedia","title":"Just what we wanted","reviewText":"This hotel was perfect for us. It was reasonably price and the location was good for us. It had off street parking so once we got there we walked, used a taxi, or a tour bus. The staff was helpful and suggested many things to do to make out trip better!\r\nIt was not a fancy hotel with amenities but we came to San Francisco to see the city not hang out in our hotel room!!","featured":false,"ratingsOnly":false,"ratingRoomCleanliness":3,"ratingHotelCondition":3,"ratingService":5,"ratingRoomComfort":4,"positiveRemarks":"","negativeRemarks":"","locationRemarks":"","lastInitial":"","userLocation":"","reviewSubmissionTime":"2016-07-27T14:39:28Z","reviewerCategories":[{"categoryId":"Everyone","categoryLabel":"Everyone"}],"userDisplayName":"","roomTypeId":69716,"isUnverified":false,"isFlaggable":true,"isRecommended":"YES"},{"hotelId":"883306","totalPositiveFeedbacks":0,"tpid":"1","eapid":"0","contentLocale":"en_us","totalThanks":0,"photos":[],"reviewId":"57868e7095608f0b4904c224","itinId":"1136313859004","moderationStatus":"APPROVED","contentCodes":"","managementResponses":[{"userNickname":"Guest Experience Team","displayLocale":"en_us","isFlaggable":true,"date":"2016-07-18T18:53:15Z","response":"Dear guest, we were pleased to see that you loved the location and easy access to major attractions as well bars and restaurants. This area is highly desirable for travelers. We were a bit disappointed to see that you felt that our hotel is only ideal for a short stay. We always strive to provide a clean, comfortable stay with a top notch service for our guests. And guests generally love the comfortable bed, our amenities and overall cleanliness. Please know that we will look into your experience and make improvements. But we sincerely hope you'll give us another opportunity to restore your confidence in our hotel. Thanks again for your feedback.","status":"APPROVED","id":"aced8dc4-d7ec-4cfa-b5f1-d31d31926e02"}],"ratingOverall":3,"langId":"1033","userNickname":"","brandType":"Expedia","title":"Motel - it's what u pay for in SF money","reviewText":"You get an OK bed if you just care to spend a night. Otherwise the place could use some upgrades.","featured":false,"ratingsOnly":false,"ratingRoomCleanliness":2,"ratingHotelCondition":2,"ratingService":3,"ratingRoomComfort":3,"positiveRemarks":"","negativeRemarks":"","locationRemarks":"Close by the hop on and off bus tour stop and near some nice bars and restaurants in the area. Good location if you want to stay near downtown.","lastInitial":"","userLocation":"","reviewSubmissionTime":"2016-07-13T18:54:40Z","reviewerCategories":[{"categoryId":"Everyone","categoryLabel":"Everyone"}],"userDisplayName":"","roomTypeId":82450,"isUnverified":false,"isFlaggable":true,"isRecommended":"NO"},{"hotelId":"883306","totalPositiveFeedbacks":0,"tpid":"1","eapid":"0","contentLocale":"en_us","totalThanks":0,"photos":[],"reviewId":"578328079395710b49b9f753","itinId":"1138029492868","moderationStatus":"APPROVED","contentCodes":"","managementResponses":[{"userNickname":"Guest Experience Team","displayLocale":"en_us","isFlaggable":true,"date":"2016-07-18T18:40:43Z","response":"Michael, It is good to hear from a returning guest. We are really pleased that you had a wonderful stay with us. We're happy to be an affordable rate for travelers visiting San Francisco who need a clean, comfortable place with a great location. We hope that our great rates, service and amenities will keeps us on your radar for your next visit. Thank you for staying with us and for your wonderful review.\r\n","status":"APPROVED","id":"8d7ffc13-6219-415e-9a48-f5d1f3bfb422"}],"ratingOverall":4,"langId":"1033","userNickname":"Michael","brandType":"Expedia","title":"Second time at this hotel, even better this time","reviewText":"My husband and I stayed here in 2012 and thought the room was clean and basic but that's what we were expecting. We loved the proximity to the marina and the fact that it has free wifi, mini fridge, and free parking. This time was even better (2016). We got an updated room with nice laminate flooring and stone countertops, also we had a nice street view of Lombard and was able to open the window for the breeze and background city noise (if ur into that). They offer free breakfast and the little patio is nice to sit on while having coffee with a nice city and water view. It's no Ritz but I love this little hotel..ESPECIALLY for the price, that's why we came back again. 👍🏼","featured":false,"ratingsOnly":false,"ratingRoomCleanliness":4,"ratingHotelCondition":3,"ratingService":3,"ratingRoomComfort":4,"positiveRemarks":"","negativeRemarks":"","locationRemarks":"","lastInitial":"P","userLocation":"Bakersfield, CA","reviewSubmissionTime":"2016-07-11T05:00:55Z","reviewerCategories":[{"categoryId":"Everyone","categoryLabel":"Everyone"}],"userDisplayName":"","roomTypeId":69726,"isUnverified":false,"isFlaggable":true,"isRecommended":"YES"},{"hotelId":"883306","totalPositiveFeedbacks":0,"tpid":"1","eapid":"0","contentLocale":"en_us","totalThanks":0,"photos":[],"reviewId":"5730fd218ebbdb09fab874a3","itinId":"1133188494515","moderationStatus":"APPROVED","contentCodes":"","managementResponses":[{"userNickname":"Guest Experience Team","displayLocale":"en_us","isFlaggable":true,"date":"2016-05-18T20:42:48Z","response":"HI Steve, we are glad you enjoyed your stay with us and found our hotel to be of a great value. We aim to provide a quality stay at a great price, so we are glad that we achieved our goal on your visit. Once again, thank you for taking time to write us your review, we hope to see you soon again!","status":"APPROVED","id":"fe1ce75f-f34e-4b73-b270-0fc5b0663b3a"}],"ratingOverall":3,"langId":"1033","userNickname":"Steve","brandType":"Expedia","title":"Perfectly fine 2 star hotel in San Fran","reviewText":"If you need to stay in San Fransisco on a budget then this place is perfectly fine. Don't expect too many frills, this is 2 star hotel for sure. However the rooms are clean and the facility kept in good order. The staff were very nice and helpful. Breakfast is a bit of joke, don't rely on it if you have a long day of walking to do around the city.","featured":false,"ratingsOnly":false,"ratingRoomCleanliness":4,"ratingHotelCondition":2,"ratingService":5,"ratingRoomComfort":4,"positiveRemarks":"The price","negativeRemarks":"The beds and the linens.","locationRemarks":"Cow Hollow has plenty of shops and restaurants, plenty to do within walking distance.","lastInitial":"B","userLocation":"Miami","reviewSubmissionTime":"2016-05-09T21:12:01Z","reviewerCategories":[{"categoryId":"Everyone","categoryLabel":"Everyone"}],"userDisplayName":"","roomTypeId":69729,"isUnverified":false,"isFlaggable":true,"isRecommended":"YES"},{"hotelId":"883306","totalPositiveFeedbacks":0,"tpid":"1","eapid":"0","contentLocale":"en_us","totalThanks":0,"photos":[],"reviewId":"57155d54c880fc09f432be2d","itinId":"1126799087458","moderationStatus":"APPROVED","contentCodes":"HMP MMD","managementResponses":[{"userNickname":"Guest Experience Team","displayLocale":"en_us","isFlaggable":true,"date":"2016-05-18T20:48:22Z","response":"Danielle, thank you so much for your stellar review! We're happy your stay with us was pleasant from room to location. Our great location puts guests right in the area they want to be, and we're glad to hear that you enjoyed that benefit. Once again, thank you so much for your wonderful comments, we're looking forward to your next stay with us. ","status":"APPROVED","id":"16c15efb-f862-456d-903a-c1b238990724"}],"ratingOverall":5,"langId":"1033","userNickname":"Danielle","brandType":"Expedia","title":"Nice M/Hotel steps away from the Presidio","reviewText":"Room was exceptionally clean! Steps away from Presidio and Marina. One block down on Chestnut St are all the restaurants and delis so you can dine to fit your budget. If you're willing to climb the hills of Frisco, you're a 25 min walk to the Painted Ladies and the tour bus stops. 10 min in the car will take you to the Wharf all from a Motel on famed Lombard St. Oh and we are breakfast outside everyday!","featured":false,"ratingsOnly":false,"ratingRoomCleanliness":5,"ratingHotelCondition":3,"ratingService":5,"ratingRoomComfort":4,"positiveRemarks":"","negativeRemarks":"","locationRemarks":"","lastInitial":"","userLocation":"New York","reviewSubmissionTime":"2016-04-18T22:19:00Z","reviewerCategories":[{"categoryId":"Everyone","categoryLabel":"Everyone"}],"userDisplayName":"","roomTypeId":69716,"isUnverified":false,"isFlaggable":false,"isRecommended":"YES"},{"hotelId":"883306","totalPositiveFeedbacks":0,"tpid":"1","eapid":"0","contentLocale":"en_us","totalThanks":0,"photos":[],"reviewId":"56f856243555880979ff7ffb","itinId":"1109630309346","moderationStatus":"APPROVED","contentCodes":"MMA","managementResponses":[{"userNickname":"Guest Experience Team","displayLocale":"en_us","isFlaggable":true,"date":"2016-05-18T20:39:37Z","response":"We're pleased that you enjoyed your stay. There's nothing better than knowing that you've found a safe, clean, and comfortable place to stay after a long flight. That's one less worry on your plate during your travel! Thanks for choosing us. If you're ever in the area again, you're welcome to stay with us! \r\n","status":"APPROVED","id":"a8244f62-c807-4a92-b9a2-6ad5ccee3b1e"}],"ratingOverall":3,"langId":"1033","userNickname":"","brandType":"Expedia","title":"","reviewText":"Cheap tickets available for Airport Shuttle (we called the hotel upon arrival at airport, and they told us where to find the correct Shuttle).  Hotel location was convenient to where my daughter and I wanted to be.  Front office staff was  friendly and helped carry our luggage upstairs.  They also kept it stored on our check-out day until it was time to take the Shuttle back to the airport in the evening.   ","featured":false,"ratingsOnly":false,"ratingRoomCleanliness":3,"ratingHotelCondition":3,"ratingService":5,"ratingRoomComfort":3,"positiveRemarks":"Pretty inner courtyard offered private place to unload baggage.","negativeRemarks":"Add elevator to get to 2nd floor. ","locationRemarks":"Not much in the immediate block or two vicinity, but the marina is not far.","lastInitial":"","userLocation":"","reviewSubmissionTime":"2016-03-27T21:52:36Z","reviewerCategories":[{"categoryId":"Everyone","categoryLabel":"Everyone"}],"userDisplayName":"","roomTypeId":69726,"isUnverified":false,"isFlaggable":false,"isRecommended":"YES"},{"hotelId":"883306","totalPositiveFeedbacks":1,"tpid":"1","eapid":"0","contentLocale":"en_us","totalThanks":1,"photos":[],"reviewId":"56ca975b4ab0d009959fe9ac","itinId":"1123897188677","moderationStatus":"APPROVED","contentCodes":"HMP MMD","managementResponses":[{"userNickname":"Guest Experience Manager","displayLocale":"en_us","isFlaggable":false,"date":"2016-03-01T14:47:02Z","response":"Hi there, there seems to be a confusion here. We haven't had a elevator down at all recently, also we do not have a patio. Furthermore, there is no parking in the hotel, the valet parking or self parking is available next to the hotel. ","status":"APPROVED","id":"ea337e83-c4be-43ac-bf21-4df99c0f3329"}],"ratingOverall":2,"langId":"1033","userNickname":"","brandType":"Expedia","title":"2.10.16","reviewText":"No elevator, when your tired from a long day of traveling the last thing you want to do is lug 3-50lbs bags up 2 flights of stairs.\r\nT.V. did not work, they came up 2 days later to fix, but within 24 hours it quit working again.\r\nroom was dirty.food or some other substance smeared on the walls. they only gave 1 bath towel, and the towel were worn and torn, and when you want to have a shower at night and 1 in the morning you had to track down\r\nhousekeeping in the morning to get another towel. Patio was filthy and unusable. They deleted are access cards before our stay was over. Breakfast, what little they did offer had no place to sit down and eat it, you had to haul \r\nit to your room. The free parking is limited to ask few spots, and usually none available if you are not back by 6:00pm, then you get to try to find an place to park, good luck with \r\nthat.\r\nThis would be able fine overnight hotel for under $75.00 dollars. Not worth going for a long term stay like we had, and paid over $100.00 and night.","featured":false,"ratingsOnly":false,"ratingRoomCleanliness":2,"ratingHotelCondition":2,"ratingService":3,"ratingRoomComfort":3,"positiveRemarks":"","negativeRemarks":"","locationRemarks":"","lastInitial":"","userLocation":"","reviewSubmissionTime":"2016-02-22T05:06:35Z","reviewerCategories":[{"categoryId":"Everyone","categoryLabel":"Everyone"}],"userDisplayName":"","roomTypeId":69726,"isUnverified":false,"isFlaggable":false,"isRecommended":"NO"},{"hotelId":"883306","totalPositiveFeedbacks":1,"tpid":"1","eapid":"0","contentLocale":"en_us","totalThanks":1,"photos":[],"reviewId":"56c002eb46fb8e09953a70a9","itinId":"1127441221240","moderationStatus":"APPROVED","contentCodes":"MMA","managementResponses":[{"userNickname":"Guest Experience Manager","displayLocale":"en_us","isFlaggable":false,"date":"2016-02-22T10:00:13Z","response":"We really want our customers to have a wonderful stay with us, if they do not, then we are disappointed as well. We are located in highly desirable area with many restaurants and places close by, but we do not usually hear complaints about the noise, I am sorry that this was the case during your visit. We hope you'll give us another try.","status":"APPROVED","id":"0cfa6aaa-ec61-48ae-b412-518a148eb498"}],"ratingOverall":2,"langId":"1033","userNickname":"","brandType":"Expedia","title":"avoid it","reviewText":"Noisy rooms, dirty; fixtures in the bathroom not functioning properly","featured":false,"ratingsOnly":false,"ratingRoomCleanliness":1,"ratingHotelCondition":1,"ratingService":2,"ratingRoomComfort":1,"positiveRemarks":"nothing","negativeRemarks":"everything","locationRemarks":"located on noisy street, good location, but street is filthy","lastInitial":"","userLocation":"","reviewSubmissionTime":"2016-02-14T04:30:35Z","reviewerCategories":[{"categoryId":"Everyone","categoryLabel":"Everyone"}],"userDisplayName":"","roomTypeId":82450,"isUnverified":false,"isFlaggable":false,"isRecommended":"NO"},{"hotelId":"883306","totalPositiveFeedbacks":0,"tpid":"1","eapid":"0","contentLocale":"en_us","totalThanks":0,"photos":[],"reviewId":"56bf7b0365424509953d70f5","itinId":"1127536361821","moderationStatus":"APPROVED","contentCodes":"HMP MMD","managementResponses":[{"userNickname":"Guest Experience Manager ","displayLocale":"en_us","isFlaggable":false,"date":"2016-02-23T03:45:14Z","response":"Hi Bob, so sorry about the shower issue, we really want our guests to love their stay, we wish you'd brought this to our attention, we would have sent some one to fix the shower or give you another room to ensure you had a wonderful stay with us. We hope to welcome you back again soon. Thank you, Bob.","status":"APPROVED","id":"fed3fe92-03ef-47aa-a83a-19ee598fca8c"}],"ratingOverall":3,"langId":"1033","userNickname":"Bob","brandType":"Expedia","title":"You get what you pay for, it worked for the night!","reviewText":"It's a little out dated, but the price was right, free parking, free wifi . So the room wasn't bad , I thought alright not bad for $99.00 in till morning when I went to take a shower. You guessed it the shower doesn't work. The bath tub did. No thanks.","featured":false,"ratingsOnly":false,"ratingRoomCleanliness":5,"ratingHotelCondition":2,"ratingService":5,"ratingRoomComfort":5,"positiveRemarks":"","negativeRemarks":"","locationRemarks":"","lastInitial":"D","userLocation":"washington","reviewSubmissionTime":"2016-02-13T18:50:43Z","reviewerCategories":[{"categoryId":"Everyone","categoryLabel":"Everyone"}],"userDisplayName":"","roomTypeId":69726,"isUnverified":false,"isFlaggable":false,"isRecommended":"NO"},{"hotelId":"883306","totalPositiveFeedbacks":0,"tpid":"1","eapid":"0","contentLocale":"en_us","totalThanks":0,"photos":[],"reviewId":"56b980f25d97b0099470cfe9","itinId":"1127152398171","moderationStatus":"APPROVED","contentCodes":"","managementResponses":[{"userNickname":"Guest Experience Manager ","displayLocale":"en_us","isFlaggable":true,"date":"2016-02-22T09:12:52Z","response":"Thank you Hugo, hope you enjoyed neighborhood clubs, bars and restaurants. We can't wait to welcome you back again soon. Thanks again.","status":"APPROVED","id":"b72f7491-3bc0-4f26-80f7-6629adab967b"}],"ratingOverall":4,"langId":"1033","userNickname":"hugo ","brandType":"Expedia","title":"It nice close to clubs ,bars and restaurants ! ","reviewText":"I recommend they have parking internet they nice too I definitely stay there again !!!","featured":false,"ratingsOnly":false,"ratingRoomCleanliness":5,"ratingHotelCondition":5,"ratingService":4,"ratingRoomComfort":5,"positiveRemarks":"","negativeRemarks":"","locationRemarks":"","lastInitial":"","userLocation":"san francisco ","reviewSubmissionTime":"2016-02-09T06:02:26Z","reviewerCategories":[{"categoryId":"Everyone","categoryLabel":"Everyone"}],"userDisplayName":"","roomTypeId":69726,"isUnverified":false,"isFlaggable":true,"isRecommended":"YES"},{"hotelId":"883306","totalPositiveFeedbacks":0,"tpid":"25","eapid":"0","contentLocale":"en_au","totalThanks":0,"photos":[],"reviewId":"569ff23a16a74909930f9944","itinId":"16651332188","moderationStatus":"APPROVED","contentCodes":"MMA","managementResponses":[{"userNickname":"Guest Experience Manager ","displayLocale":"en_us","isFlaggable":false,"date":"2016-02-23T03:45:14Z","response":"Thank you, Emma! We're thrilled to hear that you loved all aspects of your stay with us. We hope you'll stay with us again next time you visit the area. Thanks again.","status":"APPROVED","id":"1576fa85-ea9f-4998-b437-2f71c60cafb8"}],"ratingOverall":3,"langId":"3081","userNickname":"Emma","brandType":"Expedia","title":"Cheap room","reviewText":"Room was clean and tidy, what you would expect for a budget hotel. Staff were happy to help when toilet was blocked, plunger was stored under the sink in bathroom. All in all a good place to stay for a few nights. ","featured":false,"ratingsOnly":false,"ratingRoomCleanliness":3,"ratingHotelCondition":3,"ratingService":3,"ratingRoomComfort":3,"positiveRemarks":"","negativeRemarks":"","locationRemarks":"","lastInitial":"O","userLocation":"Sydney, Australia","reviewSubmissionTime":"2016-01-20T20:46:50Z","reviewerCategories":[{"categoryId":"Everyone","categoryLabel":"Everyone"}],"userDisplayName":"","roomTypeId":69726,"isUnverified":false,"isFlaggable":false,"isRecommended":"YES"},{"hotelId":"883306","totalPositiveFeedbacks":0,"tpid":"1","eapid":"0","contentLocale":"en_us","totalThanks":0,"photos":[],"reviewId":"56994451c9a43a096716d1a3","itinId":"1124526656118","moderationStatus":"APPROVED","contentCodes":"MMA HMP","managementResponses":[{"userNickname":"Guest Experience Manager ","displayLocale":"en_us","isFlaggable":false,"date":"2016-02-24T00:00:15Z","response":"We are located in highly desirable area; however, we do provide complimentary parking for guests as first come first serve basis. If you need a help parking in our parking lot, please know that we are always willing to help. Thank you.","status":"APPROVED","id":"74202337-b528-40e5-aee3-714a7c3af014"}],"ratingOverall":3,"langId":"1033","userNickname":"","brandType":"Expedia","title":"Parking","reviewText":"Very limited and small parking space. Lobby/checking is very small ","featured":false,"ratingsOnly":false,"ratingRoomCleanliness":3,"ratingHotelCondition":2,"ratingService":3,"ratingRoomComfort":3,"positiveRemarks":"","negativeRemarks":"","locationRemarks":"","lastInitial":"","userLocation":"","reviewSubmissionTime":"2016-01-15T19:11:13Z","reviewerCategories":[{"categoryId":"Everyone","categoryLabel":"Everyone"}],"userDisplayName":"","roomTypeId":69726,"isUnverified":false,"isFlaggable":false,"isRecommended":"NO"},{"hotelId":"883306","totalPositiveFeedbacks":0,"tpid":"1","eapid":"0","contentLocale":"en_us","totalThanks":0,"photos":[],"reviewId":"568ab4f9710ec75925e1e371","itinId":"1124014422563","moderationStatus":"APPROVED","contentCodes":"HMP MMD","managementResponses":[{"userNickname":"Guest Experience Manager ","displayLocale":"en_us","isFlaggable":false,"date":"2016-02-25T03:30:37Z","response":"Brye, glad that you loved our room and thank you for your feedback on bathroom cleanliness. Our staff is generally very thorough when it comes to preparing the room for upcoming guests so it is strange that we looked over cleanliness of your bathroom. Please accept our apologies. We hope, you'll give us another try.","status":"APPROVED","id":"c2e2e278-23e1-4c57-9df6-25703c88fe2d"}],"ratingOverall":4,"langId":"1033","userNickname":"Brye","brandType":"Expedia","title":"Nice hotel, good location!","reviewText":"Hotel was nice and clean.  The staff was great upgraded me as soon as I got there.  Room was clean but the bathroom wasn't so great.","featured":false,"ratingsOnly":false,"ratingRoomCleanliness":4,"ratingHotelCondition":4,"ratingService":5,"ratingRoomComfort":4,"positiveRemarks":"The location was great, the price great and the staff was great! ","negativeRemarks":"The cleanliness of the bathroom would be nice....","locationRemarks":"Great location the Warf and restuarants.  Walk really any where....","lastInitial":"","userLocation":"Arkansas","reviewSubmissionTime":"2016-01-04T18:07:53Z","reviewerCategories":[{"categoryId":"Everyone","categoryLabel":"Everyone"}],"userDisplayName":"","roomTypeId":82450,"isUnverified":false,"isFlaggable":false,"isRecommended":"YES"},{"hotelId":"883306","totalPositiveFeedbacks":0,"tpid":"1","eapid":"0","contentLocale":"en_us","totalThanks":0,"photos":[],"reviewId":"568982af9964285763b4cbcb","itinId":"1124212117383","moderationStatus":"APPROVED","contentCodes":"HMP MMD","managementResponses":[{"userNickname":"Guest Experience Manager ","displayLocale":"en_us","isFlaggable":false,"date":"2016-02-23T09:45:15Z","response":"So sorry that you were disappointed with your stay. The experiences you described here definitely falls short of standards we set for ourselves. Our staff is very thorough and maintains high quality standards in cleanliness and hospitality to ensure our guests have great, quality stay. It is strange that this has happened. If there is any other way we can make your future stays more pleasant, please don’t hesitate to let us know. Our goal is to make our guests as comfortable as possible and we’ll look forward to having the opportunity to do just that.","status":"APPROVED","id":"41b9341e-0139-4a3d-a924-28804286e1dc"}],"ratingOverall":2,"langId":"1033","userNickname":"","brandType":"Expedia","title":"Not very clean","reviewText":"Bedding was dirty, floors were dirty, shower did not work, although covered parking was advertised it is very limited & had to park on street and pay for meter\r\n","featured":false,"ratingsOnly":false,"ratingRoomCleanliness":2,"ratingHotelCondition":2,"ratingService":3,"ratingRoomComfort":2,"positiveRemarks":"","negativeRemarks":"","locationRemarks":"","lastInitial":"","userLocation":"","reviewSubmissionTime":"2016-01-03T20:21:03Z","reviewerCategories":[{"categoryId":"Everyone","categoryLabel":"Everyone"}],"userDisplayName":"","roomTypeId":69726,"isUnverified":false,"isFlaggable":false,"isRecommended":"NO"},{"hotelId":"883306","totalPositiveFeedbacks":0,"tpid":"4","eapid":"0","contentLocale":"en_ca","totalThanks":0,"photos":[],"reviewId":"5682b7519964280175668e3d","itinId":"1123984943230","moderationStatus":"APPROVED","contentCodes":"MMA HMP","managementResponses":[{"userNickname":"Guest Experience Manager","displayLocale":"en_us","isFlaggable":false,"date":"2016-02-22T10:00:13Z","response":"So sorry that this happened. Please note that we looked into it to ensure this does not happen again. Once again, so sorry about this. We sincerely hope you'll give us another try.","status":"APPROVED","id":"9b769be7-c741-4c0c-ab25-e68dbae9cb89"}],"ratingOverall":2,"langId":"4105","userNickname":"","brandType":"Expedia","title":"","reviewText":"Heating system not working in the room, hotel staff said wait till 8 am in morning for maintenance guy to fix it. It was cold. Cramped parking lot.","featured":false,"ratingsOnly":false,"ratingRoomCleanliness":3,"ratingHotelCondition":1,"ratingService":3,"ratingRoomComfort":2,"positiveRemarks":"","negativeRemarks":"","locationRemarks":"","lastInitial":"","userLocation":"","reviewSubmissionTime":"2015-12-29T16:39:45Z","reviewerCategories":[{"categoryId":"Everyone","categoryLabel":"Everyone"}],"userDisplayName":"","roomTypeId":69726,"isUnverified":false,"isFlaggable":false,"isRecommended":"NO"},{"hotelId":"883306","totalPositiveFeedbacks":0,"tpid":"1","eapid":"0","contentLocale":"en_us","totalThanks":0,"photos":[{"thumbnailUrl":"https://a.travel-assets.com/ugc/hotel-reviews/38A2E94D4ECF625918B85C4092171AF57264F0F01450807736411.jpg?resize=100:*","normalUrl":"https://a.travel-assets.com/ugc/hotel-reviews/38A2E94D4ECF625918B85C4092171AF57264F0F01450807736411.jpg?resize=360:*","caption":"Sunrise"}],"reviewId":"56797815f74cb409671e26e0","itinId":"1121614057250","moderationStatus":"APPROVED","contentCodes":"HMP","managementResponses":[{"userNickname":"Guest Experience Manager","displayLocale":"en_us","isFlaggable":true,"date":"2016-02-22T08:57:47Z","response":"Glad we could make your visit comfortable and pleasant. Hope to see you soon again!","status":"APPROVED","id":"5b1dd66d-4733-4aa7-8c99-40b40e78a4f7"}],"ratingOverall":4,"langId":"1033","userNickname":"","brandType":"Expedia","title":"Free parking and breakfast","reviewText":"Parking is limited but we didn't have any issues getting a spot on the days we decided to drive around the city. ","featured":false,"ratingsOnly":false,"ratingRoomCleanliness":5,"ratingHotelCondition":4,"ratingService":3,"ratingRoomComfort":4,"positiveRemarks":"","negativeRemarks":"","locationRemarks":"","lastInitial":"","userLocation":"Long Beach, CA","reviewSubmissionTime":"2015-12-22T16:19:33Z","reviewerCategories":[{"categoryId":"Everyone","categoryLabel":"Everyone"}],"userDisplayName":"","roomTypeId":69716,"isUnverified":false,"isFlaggable":false,"isRecommended":"YES"},{"hotelId":"883306","totalPositiveFeedbacks":1,"tpid":"1","eapid":"0","contentLocale":"en_us","totalThanks":1,"photos":[],"reviewId":"565688f322ec5a0968c5f839","itinId":"1120698063728","moderationStatus":"APPROVED","contentCodes":"","managementResponses":[{"userNickname":"Guest Expereince Managet","displayLocale":"en_us","isFlaggable":true,"date":"2015-12-09T00:15:31Z","response":"Hi there, thank you for staying with us during you recent trip to San Francisco. I am glad to hear that you enjoyed your stay with us. We will look into your feedback about the power outlets. Thanks again, we look forward to welcome you back again next time you are in the area.","status":"APPROVED","id":"96336740-ebc0-41c0-9a3a-20707d65d0bb"}],"ratingOverall":4,"langId":"1033","userNickname":"Gay Couple","brandType":"Expedia","title":"Clean motel close to Presidio and Marina","reviewText":"Overall, the experience was good. It's quiet and the temoerature is perfect. The AC has digital thermostat. We slept very well each night. The wide cable selection is more than enough -- I was glad they had Tennis Channel. TV is digital.","featured":false,"ratingsOnly":false,"ratingRoomCleanliness":5,"ratingHotelCondition":5,"ratingService":5,"ratingRoomComfort":4,"positiveRemarks":"Free parking, reliable free wireless service, helpful staff, free breakfast","negativeRemarks":"There shiukd be two nightstands, not just one. There should be more power outlets to charge devices. I had to go to the bathroom to charge my iPhone.","locationRemarks":"Location is great. There's a nearby fastfood restaurant (Pluto's) that sells delicious foods (salads, burgers, etc.) that are not expensive.","lastInitial":"","userLocation":"New York, NY","reviewSubmissionTime":"2015-11-26T04:22:11Z","reviewerCategories":[{"categoryId":"Everyone","categoryLabel":"Everyone"}],"userDisplayName":"","roomTypeId":69726,"isUnverified":false,"isFlaggable":true,"isRecommended":"YES"},{"hotelId":"883306","totalPositiveFeedbacks":1,"tpid":"1","eapid":"0","contentLocale":"en_us","totalThanks":1,"photos":[],"reviewId":"5655f0e422ec5a0968ee38cd","itinId":"1121255804741","moderationStatus":"APPROVED","contentCodes":"","managementResponses":[],"ratingOverall":4,"langId":"1033","userNickname":"Bettie","brandType":"Expedia","title":"Good experience overall","reviewText":"We had a good experience here. It had everything we wanted: close to major attractions, free parking, breakfast, comfy bed, and heater. Yes it is on a busy street, but it didn't bother us considering how tired we would be at the end of the day. Only complaint is that when we took a shower, the mist revealed some yellowing next to the toilet that most likely was urine! So I definitely recommend a better more thorough cleaning of hotel rooms. ","featured":false,"ratingsOnly":false,"ratingRoomCleanliness":3,"ratingHotelCondition":4,"ratingService":4,"ratingRoomComfort":4,"positiveRemarks":"Free parking, private bathroom, and comfy bed.","negativeRemarks":"Cleanliness","locationRemarks":"Near the marina and its major attractions. ","lastInitial":"","userLocation":"San Diego, CA","reviewSubmissionTime":"2015-11-25T17:33:24Z","reviewerCategories":[{"categoryId":"Everyone","categoryLabel":"Everyone"}],"userDisplayName":"","roomTypeId":69726,"isUnverified":false,"isFlaggable":true,"isRecommended":"YES"}]}}}
