{"reviewDetails":{"startIndex":0,"numberOfReviewsInThisPage":20,"reviewSummaryCollection":{"reviewSummary":[{"hotelId":"2406","totalReviewCnt":76,"avgOverallRating":4.052632,"cleanliness":4.2105255,"serviceAndStaff":4.3684196,"roomComfort":4.1052637,"hotelCondition":4.0789485,"convenienceOfLocation":0,"neighborhoodSatisfaction":0,"roomQuality":0,"targetedBrand":"Expedia","originSummary":[{"origin":"Expedia","reviewCnt":76,"recommendedPercent":80.26315,"avgOverallRating":4.052632,"cleanliness":4.2105255,"serviceAndStaff":4.3684196,"roomComfort":4.1052637,"hotelCondition":4.0789485,"convenienceOfLocation":0,"neighborhoodSatisfaction":0,"valueForMoney":0,"roomQuality":0,"categoryCounts":{"Everyone":72,"Couples":2,"Families":2},"roomTypeIdCounts":{"200286785":7,"200286787":8,"200172267":6,"200172293":7,"200286796":17,"200522287":5,"200286797":2,"200286782":1},"languageCounts":{"en":76}}],"recommendedPercent":80.26315,"valueForMoney":0,"categoryCounts":{"Everyone":72,"Couples":2,"Families":2},"roomTypeIdCounts":{"200286785":7,"200286787":8,"200172267":6,"200172293":7,"200286796":17,"200522287":5,"200286797":2,"200286782":1},"languageCounts":{"en":76},"featuredReview":{}}]},"reviewCollection":{"review":[{"hotelId":"2406","totalPositiveFeedbacks":0,"tpid":"1","eapid":"0","contentLocale":"en_us","totalThanks":0,"photos":[],"reviewId":"57af7880c855640b05a1bfd0","itinId":"1141719854129","moderationStatus":"APPROVED","contentCodes":"","managementResponses":[],"ratingOverall":5,"langId":"1033","userNickname":"magda","brandType":"Expedia","title":"graet place","reviewText":"overall was very good!! great , convenient location in  a heart of san francisco, very clean, staff very helpful! ","featured":false,"ratingsOnly":false,"ratingRoomCleanliness":5,"ratingHotelCondition":5,"ratingService":5,"ratingRoomComfort":3,"positiveRemarks":"location, staff","negativeRemarks":"bads","locationRemarks":"great!!","lastInitial":"","userLocation":"new jersey","reviewSubmissionTime":"2016-08-13T19:44:00Z","reviewerCategories":[{"categoryId":"Everyone","categoryLabel":"Everyone"}],"userDisplayName":"","roomTypeId":200286796,"isUnverified":false,"isFlaggable":true,"isRecommended":"YES"},{"hotelId":"2406","totalPositiveFeedbacks":0,"tpid":"1","eapid":"0","contentLocale":"en_us","totalThanks":0,"photos":[],"reviewId":"57a632317b42f40b289fb9ed","itinId":"1140894700168","moderationStatus":"APPROVED","contentCodes":"","managementResponses":[],"ratingOverall":4,"langId":"1033","userNickname":"Amanda","brandType":"Expedia","title":"Boutique hotel close to Union Square","reviewText":"Cute boutique hotel in walking distance to Union Square. Enjoyed our stay and thought the hotel staff was excellent.","featured":false,"ratingsOnly":false,"ratingRoomCleanliness":4,"ratingHotelCondition":4,"ratingService":5,"ratingRoomComfort":4,"positiveRemarks":"","negativeRemarks":"","locationRemarks":"","lastInitial":"","userLocation":"Atlanta","reviewSubmissionTime":"2016-08-06T18:53:37Z","reviewerCategories":[{"categoryId":"Everyone","categoryLabel":"Everyone"}],"userDisplayName":"","roomTypeId":200286796,"isUnverified":false,"isFlaggable":true,"isRecommended":"YES"},{"hotelId":"2406","totalPositiveFeedbacks":1,"tpid":"1","eapid":"0","contentLocale":"en_us","totalThanks":1,"photos":[],"reviewId":"577b729a25628c0b7c5a78be","itinId":"1139123303500","moderationStatus":"APPROVED","contentCodes":"","managementResponses":[],"ratingOverall":5,"langId":"1033","userNickname":"Traci","brandType":"Expedia","title":"Great Hotel","reviewText":"It was a great stay.  But it was right out side the tenderloin district, We did not know.  Staff was super friendly.  The restaurant on property was quite small. Complimentary coffee and tea in the lobby. Amenities were upgraded from an older hotel.  We would stay again if we returned to SF.","featured":false,"ratingsOnly":false,"ratingRoomCleanliness":5,"ratingHotelCondition":5,"ratingService":5,"ratingRoomComfort":5,"positiveRemarks":"Upgraded amenities, was fairly clean.","negativeRemarks":"Lobby Bar open all day.","locationRemarks":"Everything seemed to be in walking distance.  Walgreens, food, convenience stores.","lastInitial":"","userLocation":"Los Angeles, CA","reviewSubmissionTime":"2016-07-05T08:40:58Z","reviewerCategories":[{"categoryId":"Everyone","categoryLabel":"Everyone"}],"userDisplayName":"","roomTypeId":200286796,"isUnverified":false,"isFlaggable":true,"isRecommended":"YES"},{"hotelId":"2406","totalPositiveFeedbacks":0,"tpid":"1","eapid":"0","contentLocale":"en_us","totalThanks":0,"photos":[],"reviewId":"5771049f070ba40b8127fd70","itinId":"1137788586167","moderationStatus":"APPROVED","contentCodes":"MMA","managementResponses":[],"ratingOverall":2,"langId":"1033","userNickname":"Tammy","brandType":"Expedia","title":"3rd rate stay...\r\n","reviewText":"We were treated \"less than\" simply because I booked us thru a 3rd party rather than direct with Marriott. I haven't experienced this horrible of service at any other Marriott location. ","featured":false,"ratingsOnly":false,"ratingRoomCleanliness":1,"ratingHotelCondition":2,"ratingService":3,"ratingRoomComfort":3,"positiveRemarks":"","negativeRemarks":"","locationRemarks":"","lastInitial":"M","userLocation":"Ponca City, Ok","reviewSubmissionTime":"2016-06-27T10:49:03Z","reviewerCategories":[{"categoryId":"Everyone","categoryLabel":"Everyone"}],"userDisplayName":"","roomTypeId":200286787,"isUnverified":false,"isFlaggable":false,"isRecommended":"NO"},{"hotelId":"2406","totalPositiveFeedbacks":1,"tpid":"1","eapid":"0","contentLocale":"en_us","totalThanks":1,"photos":[],"reviewId":"573f9ffc2a20e109fb21ef3e","itinId":"1131429835759","moderationStatus":"APPROVED","contentCodes":"","managementResponses":[],"ratingOverall":5,"langId":"1033","userNickname":"Cud","brandType":"Expedia","title":"Walking distance to Union Square ","reviewText":"this is an excellent hotel near to Union Square and all of the shopping and sightseeing activities you could want.\r\n\r\nFood is excellent, as well as all of the facilities.  Employees were very helpful with directions and ideas for dinner.\r\n\r\n","featured":false,"ratingsOnly":false,"ratingRoomCleanliness":5,"ratingHotelCondition":5,"ratingService":5,"ratingRoomComfort":5,"positiveRemarks":"Closeness to Union Square and that it isn't a huge chain.","negativeRemarks":"Room service could be extended to lunch as well.  We arrived when we needed lunch and couldn't get it.\r\n","locationRemarks":"close to shopping...Saks, Macys Nordstroms...Close to places that provide tours, cable cars and Chinatown. Lots of places to eat as well.\r\n","lastInitial":"","userLocation":"Palm Springs, CA","reviewSubmissionTime":"2016-05-20T23:38:36Z","reviewerCategories":[{"categoryId":"Everyone","categoryLabel":"Everyone"}],"userDisplayName":"","roomTypeId":200286787,"isUnverified":false,"isFlaggable":true,"isRecommended":"YES"},{"hotelId":"2406","totalPositiveFeedbacks":0,"tpid":"1","eapid":"0","contentLocale":"en_us","totalThanks":0,"photos":[],"reviewId":"56ca615d0131ff0981114d52","itinId":"1128206352000","moderationStatus":"APPROVED","contentCodes":"","managementResponses":[],"ratingOverall":5,"langId":"1033","userNickname":"sal","brandType":"Expedia","title":"Cool hotel, staff was friendly, and accommodating","reviewText":"Clean rooms. And quite place, good job on their recent remodel.","featured":false,"ratingsOnly":false,"ratingRoomCleanliness":5,"ratingHotelCondition":4,"ratingService":4,"ratingRoomComfort":5,"positiveRemarks":"","negativeRemarks":"","locationRemarks":"","lastInitial":"","userLocation":"los angeles","reviewSubmissionTime":"2016-02-22T01:16:13Z","reviewerCategories":[{"categoryId":"Everyone","categoryLabel":"Everyone"}],"userDisplayName":"","roomTypeId":200286796,"isUnverified":false,"isFlaggable":true,"isRecommended":"YES"},{"hotelId":"2406","totalPositiveFeedbacks":0,"tpid":"1","eapid":"0","contentLocale":"en_us","totalThanks":0,"photos":[{"thumbnailUrl":"https://a.travel-assets.com/ugc/hotel-reviews/C9B1EC0E54AAC22D4FE289FCCB4C6BF07993E79F1455602549729.jpg?resize=*:75","normalUrl":"https://a.travel-assets.com/ugc/hotel-reviews/C9B1EC0E54AAC22D4FE289FCCB4C6BF07993E79F1455602549729.jpg?resize=*:270","caption":"View from 11th floor w super noisy bar below"},{"thumbnailUrl":"https://a.travel-assets.com/ugc/hotel-reviews/9F3874022CC646C5A4B1164AFAAFCE99D403A6BB1455602553634.jpg?resize=*:75","normalUrl":"https://a.travel-assets.com/ugc/hotel-reviews/9F3874022CC646C5A4B1164AFAAFCE99D403A6BB1455602553634.jpg?resize=*:270","caption":"Horrible views into other guests rooms "}],"reviewId":"56c2b831a7c4c40981c43fec","itinId":"1127082501421","moderationStatus":"APPROVED","contentCodes":"HMP","managementResponses":[],"ratingOverall":2,"langId":"1033","userNickname":"","brandType":"Expedia","title":"Not worth the price at all ","reviewText":"Hardly worth $250, everything was dusty and cheaply made. No special services or amenities, staff is mediocre. ","featured":false,"ratingsOnly":false,"ratingRoomCleanliness":2,"ratingHotelCondition":1,"ratingService":3,"ratingRoomComfort":1,"positiveRemarks":"","negativeRemarks":"","locationRemarks":"","lastInitial":"","userLocation":"san francisco ","reviewSubmissionTime":"2016-02-16T05:48:33Z","reviewerCategories":[{"categoryId":"Everyone","categoryLabel":"Everyone"}],"userDisplayName":"","roomTypeId":200522287,"isUnverified":false,"isFlaggable":false,"isRecommended":"NO"},{"hotelId":"2406","totalPositiveFeedbacks":1,"tpid":"1","eapid":"0","contentLocale":"en_us","totalThanks":1,"photos":[],"reviewId":"568c40e803d7d011f68de027","itinId":"1121230444644","moderationStatus":"APPROVED","contentCodes":"HMP MMD","managementResponses":[],"ratingOverall":3,"langId":"1033","userNickname":"Carlos","brandType":"Expedia","title":"Not what you will expect for an Autograph hotel","reviewText":"The location is little off of Union Square. That extra block or two kind of make a difference, and the price does not shows it.\r\nBreakfast is good. Expensive as you might image. The other \"restaurant\", which clearly is not, may be acounted as a lobby bar. Small.\r\nParking is waaaaay expensive. \r\n\r\nRooms are just OK. Big but layout is not roomy. The bathrooms ae kind of small.\r\n\r\nI could see some hotels more appealing than this one. Nicer lobbies, closer, with dinner or other food alternatives.\r\n\r\nNo much to say about it. ","featured":false,"ratingsOnly":false,"ratingRoomCleanliness":4,"ratingHotelCondition":4,"ratingService":5,"ratingRoomComfort":4,"positiveRemarks":"","negativeRemarks":"","locationRemarks":"","lastInitial":"O","userLocation":"Monterrey, Mex","reviewSubmissionTime":"2016-01-05T22:17:12Z","reviewerCategories":[{"categoryId":"Everyone","categoryLabel":"Everyone"}],"userDisplayName":"","roomTypeId":200286796,"isUnverified":false,"isFlaggable":false,"isRecommended":"NO"},{"hotelId":"2406","totalPositiveFeedbacks":0,"tpid":"3","eapid":"0","contentLocale":"en_gb","totalThanks":0,"photos":[],"reviewId":"568a5ae38c371c46cf09e9f9","itinId":"110269153232","moderationStatus":"APPROVED","contentCodes":"HMP MMD","managementResponses":[],"ratingOverall":2,"langId":"2057","userNickname":"","brandType":"Expedia","title":"Not the 'boutique' we expected","reviewText":"Our experience was disappointing, the reception area was nice the room we had though large felt like it was cheaply tarted up with a lick of paint and new carpet. The bathroom was bland and felt like a motel experience. Everyday we had to call down to request coffee or mugs or for our rubbish to be removed. We also had to request the torn bed sheets that we had been given be replaced. Delighted to move out to another hotel.","featured":false,"ratingsOnly":false,"ratingRoomCleanliness":2,"ratingHotelCondition":2,"ratingService":3,"ratingRoomComfort":2,"positiveRemarks":"","negativeRemarks":"Standards of care and attention to detail. Basic room preparation. ","locationRemarks":"","lastInitial":"","userLocation":"","reviewSubmissionTime":"2016-01-04T11:43:31Z","reviewerCategories":[{"categoryId":"Everyone","categoryLabel":"Everyone"}],"userDisplayName":"","roomTypeId":200286787,"isUnverified":false,"isFlaggable":false,"isRecommended":"NO"},{"hotelId":"2406","totalPositiveFeedbacks":0,"tpid":"1","eapid":"0","contentLocale":"en_us","totalThanks":0,"photos":[],"reviewId":"5686c6243aedb84d2bb9e41f","itinId":"1120315715093","moderationStatus":"APPROVED","contentCodes":"","managementResponses":[],"ratingOverall":5,"langId":"1033","userNickname":"Annie","brandType":"Expedia","title":"Great Location- Excelllent staff!","reviewText":"Hotel was within walking distance to Union Square which has a lot of shopping and restaurants. Very convenient to get around town. Staff was excellent very attentive to needs and accommodating. Highly recommend!","featured":false,"ratingsOnly":false,"ratingRoomCleanliness":4,"ratingHotelCondition":5,"ratingService":5,"ratingRoomComfort":5,"positiveRemarks":"","negativeRemarks":"","locationRemarks":"","lastInitial":"","userLocation":"Rhode Island","reviewSubmissionTime":"2016-01-01T18:32:04Z","reviewerCategories":[{"categoryId":"Everyone","categoryLabel":"Everyone"}],"userDisplayName":"","roomTypeId":200286796,"isUnverified":false,"isFlaggable":true,"isRecommended":"YES"},{"hotelId":"2406","totalPositiveFeedbacks":0,"tpid":"1","eapid":"0","contentLocale":"en_us","totalThanks":0,"photos":[],"reviewId":"56830c4903d7d06ff62fe246","itinId":"1123907834072","moderationStatus":"APPROVED","contentCodes":"HMP MMD","managementResponses":[],"ratingOverall":4,"langId":"1033","userNickname":"Key","brandType":"Expedia","title":"Nice staff... some bad luck","reviewText":"We arrived at 4, an hour ofter the rooms were supposed to be ready.  The room wasn't ready and they offered to store our luggage and then move it into the room (once available) while we were at dinner.  We arrived 4 hours later and had the room but no luggage.  We called and the luggage took another 45 minutes to be delivered.  The kids were falling asleep while we continued to wait.  When we woke up the next morning, we realized there were only 2 towels for the 4 of us.  Aside from these things, the staff was exceptionally courteous to us and we enjoyed our stay.  Probably just a fluke!","featured":false,"ratingsOnly":false,"ratingRoomCleanliness":5,"ratingHotelCondition":4,"ratingService":4,"ratingRoomComfort":4,"positiveRemarks":"Style and location.  Mariana was exceptional in providing all of the help we needed.  It was unfortunate that the ball was dropped on the luggage.","negativeRemarks":"Parking is confusing.  There is a garage under the hotel wasn't part of the package we purchased.  It was confusing because the lot was next door.","locationRemarks":"Cliff House down the street all the way to the ocean!","lastInitial":"P","userLocation":"Fresno, CA","reviewSubmissionTime":"2015-12-29T22:42:17Z","reviewerCategories":[{"categoryId":"Everyone","categoryLabel":"Everyone"}],"userDisplayName":"","roomTypeId":200286796,"isUnverified":false,"isFlaggable":false,"isRecommended":"YES"},{"hotelId":"2406","totalPositiveFeedbacks":0,"tpid":"1","eapid":"0","contentLocale":"en_us","totalThanks":0,"photos":[],"reviewId":"567dcb2f83b33306d139836b","itinId":"1122973275828","moderationStatus":"APPROVED","contentCodes":"HMP MMD","managementResponses":[],"ratingOverall":2,"langId":"1033","userNickname":"Barry","brandType":"Expedia","title":"Near to Most Attractions","reviewText":"Check in was fine.  They had quick, efficient people.  The rugs were filthy and our feet got dirty walking on it.   One of the mattresses was very old and slopped to one side so you felt like you were falling off.  The shower was so weak it was difficult to get the soap off and the bath tub was old, scratched and in need of resurfacing.  In short I would not recommend this hotel.  There are no ice machines so if you want ice you need call them and have it brought to the room.   The paint in our room was old and peeling in spots but you could see it had been repainted several times.","featured":false,"ratingsOnly":false,"ratingRoomCleanliness":1,"ratingHotelCondition":2,"ratingService":3,"ratingRoomComfort":1,"positiveRemarks":"Location was ok","negativeRemarks":"Rooms are in need of renovation","locationRemarks":"Location is good.  3 blocks to Union Square and the cable car to the wharf.  Walking distance to Chinatown.","lastInitial":"R","userLocation":"Santa Monica","reviewSubmissionTime":"2015-12-25T23:03:11Z","reviewerCategories":[{"categoryId":"Everyone","categoryLabel":"Everyone"}],"userDisplayName":"","roomTypeId":200286796,"isUnverified":false,"isFlaggable":false,"isRecommended":"NO"},{"hotelId":"2406","totalPositiveFeedbacks":0,"tpid":"3","eapid":"0","contentLocale":"en_gb","totalThanks":0,"photos":[],"reviewId":"563f72fd845e240968595db1","itinId":"19456008803","moderationStatus":"APPROVED","contentCodes":"","managementResponses":[],"ratingOverall":4,"langId":"2057","userNickname":"DAB","brandType":"Expedia","title":"Nice hotel very convenient for Union Square","reviewText":"We stayed 3 nights. It was good. We had asked for a high floor room - this was not provided which was a pity.\r\nThe staff were very helpful although the concierge did not seem all that knowledgeable of the local area. \r\n","featured":false,"ratingsOnly":false,"ratingRoomCleanliness":4,"ratingHotelCondition":4,"ratingService":4,"ratingRoomComfort":4,"positiveRemarks":"We had a free breakfast","negativeRemarks":"The internet should be included in the cost of the room","locationRemarks":"Obviously near Union Square - lots to do nearby. \r\nRather a lot of homeless people in the area which was a bit off-putting but beyond hotel control.","lastInitial":"","userLocation":"London","reviewSubmissionTime":"2015-11-08T16:06:21Z","reviewerCategories":[{"categoryId":"Everyone","categoryLabel":"Everyone"}],"userDisplayName":"","roomTypeId":200286796,"isUnverified":false,"isFlaggable":true,"isRecommended":"YES"},{"hotelId":"2406","totalPositiveFeedbacks":3,"tpid":"1","eapid":"0","contentLocale":"en_us","totalThanks":3,"photos":[],"reviewId":"55de149d2cc7a908f00078a6","itinId":"1111744384915","moderationStatus":"APPROVED","contentCodes":"MMA","managementResponses":[],"ratingOverall":4,"langId":"1033","userNickname":"Jack","brandType":"Expedia","title":"","reviewText":"Largely very satisfactory experience.  Pleasant, helpful service, spacious, comfortable and well-appointed room.  Thorough facilities and amenities.  Two complaints:   At a facility of such quality and price, there should be no charge for in-room WIFI and no charge for business center use.  These shortcomings are mostly obviated by the use of a personal iPhone WIFI hotspot and personal tablet, but they're still somewhat unwelcoming.","featured":false,"ratingsOnly":false,"ratingRoomCleanliness":5,"ratingHotelCondition":5,"ratingService":5,"ratingRoomComfort":5,"positiveRemarks":"","negativeRemarks":"","locationRemarks":"","lastInitial":"","userLocation":"NOLA","reviewSubmissionTime":"2015-08-26T19:33:49Z","reviewerCategories":[{"categoryId":"Everyone","categoryLabel":"Everyone"}],"userDisplayName":"","roomTypeId":200286787,"isUnverified":false,"isFlaggable":false,"isRecommended":"YES"},{"hotelId":"2406","totalPositiveFeedbacks":2,"tpid":"1","eapid":"0","contentLocale":"en_us","totalThanks":2,"photos":[{"thumbnailUrl":"https://a.travel-assets.com/ugc/hotel-reviews/0969BC0AA4FE350FD39E17E74C859F177A0842B9.jpg?resize=100:*","normalUrl":"https://a.travel-assets.com/ugc/hotel-reviews/0969BC0AA4FE350FD39E17E74C859F177A0842B9.jpg?resize=360:*","caption":""},{"thumbnailUrl":"https://a.travel-assets.com/ugc/hotel-reviews/ACF9375FEEA885B11A65C85999B193DCC77B23A7.jpg?resize=100:*","normalUrl":"https://a.travel-assets.com/ugc/hotel-reviews/ACF9375FEEA885B11A65C85999B193DCC77B23A7.jpg?resize=360:*","caption":""},{"thumbnailUrl":"https://a.travel-assets.com/ugc/hotel-reviews/5E88F1F20DDF93E0F234ED0B7281AD28602B0165.jpg?resize=100:*","normalUrl":"https://a.travel-assets.com/ugc/hotel-reviews/5E88F1F20DDF93E0F234ED0B7281AD28602B0165.jpg?resize=360:*","caption":""},{"thumbnailUrl":"https://a.travel-assets.com/ugc/hotel-reviews/3BD7CB8DA26B4021DEBCE5F49FEFB5A181E62201.jpg?resize=100:*","normalUrl":"https://a.travel-assets.com/ugc/hotel-reviews/3BD7CB8DA26B4021DEBCE5F49FEFB5A181E62201.jpg?resize=360:*","caption":""},{"thumbnailUrl":"https://a.travel-assets.com/ugc/hotel-reviews/91E687F951C55407705F9E74E31A90A87B05CB24.jpg?resize=100:*","normalUrl":"https://a.travel-assets.com/ugc/hotel-reviews/91E687F951C55407705F9E74E31A90A87B05CB24.jpg?resize=360:*","caption":""}],"reviewId":"55db59e3150a6808f857fb9c","itinId":"1113973136130","moderationStatus":"APPROVED","contentCodes":"HMP","managementResponses":[],"ratingOverall":5,"langId":"1033","userNickname":"Chef Aaron ","brandType":"Expedia","title":"Amaizng","reviewText":"We will be staying at this hotel on every trip to SF. It was great. Being in the eye of the public it was great to have such a private space and really nice staff. Rooms were great. Compared to the rest of hotels in SF. 5 stars in every aspect..","featured":false,"ratingsOnly":false,"ratingRoomCleanliness":5,"ratingHotelCondition":5,"ratingService":5,"ratingRoomComfort":5,"positiveRemarks":"","negativeRemarks":"","locationRemarks":"","lastInitial":"j","userLocation":"los angeles","reviewSubmissionTime":"2015-08-24T17:52:35Z","reviewerCategories":[{"categoryId":"Everyone","categoryLabel":"Everyone"}],"userDisplayName":"","roomTypeId":"","isUnverified":false,"isFlaggable":false,"isRecommended":"YES"},{"hotelId":"2406","totalPositiveFeedbacks":0,"tpid":"1","eapid":"0","contentLocale":"en_us","totalThanks":0,"photos":[],"reviewId":"55d4e3c1f8422308ec0af970","itinId":"1114255263373","moderationStatus":"APPROVED","contentCodes":"HMP MMD","managementResponses":[],"ratingOverall":1,"langId":"1033","userNickname":"","brandType":"Expedia","title":"San fean","reviewText":"The hotel is very old and there were a lot of homeless begging for money. The hotel parking was valet only and charged $53.00 to park each night. No coffee in the room and the food was terrible.\r\nWould never stay that hotel again","featured":false,"ratingsOnly":false,"ratingRoomCleanliness":2,"ratingHotelCondition":2,"ratingService":3,"ratingRoomComfort":1,"positiveRemarks":"","negativeRemarks":"","locationRemarks":"","lastInitial":"","userLocation":"","reviewSubmissionTime":"2015-08-19T20:14:57Z","reviewerCategories":[{"categoryId":"Everyone","categoryLabel":"Everyone"}],"userDisplayName":"","roomTypeId":"","isUnverified":false,"isFlaggable":false,"isRecommended":"NO"},{"hotelId":"2406","totalPositiveFeedbacks":2,"tpid":"1","eapid":"0","contentLocale":"en_us","totalThanks":2,"photos":[],"reviewId":"55afc7579adbb208dde806c5","itinId":"1100109326770","moderationStatus":"APPROVED","contentCodes":"HMP MMD","managementResponses":[],"ratingOverall":2,"langId":"1033","userNickname":"Erin","brandType":"Expedia","title":"You do not want a room ending in -00!!!","reviewText":"We stayed in room 1100. This room shares a wall with the elevators. You could hear the elevator going up and down ALL NIGHT LONG!!! When we requested to move, they told us there were no rooms available to move and the staff was not helpful. I understand if there really were no rooms available, but they could have doing something besides saying \"Sorry\" and leaving it at that. I was expecting more out of a hotel when you pay that much a night to stay there.","featured":false,"ratingsOnly":false,"ratingRoomCleanliness":3,"ratingHotelCondition":2,"ratingService":2,"ratingRoomComfort":1,"positiveRemarks":"I liked the decor.","negativeRemarks":"Noises from the elevator and friendlier staff.","locationRemarks":"Go Cart tours through the city and biking around the city (both have locations in Union Square.)","lastInitial":"","userLocation":"Houston, TX","reviewSubmissionTime":"2015-07-22T16:39:51Z","reviewerCategories":[{"categoryId":"Everyone","categoryLabel":"Everyone"}],"userDisplayName":"","roomTypeId":200286785,"isUnverified":false,"isFlaggable":false,"isRecommended":"NO"},{"hotelId":"2406","totalPositiveFeedbacks":0,"tpid":"1","eapid":"0","contentLocale":"en_us","totalThanks":0,"photos":[],"reviewId":"55afb3c89be88008e48220b3","itinId":"1111470186917","moderationStatus":"APPROVED","contentCodes":"MMA","managementResponses":[],"ratingOverall":5,"langId":"1033","userNickname":"","brandType":"Expedia","title":"make new friends","reviewText":"Many people stay there for one week or more working in the city, each night at the bar/restaurant it was like seeing family so fun.  People from all over the world there as well.  Bartender Sacred the best.  Food was just really good and fresh","featured":false,"ratingsOnly":false,"ratingRoomCleanliness":5,"ratingHotelCondition":5,"ratingService":5,"ratingRoomComfort":5,"positiveRemarks":"","negativeRemarks":"","locationRemarks":"","lastInitial":"","userLocation":"","reviewSubmissionTime":"2015-07-22T15:16:24Z","reviewerCategories":[{"categoryId":"Everyone","categoryLabel":"Everyone"}],"userDisplayName":"","roomTypeId":200286787,"isUnverified":false,"isFlaggable":false,"isRecommended":"YES"},{"hotelId":"2406","totalPositiveFeedbacks":0,"tpid":"3","eapid":"0","contentLocale":"en_gb","totalThanks":0,"photos":[],"reviewId":"559cb7ff02a9ad08e4378b4b","itinId":"16961030020","moderationStatus":"APPROVED","contentCodes":"NLI HMP MMD","managementResponses":[],"ratingOverall":4,"langId":"2057","userNickname":"","brandType":"Expedia","title":"","reviewText":"Booked a room for four people, only two sets of towels, glasses etc. found a cockroach in room!! Glasses were still dirty and not changed after two days!!","featured":false,"ratingsOnly":false,"ratingRoomCleanliness":2,"ratingHotelCondition":3,"ratingService":4,"ratingRoomComfort":3,"positiveRemarks":"","negativeRemarks":"","locationRemarks":"","lastInitial":"","userLocation":"","reviewSubmissionTime":"2015-07-08T05:41:19Z","reviewerCategories":[{"categoryId":"Everyone","categoryLabel":"Everyone"}],"userDisplayName":"","roomTypeId":200286796,"isUnverified":false,"isFlaggable":false,"isRecommended":"YES"},{"hotelId":"2406","totalPositiveFeedbacks":2,"tpid":"4","eapid":"0","contentLocale":"en_ca","totalThanks":2,"photos":[],"reviewId":"5592b1065ae64109015ae0f9","itinId":"1108343987500","moderationStatus":"APPROVED","contentCodes":"CRMD REMOD NLI HMP MMD","managementResponses":[],"ratingOverall":3,"langId":"4105","userNickname":"Ted","brandType":"Expedia","title":"good location and comfortable","reviewText":"The fan in the bathroom didn't word. Got stuck in a broken elevator.","featured":false,"ratingsOnly":false,"ratingRoomCleanliness":4,"ratingHotelCondition":2,"ratingService":2,"ratingRoomComfort":4,"positiveRemarks":"Location, room size and comfortable beds.","negativeRemarks":"Staff seemed inexperienced.","locationRemarks":"Location is close to great restaurants and shopping.","lastInitial":"K","userLocation":"Vancouver Canada","reviewSubmissionTime":"2015-06-30T15:08:54Z","reviewerCategories":[{"categoryId":"Everyone","categoryLabel":"Everyone"}],"userDisplayName":"","roomTypeId":200286796,"isUnverified":false,"isFlaggable":false,"isRecommended":"YES"}]}}}
