{"reviewDetails":{"startIndex":0,"numberOfReviewsInThisPage":20,"reviewSummaryCollection":{"reviewSummary":[{"hotelId":"3552","totalReviewCnt":1898,"avgOverallRating":4.2613254,"cleanliness":4.46259,"serviceAndStaff":4.4631243,"roomComfort":4.193883,"hotelCondition":4.222866,"convenienceOfLocation":4.7027025,"neighborhoodSatisfaction":4.4189186,"roomQuality":0,"targetedBrand":"Expedia","originSummary":[{"origin":"Expedia","reviewCnt":1898,"recommendedPercent":91.09589,"avgOverallRating":4.2613254,"cleanliness":4.46259,"serviceAndStaff":4.4631243,"roomComfort":4.193883,"hotelCondition":4.222866,"convenienceOfLocation":4.7027025,"neighborhoodSatisfaction":4.4189186,"valueForMoney":0,"roomQuality":0,"categoryCounts":{"Everyone":1160,"Couples":150,"BusinessTravelers":9,"Students":1,"Families":81,"Other":24},"roomTypeIdCounts":{"201140729":97,"35301":213,"264141":167,"159115":38,"200995056":8,"200994678":13,"397":217,"200995242":11,"7220":1,"200995053":74,"280659":1,"200995232":7,"200995239":96,"200995236":3,"200161873":1},"languageCounts":{"en":1898}}],"recommendedPercent":91.09589,"valueForMoney":0,"categoryCounts":{"Everyone":1160,"Couples":150,"BusinessTravelers":9,"Students":1,"Families":81,"Other":24},"roomTypeIdCounts":{"201140729":97,"35301":213,"264141":167,"159115":38,"200995056":8,"200994678":13,"397":217,"200995242":11,"7220":1,"200995053":74,"280659":1,"200995232":7,"200995239":96,"200995236":3,"200161873":1},"languageCounts":{"en":1898},"featuredReview":{}}]},"reviewCollection":{"review":[{"hotelId":"3552","totalPositiveFeedbacks":0,"tpid":"1","eapid":"0","contentLocale":"en_us","totalThanks":0,"photos":[],"reviewId":"57b75711467bef0b43275592","itinId":"1127234338744","moderationStatus":"APPROVED","contentCodes":"","managementResponses":[],"ratingOverall":5,"langId":"1033","userNickname":"Larry","brandType":"Expedia","title":"Great location.  Close to restaurants& shops.","reviewText":"Staff was friendly and extremely friendly.  Nice rooms.  Would definitely go back.","featured":false,"ratingsOnly":false,"ratingRoomCleanliness":4,"ratingHotelCondition":4,"ratingService":5,"ratingRoomComfort":4,"positiveRemarks":"The staff, rooms and location.","negativeRemarks":"Nothing","locationRemarks":"Within minutes of Pier 39 & 41, great restaurants, bus & boat tours, and shopping.","lastInitial":"","userLocation":"Colorado","reviewSubmissionTime":"2016-08-19T18:59:29Z","reviewerCategories":[{"categoryId":"Everyone","categoryLabel":"Everyone"}],"userDisplayName":"","roomTypeId":200995056,"isUnverified":false,"isFlaggable":true,"isRecommended":"YES"},{"hotelId":"3552","totalPositiveFeedbacks":0,"tpid":"1","eapid":"0","contentLocale":"en_us","totalThanks":0,"photos":[],"reviewId":"57af4e6fc855640b053e53fd","itinId":"1142440307685","moderationStatus":"APPROVED","contentCodes":"","managementResponses":[{"userNickname":"Nikki","displayLocale":"en_us","isFlaggable":true,"date":"2016-08-16T17:40:33Z","response":"Hey Traveler-\r\n\r\nThank you for your response.  I am bummer that we did not leave you saying WOW when you left our property.  Cleanliness is of the up most importance to us and you concerns will be addressed immediately.\r\n\r\nWarm Regards,\r\nNikki C.","status":"APPROVED","id":"38a05db4-59fb-4f07-bfc4-e148534ddef9"}],"ratingOverall":3,"langId":"1033","userNickname":"Greg","brandType":"Expedia","title":"Cose to attractions ","reviewText":"All good but bathrooms could be cleaned better- signs od mold allover the bathroom.","featured":false,"ratingsOnly":false,"ratingRoomCleanliness":3,"ratingHotelCondition":3,"ratingService":4,"ratingRoomComfort":3,"positiveRemarks":"Location","negativeRemarks":"Free bottled water ( at lest few for room) ","locationRemarks":"","lastInitial":"K","userLocation":"","reviewSubmissionTime":"2016-08-13T16:44:31Z","reviewerCategories":[{"categoryId":"Families","categoryLabel":"Families"}],"userDisplayName":"","roomTypeId":"","isUnverified":false,"isFlaggable":true,"isRecommended":"YES"},{"hotelId":"3552","totalPositiveFeedbacks":0,"tpid":"30029","eapid":"0","contentLocale":"en_us","totalThanks":0,"photos":[],"reviewId":"57af3bd0e8bed90b3f3d4e1d","itinId":"16932072200","moderationStatus":"APPROVED","contentCodes":"MMA","managementResponses":[{"userNickname":"Nikki","displayLocale":"en_us","isFlaggable":false,"date":"2016-08-16T18:00:08Z","response":"Hey Traveler-\r\n\r\nThank you for the 5 star review! Glad to read your loved our City by the Bay as much as we all do!\r\n\r\nCheers- \r\nNikki C.","status":"APPROVED","id":"aaee0ef2-6018-489a-b991-c8892db636e1"}],"ratingOverall":5,"langId":"1033","userNickname":"","brandType":"Expedia","title":"Close to fishermen's wharf. ","reviewText":"San Francisco has many activities. Great spot to visit. ","featured":false,"ratingsOnly":false,"ratingRoomCleanliness":5,"ratingHotelCondition":5,"ratingService":5,"ratingRoomComfort":5,"positiveRemarks":"","negativeRemarks":"","locationRemarks":"","lastInitial":"","userLocation":"","reviewSubmissionTime":"2016-08-13T15:25:04Z","reviewerCategories":[{"categoryId":"Everyone","categoryLabel":"Everyone"}],"userDisplayName":"","roomTypeId":201140729,"isUnverified":false,"isFlaggable":false,"isRecommended":"YES"},{"hotelId":"3552","totalPositiveFeedbacks":0,"tpid":"1","eapid":"0","contentLocale":"en_us","totalThanks":0,"photos":[],"reviewId":"57ace59c7f7e0d0b048bc0b3","itinId":"1129812926789","moderationStatus":"APPROVED","contentCodes":"","managementResponses":[{"userNickname":"Nikki","displayLocale":"en_us","isFlaggable":true,"date":"2016-08-16T17:44:01Z","response":"Hey Jeff-\r\n\r\nThank you for the great 5 star review!  We are delighted that you enjoyed the location of our hotel and some of our great amenities. See you next time you are in San Francisco.\r\n\r\nCheers-\r\nNikki C.","status":"APPROVED","id":"0f34d68b-7693-4b6a-a1d8-b27011cd711a"}],"ratingOverall":5,"langId":"1033","userNickname":"Jeff","brandType":"Expedia","title":"One of the better hotels in this area.  ","reviewText":"One of the better hotels in this area.  Close walk to all Warf locations and City tour office","featured":false,"ratingsOnly":false,"ratingRoomCleanliness":5,"ratingHotelCondition":4,"ratingService":5,"ratingRoomComfort":5,"positiveRemarks":"Close to all the San Francisco action areas.  Parking ramp across the street for self park at a lower rate. Free coffee, no breakfast. Restaurant ","negativeRemarks":"","locationRemarks":"Fishermans warf and easy walk. Walk to tour bus at City Tours","lastInitial":"","userLocation":"Michigan","reviewSubmissionTime":"2016-08-11T20:52:44Z","reviewerCategories":[{"categoryId":"Families","categoryLabel":"Families"}],"userDisplayName":"","roomTypeId":201140729,"isUnverified":false,"isFlaggable":true,"isRecommended":"YES"},{"hotelId":"3552","totalPositiveFeedbacks":0,"tpid":"1","eapid":"0","contentLocale":"en_us","totalThanks":0,"photos":[],"reviewId":"57a92d1fc01ada0b06914485","itinId":"1133931079963","moderationStatus":"APPROVED","contentCodes":"","managementResponses":[{"userNickname":"Nikki","displayLocale":"en_us","isFlaggable":true,"date":"2016-08-16T17:46:54Z","response":"Hey Traveler,\r\n\r\nThank you for the great 5 star review!  I may be biased but I think our staff is amazing also, I am so glad they took such great care of you.  We look forward to having you back next time you are in San Francisco.\r\n\r\nCheers-\r\nNikki C.","status":"APPROVED","id":"f3e1dc73-0382-4287-9584-952b2dfa2221"}],"ratingOverall":5,"langId":"1033","userNickname":"Julian","brandType":"Expedia","title":"Perfect location, friendly staff","reviewText":"The hotel is in the center of many attractions. We only used the car we rented one time. The staff was extremely helpful and friendly and the room service was always on time too. Would definitely visit again. ","featured":false,"ratingsOnly":false,"ratingRoomCleanliness":5,"ratingHotelCondition":5,"ratingService":5,"ratingRoomComfort":5,"positiveRemarks":"","negativeRemarks":"","locationRemarks":"","lastInitial":"","userLocation":"AZ","reviewSubmissionTime":"2016-08-09T01:08:47Z","reviewerCategories":[{"categoryId":"Everyone","categoryLabel":"Everyone"}],"userDisplayName":"","roomTypeId":200995239,"isUnverified":false,"isFlaggable":true,"isRecommended":"YES"},{"hotelId":"3552","totalPositiveFeedbacks":0,"tpid":"1","eapid":"0","contentLocale":"en_us","totalThanks":0,"photos":[],"reviewId":"57a5be717b42f40b281e2022","itinId":"1141004099197","moderationStatus":"APPROVED","contentCodes":"","managementResponses":[{"userNickname":"Nikki","displayLocale":"en_us","isFlaggable":true,"date":"2016-08-16T17:50:14Z","response":"Hey Deano-\r\n\r\nThank you for the great 5 star review!  I am going to have to agree with you our staff and location are best in class!  We hope to see you again next time you are in San Francisco.\r\n\r\nCheers-\r\nNikki C.","status":"APPROVED","id":"ae4d0326-120d-4e6c-961c-71409daa8752"}],"ratingOverall":5,"langId":"1033","userNickname":"Deano","brandType":"Expedia","title":"Excellent experience. Highly recommend!!!","reviewText":"Super close to wharf and hotel and staff were excellent. Would visit hotel again.","featured":false,"ratingsOnly":false,"ratingRoomCleanliness":5,"ratingHotelCondition":5,"ratingService":5,"ratingRoomComfort":5,"positiveRemarks":"","negativeRemarks":"","locationRemarks":"","lastInitial":"","userLocation":"","reviewSubmissionTime":"2016-08-06T10:39:45Z","reviewerCategories":[{"categoryId":"Everyone","categoryLabel":"Everyone"}],"userDisplayName":"","roomTypeId":200995053,"isUnverified":false,"isFlaggable":true,"isRecommended":"YES"},{"hotelId":"3552","totalPositiveFeedbacks":0,"tpid":"3","eapid":"0","contentLocale":"en_gb","totalThanks":0,"photos":[],"reviewId":"57a5030f849f110b2833a7db","itinId":"111695752457","moderationStatus":"APPROVED","contentCodes":"","managementResponses":[{"userNickname":"Nikki","displayLocale":"en_us","isFlaggable":true,"date":"2016-08-16T17:59:24Z","response":"Hey Traveler-\r\n\r\nThank you for the great review.  It's great to read that all in all you had a wonderful experience.  We are so incredibly lucky to have Ed on our team he is a Rockstar.  Thank you for letting us know you had wifi issues we will be sure to bring this information to our IT department so we can address it.  We look forward to seeing you next time you are in town.\r\n\r\nCheers-\r\nNikki","status":"APPROVED","id":"3c48c12a-13ef-4333-ae11-59ecbeb089a1"}],"ratingOverall":4,"langId":"2057","userNickname":"","brandType":"Expedia","title":"Clean, comfortable, good location.","reviewText":"We arrived at the hotel to be greeted by Ed, who was the friendliest receptionist we encountered during stays at eight hotels while on a road trip from Seattle to San Francisco. The hotel, which is just a couple of blocks away from Pier 39, is nice and our room was clean, bright and comfortable. All the staff we had dealings with were pleasant and friendly. I might have awarded it a five if the wifi hadn't been rubbish, though I wouldn't let that put me off staying here again.","featured":false,"ratingsOnly":false,"ratingRoomCleanliness":5,"ratingHotelCondition":4,"ratingService":5,"ratingRoomComfort":5,"positiveRemarks":"Clean, comfortable, great location, friendly staff.","negativeRemarks":"Sort out the wifi, guys.","locationRemarks":"Restaurants, shops and attractions close by. Just along the road from the cable car stop.","lastInitial":"","userLocation":"","reviewSubmissionTime":"2016-08-05T21:20:15Z","reviewerCategories":[{"categoryId":"Everyone","categoryLabel":"Everyone"}],"userDisplayName":"","roomTypeId":201140729,"isUnverified":false,"isFlaggable":true,"isRecommended":"YES"},{"hotelId":"3552","totalPositiveFeedbacks":0,"tpid":"4","eapid":"0","contentLocale":"en_ca","totalThanks":0,"photos":[],"reviewId":"57a129faa5437e0b28a77db4","itinId":"1141528697093","moderationStatus":"APPROVED","contentCodes":"","managementResponses":[{"userNickname":"Nikki","displayLocale":"en_us","isFlaggable":true,"date":"2016-08-16T18:02:43Z","response":"Hey Traveler-\r\n\r\nSounds like you had a mediocre experience, our goal is always to leave our guests saying 'WOW' we are bummed that, that was not the case.  We hope you will give us another try next time you visit San Francisco.\r\n\r\nCheers-\r\nNikki C","status":"APPROVED","id":"1869badd-6352-42f4-86bc-963be739c17a"}],"ratingOverall":4,"langId":"4105","userNickname":"","brandType":"Expedia","title":"","reviewText":"Checkin was okay. Room was okay. Location was great. Price was okay. ","featured":false,"ratingsOnly":false,"ratingRoomCleanliness":4,"ratingHotelCondition":3,"ratingService":3,"ratingRoomComfort":4,"positiveRemarks":"","negativeRemarks":"","locationRemarks":"","lastInitial":"","userLocation":"","reviewSubmissionTime":"2016-08-02T23:17:14Z","reviewerCategories":[{"categoryId":"Everyone","categoryLabel":"Everyone"}],"userDisplayName":"","roomTypeId":200995053,"isUnverified":false,"isFlaggable":true,"isRecommended":"YES"},{"hotelId":"3552","totalPositiveFeedbacks":0,"tpid":"1","eapid":"0","contentLocale":"en_us","totalThanks":0,"photos":[],"reviewId":"579f5177a5437e0b2866384e","itinId":"1135192428533","moderationStatus":"APPROVED","contentCodes":"","managementResponses":[{"userNickname":"Nikki","displayLocale":"en_us","isFlaggable":true,"date":"2016-08-16T18:05:09Z","response":"Hey traveler-\r\nThank you for the great 5 star review!  We are glad you found our location convenient to your needs and that you enjoyed some of San Francisco's natural beauty.\r\n\r\nSee you next time!\r\nCheers-\r\nNikki C.","status":"APPROVED","id":"67456bc9-4116-4a79-a00b-38bc6e2ec1fa"}],"ratingOverall":5,"langId":"1033","userNickname":"","brandType":"Expedia","title":"Very convenient to all the touristy San Fran stuff","reviewText":"Great staff and great location. It was close to downtown, the Wharf, running trails and the Golden Gate bridge. ","featured":false,"ratingsOnly":false,"ratingRoomCleanliness":5,"ratingHotelCondition":5,"ratingService":5,"ratingRoomComfort":5,"positiveRemarks":"","negativeRemarks":"","locationRemarks":"","lastInitial":"","userLocation":"","reviewSubmissionTime":"2016-08-01T13:41:11Z","reviewerCategories":[{"categoryId":"Everyone","categoryLabel":"Everyone"}],"userDisplayName":"","roomTypeId":201140729,"isUnverified":false,"isFlaggable":true,"isRecommended":"YES"},{"hotelId":"3552","totalPositiveFeedbacks":0,"tpid":"30029","eapid":"0","contentLocale":"en_us","totalThanks":0,"photos":[],"reviewId":"57979cee331f6e0b2850ccac","itinId":"14951372530","moderationStatus":"APPROVED","contentCodes":"MMA","managementResponses":[],"ratingOverall":5,"langId":"1033","userNickname":"rebecca","brandType":"Expedia","title":"","reviewText":"Waling distance to fisherman's warf. Great restaurant, great service. Pleasant, friendly staff. Room was clean and roomy enough. View of the ships from our window. I would stay here again. ","featured":false,"ratingsOnly":false,"ratingRoomCleanliness":5,"ratingHotelCondition":4,"ratingService":5,"ratingRoomComfort":5,"positiveRemarks":"","negativeRemarks":"","locationRemarks":"","lastInitial":"","userLocation":"mpls., minnesots","reviewSubmissionTime":"2016-07-26T17:25:02Z","reviewerCategories":[{"categoryId":"Everyone","categoryLabel":"Everyone"}],"userDisplayName":"","roomTypeId":201140729,"isUnverified":false,"isFlaggable":false,"isRecommended":"YES"},{"hotelId":"3552","totalPositiveFeedbacks":0,"tpid":"1","eapid":"0","contentLocale":"en_us","totalThanks":0,"photos":[],"reviewId":"57976cddc3c1f80b284ee94b","itinId":"1141045864446","moderationStatus":"APPROVED","contentCodes":"","managementResponses":[],"ratingOverall":3,"langId":"1033","userNickname":"","brandType":"Expedia","title":"Close to Fisherman's Warf. ","reviewText":"What is nice about this hotel is it is close to Fisherman's Warf, and we didn't really need a hotel.","featured":false,"ratingsOnly":false,"ratingRoomCleanliness":4,"ratingHotelCondition":3,"ratingService":4,"ratingRoomComfort":3,"positiveRemarks":"","negativeRemarks":"","locationRemarks":"","lastInitial":"","userLocation":"","reviewSubmissionTime":"2016-07-26T13:59:57Z","reviewerCategories":[{"categoryId":"Students","categoryLabel":"Students"}],"userDisplayName":"","roomTypeId":"","isUnverified":false,"isFlaggable":true,"isRecommended":"YES"},{"hotelId":"3552","totalPositiveFeedbacks":0,"tpid":"1","eapid":"0","contentLocale":"en_us","totalThanks":0,"photos":[],"reviewId":"5796984018db790b28a72d2e","itinId":"1139284544269","moderationStatus":"APPROVED","contentCodes":"","managementResponses":[],"ratingOverall":3,"langId":"1033","userNickname":"","brandType":"Expedia","title":"Mother and daughter birthday celebration","reviewText":"Just a few things to tweak would make it a great place, for the price ","featured":false,"ratingsOnly":false,"ratingRoomCleanliness":5,"ratingHotelCondition":1,"ratingService":3,"ratingRoomComfort":5,"positiveRemarks":"Good bedding, linens and towels.  Close to the Wharf.  3rd floor was quiet, for a hotel. Nice bar.","negativeRemarks":"Don't run credit card (pended status), with projected costs outside the stated charges, on arrival.  Keep at LEAST one elevator running at all times.","locationRemarks":"Everything is available from this location.","lastInitial":"","userLocation":"","reviewSubmissionTime":"2016-07-25T22:52:48Z","reviewerCategories":[{"categoryId":"Everyone","categoryLabel":"Everyone"}],"userDisplayName":"","roomTypeId":200995239,"isUnverified":false,"isFlaggable":true,"isRecommended":"YES"},{"hotelId":"3552","totalPositiveFeedbacks":0,"tpid":"1","eapid":"0","contentLocale":"en_us","totalThanks":0,"photos":[],"reviewId":"5794f370d29e300b28aa72a0","itinId":"1140642705532","moderationStatus":"APPROVED","contentCodes":"","managementResponses":[],"ratingOverall":4,"langId":"1033","userNickname":"Yvo","brandType":"Expedia","title":"Great Location! Great Staff! ","reviewText":"We were greeted by Anthony who gave us excellent Customer Service and he was hilarious, made us feel like we were his priority. Loved that it was walking distance to a lot of what we wanted to do. The only negative was that our window faced a wall that was orange, which my husband pointed out was my favorite color, so there was definitely a positive in that negative.  LOL!","featured":false,"ratingsOnly":false,"ratingRoomCleanliness":5,"ratingHotelCondition":4,"ratingService":5,"ratingRoomComfort":4,"positiveRemarks":"","negativeRemarks":"","locationRemarks":"","lastInitial":"B","userLocation":"Roseville, CA","reviewSubmissionTime":"2016-07-24T16:57:20Z","reviewerCategories":[{"categoryId":"Everyone","categoryLabel":"Everyone"}],"userDisplayName":"","roomTypeId":200995053,"isUnverified":false,"isFlaggable":true,"isRecommended":"YES"},{"hotelId":"3552","totalPositiveFeedbacks":0,"tpid":"1","eapid":"0","contentLocale":"en_us","totalThanks":0,"photos":[],"reviewId":"579258e2bff7f60b2f2be68f","itinId":"1136182312219","moderationStatus":"APPROVED","contentCodes":"","managementResponses":[],"ratingOverall":5,"langId":"1033","userNickname":"","brandType":"Expedia","title":"Very nice great service and close to restaurants ","reviewText":"We loved the hotel and the location. It's near lots of restaurants and attractions. ","featured":false,"ratingsOnly":false,"ratingRoomCleanliness":5,"ratingHotelCondition":5,"ratingService":5,"ratingRoomComfort":5,"positiveRemarks":"","negativeRemarks":"","locationRemarks":"","lastInitial":"","userLocation":"","reviewSubmissionTime":"2016-07-22T17:33:22Z","reviewerCategories":[{"categoryId":"Everyone","categoryLabel":"Everyone"}],"userDisplayName":"","roomTypeId":200995239,"isUnverified":false,"isFlaggable":true,"isRecommended":"YES"},{"hotelId":"3552","totalPositiveFeedbacks":0,"tpid":"1","eapid":"0","contentLocale":"en_us","totalThanks":0,"photos":[],"reviewId":"578ba6490bd7ad0b2795f2b8","itinId":"1137941081140","moderationStatus":"APPROVED","contentCodes":"","managementResponses":[],"ratingOverall":5,"langId":"1033","userNickname":"Rick","brandType":"Expedia","title":"You should stay here.","reviewText":"Awesome location, super comfortable if small room, helpful concierge, opportune outdoor seating & pool.  Did I mention the great location?","featured":false,"ratingsOnly":false,"ratingRoomCleanliness":5,"ratingHotelCondition":5,"ratingService":5,"ratingRoomComfort":5,"positiveRemarks":"Small room but very well appointed including fridge.  Comfortable bed & bath.","negativeRemarks":"In room coffee -- 1 pack -- really?  1 of 2 elevators in our area was broken; ever a problem but I could foresee an issue. A bit expensive.","locationRemarks":"Easy walk to most things in SF.  2 blocks from water -- just enough to insulate from the noise at night.","lastInitial":"","userLocation":"PA","reviewSubmissionTime":"2016-07-17T15:37:45Z","reviewerCategories":[{"categoryId":"Everyone","categoryLabel":"Everyone"}],"userDisplayName":"","roomTypeId":200995053,"isUnverified":false,"isFlaggable":true,"isRecommended":"YES"},{"hotelId":"3552","totalPositiveFeedbacks":0,"tpid":"1","eapid":"0","contentLocale":"en_us","totalThanks":0,"photos":[],"reviewId":"578ac2496710090b27065a92","itinId":"1131059845794","moderationStatus":"APPROVED","contentCodes":"","managementResponses":[],"ratingOverall":3,"langId":"1033","userNickname":"Linda","brandType":"Expedia","title":"nice hotel ","reviewText":"Room was clean but small. Great location  - close to wharf and dining.  Helpful staff. Wifi was weak. Restaurant had great food. \r\n","featured":false,"ratingsOnly":false,"ratingRoomCleanliness":4,"ratingHotelCondition":3,"ratingService":4,"ratingRoomComfort":3,"positiveRemarks":"Location","negativeRemarks":"Wifi ","locationRemarks":"Fisherman  wharf. Pier 39. Close to tour pickups. ","lastInitial":"R","userLocation":"lake Zurich, illinois","reviewSubmissionTime":"2016-07-16T23:24:57Z","reviewerCategories":[{"categoryId":"Couples","categoryLabel":"Couples"}],"userDisplayName":"","roomTypeId":201140729,"isUnverified":false,"isFlaggable":true,"isRecommended":"YES"},{"hotelId":"3552","totalPositiveFeedbacks":0,"tpid":"1","eapid":"0","contentLocale":"en_us","totalThanks":0,"photos":[],"reviewId":"5788fd270cb5d70b29f08b01","itinId":"1132541110325","moderationStatus":"APPROVED","contentCodes":"","managementResponses":[],"ratingOverall":5,"langId":"1033","userNickname":"","brandType":"Expedia","title":"Convirnent","reviewText":"Good and close to all!. We enjoyed \r\nhaving breakfast at two different \r\nlocations with in walking distance!","featured":false,"ratingsOnly":false,"ratingRoomCleanliness":5,"ratingHotelCondition":4,"ratingService":5,"ratingRoomComfort":4,"positiveRemarks":"","negativeRemarks":"","locationRemarks":"","lastInitial":"","userLocation":"","reviewSubmissionTime":"2016-07-15T15:11:35Z","reviewerCategories":[{"categoryId":"Everyone","categoryLabel":"Everyone"}],"userDisplayName":"","roomTypeId":201140729,"isUnverified":false,"isFlaggable":true,"isRecommended":"YES"},{"hotelId":"3552","totalPositiveFeedbacks":0,"tpid":"1","eapid":"0","contentLocale":"en_us","totalThanks":0,"photos":[],"reviewId":"5786a8d686a89c0b4804f0d6","itinId":"1135312733322","moderationStatus":"APPROVED","contentCodes":"","managementResponses":[],"ratingOverall":5,"langId":"1033","userNickname":"K.Jones","brandType":"Expedia","title":"Nice hotel and centrally located","reviewText":"We were very pleased with our accommodations and will definitely stay here again. The hotel room was extremely clean and this is very important to me. The hotel stuff was wonderful and very helpful. We had a really great experience and would definitely stay there again.","featured":false,"ratingsOnly":false,"ratingRoomCleanliness":5,"ratingHotelCondition":5,"ratingService":5,"ratingRoomComfort":5,"positiveRemarks":"","negativeRemarks":"","locationRemarks":"","lastInitial":"","userLocation":"DFW","reviewSubmissionTime":"2016-07-13T20:47:18Z","reviewerCategories":[{"categoryId":"Everyone","categoryLabel":"Everyone"}],"userDisplayName":"","roomTypeId":200995053,"isUnverified":false,"isFlaggable":true,"isRecommended":"YES"},{"hotelId":"3552","totalPositiveFeedbacks":0,"tpid":"1","eapid":"0","contentLocale":"en_us","totalThanks":0,"photos":[],"reviewId":"57864f6723b4170b49131c00","itinId":"1134678040930","moderationStatus":"APPROVED","contentCodes":"MMA","managementResponses":[],"ratingOverall":4,"langId":"1033","userNickname":"Mary","brandType":"Expedia","title":"Good location ","reviewText":"Right at Fishermans Wharf. Hotel is older and dated. Rooms are pretty beaten up. Common area are dated. Taken a lot of wear and tear with little improvements in recent times. ","featured":false,"ratingsOnly":false,"ratingRoomCleanliness":2,"ratingHotelCondition":2,"ratingService":3,"ratingRoomComfort":3,"positiveRemarks":"","negativeRemarks":"","locationRemarks":"","lastInitial":"","userLocation":"Houston","reviewSubmissionTime":"2016-07-13T14:25:43Z","reviewerCategories":[{"categoryId":"Everyone","categoryLabel":"Everyone"}],"userDisplayName":"","roomTypeId":201140729,"isUnverified":false,"isFlaggable":false,"isRecommended":"YES"},{"hotelId":"3552","totalPositiveFeedbacks":0,"tpid":"1","eapid":"0","contentLocale":"en_us","totalThanks":0,"photos":[],"reviewId":"578620669395710b495640d3","itinId":"1135020416098","moderationStatus":"APPROVED","contentCodes":"","managementResponses":[],"ratingOverall":5,"langId":"1033","userNickname":"DC","brandType":"Expedia","title":"Great location ","reviewText":"Great hotel, close and neatly situated. Convenient too.","featured":false,"ratingsOnly":false,"ratingRoomCleanliness":5,"ratingHotelCondition":5,"ratingService":4,"ratingRoomComfort":5,"positiveRemarks":"","negativeRemarks":"","locationRemarks":"","lastInitial":"","userLocation":"Hawaii","reviewSubmissionTime":"2016-07-13T11:05:10Z","reviewerCategories":[{"categoryId":"Everyone","categoryLabel":"Everyone"}],"userDisplayName":"","roomTypeId":200995053,"isUnverified":false,"isFlaggable":true,"isRecommended":"YES"}]}}}
