{"reviewDetails":{"startIndex":0,"numberOfReviewsInThisPage":20,"reviewSummaryCollection":{"reviewSummary":[{"hotelId":"910225","totalReviewCnt":122,"avgOverallRating":3.2213113,"cleanliness":3.4262295,"serviceAndStaff":3.6885245,"roomComfort":3.2868853,"hotelCondition":3.0573769,"convenienceOfLocation":0,"neighborhoodSatisfaction":0,"roomQuality":0,"targetedBrand":"Expedia","originSummary":[{"origin":"Expedia","reviewCnt":122,"recommendedPercent":71.31148,"avgOverallRating":3.2213113,"cleanliness":3.4262295,"serviceAndStaff":3.6885245,"roomComfort":3.2868853,"hotelCondition":3.0573769,"convenienceOfLocation":0,"neighborhoodSatisfaction":0,"valueForMoney":0,"roomQuality":0,"categoryCounts":{"Everyone":115,"Couples":2,"Students":3,"Families":1,"Other":1},"roomTypeIdCounts":{"200384673":37,"200442498":4,"200384677":22,"114314":4,"200435884":3,"125311":3,"200384670":9,"200115522":2},"languageCounts":{"en":122}}],"recommendedPercent":71.31148,"valueForMoney":0,"categoryCounts":{"Everyone":115,"Couples":2,"Students":3,"Families":1,"Other":1},"roomTypeIdCounts":{"200384673":37,"200442498":4,"200384677":22,"114314":4,"200435884":3,"125311":3,"200384670":9,"200115522":2},"languageCounts":{"en":122},"featuredReview":{}}]},"reviewCollection":{"review":[{"hotelId":"910225","totalPositiveFeedbacks":0,"tpid":"1","eapid":"0","contentLocale":"en_us","totalThanks":0,"photos":[],"reviewId":"564f46971c5a0d09683149ec","itinId":"1121354624692","moderationStatus":"APPROVED","contentCodes":"MMA","managementResponses":[],"ratingOverall":2,"langId":"1033","userNickname":"","brandType":"Expedia","title":"","reviewText":"Room was small and there is only parking for 1/3 of the rooms. The bathroom was tiny and dirty. The only plus was the location.","featured":false,"ratingsOnly":false,"ratingRoomCleanliness":1,"ratingHotelCondition":2,"ratingService":3,"ratingRoomComfort":2,"positiveRemarks":"","negativeRemarks":"","locationRemarks":"","lastInitial":"d","userLocation":"","reviewSubmissionTime":"2015-11-20T16:13:11Z","reviewerCategories":[{"categoryId":"Everyone","categoryLabel":"Everyone"}],"userDisplayName":"","roomTypeId":200384673,"isUnverified":false,"isFlaggable":false,"isRecommended":"NO"},{"hotelId":"910225","totalPositiveFeedbacks":0,"tpid":"1","eapid":"0","contentLocale":"en_us","totalThanks":0,"photos":[],"reviewId":"564ca388e1f50c0968f070b2","itinId":"1118971597826","moderationStatus":"APPROVED","contentCodes":"HMP MMD","managementResponses":[],"ratingOverall":1,"langId":"1033","userNickname":"","brandType":"Expedia","title":"don't stay here","reviewText":"We were booked for 3 nights and checked out after 1 night. They charge your credit card $50 for breakage--as soon as I removed a towel from the rack it fell down. I hope I don't get charged. Could not dry yourself on the thinnest towels ever. No coffee at breakfast--the machine was broken--could get hot water.  The best thing was it did have parking--which is difficult to do in S.F\r\n  We thought if we had a 'name brand' hotel it would be decent.  NOT","featured":false,"ratingsOnly":false,"ratingRoomCleanliness":3,"ratingHotelCondition":1,"ratingService":4,"ratingRoomComfort":1,"positiveRemarks":"Parking","negativeRemarks":"Better towels, cleaner, coffee at breakfast; cheaper price considering what we got\r\nDo not charge credit cards $50 IN CASE there is breakage.","locationRemarks":"","lastInitial":"","userLocation":"","reviewSubmissionTime":"2015-11-18T16:12:56Z","reviewerCategories":[{"categoryId":"Everyone","categoryLabel":"Everyone"}],"userDisplayName":"","roomTypeId":200384677,"isUnverified":false,"isFlaggable":false,"isRecommended":"NO"},{"hotelId":"910225","totalPositiveFeedbacks":0,"tpid":"1","eapid":"0","contentLocale":"en_us","totalThanks":0,"photos":[],"reviewId":"563161095e8a2e094aedde1d","itinId":"1117620748898","moderationStatus":"APPROVED","contentCodes":"","managementResponses":[],"ratingOverall":3,"langId":"1033","userNickname":"Meg","brandType":"Expedia","title":"Good location","reviewText":"Stayed for a quick overnight trip to see a concert in the City.  ","featured":false,"ratingsOnly":false,"ratingRoomCleanliness":3,"ratingHotelCondition":2,"ratingService":4,"ratingRoomComfort":3,"positiveRemarks":"Microwave and mini fridge in the room, which is always a plus!","negativeRemarks":"Rooms were very small and the only ice machine is on the third floor. The parking was extremely tight as well, I was expecting some door dings. ","locationRemarks":"Location was great, not far from the Golden Gate bridge to get to Marin and Sausalito and just a short Uber ride to downtown. Safe Neighborhood.","lastInitial":"","userLocation":"Campbell, CA","reviewSubmissionTime":"2015-10-28T23:58:01Z","reviewerCategories":[{"categoryId":"Everyone","categoryLabel":"Everyone"}],"userDisplayName":"","roomTypeId":200384673,"isUnverified":false,"isFlaggable":true,"isRecommended":"YES"},{"hotelId":"910225","totalPositiveFeedbacks":0,"tpid":"1","eapid":"0","contentLocale":"en_us","totalThanks":0,"photos":[],"reviewId":"562b94ca8b437d094921e817","itinId":"1113129103936","moderationStatus":"APPROVED","contentCodes":"NLI HMP MMD","managementResponses":[],"ratingOverall":3,"langId":"1033","userNickname":"","brandType":"Expedia","title":"Not the worst cheap hotel I've stayed at in SF","reviewText":"We were in town for the Nike Women's Half Marathon and on a tight budget. I couldn't see spending $500 for a room so we stayed here. Carpet was nasty and my son found dirty underwear under the dresser. We had a handycap shower and the bathroom had a mold problem where shower water leaked out. Parking is tight and there aren't enough spaces for all rooms but there is ample public parking just around the corner so that wasn't a big deal. We spent less than 8 hours in the room and it was close to the race finish line so it worked for us. I'm not sure I'd stay a week there, but a weekend would be fine.","featured":false,"ratingsOnly":false,"ratingRoomCleanliness":2,"ratingHotelCondition":3,"ratingService":5,"ratingRoomComfort":4,"positiveRemarks":"","negativeRemarks":"","locationRemarks":"","lastInitial":"","userLocation":"","reviewSubmissionTime":"2015-10-24T14:25:14Z","reviewerCategories":[{"categoryId":"Everyone","categoryLabel":"Everyone"}],"userDisplayName":"","roomTypeId":200384677,"isUnverified":false,"isFlaggable":false,"isRecommended":"YES"},{"hotelId":"910225","totalPositiveFeedbacks":0,"tpid":"1","eapid":"0","contentLocale":"en_us","totalThanks":0,"photos":[],"reviewId":"561fcc1e7df4ae0949f78796","itinId":"1104369259991","moderationStatus":"APPROVED","contentCodes":"NLI HMP MMD","managementResponses":[],"ratingOverall":1,"langId":"1033","userNickname":"","brandType":"Expedia","title":"","reviewText":"after checking in, we went to room to find beds not yet made and bathroom not yet cleaned, had to go to front desk who had to search for housekeeping to finish the room. sheets were never changed during a one week stay. had to go to front desk 5 out of 7 days to get towels, toilet paper and coffee replenished. bathroom walls were moldy above shower tiles","featured":false,"ratingsOnly":false,"ratingRoomCleanliness":1,"ratingHotelCondition":1,"ratingService":1,"ratingRoomComfort":1,"positiveRemarks":"","negativeRemarks":"see above","locationRemarks":"","lastInitial":"","userLocation":"","reviewSubmissionTime":"2015-10-15T15:54:06Z","reviewerCategories":[{"categoryId":"Everyone","categoryLabel":"Everyone"}],"userDisplayName":"","roomTypeId":200384673,"isUnverified":false,"isFlaggable":false,"isRecommended":"NO"},{"hotelId":"910225","totalPositiveFeedbacks":1,"tpid":"1","eapid":"0","contentLocale":"en_us","totalThanks":1,"photos":[],"reviewId":"56168ed194765b094a09d326","itinId":"1113789882434","moderationStatus":"APPROVED","contentCodes":"PD HMP MMD","managementResponses":[],"ratingOverall":1,"langId":"1033","userNickname":"","brandType":"Expedia","title":"False advertising: Free parking not available","reviewText":"One of the reasons I booked this hotel is that it advertised free parking on site. Parking is a premium in san Francisco. We were planning to drive my husbands big truck so having a parking space available was a big plus. We came back from the wedding we attended in San Francisco late on Saturday night, dressed to the nines, and there was no parking available at our hotel. when we addressed with the clerk, we were advised that parking was not guaranteed, it was first come first served and we would have to go find parking elsewhere. Needless to say after tromping up and down the SF streets late at night in high heels looking for a safe spot to park where we would not be towed away does not rank on the top of my list of things to do in SF. \r\nsadly when I addressed this with the hotel management and their parent chain, I was completely ignored! I DONT RECOMMEND BOOKING AT THIS LOCATION AT ALL AS YOU CANNOT TRUST WHAT YOU ARE PROMISED. thx donna","featured":false,"ratingsOnly":false,"ratingRoomCleanliness":3,"ratingHotelCondition":3,"ratingService":1,"ratingRoomComfort":3,"positiveRemarks":"location, in good repair for decent price","negativeRemarks":"The hotel should not only deliver what it promises but should stand behind those promises when something goes wrong. ","locationRemarks":"","lastInitial":"","userLocation":"","reviewSubmissionTime":"2015-10-08T15:42:09Z","reviewerCategories":[{"categoryId":"Everyone","categoryLabel":"Everyone"}],"userDisplayName":"","roomTypeId":200384673,"isUnverified":false,"isFlaggable":false,"isRecommended":"NO"},{"hotelId":"910225","totalPositiveFeedbacks":0,"tpid":"18","eapid":"0","contentLocale":"en_hk","totalThanks":0,"photos":[],"reviewId":"5611c7dcceecd0094af24d58","itinId":"118726757146","moderationStatus":"APPROVED","contentCodes":"HMP MMD","managementResponses":[],"ratingOverall":4,"langId":"2057","userNickname":"","brandType":"Expedia","title":"Good location","reviewText":"Limited parking space so need to park around the corner.  Good location not far from town.","featured":false,"ratingsOnly":false,"ratingRoomCleanliness":4,"ratingHotelCondition":4,"ratingService":4,"ratingRoomComfort":4,"positiveRemarks":"","negativeRemarks":"","locationRemarks":"","lastInitial":"","userLocation":"","reviewSubmissionTime":"2015-10-05T00:44:12Z","reviewerCategories":[{"categoryId":"Everyone","categoryLabel":"Everyone"}],"userDisplayName":"","roomTypeId":200384670,"isUnverified":false,"isFlaggable":false,"isRecommended":"YES"},{"hotelId":"910225","totalPositiveFeedbacks":1,"tpid":"1","eapid":"0","contentLocale":"en_us","totalThanks":1,"photos":[],"reviewId":"56038e9a360fd908f0f3e260","itinId":"1113593117474","moderationStatus":"APPROVED","contentCodes":"MMA","managementResponses":[],"ratingOverall":2,"langId":"1033","userNickname":"","brandType":"Expedia","title":"Don't stay here!","reviewText":"No one was at the front desk for us to check in for 30 minutes. Rooms stunk and everything was shabby. ","featured":false,"ratingsOnly":false,"ratingRoomCleanliness":2,"ratingHotelCondition":2,"ratingService":1,"ratingRoomComfort":1,"positiveRemarks":"","negativeRemarks":"","locationRemarks":"","lastInitial":"","userLocation":"","reviewSubmissionTime":"2015-09-24T05:48:10Z","reviewerCategories":[{"categoryId":"Everyone","categoryLabel":"Everyone"}],"userDisplayName":"","roomTypeId":200384670,"isUnverified":false,"isFlaggable":false,"isRecommended":"NO"},{"hotelId":"910225","totalPositiveFeedbacks":0,"tpid":"1","eapid":"0","contentLocale":"en_us","totalThanks":0,"photos":[],"reviewId":"5601f1e2ae7a1508efe6f5a1","itinId":"1101245325514","moderationStatus":"APPROVED","contentCodes":"","managementResponses":[],"ratingOverall":3,"langId":"1033","userNickname":"single male","brandType":"Expedia","title":"Good bang for ur buck","reviewText":"Good location, many restaurants and bars 1 block over..about 1 mile from the ocean and walking paths to the GoldenGate  Bridge ","featured":false,"ratingsOnly":false,"ratingRoomCleanliness":2,"ratingHotelCondition":2,"ratingService":3,"ratingRoomComfort":3,"positiveRemarks":"","negativeRemarks":"","locationRemarks":"","lastInitial":"p","userLocation":"chandler, az","reviewSubmissionTime":"2015-09-23T00:27:14Z","reviewerCategories":[{"categoryId":"Everyone","categoryLabel":"Everyone"}],"userDisplayName":"","roomTypeId":200384677,"isUnverified":false,"isFlaggable":true,"isRecommended":"YES"},{"hotelId":"910225","totalPositiveFeedbacks":0,"tpid":"4","eapid":"0","contentLocale":"en_ca","totalThanks":0,"photos":[],"reviewId":"55ff4f5468258c08f0f3d2ad","itinId":"1111540311528","moderationStatus":"APPROVED","contentCodes":"HMP MMD","managementResponses":[],"ratingOverall":2,"langId":"4105","userNickname":"Prat","brandType":"Expedia","title":"Not very far from attractions ","reviewText":"The only good thing about this hotel is closeness to the attractions. The breakfast is terrible. We did not even have the butter for toast. The parking is extremely limited and poorly laid out. Wifi sucks. With the exception of morning staff the other reception personnel did not care about customer service. ","featured":false,"ratingsOnly":false,"ratingRoomCleanliness":2,"ratingHotelCondition":2,"ratingService":2,"ratingRoomComfort":2,"positiveRemarks":"","negativeRemarks":"","locationRemarks":"","lastInitial":"","userLocation":"brampton canada","reviewSubmissionTime":"2015-09-21T00:29:08Z","reviewerCategories":[{"categoryId":"Everyone","categoryLabel":"Everyone"}],"userDisplayName":"","roomTypeId":200384673,"isUnverified":false,"isFlaggable":false,"isRecommended":"NO"},{"hotelId":"910225","totalPositiveFeedbacks":0,"tpid":"1","eapid":"0","contentLocale":"en_us","totalThanks":0,"photos":[],"reviewId":"55fcfea468258c08f05c5dec","itinId":"1105369899284","moderationStatus":"APPROVED","contentCodes":"MMA","managementResponses":[],"ratingOverall":3,"langId":"1033","userNickname":"","brandType":"Expedia","title":"","reviewText":"Was disappointed because there was no hookers down the street","featured":false,"ratingsOnly":false,"ratingRoomCleanliness":4,"ratingHotelCondition":4,"ratingService":5,"ratingRoomComfort":4,"positiveRemarks":"","negativeRemarks":"","locationRemarks":"","lastInitial":"","userLocation":"","reviewSubmissionTime":"2015-09-19T06:20:20Z","reviewerCategories":[{"categoryId":"Everyone","categoryLabel":"Everyone"}],"userDisplayName":"","roomTypeId":200384670,"isUnverified":false,"isFlaggable":false,"isRecommended":"YES"},{"hotelId":"910225","totalPositiveFeedbacks":0,"tpid":"1","eapid":"0","contentLocale":"en_us","totalThanks":0,"photos":[],"reviewId":"55ef425fe1b96108f369f1df","itinId":"1114038404975","moderationStatus":"APPROVED","contentCodes":"","managementResponses":[],"ratingOverall":3,"langId":"1033","userNickname":"","brandType":"Expedia","title":"Good location and clean rooms.","reviewText":"The breakfast situation was disappointing.  Very little milk in the cartoon and it was warm from sitting out.  No half and half for the coffee.  Very good location with surprising number of small restaurants near by.","featured":false,"ratingsOnly":false,"ratingRoomCleanliness":3,"ratingHotelCondition":3,"ratingService":2,"ratingRoomComfort":3,"positiveRemarks":"Location.","negativeRemarks":"Breakfast situation, parking spaces.","locationRemarks":"Good small restaurants close by.","lastInitial":"","userLocation":"","reviewSubmissionTime":"2015-09-08T20:17:35Z","reviewerCategories":[{"categoryId":"Everyone","categoryLabel":"Everyone"}],"userDisplayName":"","roomTypeId":"","isUnverified":false,"isFlaggable":true,"isRecommended":"YES"},{"hotelId":"910225","totalPositiveFeedbacks":0,"tpid":"4","eapid":"0","contentLocale":"en_ca","totalThanks":0,"photos":[],"reviewId":"55e71962fbd74608f063c477","itinId":"1113170435899","moderationStatus":"APPROVED","contentCodes":"MMA","managementResponses":[],"ratingOverall":3,"langId":"4105","userNickname":"Jasmine","brandType":"Expedia","title":"","reviewText":"The hotel is right on Lombard which is a very busy street. A lot big trucks drive by. Very noisy room. Wifi doesn't work either.","featured":false,"ratingsOnly":false,"ratingRoomCleanliness":3,"ratingHotelCondition":3,"ratingService":4,"ratingRoomComfort":2,"positiveRemarks":"","negativeRemarks":"","locationRemarks":"","lastInitial":"","userLocation":"Vancouver, BC","reviewSubmissionTime":"2015-09-02T15:44:34Z","reviewerCategories":[{"categoryId":"Everyone","categoryLabel":"Everyone"}],"userDisplayName":"","roomTypeId":"","isUnverified":false,"isFlaggable":false,"isRecommended":"NO"},{"hotelId":"910225","totalPositiveFeedbacks":0,"tpid":"3","eapid":"0","contentLocale":"en_gb","totalThanks":0,"photos":[],"reviewId":"55e4871bfd64ef08f0d7442f","itinId":"18883660892","moderationStatus":"APPROVED","contentCodes":"","managementResponses":[],"ratingOverall":3,"langId":"2057","userNickname":"","brandType":"Expedia","title":"","reviewText":"Was ideal for our night stay in San Francisco, except the automatic light above the sinks took a while to switch off after we went near them! ","featured":false,"ratingsOnly":false,"ratingRoomCleanliness":3,"ratingHotelCondition":3,"ratingService":2,"ratingRoomComfort":3,"positiveRemarks":"","negativeRemarks":"","locationRemarks":"","lastInitial":"","userLocation":"","reviewSubmissionTime":"2015-08-31T16:55:55Z","reviewerCategories":[{"categoryId":"Everyone","categoryLabel":"Everyone"}],"userDisplayName":"","roomTypeId":"","isUnverified":false,"isFlaggable":true,"isRecommended":"YES"},{"hotelId":"910225","totalPositiveFeedbacks":0,"tpid":"1","eapid":"0","contentLocale":"en_us","totalThanks":0,"photos":[],"reviewId":"55d755158ef33508ecb0e631","itinId":"1114132369376","moderationStatus":"APPROVED","contentCodes":"NLI HMP MMD","managementResponses":[],"ratingOverall":3,"langId":"1033","userNickname":"Sophia","brandType":"Expedia","title":"Not what I expected","reviewText":"We came late at night, our room was not ready. Someone was already in the room they gave us. At midnight, it not funny to wakeup a stranger. Finally, they gave us another room that was kind of small to put a roller bed. The bathroom was full of mildew around the bath and on the ceiling. There was no soap. The staff did'nt try to accomodate us. Except for the location that is excellent, this hotel would not be my first choice fo my next trip to San Francisco.","featured":false,"ratingsOnly":false,"ratingRoomCleanliness":1,"ratingHotelCondition":2,"ratingService":2,"ratingRoomComfort":2,"positiveRemarks":"The location","negativeRemarks":"Cleanliness, to much furniture for such a little space.","locationRemarks":"From that hotel, you can do everithing by walking. We went to the marina, fisherman wharf and to Chinatown.","lastInitial":"","userLocation":"Montreal, Canada","reviewSubmissionTime":"2015-08-21T16:43:01Z","reviewerCategories":[{"categoryId":"Everyone","categoryLabel":"Everyone"}],"userDisplayName":"","roomTypeId":"","isUnverified":false,"isFlaggable":false,"isRecommended":"YES"},{"hotelId":"910225","totalPositiveFeedbacks":0,"tpid":"1","eapid":"0","contentLocale":"en_us","totalThanks":0,"photos":[],"reviewId":"55d335cfdb63fd08ec13a3e7","itinId":"1104428127494","moderationStatus":"APPROVED","contentCodes":"MMA","managementResponses":[],"ratingOverall":2,"langId":"1033","userNickname":"","brandType":"Expedia","title":"","reviewText":"The room was very small.\r\nThere is not enough parking spaces for all guest.\r\nThe prices are too expensive.\r\nBreakfast is below everything we saw in the US.","featured":false,"ratingsOnly":false,"ratingRoomCleanliness":4,"ratingHotelCondition":2,"ratingService":4,"ratingRoomComfort":2,"positiveRemarks":"","negativeRemarks":"","locationRemarks":"","lastInitial":"","userLocation":"","reviewSubmissionTime":"2015-08-18T13:40:31Z","reviewerCategories":[{"categoryId":"Everyone","categoryLabel":"Everyone"}],"userDisplayName":"","roomTypeId":"","isUnverified":false,"isFlaggable":false,"isRecommended":"NO"},{"hotelId":"910225","totalPositiveFeedbacks":0,"tpid":"1","eapid":"0","contentLocale":"en_us","totalThanks":0,"photos":[],"reviewId":"55d1f83f47734908f4340443","itinId":"1112833267036","moderationStatus":"APPROVED","contentCodes":"","managementResponses":[],"ratingOverall":4,"langId":"1033","userNickname":"","brandType":"Expedia","title":"Short stay","reviewText":"Just an overnight stay. Just enough offered for breakfast to say they have one. Day clerk very friendly and helpful. Plenty of eating places within walking distance. Tour bus stops close by.","featured":false,"ratingsOnly":false,"ratingRoomCleanliness":4,"ratingHotelCondition":3,"ratingService":4,"ratingRoomComfort":4,"positiveRemarks":"Liked the location","negativeRemarks":"Offer more for the continental breakfast and clean the room up.","locationRemarks":"","lastInitial":"","userLocation":"","reviewSubmissionTime":"2015-08-17T15:05:35Z","reviewerCategories":[{"categoryId":"Everyone","categoryLabel":"Everyone"}],"userDisplayName":"","roomTypeId":"","isUnverified":false,"isFlaggable":true,"isRecommended":"YES"},{"hotelId":"910225","totalPositiveFeedbacks":0,"tpid":"1","eapid":"0","contentLocale":"en_us","totalThanks":0,"photos":[],"reviewId":"55ce014c8ef33508ec79abaa","itinId":"1112160721683","moderationStatus":"APPROVED","contentCodes":"HMP MMD","managementResponses":[],"ratingOverall":1,"langId":"1033","userNickname":"","brandType":"Expedia","title":"Motel nightmare\r\n","reviewText":"Place is dirty staff ripped us off terrible experience !!! Noisy ","featured":false,"ratingsOnly":false,"ratingRoomCleanliness":1,"ratingHotelCondition":1,"ratingService":1,"ratingRoomComfort":1,"positiveRemarks":"","negativeRemarks":"","locationRemarks":"","lastInitial":"","userLocation":"","reviewSubmissionTime":"2015-08-14T14:55:08Z","reviewerCategories":[{"categoryId":"Everyone","categoryLabel":"Everyone"}],"userDisplayName":"","roomTypeId":"","isUnverified":false,"isFlaggable":false,"isRecommended":"NO"},{"hotelId":"910225","totalPositiveFeedbacks":0,"tpid":"3","eapid":"0","contentLocale":"en_gb","totalThanks":0,"photos":[],"reviewId":"55918c8573c79108f950d342","itinId":"18768481951","moderationStatus":"APPROVED","contentCodes":"HMP MMD","managementResponses":[],"ratingOverall":1,"langId":"2057","userNickname":"","brandType":"Expedia","title":"For value read cheap and below standard","reviewText":"Firstly there are about 14 car parking spaces  - so you will be lucky to park (on street is possible but metered 9-6 or there is a multi-storey car park in Pierce Street beside the hotel with charges of $2 per hour from 9am -10pm and max 2hr parking). The room was very small with no hanging space, the door opened onto the 'desk' with a bang as room was small and although there for two nights only a minimal service was given following the first nights stay -  cups and coffee/tea supplies not replenished. The inclusive breakfast was the choice of two cereals, bread for toasting and a pre-wrapped pastry. Vending machine juice and coffee but no English Breakfast tea (Earl Grey and other selections). Due to room not being serviced for second night, went to reception where staff suggested I look through the cupboards used to store breakfast supplies - only to find the un-used bread from the morning, bagged ready for following day. So for second morning went to IHOP opposite !","featured":false,"ratingsOnly":false,"ratingRoomCleanliness":3,"ratingHotelCondition":1,"ratingService":1,"ratingRoomComfort":1,"positiveRemarks":"No I would not and would never look to use this chain of hotels again.","negativeRemarks":"Everything that relates to serving a customer ","locationRemarks":"","lastInitial":"","userLocation":"","reviewSubmissionTime":"2015-06-29T18:20:53Z","reviewerCategories":[{"categoryId":"Everyone","categoryLabel":"Everyone"}],"userDisplayName":"","roomTypeId":200435884,"isUnverified":false,"isFlaggable":false,"isRecommended":"NO"},{"hotelId":"910225","totalPositiveFeedbacks":0,"tpid":"1","eapid":"0","contentLocale":"en_us","totalThanks":0,"photos":[],"reviewId":"558c279fd19efb08f7056071","itinId":"1105407624501","moderationStatus":"APPROVED","contentCodes":"MMA","managementResponses":[],"ratingOverall":4,"langId":"1033","userNickname":"Denise","brandType":"Expedia","title":"Nice hotel","reviewText":"Staff was very helpful and friendly. The room was clean and updated. Good breakfast. ","featured":false,"ratingsOnly":false,"ratingRoomCleanliness":5,"ratingHotelCondition":4,"ratingService":5,"ratingRoomComfort":5,"positiveRemarks":"Helpful staff and clean rooms","negativeRemarks":"Availability of parking, a bit pricy ","locationRemarks":"In San Francisco not far from the pier. Would take a taxi instead of driving ","lastInitial":"","userLocation":"Southern California ","reviewSubmissionTime":"2015-06-25T16:09:03Z","reviewerCategories":[{"categoryId":"Families","categoryLabel":"Families"}],"userDisplayName":"","roomTypeId":200384673,"isUnverified":false,"isFlaggable":false,"isRecommended":"YES"}]}}}
