{"reviewDetails":{"startIndex":0,"numberOfReviewsInThisPage":20,"reviewSummaryCollection":{"reviewSummary":[{"hotelId":"23774","totalReviewCnt":969,"avgOverallRating":4.260065,"cleanliness":4.4200244,"serviceAndStaff":4.3354,"roomComfort":4.3168206,"hotelCondition":4.219819,"convenienceOfLocation":4.670213,"neighborhoodSatisfaction":4.4574475,"roomQuality":0,"targetedBrand":"Expedia","originSummary":[{"origin":"Expedia","reviewCnt":969,"recommendedPercent":86.790504,"avgOverallRating":4.260065,"cleanliness":4.4200244,"serviceAndStaff":4.3354,"roomComfort":4.3168206,"hotelCondition":4.219819,"convenienceOfLocation":4.670213,"neighborhoodSatisfaction":4.4574475,"valueForMoney":0,"roomQuality":0,"categoryCounts":{"Everyone":482,"BusinessTravelers":21,"Couples":101,"Students":3,"Families":55,"Other":17},"roomTypeIdCounts":{"200162382":110,"43840":1,"200181839":102,"201017651":6,"200162406":75,"200978226":1,"201017650":16,"201017649":6,"200194372":1,"200440222":45,"200162370":21,"201017653":6,"200816982":3,"200440136":15,"200901412":1,"18846":1},"languageCounts":{"en":969}}],"recommendedPercent":86.790504,"valueForMoney":0,"categoryCounts":{"Everyone":482,"BusinessTravelers":21,"Couples":101,"Students":3,"Families":55,"Other":17},"roomTypeIdCounts":{"200162382":110,"43840":1,"200181839":102,"201017651":6,"200162406":75,"200978226":1,"201017650":16,"201017649":6,"200194372":1,"200440222":45,"200162370":21,"201017653":6,"200816982":3,"200440136":15,"200901412":1,"18846":1},"languageCounts":{"en":969},"featuredReview":{}}]},"reviewCollection":{"review":[{"hotelId":"23774","totalPositiveFeedbacks":0,"tpid":"1","eapid":"0","contentLocale":"en_us","totalThanks":0,"photos":[],"reviewId":"57b3c6f529b05a0b28c64055","itinId":"1137832271324","moderationStatus":"APPROVED","contentCodes":"","managementResponses":[],"ratingOverall":4,"langId":"1033","userNickname":"Dakota","brandType":"Expedia","title":"great location close to Ferry Building","reviewText":"Was only staying in town for the night, and wanted to visit some of my favorite restaurants.  I didn't want to have to spend time or money in an uber, so I wanted to be close to Ferry Building.  Weather was great, and it was great to be able to walk to the places I wanted to go to.","featured":false,"ratingsOnly":false,"ratingRoomCleanliness":4,"ratingHotelCondition":4,"ratingService":4,"ratingRoomComfort":4,"positiveRemarks":"Convenience","negativeRemarks":"They need room service.  I cannot believe they do not have room service","locationRemarks":"Great Location with about a million places within walking distance","lastInitial":"","userLocation":"Los Angeles","reviewSubmissionTime":"2016-08-17T02:07:49Z","reviewerCategories":[{"categoryId":"Everyone","categoryLabel":"Everyone"}],"userDisplayName":"","roomTypeId":200162382,"isUnverified":false,"isFlaggable":true,"isRecommended":"YES"},{"hotelId":"23774","totalPositiveFeedbacks":0,"tpid":"1","eapid":"0","contentLocale":"en_us","totalThanks":0,"photos":[],"reviewId":"57b38ea1ab975b0b07704f53","itinId":"1141330994611","moderationStatus":"APPROVED","contentCodes":"","managementResponses":[],"ratingOverall":5,"langId":"1033","userNickname":"","brandType":"Expedia","title":"","reviewText":"Excellent location for accessing Embarcadero, Chinatown, North Beach, Fishermans Wharf, Mission District, Union Square and transportation (BART, cable cars, busses, ferries and trolleys)","featured":false,"ratingsOnly":false,"ratingRoomCleanliness":5,"ratingHotelCondition":5,"ratingService":5,"ratingRoomComfort":5,"positiveRemarks":"Great clean room, comfortable bed, top grade amenities, spectacular atrium and grounds","negativeRemarks":"Surrounding streets are filthy","locationRemarks":"","lastInitial":"","userLocation":"","reviewSubmissionTime":"2016-08-16T22:07:29Z","reviewerCategories":[{"categoryId":"Everyone","categoryLabel":"Everyone"}],"userDisplayName":"","roomTypeId":200440222,"isUnverified":false,"isFlaggable":true,"isRecommended":"YES"},{"hotelId":"23774","totalPositiveFeedbacks":0,"tpid":"1","eapid":"0","contentLocale":"en_us","totalThanks":0,"photos":[],"reviewId":"57b134086b0da90b0517a9ca","itinId":"1139961313895","moderationStatus":"APPROVED","contentCodes":"","managementResponses":[],"ratingOverall":5,"langId":"1033","userNickname":"","brandType":"Expedia","title":"Unbeatable architecture ","reviewText":"I loved my stay here. You cannot beat the classic, almost brutalist architecture. Atriums like this aren't allowed under current building code, so the lobby is a must-see. I could have spent all night there. However, my room had a view of the Bay Bridge and its light show, so it was equally fascinating. The rooms are large, clean  and comfortable  the staff is awesome. Hope I can go back someday. ","featured":false,"ratingsOnly":false,"ratingRoomCleanliness":5,"ratingHotelCondition":5,"ratingService":5,"ratingRoomComfort":5,"positiveRemarks":"Location, architecture, staff. That lobby! ","negativeRemarks":"I miss the plants that were there originally. ","locationRemarks":"Ferry Marketplace is across the street. BART station right outside the door. Walking distance to anything in the business district. ","lastInitial":"","userLocation":"","reviewSubmissionTime":"2016-08-15T03:16:24Z","reviewerCategories":[{"categoryId":"BusinessTravelers","categoryLabel":"BusinessTravelers"}],"userDisplayName":"","roomTypeId":200440222,"isUnverified":false,"isFlaggable":true,"isRecommended":"YES"},{"hotelId":"23774","totalPositiveFeedbacks":0,"tpid":"4","eapid":"0","contentLocale":"en_ca","totalThanks":0,"photos":[],"reviewId":"57af310c2ab4060b3dc55ed1","itinId":"1142352696068","moderationStatus":"APPROVED","contentCodes":"HMP MMD","managementResponses":[],"ratingOverall":2,"langId":"4105","userNickname":"","brandType":"Expedia","title":"","reviewText":"We have purchased bridge&bay view room.Our room was end of corridor and with very limited view.You have to struggle to see the bridge.I talked to front desk and they offered breakfast for just two of us(we are four people). I am very disappointed.I think they give worse room to Expedia quest.  ","featured":false,"ratingsOnly":false,"ratingRoomCleanliness":3,"ratingHotelCondition":2,"ratingService":3,"ratingRoomComfort":1,"positiveRemarks":"","negativeRemarks":"","locationRemarks":"","lastInitial":"","userLocation":"","reviewSubmissionTime":"2016-08-13T14:39:08Z","reviewerCategories":[{"categoryId":"Everyone","categoryLabel":"Everyone"}],"userDisplayName":"","roomTypeId":200440136,"isUnverified":false,"isFlaggable":false,"isRecommended":"NO"},{"hotelId":"23774","totalPositiveFeedbacks":0,"tpid":"1","eapid":"0","contentLocale":"en_us","totalThanks":0,"photos":[],"reviewId":"57aa02b187fcf70b09021fd7","itinId":"1142392888652","moderationStatus":"APPROVED","contentCodes":"HMP MMD","managementResponses":[],"ratingOverall":3,"langId":"1033","userNickname":"","brandType":"Expedia","title":"Short vacation time","reviewText":"The stay was great up until check out. When I received my bill there was a $175 Laundry & Dry cleaning bill that I did't ask for. I was there for only one night and when clearing it up at the front desk, she stayed that she \"remembered someone calling to ask for express dry cleaning and to be done by 7pm\" when clearly the hotel should know that I was not me who called it and if any one had to pick it up, it was not my room. I had to call my credit card company to make sure that these charges were not valid and put my card on hold for any further transactions. I kept getting charges that were coming through from the hotel for $220.11 and $295.00 when I have already paid at the front desk at the time of checkin. It made the rest of my trip to the Bay inconvenient because my credit card was on hold. I would have gladly gave this hotel a higher rating.","featured":false,"ratingsOnly":false,"ratingRoomCleanliness":3,"ratingHotelCondition":3,"ratingService":3,"ratingRoomComfort":4,"positiveRemarks":"The view.","negativeRemarks":"","locationRemarks":"Close to everything. This is why I chose this hotel.","lastInitial":"","userLocation":"","reviewSubmissionTime":"2016-08-09T16:20:01Z","reviewerCategories":[{"categoryId":"Everyone","categoryLabel":"Everyone"}],"userDisplayName":"","roomTypeId":201017653,"isUnverified":false,"isFlaggable":false,"isRecommended":"YES"},{"hotelId":"23774","totalPositiveFeedbacks":0,"tpid":"1","eapid":"0","contentLocale":"en_us","totalThanks":0,"photos":[],"reviewId":"57a74e64849f110b289a91a8","itinId":"1142648388419","moderationStatus":"APPROVED","contentCodes":"","managementResponses":[],"ratingOverall":5,"langId":"1033","userNickname":"Harry ","brandType":"Expedia","title":"Weekend Stay","reviewText":"Great location across the street from Ferry plaza Bldg. Bay views, view of bay bridge. Several renowned restaurants on walkable distance. Room food service is not that great. Our morning coffee & breakfast served directly form Starbucks in cardboard box..........unusual for 4 star facility.","featured":false,"ratingsOnly":false,"ratingRoomCleanliness":4,"ratingHotelCondition":4,"ratingService":5,"ratingRoomComfort":4,"positiveRemarks":"","negativeRemarks":"","locationRemarks":"","lastInitial":"S","userLocation":"Bay Area, CA","reviewSubmissionTime":"2016-08-07T15:06:12Z","reviewerCategories":[{"categoryId":"Everyone","categoryLabel":"Everyone"}],"userDisplayName":"","roomTypeId":200440222,"isUnverified":false,"isFlaggable":true,"isRecommended":"YES"},{"hotelId":"23774","totalPositiveFeedbacks":0,"tpid":"1","eapid":"0","contentLocale":"en_us","totalThanks":0,"photos":[],"reviewId":"57a5852994356f0b2837b4b4","itinId":"1142560586997","moderationStatus":"APPROVED","contentCodes":"","managementResponses":[],"ratingOverall":5,"langId":"1033","userNickname":"","brandType":"Expedia","title":"","reviewText":"Wonderful place to stay!  Would recommend this hotel!","featured":false,"ratingsOnly":false,"ratingRoomCleanliness":5,"ratingHotelCondition":5,"ratingService":5,"ratingRoomComfort":5,"positiveRemarks":"","negativeRemarks":"","locationRemarks":"","lastInitial":"","userLocation":"","reviewSubmissionTime":"2016-08-06T06:35:21Z","reviewerCategories":[{"categoryId":"Everyone","categoryLabel":"Everyone"}],"userDisplayName":"","roomTypeId":200181839,"isUnverified":false,"isFlaggable":true,"isRecommended":"YES"},{"hotelId":"23774","totalPositiveFeedbacks":1,"tpid":"29","eapid":"0","contentLocale":"en_au","totalThanks":1,"photos":[],"reviewId":"57a00a6ffef6e20b286c38d0","itinId":"131185316311","moderationStatus":"APPROVED","contentCodes":"MMA","managementResponses":[],"ratingOverall":5,"langId":"3081","userNickname":"Kim","brandType":"Expedia","title":"Great hotel, great location","reviewText":"We recently stayed 3 nights here. The room and location were excellent - we were offered an upgrade on arrival and had a room with a balcony and a harbor view. The stop for one of the cable car routes is right outside and the SF Ferry Building is just across the road. Lots of places to eat nearby and a short walk to Union Square, SF MOMA etc. Highly recommended.","featured":false,"ratingsOnly":false,"ratingRoomCleanliness":5,"ratingHotelCondition":5,"ratingService":5,"ratingRoomComfort":5,"positiveRemarks":"Location, location, location!","negativeRemarks":"Perhaps the muzak ...everything else was great.","locationRemarks":"","lastInitial":"N","userLocation":"Wellington, NZ","reviewSubmissionTime":"2016-08-02T02:50:23Z","reviewerCategories":[{"categoryId":"Everyone","categoryLabel":"Everyone"}],"userDisplayName":"","roomTypeId":201017651,"isUnverified":false,"isFlaggable":false,"isRecommended":"YES"},{"hotelId":"23774","totalPositiveFeedbacks":0,"tpid":"4","eapid":"0","contentLocale":"en_ca","totalThanks":0,"photos":[],"reviewId":"579d400307d2240b0aa059f7","itinId":"1132120671091","moderationStatus":"APPROVED","contentCodes":"","managementResponses":[],"ratingOverall":3,"langId":"4105","userNickname":"stan","brandType":"Expedia","title":"Good location","reviewText":"Nice stay.  Tee valet parking very e pensive. Do of recommend to s \r\nNone to use the service,?  Especially when you come from outside of the USA.\r\n","featured":false,"ratingsOnly":false,"ratingRoomCleanliness":3,"ratingHotelCondition":3,"ratingService":4,"ratingRoomComfort":3,"positiveRemarks":"The locTion","negativeRemarks":"","locationRemarks":"","lastInitial":"","userLocation":"vancouver","reviewSubmissionTime":"2016-07-31T00:02:11Z","reviewerCategories":[{"categoryId":"BusinessTravelers","categoryLabel":"BusinessTravelers"}],"userDisplayName":"","roomTypeId":201017650,"isUnverified":false,"isFlaggable":true,"isRecommended":"YES"},{"hotelId":"23774","totalPositiveFeedbacks":0,"tpid":"1","eapid":"0","contentLocale":"en_us","totalThanks":0,"photos":[],"reviewId":"579c0dd814ab710b0cef382e","itinId":"1139048312384","moderationStatus":"APPROVED","contentCodes":"","managementResponses":[],"ratingOverall":5,"langId":"1033","userNickname":"Susan","brandType":"Expedia","title":"","reviewText":"This was our first trip to San Francisco and my daughter planned everything including choosing the hotel. We were looking for a small suite so she would have her own space. The hotel location was great, staff very friendly, and the room immaculate and nicely appointed.","featured":false,"ratingsOnly":false,"ratingRoomCleanliness":5,"ratingHotelCondition":5,"ratingService":5,"ratingRoomComfort":5,"positiveRemarks":"","negativeRemarks":"","locationRemarks":"","lastInitial":"","userLocation":"San Diego","reviewSubmissionTime":"2016-07-30T02:15:52Z","reviewerCategories":[{"categoryId":"Everyone","categoryLabel":"Everyone"}],"userDisplayName":"","roomTypeId":201017653,"isUnverified":false,"isFlaggable":true,"isRecommended":"YES"},{"hotelId":"23774","totalPositiveFeedbacks":0,"tpid":"1","eapid":"0","contentLocale":"en_us","totalThanks":0,"photos":[],"reviewId":"579815a5a66e750b29399c15","itinId":"1139561033266","moderationStatus":"APPROVED","contentCodes":"","managementResponses":[],"ratingOverall":5,"langId":"1033","userNickname":"Jessie","brandType":"Expedia","title":"Beautiful hotel in a great location!","reviewText":"Great place to stay close to the bay and within walking distance to attractions including Fisherman's Wharf if you don't mind a bit of a walk.\r\n","featured":false,"ratingsOnly":false,"ratingRoomCleanliness":5,"ratingHotelCondition":5,"ratingService":5,"ratingRoomComfort":5,"positiveRemarks":"Beautiful lobby and luxurious bedding; great lobby bar","negativeRemarks":"","locationRemarks":"Close to the water and many restaurants; within walking distance of Fisherman's Wharf","lastInitial":"K","userLocation":"St. Louis, mO","reviewSubmissionTime":"2016-07-27T02:00:05Z","reviewerCategories":[{"categoryId":"Everyone","categoryLabel":"Everyone"}],"userDisplayName":"","roomTypeId":201017649,"isUnverified":false,"isFlaggable":true,"isRecommended":"YES"},{"hotelId":"23774","totalPositiveFeedbacks":0,"tpid":"1","eapid":"0","contentLocale":"en_us","totalThanks":0,"photos":[],"reviewId":"5796d7e37331850b2753dc04","itinId":"1141253964962","moderationStatus":"APPROVED","contentCodes":"","managementResponses":[],"ratingOverall":4,"langId":"1033","userNickname":"Doug ","brandType":"Expedia","title":"Great hotel, just avoid the bell staff","reviewText":"Room wasn't quite ready so we tried to check luggage at the bell desk, they looked right through us like we weren't there. Other staff was fine though. ","featured":false,"ratingsOnly":false,"ratingRoomCleanliness":5,"ratingHotelCondition":5,"ratingService":3,"ratingRoomComfort":5,"positiveRemarks":"","negativeRemarks":"","locationRemarks":"","lastInitial":"H","userLocation":"petaluma","reviewSubmissionTime":"2016-07-26T03:24:19Z","reviewerCategories":[{"categoryId":"Everyone","categoryLabel":"Everyone"}],"userDisplayName":"","roomTypeId":200162370,"isUnverified":false,"isFlaggable":true,"isRecommended":"YES"},{"hotelId":"23774","totalPositiveFeedbacks":0,"tpid":"1","eapid":"0","contentLocale":"en_us","totalThanks":0,"photos":[],"reviewId":"57963adb7331850b27f3f223","itinId":"1141294002930","moderationStatus":"APPROVED","contentCodes":"","managementResponses":[],"ratingOverall":4,"langId":"1033","userNickname":"","brandType":"Expedia","title":"Location was perfect. ","reviewText":"Atrium was welcoming. Felt right at home. The room was nice, but too much road noise. We were only on the 5th floor because they originally reserved me a 1 bed when I needed 2 beds for my family, 2 adults and 2 children. My husband and I plan on returning without kids in the future. ","featured":false,"ratingsOnly":false,"ratingRoomCleanliness":4,"ratingHotelCondition":5,"ratingService":5,"ratingRoomComfort":4,"positiveRemarks":"","negativeRemarks":"","locationRemarks":"","lastInitial":"t","userLocation":"arnold, ca","reviewSubmissionTime":"2016-07-25T16:14:19Z","reviewerCategories":[{"categoryId":"Everyone","categoryLabel":"Everyone"}],"userDisplayName":"","roomTypeId":"","isUnverified":false,"isFlaggable":true,"isRecommended":"YES"},{"hotelId":"23774","totalPositiveFeedbacks":0,"tpid":"1","eapid":"0","contentLocale":"en_us","totalThanks":0,"photos":[],"reviewId":"5794f7fe92b3430b296dbc89","itinId":"1138361698286","moderationStatus":"APPROVED","contentCodes":"","managementResponses":[],"ratingOverall":5,"langId":"1033","userNickname":"D","brandType":"Expedia","title":"Excellent home base location","reviewText":"From the front desk staff to the excellent bartenders it was a great experience.  I can't wait to return.","featured":false,"ratingsOnly":false,"ratingRoomCleanliness":5,"ratingHotelCondition":5,"ratingService":5,"ratingRoomComfort":5,"positiveRemarks":"","negativeRemarks":"","locationRemarks":"","lastInitial":"K","userLocation":"Honolulu","reviewSubmissionTime":"2016-07-24T17:16:46Z","reviewerCategories":[{"categoryId":"Everyone","categoryLabel":"Everyone"}],"userDisplayName":"","roomTypeId":200162382,"isUnverified":false,"isFlaggable":true,"isRecommended":"YES"},{"hotelId":"23774","totalPositiveFeedbacks":0,"tpid":"1","eapid":"0","contentLocale":"en_us","totalThanks":0,"photos":[],"reviewId":"578fd2047331850b272ad9b4","itinId":"1140091740770","moderationStatus":"APPROVED","contentCodes":"","managementResponses":[],"ratingOverall":5,"langId":"1033","userNickname":"great  hotel ","brandType":"Expedia","title":"Hotel is  close to all. I had a wonderful time ","reviewText":"I had a wonderful time. Everything  was great. Scenery was lovely. Nice views.","featured":false,"ratingsOnly":false,"ratingRoomCleanliness":5,"ratingHotelCondition":5,"ratingService":5,"ratingRoomComfort":5,"positiveRemarks":"","negativeRemarks":"","locationRemarks":"","lastInitial":"S","userLocation":"z ","reviewSubmissionTime":"2016-07-20T19:33:24Z","reviewerCategories":[{"categoryId":"Everyone","categoryLabel":"Everyone"}],"userDisplayName":"","roomTypeId":200440222,"isUnverified":false,"isFlaggable":true,"isRecommended":"YES"},{"hotelId":"23774","totalPositiveFeedbacks":0,"tpid":"1","eapid":"0","contentLocale":"en_us","totalThanks":0,"photos":[],"reviewId":"578f784ac3c1f80b282f30f7","itinId":"1140305422847","moderationStatus":"APPROVED","contentCodes":"","managementResponses":[],"ratingOverall":4,"langId":"1033","userNickname":"Chris","brandType":"Expedia","title":"Nice hotel in a great location","reviewText":"The Hyatt Regency is a nice hotel at a very good location to tour San Francisco. It hosts many events and is a reasonable 20-30 minutes from the airport. The bay-side views are beautiful. ","featured":false,"ratingsOnly":false,"ratingRoomCleanliness":4,"ratingHotelCondition":4,"ratingService":4,"ratingRoomComfort":3,"positiveRemarks":"The Hyatt has a vast, open lobby with fast elevators and good quick food options. ","negativeRemarks":"My room keys didn't work on the first attempt, so I had to wait in a long line again to get them recoded. ","locationRemarks":"The Hyatt is very close to the Ferry Building. It's a reasonable walking distance from Union Square, Coit Tower, and other tourist attractions.","lastInitial":"","userLocation":"Richmond, VA","reviewSubmissionTime":"2016-07-20T13:10:34Z","reviewerCategories":[{"categoryId":"Everyone","categoryLabel":"Everyone"}],"userDisplayName":"","roomTypeId":200816982,"isUnverified":false,"isFlaggable":true,"isRecommended":"YES"},{"hotelId":"23774","totalPositiveFeedbacks":0,"tpid":"1","eapid":"0","contentLocale":"en_us","totalThanks":0,"photos":[],"reviewId":"578d47ed756ba70b27970896","itinId":"1139942157195","moderationStatus":"APPROVED","contentCodes":"","managementResponses":[],"ratingOverall":4,"langId":"1033","userNickname":"ajayveer","brandType":"Expedia","title":"Excellent downtown location\r\n","reviewText":"Clean rooms with view bay. \r\nElevator location not good. Too much to walk to go the room. Narrow and very long corridor to go to the room. ","featured":false,"ratingsOnly":false,"ratingRoomCleanliness":5,"ratingHotelCondition":4,"ratingService":4,"ratingRoomComfort":4,"positiveRemarks":"Excellent location. ","negativeRemarks":"Add elevators on the other end f the hotel","locationRemarks":"Near by shopping ","lastInitial":"","userLocation":"new york ","reviewSubmissionTime":"2016-07-18T21:19:41Z","reviewerCategories":[{"categoryId":"Everyone","categoryLabel":"Everyone"}],"userDisplayName":"","roomTypeId":200162406,"isUnverified":false,"isFlaggable":true,"isRecommended":"YES"},{"hotelId":"23774","totalPositiveFeedbacks":0,"tpid":"1","eapid":"0","contentLocale":"en_us","totalThanks":0,"photos":[{"thumbnailUrl":"https://a.travel-assets.com/ugc/hotel-reviews/FC27D6D56ADA09C8614950E044D018301F99ED661468861272422.jpg?resize=*:75","normalUrl":"https://a.travel-assets.com/ugc/hotel-reviews/FC27D6D56ADA09C8614950E044D018301F99ED661468861272422.jpg?resize=*:270","caption":""}],"reviewId":"578d039e15645e0b28060e3c","itinId":"1137849512231","moderationStatus":"APPROVED","contentCodes":"HMP","managementResponses":[],"ratingOverall":5,"langId":"1033","userNickname":"Margie","brandType":"Expedia","title":"Location, location, location!","reviewText":"We happen to love going to the ferry building so the location was perfect.  We had a bay view and really enjoyed that.  Unfortunately due to the interesting architecture of this 1973 building, the view was not accessible unless you were standing right in front of the window.  While the angled architecture is pretty cool, the building is a bit dated.  The bed was great and had nice linens.","featured":false,"ratingsOnly":false,"ratingRoomCleanliness":4,"ratingHotelCondition":4,"ratingService":5,"ratingRoomComfort":5,"positiveRemarks":"The location.","negativeRemarks":"","locationRemarks":"","lastInitial":"","userLocation":"Los Angeles","reviewSubmissionTime":"2016-07-18T16:28:14Z","reviewerCategories":[{"categoryId":"Everyone","categoryLabel":"Everyone"}],"userDisplayName":"","roomTypeId":200440222,"isUnverified":false,"isFlaggable":false,"isRecommended":"YES"},{"hotelId":"23774","totalPositiveFeedbacks":1,"tpid":"1","eapid":"0","contentLocale":"en_us","totalThanks":1,"photos":[],"reviewId":"578a3a76756ba70b2788be11","itinId":"1139743455520","moderationStatus":"APPROVED","contentCodes":"","managementResponses":[],"ratingOverall":5,"langId":"1033","userNickname":"","brandType":"Expedia","title":"Anniversary ","reviewText":"My wife and I spent our 15 year wedding anniversary at the Hyatt Regency in San Francisco and loved everything about the place. We got a room with a balcony and partial bay views that were absolutely stunning. The bar in the lobby was very nice and we met an awesome bartender named Allmanskey. She made everyone at the bar feel welcomed and engaged them in conversation. We would love to visit again soon, but have to save up for that balcony room again.","featured":false,"ratingsOnly":false,"ratingRoomCleanliness":5,"ratingHotelCondition":5,"ratingService":5,"ratingRoomComfort":5,"positiveRemarks":"Everything","negativeRemarks":"","locationRemarks":"","lastInitial":"","userLocation":"","reviewSubmissionTime":"2016-07-16T13:45:26Z","reviewerCategories":[{"categoryId":"Everyone","categoryLabel":"Everyone"}],"userDisplayName":"","roomTypeId":200162406,"isUnverified":false,"isFlaggable":true,"isRecommended":"YES"},{"hotelId":"23774","totalPositiveFeedbacks":0,"tpid":"4","eapid":"0","contentLocale":"en_ca","totalThanks":0,"photos":[],"reviewId":"57866ecb9684e30b4af00647","itinId":"1127173224596","moderationStatus":"APPROVED","contentCodes":"","managementResponses":[],"ratingOverall":5,"langId":"4105","userNickname":"trixie","brandType":"Expedia","title":"Good location.","reviewText":"Very friendly staff. Our room was excellent with a beautiful view of the Bay Bridge(1115). Aurora kept our room very clean & tidy. It was nice having Starbucks coffee in the room with to go cups.","featured":false,"ratingsOnly":false,"ratingRoomCleanliness":5,"ratingHotelCondition":5,"ratingService":4,"ratingRoomComfort":5,"positiveRemarks":"","negativeRemarks":"","locationRemarks":"","lastInitial":"","userLocation":"canada","reviewSubmissionTime":"2016-07-13T16:39:39Z","reviewerCategories":[{"categoryId":"Everyone","categoryLabel":"Everyone"}],"userDisplayName":"","roomTypeId":200440222,"isUnverified":false,"isFlaggable":true,"isRecommended":"YES"}]}}}
