{"reviewDetails":{"startIndex":0,"numberOfReviewsInThisPage":20,"reviewSummaryCollection":{"reviewSummary":[{"hotelId":"225819","totalReviewCnt":547,"avgOverallRating":4.424133,"cleanliness":4.6160884,"serviceAndStaff":4.5429616,"roomComfort":4.389398,"hotelCondition":4.3967094,"convenienceOfLocation":4.805195,"neighborhoodSatisfaction":4.48052,"roomQuality":0,"targetedBrand":"Expedia","originSummary":[{"origin":"Expedia","reviewCnt":547,"recommendedPercent":90.676414,"avgOverallRating":4.424133,"cleanliness":4.6160884,"serviceAndStaff":4.5429616,"roomComfort":4.389398,"hotelCondition":4.3967094,"convenienceOfLocation":4.805195,"neighborhoodSatisfaction":4.48052,"valueForMoney":0,"roomQuality":0,"categoryCounts":{"Everyone":225,"Couples":46,"BusinessTravelers":15,"Families":12,"Other":10},"roomTypeIdCounts":{"201229208":7,"201229209":10,"491872":10,"201229206":22,"200192583":3,"201229200":12,"491881":56,"491862":34,"200391623":15,"491888":9,"200205367":1,"200192532":13,"201229219":4,"201229217":2},"languageCounts":{"en":547}}],"recommendedPercent":90.676414,"valueForMoney":0,"categoryCounts":{"Everyone":225,"Couples":46,"BusinessTravelers":15,"Families":12,"Other":10},"roomTypeIdCounts":{"201229208":7,"201229209":10,"491872":10,"201229206":22,"200192583":3,"201229200":12,"491881":56,"491862":34,"200391623":15,"491888":9,"200205367":1,"200192532":13,"201229219":4,"201229217":2},"languageCounts":{"en":547},"featuredReview":{}}]},"reviewCollection":{"review":[{"hotelId":"225819","totalPositiveFeedbacks":0,"tpid":"4","eapid":"0","contentLocale":"en_ca","totalThanks":0,"photos":[],"reviewId":"57ae2ef3e560180b060783dc","itinId":"1143135461913","moderationStatus":"APPROVED","contentCodes":"","managementResponses":[],"ratingOverall":5,"langId":"4105","userNickname":"calgary gal","brandType":"Expedia","title":"Nice hotel close to Bart stn in heart of union sq","reviewText":"Very nice convenient hotel well located very friendly staff good free wifi - fun bar on site - steps from Powell station Bart stop lots of shopping near by walk to sfmoma comfortable bed quiet on top floor lots of travelers from all over ............................,","featured":false,"ratingsOnly":false,"ratingRoomCleanliness":5,"ratingHotelCondition":4,"ratingService":5,"ratingRoomComfort":5,"positiveRemarks":"","negativeRemarks":"","locationRemarks":"","lastInitial":"","userLocation":"calgary","reviewSubmissionTime":"2016-08-12T20:17:55Z","reviewerCategories":[{"categoryId":"Everyone","categoryLabel":"Everyone"}],"userDisplayName":"","roomTypeId":201229206,"isUnverified":false,"isFlaggable":true,"isRecommended":"YES"},{"hotelId":"225819","totalPositiveFeedbacks":0,"tpid":"4","eapid":"0","contentLocale":"en_ca","totalThanks":0,"photos":[],"reviewId":"57a756c9849f110b28b5fc39","itinId":"1137800756747","moderationStatus":"APPROVED","contentCodes":"","managementResponses":[],"ratingOverall":5,"langId":"4105","userNickname":"Sheena","brandType":"Expedia","title":"Expensive but good. ","reviewText":"Hotel was great! I wouldn't bother going back to the restaurant though. Hotel is in a great location. Concierge was very helpful! ","featured":false,"ratingsOnly":false,"ratingRoomCleanliness":5,"ratingHotelCondition":5,"ratingService":5,"ratingRoomComfort":5,"positiveRemarks":"","negativeRemarks":"","locationRemarks":"","lastInitial":"","userLocation":"canada","reviewSubmissionTime":"2016-08-07T15:42:01Z","reviewerCategories":[{"categoryId":"Everyone","categoryLabel":"Everyone"}],"userDisplayName":"","roomTypeId":201229206,"isUnverified":false,"isFlaggable":true,"isRecommended":"YES"},{"hotelId":"225819","totalPositiveFeedbacks":0,"tpid":"4","eapid":"0","contentLocale":"en_ca","totalThanks":0,"photos":[],"reviewId":"57a3686294356f0b28e3c341","itinId":"1139698937986","moderationStatus":"APPROVED","contentCodes":"","managementResponses":[],"ratingOverall":4,"langId":"4105","userNickname":"Patrick","brandType":"Expedia","title":"great hotel, great and friendly staff, clean","reviewText":"A great time in San Francisco, on our way to a business conference ","featured":false,"ratingsOnly":false,"ratingRoomCleanliness":5,"ratingHotelCondition":4,"ratingService":4,"ratingRoomComfort":4,"positiveRemarks":"renovated , close to everything, helpful staff","negativeRemarks":"","locationRemarks":"the only thing we weren't comfortable with, a lot of homeless people outside the hotel and the immediate area, we wanted to help, but so many of them","lastInitial":"","userLocation":"","reviewSubmissionTime":"2016-08-04T16:08:02Z","reviewerCategories":[{"categoryId":"Everyone","categoryLabel":"Everyone"}],"userDisplayName":"","roomTypeId":201229209,"isUnverified":false,"isFlaggable":true,"isRecommended":"YES"},{"hotelId":"225819","totalPositiveFeedbacks":0,"tpid":"4","eapid":"0","contentLocale":"en_ca","totalThanks":0,"photos":[],"reviewId":"57a0c884efe1630b285e2b76","itinId":"1137605788736","moderationStatus":"APPROVED","contentCodes":"","managementResponses":[],"ratingOverall":4,"langId":"4105","userNickname":"TJ","brandType":"Expedia","title":"","reviewText":"Great location with amazing staff! Would recommend to my mother :)","featured":false,"ratingsOnly":false,"ratingRoomCleanliness":5,"ratingHotelCondition":4,"ratingService":5,"ratingRoomComfort":4,"positiveRemarks":"","negativeRemarks":"","locationRemarks":"","lastInitial":"","userLocation":"","reviewSubmissionTime":"2016-08-02T16:21:24Z","reviewerCategories":[{"categoryId":"Everyone","categoryLabel":"Everyone"}],"userDisplayName":"","roomTypeId":201229206,"isUnverified":false,"isFlaggable":true,"isRecommended":"YES"},{"hotelId":"225819","totalPositiveFeedbacks":1,"tpid":"1","eapid":"0","contentLocale":"en_us","totalThanks":1,"photos":[],"reviewId":"579e6d7bbf04c30b062613ca","itinId":"1140346988580","moderationStatus":"APPROVED","contentCodes":"","managementResponses":[],"ratingOverall":4,"langId":"1033","userNickname":"","brandType":"Expedia","title":"Nice, hip hotel Union Square adjacent ","reviewText":"Stayed there with the family & the room was large enough & clean. Staff helpful & a good price point. May want to avoid staying on same floor as restaurant. It's open until 11:00 & there was a bit of noise. ","featured":false,"ratingsOnly":false,"ratingRoomCleanliness":3,"ratingHotelCondition":4,"ratingService":4,"ratingRoomComfort":4,"positiveRemarks":"","negativeRemarks":"","locationRemarks":"","lastInitial":"","userLocation":"","reviewSubmissionTime":"2016-07-31T21:28:27Z","reviewerCategories":[{"categoryId":"Everyone","categoryLabel":"Everyone"}],"userDisplayName":"","roomTypeId":201229200,"isUnverified":false,"isFlaggable":true,"isRecommended":"YES"},{"hotelId":"225819","totalPositiveFeedbacks":0,"tpid":"1","eapid":"0","contentLocale":"en_us","totalThanks":0,"photos":[],"reviewId":"579dfdd387f8460b06f9f4f0","itinId":"1140066824403","moderationStatus":"APPROVED","contentCodes":"HMP MMD","managementResponses":[],"ratingOverall":2,"langId":"1033","userNickname":"Christine","brandType":"Expedia","title":"Not worth the price. ","reviewText":"This hotel is overpriced and underwhelming. There is no lobby or materials about the city, the rooms are small and, unless you manage to get one that faces out, you are literally looking into the window of the room across you. Parking is $50/day and the hotel bar is windowless and dark. The whole experience felt like I was in a tomb for three days. Pay the higher price and get a hotel that has something to offer. ","featured":false,"ratingsOnly":false,"ratingRoomCleanliness":4,"ratingHotelCondition":2,"ratingService":2,"ratingRoomComfort":3,"positiveRemarks":"","negativeRemarks":"","locationRemarks":"","lastInitial":"","userLocation":"Cincinnati","reviewSubmissionTime":"2016-07-31T13:32:03Z","reviewerCategories":[{"categoryId":"Everyone","categoryLabel":"Everyone"}],"userDisplayName":"","roomTypeId":201229206,"isUnverified":false,"isFlaggable":false,"isRecommended":"NO"},{"hotelId":"225819","totalPositiveFeedbacks":2,"tpid":"25","eapid":"0","contentLocale":"en_au","totalThanks":2,"photos":[],"reviewId":"5784475795608f0b4929fa38","itinId":"18831948313","moderationStatus":"APPROVED","contentCodes":"MMA","managementResponses":[],"ratingOverall":4,"langId":"3081","userNickname":"Helen","brandType":"Expedia","title":"","reviewText":"A wonderful getaway, centrally located, very pleasant and helpful staff. Cosy but clean and bright rooms (with excellent dark curtains for when you don't want all that light in the mornings :)). ","featured":false,"ratingsOnly":false,"ratingRoomCleanliness":5,"ratingHotelCondition":4,"ratingService":5,"ratingRoomComfort":5,"positiveRemarks":"","negativeRemarks":"","locationRemarks":"","lastInitial":"","userLocation":"Australia","reviewSubmissionTime":"2016-07-12T01:26:47Z","reviewerCategories":[{"categoryId":"Everyone","categoryLabel":"Everyone"}],"userDisplayName":"","roomTypeId":201229206,"isUnverified":false,"isFlaggable":false,"isRecommended":"YES"},{"hotelId":"225819","totalPositiveFeedbacks":0,"tpid":"1","eapid":"0","contentLocale":"en_us","totalThanks":0,"photos":[],"reviewId":"57824a4c9684e30b4a4a882f","itinId":"1134689645144","moderationStatus":"APPROVED","contentCodes":"","managementResponses":[],"ratingOverall":5,"langId":"1033","userNickname":"Jennifer","brandType":"Expedia","title":"Good location","reviewText":"I loved the hotel. The maids not so much. They did not clean that good and one of them took the money I had on the night table and left a note like \"thanks for the tip\". I did not specify it was a tip. Overall the hotel is really good and the location is great is near everything, good restaurants, shopping places, movie theaters, malls, and its really close to the cable cars. It also offers good wifi!!","featured":false,"ratingsOnly":false,"ratingRoomCleanliness":3,"ratingHotelCondition":4,"ratingService":5,"ratingRoomComfort":5,"positiveRemarks":"","negativeRemarks":"","locationRemarks":"","lastInitial":"","userLocation":"rd","reviewSubmissionTime":"2016-07-10T13:14:52Z","reviewerCategories":[{"categoryId":"Everyone","categoryLabel":"Everyone"}],"userDisplayName":"","roomTypeId":201229206,"isUnverified":false,"isFlaggable":true,"isRecommended":"YES"},{"hotelId":"225819","totalPositiveFeedbacks":0,"tpid":"1","eapid":"0","contentLocale":"en_us","totalThanks":0,"photos":[],"reviewId":"577c3c1d4ba4480b81489622","itinId":"1139343415182","moderationStatus":"APPROVED","contentCodes":"HMP MMD","managementResponses":[],"ratingOverall":4,"langId":"1033","userNickname":"dina","brandType":"Expedia","title":"Don't go here if you have pet allergies!","reviewText":"Apparently this is a pet friendly hotel and so if I had known this I would have avoided it at all costs. I am highly allergic and so it was hard to function here. Expedia should clearly list hotels as being pet friendly","featured":false,"ratingsOnly":false,"ratingRoomCleanliness":3,"ratingHotelCondition":2,"ratingService":4,"ratingRoomComfort":3,"positiveRemarks":"","negativeRemarks":"","locationRemarks":"","lastInitial":"","userLocation":"orange county california ","reviewSubmissionTime":"2016-07-05T23:00:45Z","reviewerCategories":[{"categoryId":"Everyone","categoryLabel":"Everyone"}],"userDisplayName":"","roomTypeId":201229206,"isUnverified":false,"isFlaggable":false,"isRecommended":"NO"},{"hotelId":"225819","totalPositiveFeedbacks":0,"tpid":"1","eapid":"0","contentLocale":"en_us","totalThanks":0,"photos":[{"thumbnailUrl":"https://a.travel-assets.com/ugc/hotel-reviews/AFF0F7F4952F7A9B415B0707E26C46D222B5E1E81467748923032.jpg?resize=100:*","normalUrl":"https://a.travel-assets.com/ugc/hotel-reviews/AFF0F7F4952F7A9B415B0707E26C46D222B5E1E81467748923032.jpg?resize=360:*","caption":"Deluxe room, quite small but good enough"}],"reviewId":"577c0bf1d34ecf0b7c8c65a2","itinId":"1139417525669","moderationStatus":"APPROVED","contentCodes":"HMP","managementResponses":[],"ratingOverall":4,"langId":"1033","userNickname":"Sherry","brandType":"Expedia","title":"nice and clean hotel","reviewText":"It's basically close to all the places I want to go. China town is 10-15mins walking, down the street is all high end brand stores. ","featured":false,"ratingsOnly":false,"ratingRoomCleanliness":5,"ratingHotelCondition":5,"ratingService":4,"ratingRoomComfort":5,"positiveRemarks":"","negativeRemarks":"","locationRemarks":"","lastInitial":"L","userLocation":"Gardena","reviewSubmissionTime":"2016-07-05T19:35:13Z","reviewerCategories":[{"categoryId":"Everyone","categoryLabel":"Everyone"}],"userDisplayName":"","roomTypeId":201229206,"isUnverified":false,"isFlaggable":false,"isRecommended":"YES"},{"hotelId":"225819","totalPositiveFeedbacks":0,"tpid":"4","eapid":"0","contentLocale":"en_ca","totalThanks":0,"photos":[],"reviewId":"577679f486298d0b828a2b46","itinId":"1132721748851","moderationStatus":"APPROVED","contentCodes":"","managementResponses":[],"ratingOverall":4,"langId":"4105","userNickname":"","brandType":"Expedia","title":"Nice downtown hotel","reviewText":"Great place - didn't try the restaurant which looked really good","featured":false,"ratingsOnly":false,"ratingRoomCleanliness":5,"ratingHotelCondition":5,"ratingService":5,"ratingRoomComfort":4,"positiveRemarks":"","negativeRemarks":"","locationRemarks":"","lastInitial":"","userLocation":"","reviewSubmissionTime":"2016-07-01T14:11:00Z","reviewerCategories":[{"categoryId":"Everyone","categoryLabel":"Everyone"}],"userDisplayName":"","roomTypeId":201229200,"isUnverified":false,"isFlaggable":true,"isRecommended":"YES"},{"hotelId":"225819","totalPositiveFeedbacks":0,"tpid":"25","eapid":"0","contentLocale":"en_au","totalThanks":0,"photos":[],"reviewId":"577280741a77650b7c39138a","itinId":"18544085389","moderationStatus":"APPROVED","contentCodes":"MMA","managementResponses":[],"ratingOverall":5,"langId":"3081","userNickname":"","brandType":"Expedia","title":"Excellent location friendly staff and stylish bar.","reviewText":"Excellent location close to shopping and transport. ","featured":false,"ratingsOnly":false,"ratingRoomCleanliness":5,"ratingHotelCondition":5,"ratingService":5,"ratingRoomComfort":5,"positiveRemarks":"","negativeRemarks":"","locationRemarks":"","lastInitial":"","userLocation":"","reviewSubmissionTime":"2016-06-28T13:49:40Z","reviewerCategories":[{"categoryId":"Everyone","categoryLabel":"Everyone"}],"userDisplayName":"","roomTypeId":201229200,"isUnverified":false,"isFlaggable":false,"isRecommended":"YES"},{"hotelId":"225819","totalPositiveFeedbacks":0,"tpid":"1","eapid":"0","contentLocale":"en_us","totalThanks":0,"photos":[],"reviewId":"5758535693cda40b27aaafc8","itinId":"1135212729090","moderationStatus":"APPROVED","contentCodes":"","managementResponses":[],"ratingOverall":4,"langId":"1033","userNickname":"","brandType":"Expedia","title":"","reviewText":"Stayed for 3 nights. Super location and nicely designed boutique hotel. ","featured":false,"ratingsOnly":false,"ratingRoomCleanliness":3,"ratingHotelCondition":4,"ratingService":4,"ratingRoomComfort":4,"positiveRemarks":"","negativeRemarks":"","locationRemarks":"","lastInitial":"","userLocation":"","reviewSubmissionTime":"2016-06-08T17:18:14Z","reviewerCategories":[{"categoryId":"Everyone","categoryLabel":"Everyone"}],"userDisplayName":"","roomTypeId":201229200,"isUnverified":false,"isFlaggable":true,"isRecommended":"YES"},{"hotelId":"225819","totalPositiveFeedbacks":2,"tpid":"1","eapid":"0","contentLocale":"en_us","totalThanks":2,"photos":[{"thumbnailUrl":"https://a.travel-assets.com/ugc/hotel-reviews/67F773AB22BF0367DBC108D3FC11CF4993861ADB1464840000715.jpg?resize=100:*","normalUrl":"https://a.travel-assets.com/ugc/hotel-reviews/67F773AB22BF0367DBC108D3FC11CF4993861ADB1464840000715.jpg?resize=360:*","caption":""},{"thumbnailUrl":"https://a.travel-assets.com/ugc/hotel-reviews/D0F8D5D7C1B3D2BA3A2C7DA8F4BF34341079C40E1464840007055.jpg?resize=100:*","normalUrl":"https://a.travel-assets.com/ugc/hotel-reviews/D0F8D5D7C1B3D2BA3A2C7DA8F4BF34341079C40E1464840007055.jpg?resize=360:*","caption":""}],"reviewId":"574fa3a6021cc109df10d39c","itinId":"1136081244565","moderationStatus":"APPROVED","contentCodes":"HMP","managementResponses":[],"ratingOverall":3,"langId":"1033","userNickname":"","brandType":"Expedia","title":"Great concept poor execution. ","reviewText":"My normal go to when traveling to San Francisco is the Mark Hopkins. This time I wanted to try something new a bit more hip then old school. The staff is amazing, kind, knowledgable and overall good people. The room not so great, office chair super dirty as pictured below the vents were super dusty. The only reason I looked was because my allergies were so agitated it had to be something in the room.  I travel with my hypoallergenic dog when we asked for a dog bed it came covered in dog hair. Mind you my dog doesn't shed and she refused to lay on that bed. Lastly No room service only breakfastI guess thats where it counts but was disappointing. ","featured":false,"ratingsOnly":false,"ratingRoomCleanliness":2,"ratingHotelCondition":2,"ratingService":5,"ratingRoomComfort":2,"positiveRemarks":"The staff is amazing, kind, knowledgable and overall good people.","negativeRemarks":"The room can be cleaned a bit better including the furniture . The robs size is: OS/L, trying carrying more sizes and extended sizes.","locationRemarks":"Prime location with nearby restaurants and Starbucks since there is no room service.","lastInitial":"","userLocation":"","reviewSubmissionTime":"2016-06-02T03:10:30Z","reviewerCategories":[{"categoryId":"Everyone","categoryLabel":"Everyone"}],"userDisplayName":"","roomTypeId":"","isUnverified":false,"isFlaggable":false,"isRecommended":"NO"},{"hotelId":"225819","totalPositiveFeedbacks":0,"tpid":"3","eapid":"0","contentLocale":"en_gb","totalThanks":0,"photos":[],"reviewId":"574f0ee14dc48609fb27c7a1","itinId":"111943551036","moderationStatus":"APPROVED","contentCodes":"","managementResponses":[],"ratingOverall":5,"langId":"2057","userNickname":"Julia","brandType":"Expedia","title":"Very nice hotel in downtown ","reviewText":"Excellent service and facilities, highly recommended ","featured":false,"ratingsOnly":false,"ratingRoomCleanliness":5,"ratingHotelCondition":5,"ratingService":5,"ratingRoomComfort":5,"positiveRemarks":"","negativeRemarks":"","locationRemarks":"","lastInitial":"","userLocation":"England ","reviewSubmissionTime":"2016-06-01T16:35:45Z","reviewerCategories":[{"categoryId":"Everyone","categoryLabel":"Everyone"}],"userDisplayName":"","roomTypeId":201229219,"isUnverified":false,"isFlaggable":true,"isRecommended":"YES"},{"hotelId":"225819","totalPositiveFeedbacks":0,"tpid":"1","eapid":"0","contentLocale":"en_us","totalThanks":0,"photos":[],"reviewId":"574e8aba82ccbf09fb40784a","itinId":"1126763996191","moderationStatus":"APPROVED","contentCodes":"MMA","managementResponses":[],"ratingOverall":5,"langId":"1033","userNickname":"","brandType":"Expedia","title":"Great Gem in big city.. ","reviewText":"Stayed here for a conference at Moscone. Hotel was 5 min walk and close to shopping and restaurants. Great location and staff was very helpful and friendly. Room was clean and comfortabke. Would stay again! ","featured":false,"ratingsOnly":false,"ratingRoomCleanliness":4,"ratingHotelCondition":4,"ratingService":5,"ratingRoomComfort":5,"positiveRemarks":"","negativeRemarks":"","locationRemarks":"","lastInitial":"","userLocation":"","reviewSubmissionTime":"2016-06-01T07:11:54Z","reviewerCategories":[{"categoryId":"Everyone","categoryLabel":"Everyone"}],"userDisplayName":"","roomTypeId":201229219,"isUnverified":false,"isFlaggable":false,"isRecommended":"YES"},{"hotelId":"225819","totalPositiveFeedbacks":0,"tpid":"1","eapid":"0","contentLocale":"en_us","totalThanks":0,"photos":[],"reviewId":"573f3f10c845e309fb5e9a37","itinId":"1133503961040","moderationStatus":"APPROVED","contentCodes":"","managementResponses":[],"ratingOverall":4,"langId":"1033","userNickname":"","brandType":"Expedia","title":"","reviewText":"Pleasant weekend stay in SF, nice room in an excellent  location. Enjoyed Sun breakfast at the restaurant. No air movement first night in the room but quick response from hotel staff to get it fixed. ","featured":false,"ratingsOnly":false,"ratingRoomCleanliness":5,"ratingHotelCondition":4,"ratingService":5,"ratingRoomComfort":4,"positiveRemarks":"","negativeRemarks":"","locationRemarks":"","lastInitial":"","userLocation":"","reviewSubmissionTime":"2016-05-20T16:45:04Z","reviewerCategories":[{"categoryId":"Everyone","categoryLabel":"Everyone"}],"userDisplayName":"","roomTypeId":201229219,"isUnverified":false,"isFlaggable":true,"isRecommended":"YES"},{"hotelId":"225819","totalPositiveFeedbacks":0,"tpid":"1","eapid":"0","contentLocale":"en_us","totalThanks":0,"photos":[],"reviewId":"5727dc57359b4c09fad169f5","itinId":"1133841827280","moderationStatus":"APPROVED","contentCodes":"","managementResponses":[],"ratingOverall":5,"langId":"1033","userNickname":"","brandType":"Expedia","title":"","reviewText":"Small lobby, clean room, great location. Free water in lobby","featured":false,"ratingsOnly":false,"ratingRoomCleanliness":5,"ratingHotelCondition":5,"ratingService":5,"ratingRoomComfort":5,"positiveRemarks":"","negativeRemarks":"","locationRemarks":"","lastInitial":"","userLocation":"","reviewSubmissionTime":"2016-05-02T23:01:43Z","reviewerCategories":[{"categoryId":"Everyone","categoryLabel":"Everyone"}],"userDisplayName":"","roomTypeId":201229206,"isUnverified":false,"isFlaggable":true,"isRecommended":"YES"},{"hotelId":"225819","totalPositiveFeedbacks":1,"tpid":"1","eapid":"0","contentLocale":"en_us","totalThanks":1,"photos":[],"reviewId":"57277063359b4c09fa5dbf7a","itinId":"1133866324184","moderationStatus":"APPROVED","contentCodes":"","managementResponses":[],"ratingOverall":5,"langId":"1033","userNickname":"Amber","brandType":"Expedia","title":"Convenient, cute and moderately comfrotable","reviewText":"The hotel is just one of many that are on this new trend of firmer pillows and mattresses. This is the third hotel I have stayed in the last few months that have had firmer vs softer mattresses in their rooms.\r\n\r\nAside from the bed? The room was well appointed, comfortable and really? The bonus??? Those super plushy and comfy robes in the closet. I miss a good hotel robe and this one had one!! Another little thing I loved was the spa water and coffee service in the lobby. High quality coffee and the New York Times? Count me in!\r\n\r\nThe maid service was friendly, attentive, and I even got a little note. Would totally stay again.","featured":false,"ratingsOnly":false,"ratingRoomCleanliness":5,"ratingHotelCondition":5,"ratingService":5,"ratingRoomComfort":3,"positiveRemarks":"Robes! Coffee! Newspapers!","negativeRemarks":"Softer beds... but that is just *my* personal preference.","locationRemarks":"I love a good cup of coffee at Blue Bottle and walking around market street window shopping.","lastInitial":"C","userLocation":"Los Angeles","reviewSubmissionTime":"2016-05-02T15:21:07Z","reviewerCategories":[{"categoryId":"Couples","categoryLabel":"Couples"}],"userDisplayName":"","roomTypeId":201229209,"isUnverified":false,"isFlaggable":true,"isRecommended":"YES"},{"hotelId":"225819","totalPositiveFeedbacks":0,"tpid":"1","eapid":"0","contentLocale":"en_us","totalThanks":0,"photos":[],"reviewId":"571591217f968b09f59f43de","itinId":"1132773669506","moderationStatus":"APPROVED","contentCodes":"HMP MMD","managementResponses":[],"ratingOverall":2,"langId":"1033","userNickname":"","brandType":"Expedia","title":"small size","reviewText":"the hotel is modern and style is good, however your bed is 2.5 steps from the bathroom in the executive room, crazy! Its the smallest executive room I have ever seen. the windows wont open and the over all room is a small foot print. Only other room they told me was a suite, hate to see the regular room..","featured":false,"ratingsOnly":false,"ratingRoomCleanliness":5,"ratingHotelCondition":3,"ratingService":3,"ratingRoomComfort":1,"positiveRemarks":"the bar was nice","negativeRemarks":"","locationRemarks":"","lastInitial":"","userLocation":"","reviewSubmissionTime":"2016-04-19T02:00:01Z","reviewerCategories":[{"categoryId":"Everyone","categoryLabel":"Everyone"}],"userDisplayName":"","roomTypeId":201229208,"isUnverified":false,"isFlaggable":false,"isRecommended":"NO"}]}}}
