{"reviewDetails":{"startIndex":0,"numberOfReviewsInThisPage":20,"reviewSummaryCollection":{"reviewSummary":[{"hotelId":"42336","totalReviewCnt":726,"avgOverallRating":4.066115,"cleanliness":4.2644596,"serviceAndStaff":4.2079864,"roomComfort":4.1831956,"hotelCondition":4.0055094,"convenienceOfLocation":4.2238817,"neighborhoodSatisfaction":4.194029,"roomQuality":0,"targetedBrand":"Expedia","originSummary":[{"origin":"Expedia","reviewCnt":726,"recommendedPercent":85.67493,"avgOverallRating":4.066115,"cleanliness":4.2644596,"serviceAndStaff":4.2079864,"roomComfort":4.1831956,"hotelCondition":4.0055094,"convenienceOfLocation":4.2238817,"neighborhoodSatisfaction":4.194029,"valueForMoney":0,"roomQuality":0,"categoryCounts":{"Everyone":377,"BusinessTravelers":15,"Couples":21,"Students":2,"Families":85,"Other":3},"roomTypeIdCounts":{"174691":2,"174688":18,"236640":1,"200259210":15,"201132600":1,"174692":1,"200716657":4,"11113":124,"200716703":1,"29752":90,"201436184":2,"200259221":17,"13498":41,"201436122":2,"174686":14,"200259218":3,"174685":30},"languageCounts":{"en":726}}],"recommendedPercent":85.67493,"valueForMoney":0,"categoryCounts":{"Everyone":377,"BusinessTravelers":15,"Couples":21,"Students":2,"Families":85,"Other":3},"roomTypeIdCounts":{"174691":2,"174688":18,"236640":1,"200259210":15,"201132600":1,"174692":1,"200716657":4,"11113":124,"200716703":1,"29752":90,"201436184":2,"200259221":17,"13498":41,"201436122":2,"174686":14,"200259218":3,"174685":30},"languageCounts":{"en":726},"featuredReview":{}}]},"reviewCollection":{"review":[{"hotelId":"42336","totalPositiveFeedbacks":0,"tpid":"1","eapid":"0","contentLocale":"en_us","totalThanks":0,"photos":[],"reviewId":"57b48f5e91cc1c0b2ef14538","itinId":"1140989211380","moderationStatus":"APPROVED","contentCodes":"","managementResponses":[],"ratingOverall":5,"langId":"1033","userNickname":"","brandType":"Expedia","title":"","reviewText":"I would recommend this hotel very nice and clean. Free breakfast and it was good not your typical breakfast buffet.","featured":false,"ratingsOnly":false,"ratingRoomCleanliness":5,"ratingHotelCondition":5,"ratingService":5,"ratingRoomComfort":5,"positiveRemarks":"","negativeRemarks":"","locationRemarks":"","lastInitial":"","userLocation":"","reviewSubmissionTime":"2016-08-17T16:22:54Z","reviewerCategories":[{"categoryId":"Everyone","categoryLabel":"Everyone"}],"userDisplayName":"","roomTypeId":29752,"isUnverified":false,"isFlaggable":true,"isRecommended":"YES"},{"hotelId":"42336","totalPositiveFeedbacks":1,"tpid":"1","eapid":"0","contentLocale":"en_us","totalThanks":1,"photos":[],"reviewId":"57b22b42c25ece0b0647a40b","itinId":"1143399320213","moderationStatus":"APPROVED","contentCodes":"","managementResponses":[],"ratingOverall":5,"langId":"1033","userNickname":"","brandType":"Expedia","title":"Great last minute booking","reviewText":"Even though construction going on, we had a great one night stay at this hotel. Room was very clean, bed was so quiet and comfy. My kids easily could sleep one on the floor and one on the sofa bed. We love the location water front, we had a nice walk along the beach in the morning.","featured":false,"ratingsOnly":false,"ratingRoomCleanliness":5,"ratingHotelCondition":5,"ratingService":5,"ratingRoomComfort":5,"positiveRemarks":"Breakfast was fantastic!","negativeRemarks":"Jacuzzi was so small. They need at least two in this hotel.","locationRemarks":"","lastInitial":"","userLocation":"","reviewSubmissionTime":"2016-08-15T20:51:14Z","reviewerCategories":[{"categoryId":"Everyone","categoryLabel":"Everyone"}],"userDisplayName":"","roomTypeId":29752,"isUnverified":false,"isFlaggable":true,"isRecommended":"YES"},{"hotelId":"42336","totalPositiveFeedbacks":0,"tpid":"1","eapid":"0","contentLocale":"en_us","totalThanks":0,"photos":[],"reviewId":"57a9d31dc01ada0b06e533b8","itinId":"1138328343635","moderationStatus":"APPROVED","contentCodes":"","managementResponses":[],"ratingOverall":5,"langId":"1033","userNickname":"frank","brandType":"Expedia","title":"","reviewText":"Beautiful hotel great view terrific staff wonderful breakfast ","featured":false,"ratingsOnly":false,"ratingRoomCleanliness":5,"ratingHotelCondition":5,"ratingService":5,"ratingRoomComfort":5,"positiveRemarks":"","negativeRemarks":"","locationRemarks":"","lastInitial":"","userLocation":"r","reviewSubmissionTime":"2016-08-09T12:57:01Z","reviewerCategories":[{"categoryId":"Everyone","categoryLabel":"Everyone"}],"userDisplayName":"","roomTypeId":200259221,"isUnverified":false,"isFlaggable":true,"isRecommended":"YES"},{"hotelId":"42336","totalPositiveFeedbacks":0,"tpid":"1","eapid":"0","contentLocale":"en_us","totalThanks":0,"photos":[],"reviewId":"57a7f59c075f640b272095af","itinId":"1140389188347","moderationStatus":"APPROVED","contentCodes":"","managementResponses":[],"ratingOverall":4,"langId":"1033","userNickname":"","brandType":"Expedia","title":"","reviewText":"Great location and accommodations.  Awesome breakfast  ","featured":false,"ratingsOnly":false,"ratingRoomCleanliness":4,"ratingHotelCondition":4,"ratingService":4,"ratingRoomComfort":4,"positiveRemarks":"","negativeRemarks":"","locationRemarks":"","lastInitial":"","userLocation":"","reviewSubmissionTime":"2016-08-08T02:59:40Z","reviewerCategories":[{"categoryId":"Everyone","categoryLabel":"Everyone"}],"userDisplayName":"","roomTypeId":201436184,"isUnverified":false,"isFlaggable":true,"isRecommended":"YES"},{"hotelId":"42336","totalPositiveFeedbacks":0,"tpid":"1","eapid":"0","contentLocale":"en_us","totalThanks":0,"photos":[],"reviewId":"579e1555494bd70b06439c62","itinId":"1139106639916","moderationStatus":"APPROVED","contentCodes":"","managementResponses":[],"ratingOverall":4,"langId":"1033","userNickname":"k","brandType":"Expedia","title":"","reviewText":"Please make sure you double check the location when staying here as there are two Embassy Suites by the Airport and we accidentally went first to the wrong one. \r\nThe overall was a good experience and very convenient to the airport for our return home. The indoor pool did not appear to be heated but the kids swam nonetheless. We also found a pair of someone else's tweezers on the floor in the bedroom when we checked in thanks to my two year old which made me a bit concerned for the cleanliness.  The rooms were otherwise clean and comfortable. We would stay here again. ","featured":false,"ratingsOnly":false,"ratingRoomCleanliness":3,"ratingHotelCondition":4,"ratingService":4,"ratingRoomComfort":4,"positiveRemarks":"","negativeRemarks":"","locationRemarks":"","lastInitial":"","userLocation":"","reviewSubmissionTime":"2016-07-31T15:12:21Z","reviewerCategories":[{"categoryId":"Everyone","categoryLabel":"Everyone"}],"userDisplayName":"","roomTypeId":11113,"isUnverified":false,"isFlaggable":true,"isRecommended":"YES"},{"hotelId":"42336","totalPositiveFeedbacks":0,"tpid":"1","eapid":"0","contentLocale":"en_us","totalThanks":0,"photos":[],"reviewId":"579c883587f8460b06a4e5db","itinId":"1121248729048","moderationStatus":"APPROVED","contentCodes":"","managementResponses":[],"ratingOverall":4,"langId":"1033","userNickname":"ldi","brandType":"Expedia","title":"Nice Hotel with great breakfast buffer!","reviewText":"Only 30 min from downtown San Francisco.  This hotel is really family friendly and offers great accomodations and breakfast buffet!","featured":false,"ratingsOnly":false,"ratingRoomCleanliness":5,"ratingHotelCondition":5,"ratingService":5,"ratingRoomComfort":5,"positiveRemarks":"","negativeRemarks":"","locationRemarks":"","lastInitial":"","userLocation":"jacksonville FL","reviewSubmissionTime":"2016-07-30T10:57:57Z","reviewerCategories":[{"categoryId":"Everyone","categoryLabel":"Everyone"}],"userDisplayName":"","roomTypeId":11113,"isUnverified":false,"isFlaggable":true,"isRecommended":"YES"},{"hotelId":"42336","totalPositiveFeedbacks":0,"tpid":"1","eapid":"0","contentLocale":"en_us","totalThanks":0,"photos":[{"thumbnailUrl":"https://a.travel-assets.com/ugc/hotel-reviews/A61E0D6E97E8C12B7D156ABA910FFC9F5B70BC711469369056327.jpg?resize=100:*","normalUrl":"https://a.travel-assets.com/ugc/hotel-reviews/A61E0D6E97E8C12B7D156ABA910FFC9F5B70BC711469369056327.jpg?resize=360:*","caption":"View to the center/right from our room "},{"thumbnailUrl":"https://a.travel-assets.com/ugc/hotel-reviews/433E9BDEAF70F3E0CF5E9EEFBEDC802F8F8EFE011469369061414.jpg?resize=100:*","normalUrl":"https://a.travel-assets.com/ugc/hotel-reviews/433E9BDEAF70F3E0CF5E9EEFBEDC802F8F8EFE011469369061414.jpg?resize=360:*","caption":"View from the center/left from our room"}],"reviewId":"5794c8947331850b27ce20a4","itinId":"1126140918995","moderationStatus":"APPROVED","contentCodes":"HMP","managementResponses":[],"ratingOverall":5,"langId":"1033","userNickname":"The Dillons","brandType":"Expedia","title":"Beautiful bay views!!!","reviewText":"Carolina was excellent !!  We'd had a long drive in from Lake Tahoe and she was very sweet and accommodating. We would DEFINITLY stay here again if ever in the area. ","featured":false,"ratingsOnly":false,"ratingRoomCleanliness":5,"ratingHotelCondition":5,"ratingService":5,"ratingRoomComfort":5,"positiveRemarks":"","negativeRemarks":"","locationRemarks":"","lastInitial":"","userLocation":"WC, Texas","reviewSubmissionTime":"2016-07-24T13:54:28Z","reviewerCategories":[{"categoryId":"Everyone","categoryLabel":"Everyone"}],"userDisplayName":"","roomTypeId":29752,"isUnverified":false,"isFlaggable":false,"isRecommended":"YES"},{"hotelId":"42336","totalPositiveFeedbacks":0,"tpid":"1","eapid":"0","contentLocale":"en_us","totalThanks":0,"photos":[],"reviewId":"577fbc4a0cd612150d3eae8a","itinId":"1139301614134","moderationStatus":"APPROVED","contentCodes":"","managementResponses":[],"ratingOverall":5,"langId":"1033","userNickname":"","brandType":"Expedia","title":"Beautiful trail along the beach.","reviewText":"Friendly staff, nice hotel. Delicious breakfast options.","featured":false,"ratingsOnly":false,"ratingRoomCleanliness":5,"ratingHotelCondition":5,"ratingService":5,"ratingRoomComfort":5,"positiveRemarks":"","negativeRemarks":"","locationRemarks":"","lastInitial":"","userLocation":"","reviewSubmissionTime":"2016-07-08T14:44:26Z","reviewerCategories":[{"categoryId":"Everyone","categoryLabel":"Everyone"}],"userDisplayName":"","roomTypeId":29752,"isUnverified":false,"isFlaggable":true,"isRecommended":"YES"},{"hotelId":"42336","totalPositiveFeedbacks":1,"tpid":"1","eapid":"0","contentLocale":"en_us","totalThanks":1,"photos":[],"reviewId":"5775e21086298d0b82dc9ff0","itinId":"1137795448971","moderationStatus":"APPROVED","contentCodes":"","managementResponses":[],"ratingOverall":4,"langId":"1033","userNickname":"Johan","brandType":"Expedia","title":"Decent in SF","reviewText":"Hotel is a bit dated but still with nice deco, generous breakfast and happy hour and a heated indoor pool. For a two night stay it was well worth it although it is about half an hour to get to downtown. ","featured":false,"ratingsOnly":false,"ratingRoomCleanliness":3,"ratingHotelCondition":3,"ratingService":3,"ratingRoomComfort":3,"positiveRemarks":"","negativeRemarks":"","locationRemarks":"","lastInitial":"","userLocation":"","reviewSubmissionTime":"2016-07-01T03:22:56Z","reviewerCategories":[{"categoryId":"Everyone","categoryLabel":"Everyone"}],"userDisplayName":"","roomTypeId":200716657,"isUnverified":false,"isFlaggable":true,"isRecommended":"YES"},{"hotelId":"42336","totalPositiveFeedbacks":1,"tpid":"1","eapid":"0","contentLocale":"en_us","totalThanks":1,"photos":[],"reviewId":"57705cb707bda70b7c232191","itinId":"1134162466635","moderationStatus":"APPROVED","contentCodes":"","managementResponses":[],"ratingOverall":3,"langId":"1033","userNickname":"Le","brandType":"Expedia","title":"Nice hotel ","reviewText":"Closer to the airport, easy to access the freeway and city.","featured":false,"ratingsOnly":false,"ratingRoomCleanliness":4,"ratingHotelCondition":3,"ratingService":4,"ratingRoomComfort":4,"positiveRemarks":"","negativeRemarks":"","locationRemarks":"","lastInitial":"","userLocation":"Orange County","reviewSubmissionTime":"2016-06-26T22:52:39Z","reviewerCategories":[{"categoryId":"Everyone","categoryLabel":"Everyone"}],"userDisplayName":"","roomTypeId":11113,"isUnverified":false,"isFlaggable":true,"isRecommended":"YES"},{"hotelId":"42336","totalPositiveFeedbacks":1,"tpid":"1","eapid":"0","contentLocale":"en_us","totalThanks":1,"photos":[],"reviewId":"576f16d746f97c0b82b3a31e","itinId":"1137840780357","moderationStatus":"APPROVED","contentCodes":"","managementResponses":[],"ratingOverall":4,"langId":"1033","userNickname":"BH","brandType":"Expedia","title":"Gorgeous bay view with friendly staff","reviewText":"We enjoyed the gorgeous bay view out our window and the stunning nightly sunsets. The hot breakfast was great and all the staff very friendly and helpful. The only downside was that our room was on the 9th floor and never really cooled down enough. The staff brought a fan, which helped.","featured":false,"ratingsOnly":false,"ratingRoomCleanliness":5,"ratingHotelCondition":4,"ratingService":5,"ratingRoomComfort":4,"positiveRemarks":"","negativeRemarks":"","locationRemarks":"","lastInitial":"B","userLocation":"H","reviewSubmissionTime":"2016-06-25T23:42:15Z","reviewerCategories":[{"categoryId":"Everyone","categoryLabel":"Everyone"}],"userDisplayName":"","roomTypeId":13498,"isUnverified":false,"isFlaggable":true,"isRecommended":"YES"},{"hotelId":"42336","totalPositiveFeedbacks":1,"tpid":"1","eapid":"0","contentLocale":"en_us","totalThanks":1,"photos":[],"reviewId":"5766b2ef9cd5dd0b48f090d5","itinId":"1137673228779","moderationStatus":"APPROVED","contentCodes":"","managementResponses":[],"ratingOverall":4,"langId":"1033","userNickname":"Gus","brandType":"Expedia","title":"","reviewText":"Nice hotel with easy parking. We had breakfast included it was a great option. Evening happy hour was nice too. ","featured":false,"ratingsOnly":false,"ratingRoomCleanliness":4,"ratingHotelCondition":4,"ratingService":5,"ratingRoomComfort":3,"positiveRemarks":"","negativeRemarks":"","locationRemarks":"","lastInitial":"","userLocation":"Rancho Cucamonga, CA","reviewSubmissionTime":"2016-06-19T14:57:51Z","reviewerCategories":[{"categoryId":"Everyone","categoryLabel":"Everyone"}],"userDisplayName":"","roomTypeId":13498,"isUnverified":false,"isFlaggable":true,"isRecommended":"YES"},{"hotelId":"42336","totalPositiveFeedbacks":0,"tpid":"1","eapid":"0","contentLocale":"en_us","totalThanks":0,"photos":[],"reviewId":"5765ef0e9cd5dd0b48353ea1","itinId":"1130163162890","moderationStatus":"APPROVED","contentCodes":"HMP MMD","managementResponses":[],"ratingOverall":3,"langId":"1033","userNickname":"Ron","brandType":"Expedia","title":"Some good, some bad","reviewText":"Upon check-in, there were only towels for one person, in a five-person suite (2 double beds and 1 pull-out sofa); Morning breakfast couldn't accommodate us most days, because there weren't enough tables; Staff seemed very confused and un-coordinated over the made-to-order breakfasts, so always very long lines waiting; Breakfast was advertised until 10:30am, which is also when the front desk said it ended, but by 9:30 every day, everything was being put away","featured":false,"ratingsOnly":false,"ratingRoomCleanliness":4,"ratingHotelCondition":3,"ratingService":2,"ratingRoomComfort":3,"positiveRemarks":"Airy hotel, good pool, clean rooms","negativeRemarks":"Staff needs to remember that they're in the service business. Half the staff ignored us rather than greeted or helped us with issues","locationRemarks":"Difficult to get to because of area construction; probably is temporary","lastInitial":"","userLocation":"Seattle","reviewSubmissionTime":"2016-06-19T01:02:06Z","reviewerCategories":[{"categoryId":"Families","categoryLabel":"Families"}],"userDisplayName":"","roomTypeId":11113,"isUnverified":false,"isFlaggable":false,"isRecommended":"NO"},{"hotelId":"42336","totalPositiveFeedbacks":0,"tpid":"27","eapid":"0","contentLocale":"en_gb","totalThanks":0,"photos":[],"reviewId":"57619a9d5ecce60b26c21608","itinId":"16044436589","moderationStatus":"APPROVED","contentCodes":"MMA","managementResponses":[],"ratingOverall":3,"langId":"2057","userNickname":"Akadus","brandType":"Expedia","title":"Hotel is very dated","reviewText":"The property is OK for a one night stay which we had. Overall the place was dated. Also even though the views are nice it can be very noisy with the proximity to the runway during the airports hours of operation. ","featured":false,"ratingsOnly":false,"ratingRoomCleanliness":3,"ratingHotelCondition":2,"ratingService":4,"ratingRoomComfort":3,"positiveRemarks":"","negativeRemarks":"","locationRemarks":"","lastInitial":"A","userLocation":"K","reviewSubmissionTime":"2016-06-15T18:12:45Z","reviewerCategories":[{"categoryId":"Everyone","categoryLabel":"Everyone"}],"userDisplayName":"","roomTypeId":13498,"isUnverified":false,"isFlaggable":false,"isRecommended":"YES"},{"hotelId":"42336","totalPositiveFeedbacks":0,"tpid":"1","eapid":"0","contentLocale":"en_us","totalThanks":0,"photos":[],"reviewId":"576000985ecce60b261a0137","itinId":"1129001562855","moderationStatus":"APPROVED","contentCodes":"HMP MMD","managementResponses":[],"ratingOverall":3,"langId":"1033","userNickname":"becky","brandType":"Expedia","title":"not fun to stay here","reviewText":"Beds are incredibly small for two adults, poll and hot tub very disappointing. Breakfast and managers reception each night were great!!! Dogs barking all day in night in the room next to us was horrible. Staff did nothing but give us free parking. Balcony doors were very hard to open or close. Air conditioning did not work!!! We had to sleep with the balcony door open, otherwise our room was 76 degrees and humid!!! I would not stay here again.","featured":false,"ratingsOnly":false,"ratingRoomCleanliness":3,"ratingHotelCondition":2,"ratingService":3,"ratingRoomComfort":1,"positiveRemarks":"Free breakfast was great. Made to order omelette my family loved. Rest of the food was cold and portion sizes were small","negativeRemarks":"Do not allow dogs left in rooms all day and night to bark and cry!!! Fix the air conditioning and the balcony doors","locationRemarks":"Not much to do nearby, but close to airport. You will hear noise from planes all hours.","lastInitial":"","userLocation":"green bay, wi","reviewSubmissionTime":"2016-06-14T13:03:20Z","reviewerCategories":[{"categoryId":"Everyone","categoryLabel":"Everyone"}],"userDisplayName":"","roomTypeId":11113,"isUnverified":false,"isFlaggable":false,"isRecommended":"NO"},{"hotelId":"42336","totalPositiveFeedbacks":0,"tpid":"29","eapid":"0","contentLocale":"en_au","totalThanks":0,"photos":[],"reviewId":"575e1f9fe61a690b28d56fac","itinId":"126139772479","moderationStatus":"APPROVED","contentCodes":"MMA","managementResponses":[],"ratingOverall":5,"langId":"3081","userNickname":"Barb","brandType":"Expedia","title":"Very nice hotel close to the airport","reviewText":"Free shuttle service provided from the airport. Hotel staff were all very pleasant and efficient.  Our room was very well appointed.  The restaurant within the hotel was great.  There is a lovely walking/cycling track along the shore with easy access from the hotel - great for walking off the effects of a long-haul flight.","featured":false,"ratingsOnly":false,"ratingRoomCleanliness":5,"ratingHotelCondition":5,"ratingService":5,"ratingRoomComfort":5,"positiveRemarks":"","negativeRemarks":"","locationRemarks":"","lastInitial":"","userLocation":"New Zealand","reviewSubmissionTime":"2016-06-13T02:51:11Z","reviewerCategories":[{"categoryId":"Everyone","categoryLabel":"Everyone"}],"userDisplayName":"","roomTypeId":29752,"isUnverified":false,"isFlaggable":false,"isRecommended":"YES"},{"hotelId":"42336","totalPositiveFeedbacks":0,"tpid":"1","eapid":"0","contentLocale":"en_us","totalThanks":0,"photos":[],"reviewId":"5756ec82773f350b50625014","itinId":"1136805358478","moderationStatus":"APPROVED","contentCodes":"HMP MMD","managementResponses":[],"ratingOverall":4,"langId":"1033","userNickname":"MS","brandType":"Expedia","title":"nice views","reviewText":"We've stayed here before it was renovated because of the location. It is nicely decorated and comfortable EXCEPT the air conditioning system is awful! It was 73.4 degrees after I turned on the a/c and the only reason it cooled down was because we had to open the sliding window to get a cool breeze into the room. We had to sleep with it open all night as we were sweating! Another hotel patron asked my husband in the hotel if our room was too warm, too, and he told her we had to open the sliding window. \r\nAs usual, the happy hour was nice as well as the breakfast. The one thing we were disappointed in was that they are now charging $22 a night to park in their parking lot ($12 if you are a Hilton Honors member) and increased the cost of a night at the hotel. I don't know if it was hiked because of the remodel cost or the NBA Finals beginning; we might reconsider staying there again for that same price. ","featured":false,"ratingsOnly":false,"ratingRoomCleanliness":4,"ratingHotelCondition":4,"ratingService":5,"ratingRoomComfort":2,"positiveRemarks":"","negativeRemarks":"","locationRemarks":"","lastInitial":"","userLocation":"Huntington Beach, CA","reviewSubmissionTime":"2016-06-07T15:47:14Z","reviewerCategories":[{"categoryId":"Everyone","categoryLabel":"Everyone"}],"userDisplayName":"","roomTypeId":29752,"isUnverified":false,"isFlaggable":false,"isRecommended":"YES"},{"hotelId":"42336","totalPositiveFeedbacks":0,"tpid":"1","eapid":"0","contentLocale":"en_us","totalThanks":0,"photos":[],"reviewId":"57530189e67cf90b7c9e6746","itinId":"1129216814301","moderationStatus":"APPROVED","contentCodes":"MMA","managementResponses":[],"ratingOverall":4,"langId":"1033","userNickname":"Steve","brandType":"Expedia","title":"Overnight while enroute to another destination","reviewText":"Room was comfortable & quiet on the 7th floor.\r\nOnly significant problem was getting a working hair dryer.  It took 3 calls/contacts to get a satisfactory response.\r\nAlso, attempts to contact housekeeping or the front desk were frustrating, because no one was answering the phone.\r\nBreakfast was nice, but not extraordinary ","featured":false,"ratingsOnly":false,"ratingRoomCleanliness":5,"ratingHotelCondition":4,"ratingService":4,"ratingRoomComfort":5,"positiveRemarks":"Location to SFO and free shuttle","negativeRemarks":"","locationRemarks":"","lastInitial":"M","userLocation":"NJ","reviewSubmissionTime":"2016-06-04T16:27:53Z","reviewerCategories":[{"categoryId":"Everyone","categoryLabel":"Everyone"}],"userDisplayName":"","roomTypeId":201436122,"isUnverified":false,"isFlaggable":false,"isRecommended":"YES"},{"hotelId":"42336","totalPositiveFeedbacks":0,"tpid":"1","eapid":"0","contentLocale":"en_us","totalThanks":0,"photos":[],"reviewId":"574c897f2b7c4e09fb30bde4","itinId":"1135160816793","moderationStatus":"APPROVED","contentCodes":"","managementResponses":[],"ratingOverall":4,"langId":"1033","userNickname":"jo","brandType":"Expedia","title":"Nice hotel close to airport","reviewText":"Nice hotel. Great breakfast. Refrigerator didn't work. It was replaced. Had to ask everyday for towels as only 3 were left daily for 4 people.  No air vents in bedroom. ","featured":false,"ratingsOnly":false,"ratingRoomCleanliness":4,"ratingHotelCondition":4,"ratingService":4,"ratingRoomComfort":3,"positiveRemarks":"","negativeRemarks":"","locationRemarks":"","lastInitial":"","userLocation":"NC","reviewSubmissionTime":"2016-05-30T18:42:07Z","reviewerCategories":[{"categoryId":"Everyone","categoryLabel":"Everyone"}],"userDisplayName":"","roomTypeId":174685,"isUnverified":false,"isFlaggable":true,"isRecommended":"YES"},{"hotelId":"42336","totalPositiveFeedbacks":0,"tpid":"1","eapid":"0","contentLocale":"en_us","totalThanks":0,"photos":[],"reviewId":"574b239b82ccbf09fb18b732","itinId":"1133264099436","moderationStatus":"APPROVED","contentCodes":"","managementResponses":[],"ratingOverall":4,"langId":"1033","userNickname":"","brandType":"Expedia","title":"","reviewText":"It's a beautiful hotel loved the breakfast loved the pool the views the location and the staff ","featured":false,"ratingsOnly":false,"ratingRoomCleanliness":5,"ratingHotelCondition":4,"ratingService":4,"ratingRoomComfort":4,"positiveRemarks":"","negativeRemarks":"","locationRemarks":"","lastInitial":"","userLocation":"","reviewSubmissionTime":"2016-05-29T17:15:07Z","reviewerCategories":[{"categoryId":"Everyone","categoryLabel":"Everyone"}],"userDisplayName":"","roomTypeId":29752,"isUnverified":false,"isFlaggable":true,"isRecommended":"YES"}]}}}
