{"reviewDetails":{"startIndex":0,"numberOfReviewsInThisPage":20,"reviewSummaryCollection":{"reviewSummary":[{"hotelId":"904482","totalReviewCnt":64,"avgOverallRating":3.140625,"cleanliness":3.390625,"serviceAndStaff":3.28125,"roomComfort":3.421875,"hotelCondition":3.09375,"convenienceOfLocation":3.857143,"neighborhoodSatisfaction":3.7142856,"roomQuality":0,"targetedBrand":"Expedia","originSummary":[{"origin":"Expedia","reviewCnt":64,"recommendedPercent":65.625,"avgOverallRating":3.140625,"cleanliness":3.390625,"serviceAndStaff":3.28125,"roomComfort":3.421875,"hotelCondition":3.09375,"convenienceOfLocation":3.857143,"neighborhoodSatisfaction":3.7142856,"valueForMoney":0,"roomQuality":0,"categoryCounts":{"Everyone":47,"BusinessTravelers":1,"Families":4,"Other":2},"roomTypeIdCounts":{"235923":8,"200384658":5,"200384661":10,"200384644":7,"385113":2,"235934":9},"languageCounts":{"en":64}}],"recommendedPercent":65.625,"valueForMoney":0,"categoryCounts":{"Everyone":47,"BusinessTravelers":1,"Families":4,"Other":2},"roomTypeIdCounts":{"235923":8,"200384658":5,"200384661":10,"200384644":7,"385113":2,"235934":9},"languageCounts":{"en":64},"featuredReview":{}}]},"reviewCollection":{"review":[{"hotelId":"904482","totalPositiveFeedbacks":1,"tpid":"1","eapid":"0","contentLocale":"en_us","totalThanks":1,"photos":[],"reviewId":"573767f4a2495c09f8b2cbdf","itinId":"1126766192927","moderationStatus":"APPROVED","contentCodes":"","managementResponses":[],"ratingOverall":4,"langId":"1033","userNickname":"Julie","brandType":"Expedia","title":"Americas Best Value Inn, Pacifica, CA","reviewText":"This hotel is close walking distance to Pacific Ocean, and eating places.  Nice clean hotel. Staff friendly and helpful. Breakfast was toast, cold cereal, and pastries, juice and milk. Perfect place to sleep and close to San Francisco. Easy on and off the Freeway.  Nice quiet community.","featured":false,"ratingsOnly":false,"ratingRoomCleanliness":4,"ratingHotelCondition":4,"ratingService":4,"ratingRoomComfort":4,"positiveRemarks":"Proximity to Airport, San Francisco, Easy on and off Freeway to go north or south. Walking distance to Ocean.","negativeRemarks":"","locationRemarks":"","lastInitial":"","userLocation":"Fort Worth,Texas","reviewSubmissionTime":"2016-05-14T18:01:24Z","reviewerCategories":[{"categoryId":"Everyone","categoryLabel":"Everyone"}],"userDisplayName":"","roomTypeId":200384661,"isUnverified":false,"isFlaggable":true,"isRecommended":"YES"},{"hotelId":"904482","totalPositiveFeedbacks":0,"tpid":"1","eapid":"0","contentLocale":"en_us","totalThanks":0,"photos":[],"reviewId":"570bffce248df609f567c6d0","itinId":"1125797928052","moderationStatus":"APPROVED","contentCodes":"MMA","managementResponses":[],"ratingOverall":2,"langId":"1033","userNickname":"","brandType":"Expedia","title":"","reviewText":"Un happy with response of hotel staff in response to a problem we had.  \r\nWe called them twice and never got back an answer to the problem. \r\nFelt they were unsympathetic to us and our concern","featured":false,"ratingsOnly":false,"ratingRoomCleanliness":3,"ratingHotelCondition":3,"ratingService":2,"ratingRoomComfort":3,"positiveRemarks":"","negativeRemarks":"","locationRemarks":"","lastInitial":"","userLocation":"","reviewSubmissionTime":"2016-04-11T19:49:34Z","reviewerCategories":[{"categoryId":"Everyone","categoryLabel":"Everyone"}],"userDisplayName":"","roomTypeId":200384644,"isUnverified":false,"isFlaggable":false,"isRecommended":"NO"},{"hotelId":"904482","totalPositiveFeedbacks":0,"tpid":"1","eapid":"0","contentLocale":"en_us","totalThanks":0,"photos":[],"reviewId":"56b510c95707b80994fd8fd3","itinId":"1125325384572","moderationStatus":"APPROVED","contentCodes":"","managementResponses":[],"ratingOverall":3,"langId":"1033","userNickname":"","brandType":"Expedia","title":"Good for the price.","reviewText":"I was able to open the window and not have to deal with traffic noise.  Made for great sleeping.  Also liked that I didn't have to sit on the bed to watch TV","featured":false,"ratingsOnly":false,"ratingRoomCleanliness":4,"ratingHotelCondition":3,"ratingService":3,"ratingRoomComfort":4,"positiveRemarks":"","negativeRemarks":"","locationRemarks":"","lastInitial":"","userLocation":"","reviewSubmissionTime":"2016-02-05T21:14:49Z","reviewerCategories":[{"categoryId":"Everyone","categoryLabel":"Everyone"}],"userDisplayName":"","roomTypeId":200384661,"isUnverified":false,"isFlaggable":true,"isRecommended":"YES"},{"hotelId":"904482","totalPositiveFeedbacks":1,"tpid":"1","eapid":"0","contentLocale":"en_us","totalThanks":1,"photos":[],"reviewId":"568d47b6603da63c71b5cfa3","itinId":"1121884123392","moderationStatus":"APPROVED","contentCodes":"","managementResponses":[],"ratingOverall":4,"langId":"1033","userNickname":"","brandType":"Expedia","title":"","reviewText":" They were prompt will you ran the bell. Nice staff. clean rooms good price. ","featured":false,"ratingsOnly":false,"ratingRoomCleanliness":4,"ratingHotelCondition":4,"ratingService":4,"ratingRoomComfort":4,"positiveRemarks":"","negativeRemarks":"","locationRemarks":"","lastInitial":"","userLocation":"","reviewSubmissionTime":"2016-01-06T16:58:30Z","reviewerCategories":[{"categoryId":"BusinessTravelers","categoryLabel":"BusinessTravelers"}],"userDisplayName":"","roomTypeId":200384661,"isUnverified":false,"isFlaggable":true,"isRecommended":"YES"},{"hotelId":"904482","totalPositiveFeedbacks":0,"tpid":"1","eapid":"0","contentLocale":"en_us","totalThanks":0,"photos":[],"reviewId":"5630eaa35d1af7094a4a5d08","itinId":"1116088099995","moderationStatus":"APPROVED","contentCodes":"","managementResponses":[],"ratingOverall":5,"langId":"1033","userNickname":"","brandType":"Expedia","title":"Excellent 2-week stay!","reviewText":"This was my wife's and my second time staying at this hotel. Our first was last year. With no complaints from last year, this year was even better!  We had a great view of the ocean, and it was wonderful opening that big window to present the new day. The Continental breakfast included fresh fruit.  The bed was absolutely perfect, and the most important part of rejuvenating ourselves after a full day of exploring.","featured":false,"ratingsOnly":false,"ratingRoomCleanliness":5,"ratingHotelCondition":5,"ratingService":5,"ratingRoomComfort":5,"positiveRemarks":"The room and bathroom were immaculate. The cleaning staff was so endearing and helpful.  The husband and wife who run the hotel together were so nice.","negativeRemarks":"Well, bagels included in the Continental breakfast would be fantastic!","locationRemarks":"There are many cute shops, with many enjoyable eating spots for a variety of cuisine choices.  Our favorite was walking along the nearby beach.","lastInitial":"","userLocation":"","reviewSubmissionTime":"2015-10-28T15:32:51Z","reviewerCategories":[{"categoryId":"Everyone","categoryLabel":"Everyone"}],"userDisplayName":"","roomTypeId":200384644,"isUnverified":false,"isFlaggable":true,"isRecommended":"YES"},{"hotelId":"904482","totalPositiveFeedbacks":0,"tpid":"1","eapid":"0","contentLocale":"en_us","totalThanks":0,"photos":[],"reviewId":"55e12c7d333d5108f6126765","itinId":"1113246415793","moderationStatus":"APPROVED","contentCodes":"MMA HMP","managementResponses":[],"ratingOverall":3,"langId":"1033","userNickname":"","brandType":"Expedia","title":"","reviewText":"We stayed in the hotel twice.  It is close to beaches and to the pier.","featured":false,"ratingsOnly":false,"ratingRoomCleanliness":4,"ratingHotelCondition":4,"ratingService":4,"ratingRoomComfort":3,"positiveRemarks":"","negativeRemarks":"The refrigerator in the room was a bit noisy. I ended up unplugging it during the night.","locationRemarks":"","lastInitial":"","userLocation":"","reviewSubmissionTime":"2015-08-29T03:52:29Z","reviewerCategories":[{"categoryId":"Everyone","categoryLabel":"Everyone"}],"userDisplayName":"","roomTypeId":"","isUnverified":false,"isFlaggable":false,"isRecommended":"YES"},{"hotelId":"904482","totalPositiveFeedbacks":2,"tpid":"1","eapid":"0","contentLocale":"en_us","totalThanks":2,"photos":[],"reviewId":"55cdfc4bdb63fd08eccdc935","itinId":"1112358853624","moderationStatus":"APPROVED","contentCodes":"","managementResponses":[],"ratingOverall":5,"langId":"1033","userNickname":"Bill","brandType":"Expedia","title":"Convenient to San Francisco by car.  Safepark","reviewText":"Convenient by car to San Francisco.  Safe off street parking.  Very clean, recently remodeled.  Comfortable queen size beds.","featured":false,"ratingsOnly":false,"ratingRoomCleanliness":5,"ratingHotelCondition":5,"ratingService":5,"ratingRoomComfort":5,"positiveRemarks":"Safe, quiet, clean","negativeRemarks":"","locationRemarks":"","lastInitial":"G","userLocation":"SoCal","reviewSubmissionTime":"2015-08-14T14:33:47Z","reviewerCategories":[{"categoryId":"Everyone","categoryLabel":"Everyone"}],"userDisplayName":"","roomTypeId":"","isUnverified":false,"isFlaggable":true,"isRecommended":"YES"},{"hotelId":"904482","totalPositiveFeedbacks":0,"tpid":"1","eapid":"0","contentLocale":"en_us","totalThanks":0,"photos":[],"reviewId":"55be478cdc28ab0909bcd503","itinId":"1112267204945","moderationStatus":"APPROVED","contentCodes":"MMA","managementResponses":[],"ratingOverall":2,"langId":"1033","userNickname":"Sarah","brandType":"Expedia","title":"Noisy motel on top of freeway.","reviewText":"The manager was fairly indifferent and the continental breakfast was pretty minimal.  Not even\r\ndecaf coffee.","featured":false,"ratingsOnly":false,"ratingRoomCleanliness":3,"ratingHotelCondition":3,"ratingService":2,"ratingRoomComfort":2,"positiveRemarks":"Not much.","negativeRemarks":"","locationRemarks":"","lastInitial":"N","userLocation":"Fort Bragg, CA","reviewSubmissionTime":"2015-08-02T16:38:36Z","reviewerCategories":[{"categoryId":"Everyone","categoryLabel":"Everyone"}],"userDisplayName":"","roomTypeId":"","isUnverified":false,"isFlaggable":false,"isRecommended":"NO"},{"hotelId":"904482","totalPositiveFeedbacks":1,"tpid":"1","eapid":"0","contentLocale":"en_us","totalThanks":1,"photos":[],"reviewId":"55b975657017db0915b7ddbf","itinId":"1109706095713","moderationStatus":"APPROVED","contentCodes":"HMP MMD","managementResponses":[],"ratingOverall":1,"langId":"1033","userNickname":"Jim","brandType":"Expedia","title":"Stay Away","reviewText":"This plac.e is nothing like it's review. Location is a.block from ocean if you don't mind walking through a seedy area. Beach stinks. 1st hint of trouble- desk clerk is behind a dirty plastic protective shield. We never even finished checking in. Run from this one.","featured":false,"ratingsOnly":false,"ratingRoomCleanliness":1,"ratingHotelCondition":1,"ratingService":1,"ratingRoomComfort":1,"positiveRemarks":"Can't think of a thing","negativeRemarks":"Demolition would be the first improvement","locationRemarks":"Ocean is a risky one block away\r\nSaw a couple of dives close by.","lastInitial":"","userLocation":"Grand Rapids, MI","reviewSubmissionTime":"2015-07-30T00:52:53Z","reviewerCategories":[{"categoryId":"Everyone","categoryLabel":"Everyone"}],"userDisplayName":"","roomTypeId":"","isUnverified":false,"isFlaggable":false,"isRecommended":"NO"},{"hotelId":"904482","totalPositiveFeedbacks":2,"tpid":"1","eapid":"0","contentLocale":"en_us","totalThanks":2,"photos":[],"reviewId":"555f4ab0c8cc943348a487e1","itinId":"1104818631900","moderationStatus":"APPROVED","contentCodes":"MMA","managementResponses":[],"ratingOverall":4,"langId":"1033","userNickname":"","brandType":"Expedia","title":"Easy access. Good parking. Clean. Good location.","reviewText":"Exceeded expectations. Relatively affordable.  Convenient location. Safe area. Generally good accommodations. Thank you. ","featured":false,"ratingsOnly":false,"ratingRoomCleanliness":4,"ratingHotelCondition":4,"ratingService":4,"ratingRoomComfort":4,"positiveRemarks":"Easy access. Good parking. Clean. Large beds. Good location.","negativeRemarks":"","locationRemarks":"Close to pier, easy drive to Rockaway Beach.  Overall, a convenient location to SF, Pacifica, HMB, etc.","lastInitial":"","userLocation":"","reviewSubmissionTime":"2015-05-22T15:26:40Z","reviewerCategories":[{"categoryId":"Everyone","categoryLabel":"Everyone"}],"userDisplayName":"","roomTypeId":200384644,"isUnverified":false,"isFlaggable":false,"isRecommended":"YES"},{"hotelId":"904482","totalPositiveFeedbacks":4,"tpid":"1","eapid":"0","contentLocale":"en_us","totalThanks":4,"photos":[],"reviewId":"5547a2a2e4b0016abe50bde1","itinId":"1102960418388","moderationStatus":"APPROVED","contentCodes":"HMP MMD","managementResponses":[],"ratingOverall":4,"langId":"1033","userNickname":"Steve","brandType":"Expedia","title":"Good value motel near old town Pacifica and beach","reviewText":"This motel worked very well for us as a value.   It was within several blocks of the reason for our visit (the nearby high school soccer fields) and was reasonably comfortable, clean, and safe.   Room had an efficient and working fridge and microwave, and TV cable.   Wi-Fi worked very well.   Continental breakfast, while not a lot of variety, worked well for us as well.  ","featured":false,"ratingsOnly":false,"ratingRoomCleanliness":4,"ratingHotelCondition":3,"ratingService":3,"ratingRoomComfort":4,"positiveRemarks":"Very good location based on reason for our visit; rooms were safe, clean, and had the basic amenities (fridge, microwave, wi-fi, tv) that we needed.","negativeRemarks":"furnishings/carpet are obviously well-used.   Based on the price-point we were overall very pleased with our selection","locationRemarks":"This motel is about 1/2 mile from the Pacifica pier and associated beach.   Also, a local golf course is within the same distance.  Close to Hiway 1","lastInitial":"P","userLocation":"Davis, Ca","reviewSubmissionTime":"2015-05-04T16:47:30Z","reviewerCategories":[{"categoryId":"Everyone","categoryLabel":"Everyone"}],"userDisplayName":"","roomTypeId":200384661,"isUnverified":false,"isFlaggable":false,"isRecommended":"YES"},{"hotelId":"904482","totalPositiveFeedbacks":1,"tpid":"1","eapid":"0","contentLocale":"en_us","totalThanks":1,"photos":[],"reviewId":"55331420e4b0645e78fb7730","itinId":"1101317270544","moderationStatus":"APPROVED","contentCodes":"HMP MMD","managementResponses":[],"ratingOverall":2,"langId":"1033","userNickname":"JOY","brandType":"Expedia","title":"CLOSE TO PACIFICA PIER","reviewText":"GOOD COMPLIMENT IS A FREE PARKING AND A WALKING DISTANCE TO PACIFICA PIER.","featured":false,"ratingsOnly":false,"ratingRoomCleanliness":2,"ratingHotelCondition":3,"ratingService":2,"ratingRoomComfort":3,"positiveRemarks":"CLOSE TO THE PIER ","negativeRemarks":"NEW TOWELS, NO HAIR ON THE TOWELS","locationRemarks":"","lastInitial":"","userLocation":"","reviewSubmissionTime":"2015-04-19T02:34:08Z","reviewerCategories":[{"categoryId":"Everyone","categoryLabel":"Everyone"}],"userDisplayName":"","roomTypeId":200384658,"isUnverified":false,"isFlaggable":false,"isRecommended":"YES"},{"hotelId":"904482","totalPositiveFeedbacks":1,"tpid":"1","eapid":"0","contentLocale":"en_us","totalThanks":1,"photos":[],"reviewId":"552affe2e4b040ba4e0c4720","itinId":"1100366345677","moderationStatus":"APPROVED","contentCodes":"HMP MMD","managementResponses":[],"ratingOverall":4,"langId":"1033","userNickname":"Michael","brandType":"Expedia","title":"Nice hotel...","reviewText":"Within walking distance of market and beach. Hotel staff was very pleasant and accomodating. Only downside is no pots, pans or dishes in kitchenette room and no fruit with continental breakfast.","featured":false,"ratingsOnly":false,"ratingRoomCleanliness":4,"ratingHotelCondition":4,"ratingService":5,"ratingRoomComfort":4,"positiveRemarks":"Proximity to beach and market. Hotel staff very pleasant.","negativeRemarks":"Have pots, pans and dishes in kitchenette rooms.","locationRemarks":"Just off the highway; easy to get to. Nice shops within walking distance. Excellent Thai restaurant one block away.","lastInitial":"","userLocation":"Jamestown, NY","reviewSubmissionTime":"2015-04-12T23:29:38Z","reviewerCategories":[{"categoryId":"Everyone","categoryLabel":"Everyone"}],"userDisplayName":"","roomTypeId":200384658,"isUnverified":false,"isFlaggable":false,"isRecommended":"YES"},{"hotelId":"904482","totalPositiveFeedbacks":1,"tpid":"1","eapid":"0","contentLocale":"en_us","totalThanks":1,"photos":[],"reviewId":"55261d9ae4b0a00ee73ec641","itinId":"1102037946690","moderationStatus":"APPROVED","contentCodes":"MMA","managementResponses":[],"ratingOverall":3,"langId":"1033","userNickname":"","brandType":"Expedia","title":"","reviewText":"Passing through Pacifica so this hotel worked for our family. We needed an affordable place to stay for one night and this hotel was just right. Quick check in was a plus. Room was ok, breakfast was plain...pastries,coffee, cereal, juice and milk. For one night, this hotel was good.","featured":false,"ratingsOnly":false,"ratingRoomCleanliness":3,"ratingHotelCondition":3,"ratingService":3,"ratingRoomComfort":3,"positiveRemarks":"","negativeRemarks":"","locationRemarks":"","lastInitial":"","userLocation":"","reviewSubmissionTime":"2015-04-09T06:35:06Z","reviewerCategories":[{"categoryId":"Everyone","categoryLabel":"Everyone"}],"userDisplayName":"","roomTypeId":200384661,"isUnverified":false,"isFlaggable":false,"isRecommended":"YES"},{"hotelId":"904482","totalPositiveFeedbacks":2,"tpid":"1","eapid":"0","contentLocale":"en_us","totalThanks":2,"photos":[],"reviewId":"5522b0e0e4b052523214aef4","itinId":"1100246604250","moderationStatus":"APPROVED","contentCodes":"HMP MMD","managementResponses":[],"ratingOverall":1,"langId":"1033","userNickname":"Hana","brandType":"Expedia","title":"Horrible experience","reviewText":"Staff member did not greet my boyfriend and I. He wasn't even friendly while checking us in. We tried to ignore him and enjoy our trip. When we went to the room, the toilet was dirty, the bath tub looked like it had a sticky residue left from the bottom of a bathmat, AND the bed sheet had a piece of hair and some sort of stain. I called the front desk and asked for new sheets. He told me,\"come downstairs and I'll give it to you\" I said,\"can't you send someone else to bring it up?\" He said,\"I'll be right there\" AND HUNG UP ON ME. He gets to the room and puts out his hand with the sheets like we bothered him for coming up to give it. My boyfriend then said\"who's going to change it?\" And he says,\"You\". Then I said,\"So we check into a dirty hotel with dirty sheets and we're supposed to change it? You don't have a maid or anything?\" He says,\"No maid right now\". My boyfriend then says,\"Take those sheets back cause we're not staying here\". And he says,\"Okay that's fine, I'll give you back your money\". I'm from Pacifica! I did not think this experience was going to be this bad. The room was $123 dollars. Are u kidding me?","featured":false,"ratingsOnly":false,"ratingRoomCleanliness":1,"ratingHotelCondition":1,"ratingService":1,"ratingRoomComfort":2,"positiveRemarks":"","negativeRemarks":"","locationRemarks":"","lastInitial":"","userLocation":"Sacramento,CA","reviewSubmissionTime":"2015-04-06T16:14:24Z","reviewerCategories":[{"categoryId":"Everyone","categoryLabel":"Everyone"}],"userDisplayName":"","roomTypeId":200384644,"isUnverified":false,"isFlaggable":false,"isRecommended":"NO"},{"hotelId":"904482","totalPositiveFeedbacks":4,"tpid":"1","eapid":"0","contentLocale":"en_us","totalThanks":4,"photos":[],"reviewId":"551d6b36e4b06b9c24e591bc","itinId":"1100126847231","moderationStatus":"APPROVED","contentCodes":"HMP MMD","managementResponses":[],"ratingOverall":1,"langId":"1033","userNickname":"Ana","brandType":"Expedia","title":"Disgusting and Horrible customer service","reviewText":"When we first got the hotel we notice the toilet backed up full of toilet paper. My husband was at the store so I called front desk. The attendant told me for ME to go downstairs and get a plunger. I could not believe it. I went downstairs and asked again if there was a maintenance man and he said no, I asked can you go do it? and he said no, I asked can we get another room and he said no! I said told him it was very unprofessional and he said to leave a review. I would have left but there was no rooms available, we were tired & it was late. I asked my 14 y.o. son to unplug it and as he was trying a CONDOM came up floating... disgusting!!! When my husband came back he went to the front desk and demanded them to do their job. The attendant had the guts to suggest it was us (even though we had been in the room for 2 minutes when I called him). After arguing with my husband for a bit, all of a sudden they DID have a maintenance guy &  a snake to fix the toilet. They came upstairs 5 minutes later and fixed it... but not before leaving a dripping mess all over the bathroom floor and room entrance. My husband HAD to ask them to clean it up, they were going to leave it like that! I never complain about hotels, we usually stay at affordable hotels & know they will have it's imperfections... but this was beyond horrible. Next day when I exited the lobby he only gave me a dirty look as I passed by, later when my husband checked out he said \"sorry about yesterday\" HORRIBLE & DISGUSTING!","featured":false,"ratingsOnly":false,"ratingRoomCleanliness":1,"ratingHotelCondition":1,"ratingService":1,"ratingRoomComfort":2,"positiveRemarks":"nothing!","negativeRemarks":"customer service and room cleanliness ","locationRemarks":"","lastInitial":"","userLocation":"Bakersfield, CA ","reviewSubmissionTime":"2015-04-02T16:15:50Z","reviewerCategories":[{"categoryId":"Everyone","categoryLabel":"Everyone"}],"userDisplayName":"","roomTypeId":200384661,"isUnverified":false,"isFlaggable":false,"isRecommended":"NO"},{"hotelId":"904482","totalPositiveFeedbacks":2,"tpid":"3","eapid":"0","contentLocale":"en_gb","totalThanks":2,"photos":[],"reviewId":"10001609565","itinId":"18017964833","moderationStatus":"APPROVED","contentCodes":"HM MMD","managementResponses":[],"ratingOverall":2,"langId":"2057","userNickname":"Travel","brandType":"Expedia","title":"Old hotel that need some deep cleaning","reviewText":"I have chosen this hotel because no other was available by the time I booked my travel. As other travellers pointed, there is a strong smell from cleaning material and other things in the corridors and the reception areas. The room that allocated to me was in the front, overlooking the freeway and was very noisy. I've asked to change, and the room towards the see was quiet. As far as I can say, the towels, linen and bathroom were clean, although the carpet in the room need proper deep cleaning (or replacement). The room décor is very dated, and the breakfast is a joke - so don't rely on it. It was expensive for its quality ","featured":false,"ratingsOnly":false,"ratingRoomCleanliness":3,"ratingHotelCondition":1,"ratingService":4,"ratingRoomComfort":4,"positiveRemarks":"Not much","negativeRemarks":"clean the room and get rid of the smell, equip the room with some utensils for the kitchenette ","locationRemarks":"","lastInitial":"L","userLocation":"London","reviewSubmissionTime":"2015-02-16T23:53:53Z","reviewerCategories":[{"categoryId":"Everyone","categoryLabel":"Everyone"}],"userDisplayName":"","roomTypeId":200384658,"isUnverified":false,"isFlaggable":false,"isRecommended":"NO"},{"hotelId":"904482","totalPositiveFeedbacks":0,"tpid":"1","eapid":"0","contentLocale":"en_us","totalThanks":0,"photos":[],"reviewId":"10001426484","itinId":"195202293498","moderationStatus":"APPROVED","contentCodes":"","managementResponses":[],"ratingOverall":3,"langId":"1033","userNickname":"cecileWNC","brandType":"Expedia","title":"Decent place to spend a last night before a flight","reviewText":"Affordable, Clean and relatively quiet. Room was No smoking but the smell of cigaretteswas very strong in hallways. Breakfast was a joke: a couple do packaged pastries and coffee. Cafe Pacifica a few blocks away is a great alternative. \r\nHotel receptionist was definitely not an hospitality professional. We clearly disturbed him out of a nap when we arrived around 10pm. ","featured":false,"ratingsOnly":false,"ratingRoomCleanliness":3,"ratingHotelCondition":3,"ratingService":2,"ratingRoomComfort":3,"positiveRemarks":"Close to SFO, low price","negativeRemarks":"Receptionist attitude. Soap and shampoo.","locationRemarks":"","lastInitial":"","userLocation":"Burnsville, NC","reviewSubmissionTime":"2015-01-17T04:01:19Z","reviewerCategories":[{"categoryId":"Everyone","categoryLabel":"Everyone"}],"userDisplayName":"","roomTypeId":200384658,"isUnverified":false,"isFlaggable":false,"isRecommended":"YES"},{"hotelId":"904482","totalPositiveFeedbacks":1,"tpid":"1","eapid":"0","contentLocale":"en_us","totalThanks":1,"photos":[],"reviewId":"10001275936","itinId":"192858290869","moderationStatus":"APPROVED","contentCodes":"","managementResponses":[],"ratingOverall":4,"langId":"1033","userNickname":"Jim","brandType":"Expedia","title":"Good and quiet hotel near highway (and the Ocean)","reviewText":"It was a storm night. Fortunately I got a parking spot under the roof near the rear entry - no need to worry about getting wet. Room was ok. Wish it had a better lighting (cold fluorescent) and furniture needs update.\r\nComfortable enough and quiet even though it is right next to highway. Breakfast was good and plenty.\r\nNot much to do near by. 7-Eleven is a few blocks away (need a car anyway).  I saw local bar and restaurant in a few blocks but I did not try, ","featured":false,"ratingsOnly":false,"ratingRoomCleanliness":4,"ratingHotelCondition":4,"ratingService":4,"ratingRoomComfort":3,"positiveRemarks":"Clean and comfortable. Convenient location to my destination (Duly City). ","negativeRemarks":"Furnishing and power outlets (for phones, laptops and gadgets we need to charge)","locationRemarks":"Close from the Ocean. Not too far from SFO if you drive. Not too close to downtown SF but you could stay here and drive to the city.","lastInitial":"T","userLocation":"New York City","reviewSubmissionTime":"2014-12-27T05:20:11Z","reviewerCategories":[{"categoryId":"Everyone","categoryLabel":"Everyone"}],"userDisplayName":"","roomTypeId":200384644,"isUnverified":false,"isFlaggable":false,"isRecommended":"YES"},{"hotelId":"904482","totalPositiveFeedbacks":3,"tpid":"1","eapid":"0","contentLocale":"en_us","totalThanks":3,"photos":[],"reviewId":"10001198781","itinId":"190036026495","moderationStatus":"APPROVED","contentCodes":"","managementResponses":[],"ratingOverall":4,"langId":"1033","userNickname":"Steve","brandType":"Expedia","title":"Good location.","reviewText":"About 2 blocks from the beach, small older but well maintained. We were on the third floor and had a decent view of the ocean from our side of the motel. There is a freeway on one side of the motel, but we were on the other side and noise from the freeway was not noticeable.  ","featured":false,"ratingsOnly":false,"ratingRoomCleanliness":5,"ratingHotelCondition":4,"ratingService":3,"ratingRoomComfort":5,"positiveRemarks":"Location.","negativeRemarks":"","locationRemarks":"Restaurants, beach, pier close by.","lastInitial":"","userLocation":"Idaho USA","reviewSubmissionTime":"2014-12-11T09:33:59Z","reviewerCategories":[{"categoryId":"Everyone","categoryLabel":"Everyone"}],"userDisplayName":"","roomTypeId":200384658,"isUnverified":false,"isFlaggable":false,"isRecommended":"YES"}]}}}
