{"reviewDetails":{"startIndex":0,"numberOfReviewsInThisPage":20,"reviewSummaryCollection":{"reviewSummary":[{"hotelId":"24620","totalReviewCnt":506,"avgOverallRating":4.177864,"cleanliness":4.4901175,"serviceAndStaff":4.264819,"roomComfort":4.2272735,"hotelCondition":4.16601,"convenienceOfLocation":4.318183,"neighborhoodSatisfaction":4.4431815,"roomQuality":0,"targetedBrand":"Expedia","originSummary":[{"origin":"Expedia","reviewCnt":506,"recommendedPercent":85.177864,"avgOverallRating":4.177864,"cleanliness":4.4901175,"serviceAndStaff":4.264819,"roomComfort":4.2272735,"hotelCondition":4.16601,"convenienceOfLocation":4.318183,"neighborhoodSatisfaction":4.4431815,"valueForMoney":0,"roomQuality":0,"categoryCounts":{"Everyone":293,"Couples":66,"BusinessTravelers":14,"Families":20,"Other":8},"roomTypeIdCounts":{"440820":13,"413045":19,"230630":50,"274593":35,"274573":98,"440812":3,"200066736":2,"274570":39},"languageCounts":{"en":506}}],"recommendedPercent":85.177864,"valueForMoney":0,"categoryCounts":{"Everyone":293,"Couples":66,"BusinessTravelers":14,"Families":20,"Other":8},"roomTypeIdCounts":{"440820":13,"413045":19,"230630":50,"274593":35,"274573":98,"440812":3,"200066736":2,"274570":39},"languageCounts":{"en":506},"featuredReview":{}}]},"reviewCollection":{"review":[{"hotelId":"24620","totalPositiveFeedbacks":0,"tpid":"1","eapid":"0","contentLocale":"en_us","totalThanks":0,"photos":[],"reviewId":"57a4fe70849f110b28263b89","itinId":"1141482289867","moderationStatus":"APPROVED","contentCodes":"","managementResponses":[],"ratingOverall":4,"langId":"1033","userNickname":"lisa","brandType":"Expedia","title":"","reviewText":"The hotel is beautiful and we had a wonderful time dinning in the restaurant and dancing all night  at Top Of The Mark!","featured":false,"ratingsOnly":false,"ratingRoomCleanliness":5,"ratingHotelCondition":4,"ratingService":4,"ratingRoomComfort":5,"positiveRemarks":"","negativeRemarks":"","locationRemarks":"","lastInitial":"","userLocation":"austin, texas","reviewSubmissionTime":"2016-08-05T21:00:32Z","reviewerCategories":[{"categoryId":"Everyone","categoryLabel":"Everyone"}],"userDisplayName":"","roomTypeId":274573,"isUnverified":false,"isFlaggable":true,"isRecommended":"YES"},{"hotelId":"24620","totalPositiveFeedbacks":0,"tpid":"1","eapid":"74314","contentLocale":"en_us","totalThanks":0,"photos":[],"reviewId":"579f96d74d74660b297978c0","itinId":"1139202805584","moderationStatus":"APPROVED","contentCodes":"","managementResponses":[],"ratingOverall":4,"langId":"1033","userNickname":"Olga","brandType":"Expedia","title":"Nice hotel with a lot of history","reviewText":"It's close to Union Sqare and it's easy to get to all the touristy places. The bathroom was way too small the sink was out in the room.","featured":false,"ratingsOnly":false,"ratingRoomCleanliness":5,"ratingHotelCondition":4,"ratingService":5,"ratingRoomComfort":3,"positiveRemarks":"On the top of the Mark you have nice entertainment with beautiful views of the city","negativeRemarks":"I think they should have kept breakfast on the Top of the Mark","locationRemarks":"It's convenient to everything shopping , good restaurants and entertainment ","lastInitial":"","userLocation":"Santa Rosa,CA","reviewSubmissionTime":"2016-08-01T18:37:11Z","reviewerCategories":[{"categoryId":"Couples","categoryLabel":"Couples"}],"userDisplayName":"","roomTypeId":274573,"isUnverified":false,"isFlaggable":true,"isRecommended":"YES"},{"hotelId":"24620","totalPositiveFeedbacks":0,"tpid":"1","eapid":"0","contentLocale":"en_us","totalThanks":0,"photos":[],"reviewId":"579acb5009b6970b2802b975","itinId":"1139738003222","moderationStatus":"APPROVED","contentCodes":"","managementResponses":[],"ratingOverall":5,"langId":"1033","userNickname":"Loretta","brandType":"Expedia","title":"old San Francisco charm","reviewText":"Stayed at this hotel for a family vacation.  It's in a great location close to Union Square, Chinatown and more.  The hotel offers a complimentary town car service within a mile and 24 hour room service.  The rooms were great and we had a fantastic time!  Staff was exceptional from concierge to check in staff to doormen.  Make sure to go to the Top of the Mark for great views and drinks!","featured":false,"ratingsOnly":false,"ratingRoomCleanliness":5,"ratingHotelCondition":5,"ratingService":5,"ratingRoomComfort":5,"positiveRemarks":"close to shopping and 24 hour room service and, of course, Top of the Mark!","negativeRemarks":"longer times for town car service","locationRemarks":"Union Square, Fisherman's Wharf, shopping, Chinatown","lastInitial":"","userLocation":"Vista, CA","reviewSubmissionTime":"2016-07-29T03:19:44Z","reviewerCategories":[{"categoryId":"Everyone","categoryLabel":"Everyone"}],"userDisplayName":"","roomTypeId":230630,"isUnverified":false,"isFlaggable":true,"isRecommended":"YES"},{"hotelId":"24620","totalPositiveFeedbacks":0,"tpid":"1","eapid":"40462","contentLocale":"en_us","totalThanks":0,"photos":[],"reviewId":"579930f605197d0b273a8f0b","itinId":"1140986399270","moderationStatus":"APPROVED","contentCodes":"MMA","managementResponses":[],"ratingOverall":3,"langId":"1033","userNickname":"RJ","brandType":"Expedia","title":"","reviewText":"Hotel staff don't anticipate or offer help but you still need to ask them.","featured":false,"ratingsOnly":false,"ratingRoomCleanliness":4,"ratingHotelCondition":2,"ratingService":2,"ratingRoomComfort":4,"positiveRemarks":"","negativeRemarks":"","locationRemarks":"","lastInitial":"","userLocation":"Seattle","reviewSubmissionTime":"2016-07-27T22:08:54Z","reviewerCategories":[{"categoryId":"Everyone","categoryLabel":"Everyone"}],"userDisplayName":"","roomTypeId":274573,"isUnverified":false,"isFlaggable":false,"isRecommended":"YES"},{"hotelId":"24620","totalPositiveFeedbacks":0,"tpid":"1","eapid":"0","contentLocale":"en_us","totalThanks":0,"photos":[],"reviewId":"578ea055bff7f60b2f0d5fb6","itinId":"1137702160274","moderationStatus":"APPROVED","contentCodes":"","managementResponses":[],"ratingOverall":5,"langId":"1033","userNickname":"","brandType":"Expedia","title":"","reviewText":"Loved my stay at the Mark Hopkins.  The staff was courteous and knowledgeable.  Everyone was very helpful.","featured":false,"ratingsOnly":false,"ratingRoomCleanliness":5,"ratingHotelCondition":5,"ratingService":5,"ratingRoomComfort":5,"positiveRemarks":"","negativeRemarks":"","locationRemarks":"","lastInitial":"","userLocation":"","reviewSubmissionTime":"2016-07-19T21:49:09Z","reviewerCategories":[{"categoryId":"Everyone","categoryLabel":"Everyone"}],"userDisplayName":"","roomTypeId":274593,"isUnverified":false,"isFlaggable":true,"isRecommended":"YES"},{"hotelId":"24620","totalPositiveFeedbacks":0,"tpid":"1","eapid":"0","contentLocale":"en_us","totalThanks":0,"photos":[],"reviewId":"578cc582756ba70b279cd6bd","itinId":"1137632796327","moderationStatus":"APPROVED","contentCodes":"","managementResponses":[],"ratingOverall":5,"langId":"1033","userNickname":"","brandType":"Expedia","title":"Great location ","reviewText":"I only stayed at the hotel one night. It was close to China Town and downtown. Located at the top of a hill provided good exercise when exploring the area. ","featured":false,"ratingsOnly":false,"ratingRoomCleanliness":5,"ratingHotelCondition":5,"ratingService":5,"ratingRoomComfort":5,"positiveRemarks":"Easy walking distance to the city and sights. Great views from my room. ","negativeRemarks":"","locationRemarks":"","lastInitial":"","userLocation":"","reviewSubmissionTime":"2016-07-18T12:03:14Z","reviewerCategories":[{"categoryId":"BusinessTravelers","categoryLabel":"BusinessTravelers"}],"userDisplayName":"","roomTypeId":274573,"isUnverified":false,"isFlaggable":true,"isRecommended":"YES"},{"hotelId":"24620","totalPositiveFeedbacks":0,"tpid":"1","eapid":"0","contentLocale":"en_us","totalThanks":0,"photos":[],"reviewId":"578a5e806710090b27d78168","itinId":"1138879870116","moderationStatus":"APPROVED","contentCodes":"","managementResponses":[],"ratingOverall":5,"langId":"1033","userNickname":"Don","brandType":"Expedia","title":"Top notch from beginning to end ","reviewText":"Booked this hotel for a major wedding anniversary.   From my very first call they took this event as extremely important; not only for my mental comfort,  but for my wife's physical comfort too.  Everything about this experience was top notch.   Lobby,  room,  everything was beautiful. Yes, it's true the hike up the hill can be challenging but it's worth it the climb. After all it's the San Francisco experience.   Mark Hopkins hotel you got it right.   Keep up the good work. ","featured":false,"ratingsOnly":false,"ratingRoomCleanliness":5,"ratingHotelCondition":5,"ratingService":5,"ratingRoomComfort":5,"positiveRemarks":"Everything ","negativeRemarks":"Nothing ","locationRemarks":"Cable car connection convenient. ","lastInitial":"S","userLocation":"Nevada","reviewSubmissionTime":"2016-07-16T16:19:12Z","reviewerCategories":[{"categoryId":"Everyone","categoryLabel":"Everyone"}],"userDisplayName":"","roomTypeId":274573,"isUnverified":false,"isFlaggable":true,"isRecommended":"YES"},{"hotelId":"24620","totalPositiveFeedbacks":0,"tpid":"1","eapid":"0","contentLocale":"en_us","totalThanks":0,"photos":[],"reviewId":"577d10a4a7b0000b34b97f90","itinId":"1139581913780","moderationStatus":"APPROVED","contentCodes":"","managementResponses":[],"ratingOverall":3,"langId":"1033","userNickname":"Stephanie","brandType":"Expedia","title":"Nice hotel, great staff, not the best bed","reviewText":"The hotel is beautiful and the staff very helpful and professional. The concierge was awesome! The only down side was the bed and pillows. The mattress wasn't the quality you would expect in a 4 star hotel. They put a cushioned mattress cover (could have been down but I'm not sure) but it slides around as you sleep and starts to come off the mattress. Their pillows are awful... Thin with not much cushion to them.  They need to upgrade to nicer pillows. Also, they charge $7 for a bottle of water. I thought that was kind of ridiculous ","featured":false,"ratingsOnly":false,"ratingRoomCleanliness":5,"ratingHotelCondition":4,"ratingService":5,"ratingRoomComfort":2,"positiveRemarks":"","negativeRemarks":"","locationRemarks":"","lastInitial":"","userLocation":"S","reviewSubmissionTime":"2016-07-06T14:07:32Z","reviewerCategories":[{"categoryId":"Everyone","categoryLabel":"Everyone"}],"userDisplayName":"","roomTypeId":230630,"isUnverified":false,"isFlaggable":true,"isRecommended":"YES"},{"hotelId":"24620","totalPositiveFeedbacks":0,"tpid":"1","eapid":"0","contentLocale":"en_us","totalThanks":0,"photos":[],"reviewId":"577528ff86298d0b825b7d02","itinId":"1138913682651","moderationStatus":"APPROVED","contentCodes":"","managementResponses":[],"ratingOverall":3,"langId":"1033","userNickname":"Nasser","brandType":"Expedia","title":"Close to the cerntre and transportation ","reviewText":"In general we enjoyed our stay. The staff were freindly enough especially the door men, who were very freindly. The concierge were extremity accommodating and professional. The hotel is at the top of the hill and it's quite an exercise to climb up and down when going to union square area, but then you can always use the cable care, which costs about 7 dollars one way or 21 one day pass multiple trips. They also have weekly passes at a rate of 50 dollers. \r\nThe Asian reception staff could probably could be a litter bit more cheerful and remember that they are working in the hotel business where welcoming people and understanding their needs is esential. ","featured":false,"ratingsOnly":false,"ratingRoomCleanliness":3,"ratingHotelCondition":3,"ratingService":2,"ratingRoomComfort":3,"positiveRemarks":"","negativeRemarks":"","locationRemarks":"","lastInitial":"","userLocation":"Oman","reviewSubmissionTime":"2016-06-30T14:13:19Z","reviewerCategories":[{"categoryId":"Everyone","categoryLabel":"Everyone"}],"userDisplayName":"","roomTypeId":440820,"isUnverified":false,"isFlaggable":true,"isRecommended":"YES"},{"hotelId":"24620","totalPositiveFeedbacks":0,"tpid":"1","eapid":"0","contentLocale":"en_us","totalThanks":0,"photos":[{"thumbnailUrl":"https://a.travel-assets.com/ugc/hotel-reviews/7B9C2CBF0F4CAD13DE3F4B7FB8F487499163FAA31465413485047.jpg?resize=*:75","normalUrl":"https://a.travel-assets.com/ugc/hotel-reviews/7B9C2CBF0F4CAD13DE3F4B7FB8F487499163FAA31465413485047.jpg?resize=*:270","caption":"The view from my window..."},{"thumbnailUrl":"https://a.travel-assets.com/ugc/hotel-reviews/C5869B75521EC190073021BCCCFA62C135C686561465413509252.jpg?resize=*:75","normalUrl":"https://a.travel-assets.com/ugc/hotel-reviews/C5869B75521EC190073021BCCCFA62C135C686561465413509252.jpg?resize=*:270","caption":"The Mark Hopkins"},{"thumbnailUrl":"https://a.travel-assets.com/ugc/hotel-reviews/AA42B255E3F6BD6A1F6F7F107D634E83AEA8EC4E1465413535707.jpg?resize=*:75","normalUrl":"https://a.travel-assets.com/ugc/hotel-reviews/AA42B255E3F6BD6A1F6F7F107D634E83AEA8EC4E1465413535707.jpg?resize=*:270","caption":"View from the Top of the Mark"}],"reviewId":"575864c7e426dd0b2e16c69a","itinId":"1131589197696","moderationStatus":"APPROVED","contentCodes":"HMP","managementResponses":[],"ratingOverall":4,"langId":"1033","userNickname":"","brandType":"Expedia","title":"Great location but bathroom was too small.","reviewText":"I stayed at the Inter Continental Mark Hopkins for more than a week and had the greatest of times.  The Hotel location and beautiful facilities are its greatest assets.  However, the bathroom - although clean and well equipped - was too small.  It did not have a counter or vanity in which to place the toiletries, etc.  This proved rather inconvenient. ","featured":false,"ratingsOnly":false,"ratingRoomCleanliness":5,"ratingHotelCondition":5,"ratingService":5,"ratingRoomComfort":4,"positiveRemarks":"Its location and its elegance.","negativeRemarks":"Again, the bathroom facilities are too small.","locationRemarks":"You have the greatest views to San Francisco, you can dine or brunch at the Top of the Mark (its penthouse) and watch it all.","lastInitial":"","userLocation":"","reviewSubmissionTime":"2016-06-08T18:32:39Z","reviewerCategories":[{"categoryId":"Everyone","categoryLabel":"Everyone"}],"userDisplayName":"","roomTypeId":440820,"isUnverified":false,"isFlaggable":false,"isRecommended":"YES"},{"hotelId":"24620","totalPositiveFeedbacks":0,"tpid":"1","eapid":"0","contentLocale":"en_us","totalThanks":0,"photos":[],"reviewId":"5757b1a3e25c2b0b47fa47a7","itinId":"1133217894887","moderationStatus":"APPROVED","contentCodes":"MMA","managementResponses":[],"ratingOverall":3,"langId":"1033","userNickname":"Angelo","brandType":"Expedia","title":"Dated Hotel","reviewText":"Old dated hotel no room to put away clothing bathroom sink would not drain.dreary. Exorbitant fee for parking . Would not go back there again","featured":false,"ratingsOnly":false,"ratingRoomCleanliness":3,"ratingHotelCondition":2,"ratingService":3,"ratingRoomComfort":3,"positiveRemarks":"","negativeRemarks":"","locationRemarks":"","lastInitial":"G","userLocation":"Mahopac NY","reviewSubmissionTime":"2016-06-08T05:48:19Z","reviewerCategories":[{"categoryId":"Everyone","categoryLabel":"Everyone"}],"userDisplayName":"","roomTypeId":274573,"isUnverified":false,"isFlaggable":false,"isRecommended":"NO"},{"hotelId":"24620","totalPositiveFeedbacks":0,"tpid":"1","eapid":"0","contentLocale":"en_us","totalThanks":0,"photos":[],"reviewId":"574d91eb77861509fa8a2634","itinId":"1135742352074","moderationStatus":"APPROVED","contentCodes":"","managementResponses":[],"ratingOverall":4,"langId":"1033","userNickname":"Kory","brandType":"Expedia","title":"Another Meeting","reviewText":"I send a lot of time in San Fran and this is one of my fav's when there for biz.","featured":false,"ratingsOnly":false,"ratingRoomCleanliness":4,"ratingHotelCondition":4,"ratingService":5,"ratingRoomComfort":5,"positiveRemarks":"Location","negativeRemarks":"","locationRemarks":"walk to food, etc.","lastInitial":"","userLocation":"Cincinnati","reviewSubmissionTime":"2016-05-31T13:30:19Z","reviewerCategories":[{"categoryId":"BusinessTravelers","categoryLabel":"BusinessTravelers"}],"userDisplayName":"","roomTypeId":413045,"isUnverified":false,"isFlaggable":true,"isRecommended":"YES"},{"hotelId":"24620","totalPositiveFeedbacks":0,"tpid":"3","eapid":"0","contentLocale":"en_gb","totalThanks":0,"photos":[],"reviewId":"574d756da82dae09faa5b21b","itinId":"112032036818","moderationStatus":"APPROVED","contentCodes":"","managementResponses":[],"ratingOverall":3,"langId":"2057","userNickname":"C","brandType":"Expedia","title":"Due the renovation that is planned","reviewText":"Lovely hotel, with fantastic views of the city, if you get a room on level 10+. Impressive rooms but very much due a renovation just because they were very old and musty. The location is a bit out of downtown, but that's only because I am used to staying in Union Square.\r\n\r\n","featured":false,"ratingsOnly":false,"ratingRoomCleanliness":3,"ratingHotelCondition":2,"ratingService":4,"ratingRoomComfort":2,"positiveRemarks":"How high up in the city it is","negativeRemarks":"Refurb on the rooms and furniture. Very small fitness room. ","locationRemarks":"Easy walk down the hill to downtown, but a bit separate from everything else. Very close to the cathedral and next to The Fairmont, that's about it.","lastInitial":"J","userLocation":"London England ","reviewSubmissionTime":"2016-05-31T11:28:45Z","reviewerCategories":[{"categoryId":"Everyone","categoryLabel":"Everyone"}],"userDisplayName":"","roomTypeId":413045,"isUnverified":false,"isFlaggable":true,"isRecommended":"YES"},{"hotelId":"24620","totalPositiveFeedbacks":0,"tpid":"1","eapid":"0","contentLocale":"en_us","totalThanks":0,"photos":[],"reviewId":"5745e6aec845e309fb7f0787","itinId":"1135740224197","moderationStatus":"APPROVED","contentCodes":"","managementResponses":[],"ratingOverall":3,"langId":"1033","userNickname":"Earl","brandType":"Expedia","title":"nice hotel but dated","reviewText":"The check in was smooth and the facility was just ok. It is a little dated.","featured":false,"ratingsOnly":false,"ratingRoomCleanliness":3,"ratingHotelCondition":3,"ratingService":4,"ratingRoomComfort":2,"positiveRemarks":"The location is great if you want peace and quiet.","negativeRemarks":"I was given a room for a person with disabilities and I was not told that this would be the case.  The shower was therefore not appropriate.","locationRemarks":"walking distance to everything if you do not mind a steep hill--I did not. It was good exercise","lastInitial":"","userLocation":"New Yrok","reviewSubmissionTime":"2016-05-25T17:53:50Z","reviewerCategories":[{"categoryId":"BusinessTravelers","categoryLabel":"BusinessTravelers"}],"userDisplayName":"","roomTypeId":413045,"isUnverified":false,"isFlaggable":true,"isRecommended":"NO"},{"hotelId":"24620","totalPositiveFeedbacks":0,"tpid":"1","eapid":"0","contentLocale":"en_us","totalThanks":0,"photos":[],"reviewId":"573ddbb5628bd709f8958962","itinId":"1133645573035","moderationStatus":"APPROVED","contentCodes":"","managementResponses":[],"ratingOverall":4,"langId":"1033","userNickname":"Ken","brandType":"Expedia","title":"It's about the location","reviewText":"The valet staffs are very polite. Every one is professional. The room I got (standard) is not very special but ok.","featured":false,"ratingsOnly":false,"ratingRoomCleanliness":3,"ratingHotelCondition":3,"ratingService":4,"ratingRoomComfort":4,"positiveRemarks":"","negativeRemarks":"","locationRemarks":"","lastInitial":"","userLocation":"","reviewSubmissionTime":"2016-05-19T15:28:53Z","reviewerCategories":[{"categoryId":"Everyone","categoryLabel":"Everyone"}],"userDisplayName":"","roomTypeId":274573,"isUnverified":false,"isFlaggable":true,"isRecommended":"YES"},{"hotelId":"24620","totalPositiveFeedbacks":0,"tpid":"1","eapid":"0","contentLocale":"en_us","totalThanks":0,"photos":[],"reviewId":"573db28e05ae2609f6eb4b7b","itinId":"1134932308435","moderationStatus":"APPROVED","contentCodes":"MMA","managementResponses":[],"ratingOverall":1,"langId":"1033","userNickname":"","brandType":"Expedia","title":"","reviewText":"Very rude staff and old hotel. I would never stay here again!","featured":false,"ratingsOnly":false,"ratingRoomCleanliness":4,"ratingHotelCondition":2,"ratingService":1,"ratingRoomComfort":1,"positiveRemarks":"","negativeRemarks":"","locationRemarks":"","lastInitial":"","userLocation":"","reviewSubmissionTime":"2016-05-19T12:33:18Z","reviewerCategories":[{"categoryId":"Everyone","categoryLabel":"Everyone"}],"userDisplayName":"","roomTypeId":413045,"isUnverified":false,"isFlaggable":false,"isRecommended":"NO"},{"hotelId":"24620","totalPositiveFeedbacks":1,"tpid":"1","eapid":"0","contentLocale":"en_us","totalThanks":1,"photos":[],"reviewId":"5733f51efd62b709fc2b4d75","itinId":"1129047150161","moderationStatus":"APPROVED","contentCodes":"","managementResponses":[],"ratingOverall":4,"langId":"1033","userNickname":"Fran","brandType":"Expedia","title":"Excellent location for Sanfrancisco sight-seeing.","reviewText":"Great location, walking distance to North Beach (20 minutes), China Town (10 minutes), the Wharf (30 minutes), and Union Square (10 minutrs). Staff is friendly, professional and helpful.  Bed and linens are wonderful. Top of the Mark is great to visit for food or a drink. ","featured":false,"ratingsOnly":false,"ratingRoomCleanliness":5,"ratingHotelCondition":4,"ratingService":5,"ratingRoomComfort":5,"positiveRemarks":"","negativeRemarks":"","locationRemarks":"","lastInitial":"G","userLocation":"Denver CO","reviewSubmissionTime":"2016-05-12T03:14:38Z","reviewerCategories":[{"categoryId":"Everyone","categoryLabel":"Everyone"}],"userDisplayName":"","roomTypeId":274573,"isUnverified":false,"isFlaggable":true,"isRecommended":"YES"},{"hotelId":"24620","totalPositiveFeedbacks":0,"tpid":"1","eapid":"0","contentLocale":"en_us","totalThanks":0,"photos":[],"reviewId":"5731f881fd62b709fc376ef6","itinId":"1131719251290","moderationStatus":"APPROVED","contentCodes":"","managementResponses":[],"ratingOverall":5,"langId":"1033","userNickname":"","brandType":"Expedia","title":"Great location ","reviewText":"The location is great with beautiful views of the city from the Top of the Mark.","featured":false,"ratingsOnly":false,"ratingRoomCleanliness":5,"ratingHotelCondition":5,"ratingService":5,"ratingRoomComfort":5,"positiveRemarks":"","negativeRemarks":"","locationRemarks":"","lastInitial":"","userLocation":"","reviewSubmissionTime":"2016-05-10T15:04:33Z","reviewerCategories":[{"categoryId":"Everyone","categoryLabel":"Everyone"}],"userDisplayName":"","roomTypeId":274593,"isUnverified":false,"isFlaggable":true,"isRecommended":"YES"},{"hotelId":"24620","totalPositiveFeedbacks":0,"tpid":"1","eapid":"0","contentLocale":"en_us","totalThanks":0,"photos":[],"reviewId":"572f38e5cbe0b509fd291d0a","itinId":"1132327022484","moderationStatus":"APPROVED","contentCodes":"","managementResponses":[],"ratingOverall":5,"langId":"1033","userNickname":"","brandType":"Expedia","title":"","reviewText":"Beautiful hotel.  The staff were very friendly and helpful.  Amazing views.","featured":false,"ratingsOnly":false,"ratingRoomCleanliness":5,"ratingHotelCondition":5,"ratingService":5,"ratingRoomComfort":5,"positiveRemarks":"","negativeRemarks":"","locationRemarks":"","lastInitial":"","userLocation":"","reviewSubmissionTime":"2016-05-08T13:02:29Z","reviewerCategories":[{"categoryId":"Everyone","categoryLabel":"Everyone"}],"userDisplayName":"","roomTypeId":274573,"isUnverified":false,"isFlaggable":true,"isRecommended":"YES"},{"hotelId":"24620","totalPositiveFeedbacks":0,"tpid":"1","eapid":"0","contentLocale":"en_us","totalThanks":0,"photos":[],"reviewId":"572d05008ebbdb09faf170b5","itinId":"1130164957482","moderationStatus":"APPROVED","contentCodes":"","managementResponses":[],"ratingOverall":5,"langId":"1033","userNickname":"","brandType":"Expedia","title":"","reviewText":"Great room. Beautiful view.\r\nI like being up on Nob Hill out of the crowds but walking distance to Union Square.\r\n","featured":false,"ratingsOnly":false,"ratingRoomCleanliness":5,"ratingHotelCondition":5,"ratingService":5,"ratingRoomComfort":5,"positiveRemarks":"","negativeRemarks":"","locationRemarks":"","lastInitial":"","userLocation":"","reviewSubmissionTime":"2016-05-06T20:56:32Z","reviewerCategories":[{"categoryId":"Everyone","categoryLabel":"Everyone"}],"userDisplayName":"","roomTypeId":274593,"isUnverified":false,"isFlaggable":true,"isRecommended":"YES"}]}}}
