{"reviewDetails":{"startIndex":0,"numberOfReviewsInThisPage":20,"reviewSummaryCollection":{"reviewSummary":[{"hotelId":"881699","totalReviewCnt":56,"avgOverallRating":2.5535717,"cleanliness":2.75,"serviceAndStaff":2.7678568,"roomComfort":2.75,"hotelCondition":2.4107137,"convenienceOfLocation":4.2,"neighborhoodSatisfaction":2.4,"roomQuality":0,"targetedBrand":"Expedia","originSummary":[{"origin":"Expedia","reviewCnt":56,"recommendedPercent":39.285713,"avgOverallRating":2.5535717,"cleanliness":2.75,"serviceAndStaff":2.7678568,"roomComfort":2.75,"hotelCondition":2.4107137,"convenienceOfLocation":4.2,"neighborhoodSatisfaction":2.4,"valueForMoney":0,"roomQuality":0,"categoryCounts":{"Everyone":44,"BusinessTravelers":2,"Couples":3},"roomTypeIdCounts":{"200683479":1,"200683492":2,"62837":1,"200683489":12,"200683502":4,"62843":9,"200683499":2,"62846":4},"languageCounts":{"en":56}}],"recommendedPercent":39.285713,"valueForMoney":0,"categoryCounts":{"Everyone":44,"BusinessTravelers":2,"Couples":3},"roomTypeIdCounts":{"200683479":1,"200683492":2,"62837":1,"200683489":12,"200683502":4,"62843":9,"200683499":2,"62846":4},"languageCounts":{"en":56},"featuredReview":{}}]},"reviewCollection":{"review":[{"hotelId":"881699","totalPositiveFeedbacks":0,"tpid":"1","eapid":"0","contentLocale":"en_us","totalThanks":0,"photos":[],"reviewId":"57aa23a3379e130b27d0f95a","itinId":"1142908960318","moderationStatus":"APPROVED","contentCodes":"NLI HMP MMD","managementResponses":[],"ratingOverall":1,"langId":"1033","userNickname":"","brandType":"Expedia","title":"My punishment for goofing up my travel plans","reviewText":"Needing to stay in this hotel was my punishment for making a mistake in my travel plans. Got it at the last minute on Saturday night.\r\n\r\nWow.... what a dump...and Expedia made me pay a high price to stay in a place that most travels would avoid at all cost. Other nearby \"Nice\" hotels were about the same price... just sold out.\r\n\r\nOn the good side:  My car was not stolen or damaged, Did not get bed bugs (that i know of yet), we were close to the airport.  My hurt knee (from going downstairs with heavy suitcases due to no elevator) is better now... The staircase was very steep and narrow... Surprised it even meets hotel building codes... was more like a fire escape than stairs.\r\n\r\nOn the bright side:  The same gentleman that checked us in late Saturday night and then checked us out 8 hours later in the morning was very nice and professional. ","featured":false,"ratingsOnly":false,"ratingRoomCleanliness":1,"ratingHotelCondition":1,"ratingService":4,"ratingRoomComfort":1,"positiveRemarks":"Not sure what this building was originally built for...but it certainly was not meant to be a hotel.  Major creativity was needed to convert it.","negativeRemarks":"get an elevator, new room carpet, shower curtain with less mold stains, clean behind the furniture (a power adaptor fell behind the night stand..yuk! ","locationRemarks":"SF Airport is nearby... nice.","lastInitial":"","userLocation":"","reviewSubmissionTime":"2016-08-09T18:40:35Z","reviewerCategories":[{"categoryId":"Everyone","categoryLabel":"Everyone"}],"userDisplayName":"","roomTypeId":200683502,"isUnverified":false,"isFlaggable":false,"isRecommended":"NO"},{"hotelId":"881699","totalPositiveFeedbacks":0,"tpid":"1","eapid":"0","contentLocale":"en_us","totalThanks":0,"photos":[],"reviewId":"579222ec3a803a0b280d1364","itinId":"1141049588317","moderationStatus":"APPROVED","contentCodes":"HMP MMD","managementResponses":[],"ratingOverall":1,"langId":"1033","userNickname":"","brandType":"Expedia","title":"Ridiculous Stay at a 2.8 hotel! ","reviewText":"I had to pay a deposit of $100 and my credit card did not have a chip so I had to go and get cash out in order to get my room because the staff member said in order to reserve the room every credit card has a chip and with the one I had it was not possible. This is ridiculous because I travel all the time especially to Hawaii and NEVER had this Experience! Talk about Inconvenience... It's not even a 5star hotel! I reserved this room last minute but will NOT be going there again! Customer Service is a Big Part of Business! ","featured":false,"ratingsOnly":false,"ratingRoomCleanliness":3,"ratingHotelCondition":2,"ratingService":1,"ratingRoomComfort":1,"positiveRemarks":"","negativeRemarks":"","locationRemarks":"","lastInitial":"","userLocation":"","reviewSubmissionTime":"2016-07-22T13:43:08Z","reviewerCategories":[{"categoryId":"Everyone","categoryLabel":"Everyone"}],"userDisplayName":"","roomTypeId":200683489,"isUnverified":false,"isFlaggable":false,"isRecommended":"NO"},{"hotelId":"881699","totalPositiveFeedbacks":0,"tpid":"1","eapid":"0","contentLocale":"en_us","totalThanks":0,"photos":[],"reviewId":"5788e49b45d8c10b28e985db","itinId":"1140303470521","moderationStatus":"APPROVED","contentCodes":"","managementResponses":[],"ratingOverall":2,"langId":"1033","userNickname":"Q","brandType":"Expedia","title":"Noisy","reviewText":"Tight parking, inconvenient. noisy freeway. noisy air conditioner. rundown bathroom.","featured":false,"ratingsOnly":false,"ratingRoomCleanliness":3,"ratingHotelCondition":2,"ratingService":3,"ratingRoomComfort":2,"positiveRemarks":"nothing","negativeRemarks":"location","locationRemarks":"freeway frontage. no amenities nearby.","lastInitial":"","userLocation":"yosemite","reviewSubmissionTime":"2016-07-15T13:26:51Z","reviewerCategories":[{"categoryId":"Everyone","categoryLabel":"Everyone"}],"userDisplayName":"","roomTypeId":200683492,"isUnverified":false,"isFlaggable":true,"isRecommended":"NO"},{"hotelId":"881699","totalPositiveFeedbacks":0,"tpid":"1","eapid":"0","contentLocale":"en_us","totalThanks":0,"photos":[],"reviewId":"57755e6e67a4b00b7dbd6486","itinId":"1139054626072","moderationStatus":"APPROVED","contentCodes":"","managementResponses":[],"ratingOverall":3,"langId":"1033","userNickname":"","brandType":"Expedia","title":"sufficient for 1 night","reviewText":"This hotel is not that bad. I was not scared to stay here.","featured":false,"ratingsOnly":false,"ratingRoomCleanliness":3,"ratingHotelCondition":2,"ratingService":5,"ratingRoomComfort":4,"positiveRemarks":"A/C worked, TV and cable worked, wifi worked","negativeRemarks":"the wall behind the toilet could be repaired","locationRemarks":"","lastInitial":"","userLocation":"","reviewSubmissionTime":"2016-06-30T18:01:18Z","reviewerCategories":[{"categoryId":"Everyone","categoryLabel":"Everyone"}],"userDisplayName":"","roomTypeId":200683489,"isUnverified":false,"isFlaggable":true,"isRecommended":"NO"},{"hotelId":"881699","totalPositiveFeedbacks":0,"tpid":"1","eapid":"0","contentLocale":"en_us","totalThanks":0,"photos":[],"reviewId":"574325f382860109fb99f2f0","itinId":"1135538217132","moderationStatus":"APPROVED","contentCodes":"","managementResponses":[],"ratingOverall":3,"langId":"1033","userNickname":"bill","brandType":"Expedia","title":"Nicely painted and trimmed, but tiny.","reviewText":"Nicely painted and trimmed but really more of a small and crowded cubbyhole.","featured":false,"ratingsOnly":false,"ratingRoomCleanliness":4,"ratingHotelCondition":3,"ratingService":4,"ratingRoomComfort":3,"positiveRemarks":"","negativeRemarks":"","locationRemarks":"","lastInitial":"","userLocation":"spokane","reviewSubmissionTime":"2016-05-23T15:46:59Z","reviewerCategories":[{"categoryId":"Everyone","categoryLabel":"Everyone"}],"userDisplayName":"","roomTypeId":200683489,"isUnverified":false,"isFlaggable":true,"isRecommended":"NO"},{"hotelId":"881699","totalPositiveFeedbacks":0,"tpid":"1","eapid":"0","contentLocale":"en_us","totalThanks":0,"photos":[],"reviewId":"573f5e19a022c10a0291035f","itinId":"1135667400021","moderationStatus":"APPROVED","contentCodes":"MMA","managementResponses":[],"ratingOverall":1,"langId":"1033","userNickname":"","brandType":"Expedia","title":"Not a good place.","reviewText":"I was forced to stay here because I needed a hotel last minute and the only rooms available elsewhere were very expensive.","featured":false,"ratingsOnly":false,"ratingRoomCleanliness":2,"ratingHotelCondition":1,"ratingService":3,"ratingRoomComfort":1,"positiveRemarks":"","negativeRemarks":"","locationRemarks":"","lastInitial":"","userLocation":"","reviewSubmissionTime":"2016-05-20T18:57:29Z","reviewerCategories":[{"categoryId":"Everyone","categoryLabel":"Everyone"}],"userDisplayName":"","roomTypeId":200683489,"isUnverified":false,"isFlaggable":false,"isRecommended":"NO"},{"hotelId":"881699","totalPositiveFeedbacks":0,"tpid":"1","eapid":"0","contentLocale":"en_us","totalThanks":0,"photos":[],"reviewId":"5734985fa2495c09f8eebb83","itinId":"1135031347462","moderationStatus":"APPROVED","contentCodes":"","managementResponses":[],"ratingOverall":4,"langId":"1033","userNickname":"great","brandType":"Expedia","title":"Great and clear hotel ","reviewText":"Clear facility.\r\nSpacey room.\r\nParking space a little small.\r\nBreakfast is very simple, but acceptable.\r\nOverall is very good, I would like stay again.","featured":false,"ratingsOnly":false,"ratingRoomCleanliness":5,"ratingHotelCondition":5,"ratingService":5,"ratingRoomComfort":5,"positiveRemarks":"","negativeRemarks":"","locationRemarks":"","lastInitial":"","userLocation":"","reviewSubmissionTime":"2016-05-12T14:51:11Z","reviewerCategories":[{"categoryId":"Everyone","categoryLabel":"Everyone"}],"userDisplayName":"","roomTypeId":200683502,"isUnverified":false,"isFlaggable":true,"isRecommended":"YES"},{"hotelId":"881699","totalPositiveFeedbacks":0,"tpid":"1","eapid":"0","contentLocale":"en_us","totalThanks":0,"photos":[],"reviewId":"56d161f9a3cbd5098198a6d4","itinId":"1128102555786","moderationStatus":"APPROVED","contentCodes":"MMA","managementResponses":[],"ratingOverall":2,"langId":"1033","userNickname":"","brandType":"Expedia","title":"Noisy","reviewText":"Its a motel. Low expectation, but very noisy. Cars and doors. ","featured":false,"ratingsOnly":false,"ratingRoomCleanliness":1,"ratingHotelCondition":1,"ratingService":2,"ratingRoomComfort":2,"positiveRemarks":"","negativeRemarks":"","locationRemarks":"","lastInitial":"","userLocation":"","reviewSubmissionTime":"2016-02-27T08:44:41Z","reviewerCategories":[{"categoryId":"Everyone","categoryLabel":"Everyone"}],"userDisplayName":"","roomTypeId":200683489,"isUnverified":false,"isFlaggable":false,"isRecommended":"NO"},{"hotelId":"881699","totalPositiveFeedbacks":0,"tpid":"28","eapid":"0","contentLocale":"en_us","totalThanks":0,"photos":[],"reviewId":"56cad0ba4ab0d00995ed8ba4","itinId":"15975592866","moderationStatus":"APPROVED","contentCodes":"HMP MMD","managementResponses":[],"ratingOverall":4,"langId":"1033","userNickname":"K","brandType":"Expedia","title":"calm place not far from the Airport","reviewText":"1. Staff was so nice and helpful. \r\nWhen I needed to print out some extra CV the person at the front desk helped opening a way of dealing with the situation.\r\n2. Room delivery was so quick and the served food was hot and delicious.\r\n3. Breakfast bread or serial included fruit juice, tea,milk, yogurt and milk on top of both decaf and normal coffee. \r\n4.Overall it was cheap and good enough with a thorough cleanliness!","featured":false,"ratingsOnly":false,"ratingRoomCleanliness":3,"ratingHotelCondition":3,"ratingService":5,"ratingRoomComfort":3,"positiveRemarks":"","negativeRemarks":"","locationRemarks":"","lastInitial":"N","userLocation":"JP","reviewSubmissionTime":"2016-02-22T09:11:22Z","reviewerCategories":[{"categoryId":"Everyone","categoryLabel":"Everyone"}],"userDisplayName":"","roomTypeId":200683489,"isUnverified":false,"isFlaggable":false,"isRecommended":"YES"},{"hotelId":"881699","totalPositiveFeedbacks":0,"tpid":"1","eapid":"0","contentLocale":"en_us","totalThanks":0,"photos":[],"reviewId":"569e5a32e29c850953b0fb75","itinId":"1125311696041","moderationStatus":"APPROVED","contentCodes":"","managementResponses":[],"ratingOverall":3,"langId":"1033","userNickname":"Mike","brandType":"Expedia","title":"It's awkward","reviewText":"Cheapest hotel close to airport saved me from crossing Bay Bridge at rush hour. Not easy to access but easier to leave. This well worn hotel has an Eighties feel to it that is quaint but not comfortable. Still, the price is right for the area.","featured":false,"ratingsOnly":false,"ratingRoomCleanliness":4,"ratingHotelCondition":2,"ratingService":3,"ratingRoomComfort":3,"positiveRemarks":"","negativeRemarks":"","locationRemarks":"","lastInitial":"","userLocation":"Chicago, IL","reviewSubmissionTime":"2016-01-19T15:45:54Z","reviewerCategories":[{"categoryId":"BusinessTravelers","categoryLabel":"BusinessTravelers"}],"userDisplayName":"","roomTypeId":200683502,"isUnverified":false,"isFlaggable":true,"isRecommended":"YES"},{"hotelId":"881699","totalPositiveFeedbacks":0,"tpid":"1","eapid":"0","contentLocale":"en_us","totalThanks":0,"photos":[],"reviewId":"560c492a83cb91094aff7597","itinId":"1117964136624","moderationStatus":"APPROVED","contentCodes":"HMP MMD","managementResponses":[],"ratingOverall":1,"langId":"1033","userNickname":"michael","brandType":"Expedia","title":"Run down and dirty ","reviewText":"Run down, dirty, drug dealers and hookers abound.\r\nOverpriced \r\nRude staff\r\nBeware!!!!!\r\nYou've been warned\r\n.......\r\n.......\r\nDidn't feel safe at all","featured":false,"ratingsOnly":false,"ratingRoomCleanliness":1,"ratingHotelCondition":1,"ratingService":1,"ratingRoomComfort":1,"positiveRemarks":"","negativeRemarks":"","locationRemarks":"","lastInitial":"","userLocation":"sacramento","reviewSubmissionTime":"2015-09-30T20:42:18Z","reviewerCategories":[{"categoryId":"Everyone","categoryLabel":"Everyone"}],"userDisplayName":"","roomTypeId":200683489,"isUnverified":false,"isFlaggable":false,"isRecommended":"NO"},{"hotelId":"881699","totalPositiveFeedbacks":0,"tpid":"1","eapid":"0","contentLocale":"en_us","totalThanks":0,"photos":[],"reviewId":"55d73a910155d708ecf9daca","itinId":"1114670111035","moderationStatus":"APPROVED","contentCodes":"HMP MMD","managementResponses":[],"ratingOverall":5,"langId":"1033","userNickname":"jennifer","brandType":"Expedia","title":"outside looks deceiving","reviewText":"I was pleasantly surprised at the comfort and cleanliness of the room . The lot was small the lobby rundown , not close to any food , buding looked like crap but room was very very nicely appointed Nd comfortable and clean ","featured":false,"ratingsOnly":false,"ratingRoomCleanliness":5,"ratingHotelCondition":4,"ratingService":3,"ratingRoomComfort":5,"positiveRemarks":"","negativeRemarks":"","locationRemarks":"","lastInitial":"","userLocation":"lihue hi ","reviewSubmissionTime":"2015-08-21T14:49:53Z","reviewerCategories":[{"categoryId":"Everyone","categoryLabel":"Everyone"}],"userDisplayName":"","roomTypeId":200683479,"isUnverified":false,"isFlaggable":false,"isRecommended":"YES"},{"hotelId":"881699","totalPositiveFeedbacks":0,"tpid":"1","eapid":"0","contentLocale":"en_us","totalThanks":0,"photos":[],"reviewId":"55bfb31af359ba08f36e4b49","itinId":"1112862468279","moderationStatus":"APPROVED","contentCodes":"HMP MMD","managementResponses":[],"ratingOverall":1,"langId":"1033","userNickname":"","brandType":"Expedia","title":"Worst hotel ever","reviewText":"Worst place we've ever stayed. If there wasn't the \" no refund \" clause in booking this place we would have stayed night in car on side of road, that's how bad it was. A/C did not work, large wood valance for curtain fell on me injured arm. Reported to front desk, they told me \"we didn't see it happen\" you must have did it somewhere else. Holes in walls in bathroom and no hot water.","featured":false,"ratingsOnly":false,"ratingRoomCleanliness":1,"ratingHotelCondition":1,"ratingService":1,"ratingRoomComfort":1,"positiveRemarks":"","negativeRemarks":"","locationRemarks":"","lastInitial":"","userLocation":"","reviewSubmissionTime":"2015-08-03T18:29:46Z","reviewerCategories":[{"categoryId":"Everyone","categoryLabel":"Everyone"}],"userDisplayName":"","roomTypeId":"","isUnverified":false,"isFlaggable":false,"isRecommended":"NO"},{"hotelId":"881699","totalPositiveFeedbacks":0,"tpid":"1","eapid":"0","contentLocale":"en_us","totalThanks":0,"photos":[],"reviewId":"55b2696e7134290907797875","itinId":"1111817518689","moderationStatus":"APPROVED","contentCodes":"HMP MMD","managementResponses":[],"ratingOverall":2,"langId":"1033","userNickname":"tom","brandType":"Expedia","title":"Very smelly Floor very dirty Used shoes @ all time","reviewText":"Will neve use this place any more.\r\nWe vent there only because all normal places were full. I would not go there even if I would need to sleep in my car again. I only did stay there because I have three kids and we would not fit in the car sleeping.","featured":false,"ratingsOnly":false,"ratingRoomCleanliness":1,"ratingHotelCondition":2,"ratingService":2,"ratingRoomComfort":3,"positiveRemarks":"","negativeRemarks":"","locationRemarks":"","lastInitial":"","userLocation":"s","reviewSubmissionTime":"2015-07-24T16:35:58Z","reviewerCategories":[{"categoryId":"Everyone","categoryLabel":"Everyone"}],"userDisplayName":"","roomTypeId":200683499,"isUnverified":false,"isFlaggable":false,"isRecommended":"NO"},{"hotelId":"881699","totalPositiveFeedbacks":0,"tpid":"1","eapid":"0","contentLocale":"en_us","totalThanks":0,"photos":[],"reviewId":"55abec88a05c3708fb4e4766","itinId":"1110821248914","moderationStatus":"APPROVED","contentCodes":"MMA","managementResponses":[],"ratingOverall":3,"langId":"1033","userNickname":"","brandType":"Expedia","title":"","reviewText":"The cleanness of room is not bad. But the hotel is just next to the freeway and the air conditioner was a bit noisy.\r\n\r\nSeems there was no fitness room.\r\n\r\nConsidering its price, it's not a bad choice.","featured":false,"ratingsOnly":false,"ratingRoomCleanliness":3,"ratingHotelCondition":3,"ratingService":4,"ratingRoomComfort":3,"positiveRemarks":"","negativeRemarks":"","locationRemarks":"Just next to the freeway","lastInitial":"","userLocation":"","reviewSubmissionTime":"2015-07-19T18:29:28Z","reviewerCategories":[{"categoryId":"Everyone","categoryLabel":"Everyone"}],"userDisplayName":"","roomTypeId":200683502,"isUnverified":false,"isFlaggable":false,"isRecommended":"NO"},{"hotelId":"881699","totalPositiveFeedbacks":0,"tpid":"1","eapid":"0","contentLocale":"en_us","totalThanks":0,"photos":[],"reviewId":"558eb6826caf6c08fbb8692c","itinId":"1108904018029","moderationStatus":"APPROVED","contentCodes":"HMP MMD","managementResponses":[],"ratingOverall":3,"langId":"1033","userNickname":"","brandType":"Expedia","title":"Cheap Room","reviewText":"Room was clean.  Smokers and their ashes everywhere--not pleasant.  Windows were tough to open.","featured":false,"ratingsOnly":false,"ratingRoomCleanliness":3,"ratingHotelCondition":3,"ratingService":3,"ratingRoomComfort":2,"positiveRemarks":"Cheap.  Appreciated the attendant warning of a $50 charge if I smoked in the room.  Proved to be an effective deterrent!","negativeRemarks":"Disallow smoking on the property.","locationRemarks":"","lastInitial":"","userLocation":"","reviewSubmissionTime":"2015-06-27T14:43:14Z","reviewerCategories":[{"categoryId":"Everyone","categoryLabel":"Everyone"}],"userDisplayName":"","roomTypeId":200683489,"isUnverified":false,"isFlaggable":false,"isRecommended":"NO"},{"hotelId":"881699","totalPositiveFeedbacks":0,"tpid":"1","eapid":"0","contentLocale":"en_us","totalThanks":0,"photos":[],"reviewId":"55846066ec0c0509816373b3","itinId":"1108266211935","moderationStatus":"APPROVED","contentCodes":"MMA","managementResponses":[],"ratingOverall":2,"langId":"1033","userNickname":"","brandType":"Expedia","title":"ugh","reviewText":"There was a crack pipe in the parking lot... that about sums up the place. ","featured":false,"ratingsOnly":false,"ratingRoomCleanliness":2,"ratingHotelCondition":1,"ratingService":3,"ratingRoomComfort":2,"positiveRemarks":"","negativeRemarks":"","locationRemarks":"","lastInitial":"","userLocation":"","reviewSubmissionTime":"2015-06-19T18:33:10Z","reviewerCategories":[{"categoryId":"Everyone","categoryLabel":"Everyone"}],"userDisplayName":"","roomTypeId":200683489,"isUnverified":false,"isFlaggable":false,"isRecommended":"NO"},{"hotelId":"881699","totalPositiveFeedbacks":1,"tpid":"1","eapid":"0","contentLocale":"en_us","totalThanks":1,"photos":[],"reviewId":"556cc2e30497650a0c0362a5","itinId":"1106303520906","moderationStatus":"APPROVED","contentCodes":"NLI HMP MMD","managementResponses":[],"ratingOverall":2,"langId":"1033","userNickname":"Frank","brandType":"Expedia","title":"","reviewText":"bad customer service. Rude check in person. moldy bathroom. poor conditions","featured":false,"ratingsOnly":false,"ratingRoomCleanliness":2,"ratingHotelCondition":2,"ratingService":1,"ratingRoomComfort":2,"positiveRemarks":"nothing","negativeRemarks":"everything","locationRemarks":"not good neighborhood","lastInitial":"m","userLocation":"utah","reviewSubmissionTime":"2015-06-01T20:38:59Z","reviewerCategories":[{"categoryId":"Everyone","categoryLabel":"Everyone"}],"userDisplayName":"","roomTypeId":200683489,"isUnverified":false,"isFlaggable":false,"isRecommended":"NO"},{"hotelId":"881699","totalPositiveFeedbacks":0,"tpid":"1","eapid":"0","contentLocale":"en_us","totalThanks":0,"photos":[],"reviewId":"552cea0fe4b023f91ee05e7f","itinId":"194903269844","moderationStatus":"APPROVED","contentCodes":"MMA HMP","managementResponses":[],"ratingOverall":3,"langId":"1033","userNickname":"","brandType":"Expedia","title":"","reviewText":"Not the best hotel but comfortable for the price. Got woken up a night from Boise outside. Walls are very thin. ","featured":false,"ratingsOnly":false,"ratingRoomCleanliness":4,"ratingHotelCondition":3,"ratingService":3,"ratingRoomComfort":3,"positiveRemarks":"","negativeRemarks":"","locationRemarks":"","lastInitial":"","userLocation":"","reviewSubmissionTime":"2015-04-14T10:21:03Z","reviewerCategories":[{"categoryId":"Everyone","categoryLabel":"Everyone"}],"userDisplayName":"","roomTypeId":200683489,"isUnverified":false,"isFlaggable":false,"isRecommended":"YES"},{"hotelId":"881699","totalPositiveFeedbacks":0,"tpid":"1","eapid":"0","contentLocale":"en_us","totalThanks":0,"photos":[],"reviewId":"10001424893","itinId":"195081696531","moderationStatus":"APPROVED","contentCodes":"","managementResponses":[],"ratingOverall":3,"langId":"1033","userNickname":"","brandType":"Expedia","title":"It's ok","reviewText":"The cleaners always knocking out door though we're not ready yet to go","featured":false,"ratingsOnly":false,"ratingRoomCleanliness":3,"ratingHotelCondition":3,"ratingService":3,"ratingRoomComfort":4,"positiveRemarks":"","negativeRemarks":"","locationRemarks":"","lastInitial":"L","userLocation":"V","reviewSubmissionTime":"2015-01-16T19:39:51Z","reviewerCategories":[{"categoryId":"Everyone","categoryLabel":"Everyone"}],"userDisplayName":"","roomTypeId":200683492,"isUnverified":false,"isFlaggable":false,"isRecommended":"YES"}]}}}
