{"reviewDetails":{"startIndex":0,"numberOfReviewsInThisPage":20,"reviewSummaryCollection":{"reviewSummary":[{"hotelId":"9329","totalReviewCnt":655,"avgOverallRating":3.3526719,"cleanliness":3.569465,"serviceAndStaff":3.6824431,"roomComfort":3.5083973,"hotelCondition":3.3175569,"convenienceOfLocation":4.0322585,"neighborhoodSatisfaction":3.1935484,"roomQuality":0,"targetedBrand":"Expedia","originSummary":[{"origin":"Expedia","reviewCnt":655,"recommendedPercent":68.24427,"avgOverallRating":3.3526719,"cleanliness":3.569465,"serviceAndStaff":3.6824431,"roomComfort":3.5083973,"hotelCondition":3.3175569,"convenienceOfLocation":4.0322585,"neighborhoodSatisfaction":3.1935484,"valueForMoney":0,"roomQuality":0,"categoryCounts":{"Everyone":456,"Couples":22,"BusinessTravelers":17,"Students":3,"Families":38,"Other":8},"roomTypeIdCounts":{"40307":1,"13689":52,"13690":312,"200936144":15},"languageCounts":{"en":655}}],"recommendedPercent":68.24427,"valueForMoney":0,"categoryCounts":{"Everyone":456,"Couples":22,"BusinessTravelers":17,"Students":3,"Families":38,"Other":8},"roomTypeIdCounts":{"40307":1,"13689":52,"13690":312,"200936144":15},"languageCounts":{"en":655},"featuredReview":{}}]},"reviewCollection":{"review":[{"hotelId":"9329","totalPositiveFeedbacks":0,"tpid":"1","eapid":"0","contentLocale":"en_us","totalThanks":0,"photos":[],"reviewId":"57b1e29d303d3d0b0657ce0e","itinId":"1142651642195","moderationStatus":"APPROVED","contentCodes":"MMA","managementResponses":[],"ratingOverall":2,"langId":"1033","userNickname":"","brandType":"Expedia","title":"Old run down hotel right off the freeway.  ","reviewText":"It took a very long time at check -in as there was only 1 person checking people in.\r\nThe hotel needs a renovation and the traffic noise was so bad because it is right off the freeway. I thought the cars were going right thru my room.  I asked to be away from the freeway but I was given the room next to the freeway.\r\n","featured":false,"ratingsOnly":false,"ratingRoomCleanliness":2,"ratingHotelCondition":2,"ratingService":2,"ratingRoomComfort":2,"positiveRemarks":"nothing","negativeRemarks":"everything","locationRemarks":"a small little town  area near by-  with alot of ethnic restaurants","lastInitial":"","userLocation":"","reviewSubmissionTime":"2016-08-15T15:41:17Z","reviewerCategories":[{"categoryId":"Everyone","categoryLabel":"Everyone"}],"userDisplayName":"","roomTypeId":13689,"isUnverified":false,"isFlaggable":false,"isRecommended":"NO"},{"hotelId":"9329","totalPositiveFeedbacks":0,"tpid":"1","eapid":"0","contentLocale":"en_us","totalThanks":0,"photos":[],"reviewId":"57b0fb94973cb70b41247037","itinId":"1143179338966","moderationStatus":"APPROVED","contentCodes":"","managementResponses":[],"ratingOverall":4,"langId":"1033","userNickname":"John","brandType":"Expedia","title":"nice hotel but noisy","reviewText":"The room floor (carpet) looks new. The room was clean. Our room had 2 double beds, we were hoping for 2 queen beds.\r\nThe breakfast hrs are short and very crowded. The hotel is located beside the main highway and it was very noisy.","featured":false,"ratingsOnly":false,"ratingRoomCleanliness":4,"ratingHotelCondition":4,"ratingService":4,"ratingRoomComfort":3,"positiveRemarks":"","negativeRemarks":"Better breakfast menu and better coffee.","locationRemarks":"","lastInitial":"","userLocation":"Toronto","reviewSubmissionTime":"2016-08-14T23:15:32Z","reviewerCategories":[{"categoryId":"Everyone","categoryLabel":"Everyone"}],"userDisplayName":"","roomTypeId":13690,"isUnverified":false,"isFlaggable":true,"isRecommended":"YES"},{"hotelId":"9329","totalPositiveFeedbacks":1,"tpid":"30029","eapid":"0","contentLocale":"en_us","totalThanks":1,"photos":[],"reviewId":"57adf03849668b0b08e66e5e","itinId":"17621070762","moderationStatus":"APPROVED","contentCodes":"NLI PD HMP MMD","managementResponses":[],"ratingOverall":2,"langId":"1033","userNickname":"R ","brandType":"Expedia","title":"Walking distance to shopping and eateries.","reviewText":"Room directly above mine was being worked on through the night.  Homeless man eating the \"free\" breakfast on the ground in from of my door.  The area is on the verge of looking to appear unsafe, limited parking available and fee to park was not disclosed by Expedia when I book this room.","featured":false,"ratingsOnly":false,"ratingRoomCleanliness":2,"ratingHotelCondition":1,"ratingService":3,"ratingRoomComfort":2,"positiveRemarks":"Location.","negativeRemarks":"","locationRemarks":"","lastInitial":"M","userLocation":"San Antonio TX","reviewSubmissionTime":"2016-08-12T15:50:16Z","reviewerCategories":[{"categoryId":"Everyone","categoryLabel":"Everyone"}],"userDisplayName":"","roomTypeId":13690,"isUnverified":false,"isFlaggable":false,"isRecommended":"NO"},{"hotelId":"9329","totalPositiveFeedbacks":0,"tpid":"1","eapid":"0","contentLocale":"en_us","totalThanks":0,"photos":[],"reviewId":"57ac77679209260b065fd84e","itinId":"1138556350151","moderationStatus":"APPROVED","contentCodes":"","managementResponses":[],"ratingOverall":3,"langId":"1033","userNickname":"","brandType":"Expedia","title":"","reviewText":"This hotel was comfortable. It is few miles away from the train station. I would recommend anyone to go here.","featured":false,"ratingsOnly":false,"ratingRoomCleanliness":3,"ratingHotelCondition":3,"ratingService":3,"ratingRoomComfort":3,"positiveRemarks":"","negativeRemarks":"","locationRemarks":"","lastInitial":"","userLocation":"","reviewSubmissionTime":"2016-08-11T13:02:31Z","reviewerCategories":[{"categoryId":"Everyone","categoryLabel":"Everyone"}],"userDisplayName":"","roomTypeId":13690,"isUnverified":false,"isFlaggable":true,"isRecommended":"YES"},{"hotelId":"9329","totalPositiveFeedbacks":0,"tpid":"1","eapid":"0","contentLocale":"en_us","totalThanks":0,"photos":[],"reviewId":"57aa2e2b47c4f60b046022c5","itinId":"1141239732616","moderationStatus":"APPROVED","contentCodes":"","managementResponses":[],"ratingOverall":4,"langId":"1033","userNickname":"Tiela","brandType":"Expedia","title":"Nice and clean","reviewText":"I booked this hotel because of its lower rate, and I was so glad I did.  My room was very nice and clean with very comfortable beds.  It's easy to find, right off the 101 freeway, so I guess it could be a little noisy, but it didn't bother us at all.   I'll definitely stay here again when I visit SF.\r\nTo be honest, I was a little skeptic when I read the negative reviews about this hotel, but the stay proved me wrong. I think people should be more reasonable and fair when writing up any review.","featured":false,"ratingsOnly":false,"ratingRoomCleanliness":4,"ratingHotelCondition":4,"ratingService":4,"ratingRoomComfort":4,"positiveRemarks":"","negativeRemarks":"","locationRemarks":"","lastInitial":"L","userLocation":"Fountain Valley, CA","reviewSubmissionTime":"2016-08-09T19:25:31Z","reviewerCategories":[{"categoryId":"Everyone","categoryLabel":"Everyone"}],"userDisplayName":"","roomTypeId":13690,"isUnverified":false,"isFlaggable":true,"isRecommended":"YES"},{"hotelId":"9329","totalPositiveFeedbacks":0,"tpid":"1","eapid":"0","contentLocale":"en_us","totalThanks":0,"photos":[],"reviewId":"57aa08613c61ed0b05419129","itinId":"1141100579788","moderationStatus":"APPROVED","contentCodes":"","managementResponses":[],"ratingOverall":3,"langId":"1033","userNickname":"Carlos ","brandType":"Expedia","title":"Two buildings ","reviewText":"Did not know that the hotel had two separate buildings, and it looked kinda sketchy walking to the other building. Other than that good experience. ","featured":false,"ratingsOnly":false,"ratingRoomCleanliness":3,"ratingHotelCondition":2,"ratingService":3,"ratingRoomComfort":3,"positiveRemarks":"","negativeRemarks":"","locationRemarks":"","lastInitial":"","userLocation":"New Orleans ","reviewSubmissionTime":"2016-08-09T16:44:17Z","reviewerCategories":[{"categoryId":"Everyone","categoryLabel":"Everyone"}],"userDisplayName":"","roomTypeId":13690,"isUnverified":false,"isFlaggable":true,"isRecommended":"YES"},{"hotelId":"9329","totalPositiveFeedbacks":0,"tpid":"1","eapid":"0","contentLocale":"en_us","totalThanks":0,"photos":[],"reviewId":"57a8d3cf7b42f40b28f51dc0","itinId":"1142427112939","moderationStatus":"APPROVED","contentCodes":"MMA","managementResponses":[],"ratingOverall":2,"langId":"1033","userNickname":"","brandType":"Expedia","title":"Quick stay due to canceled flight","reviewText":"The sheets dirty and worn.  The staff checking me in at 2:00am was great.\r\nTerrible food for breakfast.  Options gone by 8:00","featured":false,"ratingsOnly":false,"ratingRoomCleanliness":1,"ratingHotelCondition":2,"ratingService":5,"ratingRoomComfort":1,"positiveRemarks":"","negativeRemarks":"","locationRemarks":"","lastInitial":"","userLocation":"","reviewSubmissionTime":"2016-08-08T18:47:43Z","reviewerCategories":[{"categoryId":"Everyone","categoryLabel":"Everyone"}],"userDisplayName":"","roomTypeId":13689,"isUnverified":false,"isFlaggable":false,"isRecommended":"NO"},{"hotelId":"9329","totalPositiveFeedbacks":0,"tpid":"1","eapid":"0","contentLocale":"en_us","totalThanks":0,"photos":[],"reviewId":"57a892c14f61260b264dbbf2","itinId":"1141506794912","moderationStatus":"APPROVED","contentCodes":"","managementResponses":[],"ratingOverall":3,"langId":"1033","userNickname":"annie","brandType":"Expedia","title":"Not great bit terrible clase to airport","reviewText":"Out dated, old, uncomfortable beds..but you get what you pay for I suppose. Convenient area though! ","featured":false,"ratingsOnly":false,"ratingRoomCleanliness":3,"ratingHotelCondition":3,"ratingService":4,"ratingRoomComfort":2,"positiveRemarks":"","negativeRemarks":"","locationRemarks":"","lastInitial":"","userLocation":"","reviewSubmissionTime":"2016-08-08T14:10:09Z","reviewerCategories":[{"categoryId":"Everyone","categoryLabel":"Everyone"}],"userDisplayName":"","roomTypeId":13690,"isUnverified":false,"isFlaggable":true,"isRecommended":"NO"},{"hotelId":"9329","totalPositiveFeedbacks":0,"tpid":"1","eapid":"0","contentLocale":"en_us","totalThanks":0,"photos":[],"reviewId":"57a749800a81ec0b2ebfed51","itinId":"1142682178781","moderationStatus":"APPROVED","contentCodes":"","managementResponses":[],"ratingOverall":3,"langId":"1033","userNickname":"colby","brandType":"Expedia","title":"Easy freeway and airport access ","reviewText":"The hotel is easy to get, it is also easy to get to wherever it is you may need to go in the Bay Area. The hotel it's self if pretty loud. It is right next to the freeway and the Windows don't do much to help, you can hear everyone walking up and down the hallway and people in the room above. There was mold growing in the bathroom, and the room could of been cleaner. It is the most reasonable priced hotel that we could find that was close to San Francisco. ","featured":false,"ratingsOnly":false,"ratingRoomCleanliness":2,"ratingHotelCondition":2,"ratingService":4,"ratingRoomComfort":1,"positiveRemarks":"","negativeRemarks":"","locationRemarks":"","lastInitial":"H","userLocation":"Portland, OR","reviewSubmissionTime":"2016-08-07T14:45:20Z","reviewerCategories":[{"categoryId":"Everyone","categoryLabel":"Everyone"}],"userDisplayName":"","roomTypeId":13689,"isUnverified":false,"isFlaggable":true,"isRecommended":"YES"},{"hotelId":"9329","totalPositiveFeedbacks":0,"tpid":"1","eapid":"0","contentLocale":"en_us","totalThanks":0,"photos":[],"reviewId":"57a1e977849f110b28cd7b34","itinId":"1140121913467","moderationStatus":"APPROVED","contentCodes":"","managementResponses":[{"userNickname":"GM","displayLocale":"en_us","isFlaggable":true,"date":"2016-08-05T17:55:53Z","response":" Thank you for taking the time to review La Quinta. We are in the planning process of doing just that. The breakfast area is going to be expanded with much more space and easier access to everything.","status":"APPROVED","id":"2ce3f98a-7977-4f95-90f8-185b1b0b6d36"}],"ratingOverall":4,"langId":"1033","userNickname":"","brandType":"Expedia","title":"","reviewText":"Convenient to our relative's home in southern San Fran and the airport","featured":false,"ratingsOnly":false,"ratingRoomCleanliness":4,"ratingHotelCondition":4,"ratingService":4,"ratingRoomComfort":4,"positiveRemarks":"Cost, included breakfast and internet, adequate parking.","negativeRemarks":"More space for eating breakfast. Area was overcrowded with people eating while standing in hall and food area.","locationRemarks":"","lastInitial":"","userLocation":"","reviewSubmissionTime":"2016-08-03T12:54:15Z","reviewerCategories":[{"categoryId":"Everyone","categoryLabel":"Everyone"}],"userDisplayName":"","roomTypeId":13690,"isUnverified":false,"isFlaggable":true,"isRecommended":"YES"},{"hotelId":"9329","totalPositiveFeedbacks":0,"tpid":"1","eapid":"0","contentLocale":"en_us","totalThanks":0,"photos":[],"reviewId":"57a0a1ff3f9da40b2a28b0f8","itinId":"1140839077441","moderationStatus":"APPROVED","contentCodes":"HMP MMD","managementResponses":[{"userNickname":"GM","displayLocale":"en_us","isFlaggable":true,"date":"2016-08-05T17:56:52Z","response":"Thank you for taking the time to post your comments. We are in the planning stages right now of a huge update for this location.","status":"APPROVED","id":"8bb72574-897d-4d5b-911f-fbc4758467b7"}],"ratingOverall":2,"langId":"1033","userNickname":"Brian","brandType":"Expedia","title":"How to get to your room...","reviewText":"To find our room at 1am we had to \"walk down this hall to the end, go out the door,  turn left and walk down the partial sidewalk to the truck parking area.  Go around the trucks, past the produce factory and across the tracks then find the cross walk.  Look up, see the building.  Room has not been updated in about 20 years.  ","featured":false,"ratingsOnly":false,"ratingRoomCleanliness":2,"ratingHotelCondition":2,"ratingService":4,"ratingRoomComfort":2,"positiveRemarks":"","negativeRemarks":"Build a new one.  Competition in the area is SO MUCH BETTER.  I have worked with LaQuinta in my business and can not believe that they allow this.","locationRemarks":"Good location to SFO","lastInitial":"","userLocation":"Colorado","reviewSubmissionTime":"2016-08-02T13:37:03Z","reviewerCategories":[{"categoryId":"Everyone","categoryLabel":"Everyone"}],"userDisplayName":"","roomTypeId":13690,"isUnverified":false,"isFlaggable":false,"isRecommended":"NO"},{"hotelId":"9329","totalPositiveFeedbacks":0,"tpid":"1","eapid":"0","contentLocale":"en_us","totalThanks":0,"photos":[],"reviewId":"579f6c73a5437e0b28c1ccd6","itinId":"1140948346629","moderationStatus":"APPROVED","contentCodes":"","managementResponses":[],"ratingOverall":2,"langId":"1033","userNickname":"","brandType":"Expedia","title":"","reviewText":"Staying in this hotel is so bad.\r\nit is not recommendable hotel","featured":false,"ratingsOnly":false,"ratingRoomCleanliness":2,"ratingHotelCondition":2,"ratingService":3,"ratingRoomComfort":2,"positiveRemarks":"","negativeRemarks":"","locationRemarks":"","lastInitial":"","userLocation":"","reviewSubmissionTime":"2016-08-01T15:36:19Z","reviewerCategories":[{"categoryId":"Everyone","categoryLabel":"Everyone"}],"userDisplayName":"","roomTypeId":13690,"isUnverified":false,"isFlaggable":true,"isRecommended":"NO"},{"hotelId":"9329","totalPositiveFeedbacks":0,"tpid":"1","eapid":"0","contentLocale":"en_us","totalThanks":0,"photos":[],"reviewId":"579f4cb566d3410b2bb0a62a","itinId":"1141531473775","moderationStatus":"APPROVED","contentCodes":"","managementResponses":[{"userNickname":"GM","displayLocale":"en_us","isFlaggable":true,"date":"2016-08-05T17:58:24Z","response":" Thank you for taking the time to post your comments about La Quinta. I appreciate you taking the time.","status":"APPROVED","id":"a0e64b1b-e92c-4e67-9b50-28b229c8aeb2"}],"ratingOverall":4,"langId":"1033","userNickname":"teacher","brandType":"Expedia","title":"Nice hotel in San Francisco ","reviewText":"The hotel is located about 15 minutes from Fishermans Wharf.  But I loved it because my pet was allowed to stay for free and their breakfast was delicious.","featured":false,"ratingsOnly":false,"ratingRoomCleanliness":4,"ratingHotelCondition":4,"ratingService":5,"ratingRoomComfort":4,"positiveRemarks":"Staff and breakfast","negativeRemarks":"Drawers could have been cleaner","locationRemarks":"It located about 15 min from San Francisco Fishermans wharf and downtown.  It is close to gas stations, target, restaurants. ","lastInitial":"","userLocation":"covina, ca","reviewSubmissionTime":"2016-08-01T13:20:53Z","reviewerCategories":[{"categoryId":"Everyone","categoryLabel":"Everyone"}],"userDisplayName":"","roomTypeId":200936144,"isUnverified":false,"isFlaggable":true,"isRecommended":"YES"},{"hotelId":"9329","totalPositiveFeedbacks":0,"tpid":"1","eapid":"0","contentLocale":"en_us","totalThanks":0,"photos":[],"reviewId":"57991e660375880b29bcedfc","itinId":"1141147138677","moderationStatus":"APPROVED","contentCodes":"HMP MMD","managementResponses":[],"ratingOverall":2,"langId":"1033","userNickname":"Moe","brandType":"Expedia","title":"Bad area,","reviewText":"For a liitle more we could get a room in San Fransisco.It was located almost attatched to a Produce company and our building was over the railrood track. There was railroad track on the side of building too and amtrack passenger train would show up every morning although no noise.breakfast area was crowded and smelled bad with over worked and under paid staff","featured":false,"ratingsOnly":false,"ratingRoomCleanliness":3,"ratingHotelCondition":2,"ratingService":3,"ratingRoomComfort":2,"positiveRemarks":"nothing","negativeRemarks":"my answer will not help them","locationRemarks":"nothing good","lastInitial":"","userLocation":"Dallas","reviewSubmissionTime":"2016-07-27T20:49:42Z","reviewerCategories":[{"categoryId":"Everyone","categoryLabel":"Everyone"}],"userDisplayName":"","roomTypeId":13690,"isUnverified":false,"isFlaggable":false,"isRecommended":"NO"},{"hotelId":"9329","totalPositiveFeedbacks":0,"tpid":"1","eapid":"0","contentLocale":"en_us","totalThanks":0,"photos":[],"reviewId":"57926a5ebff7f60b2f52ab59","itinId":"1140801693992","moderationStatus":"APPROVED","contentCodes":"","managementResponses":[],"ratingOverall":2,"langId":"1033","userNickname":"allan","brandType":"Expedia","title":"Noisy too close to the highway","reviewText":"The room we were in had not enough sound-proofing, sound from the vehicles passing thru from the highway can be heard overnight. It was extremely difficult to sleep.\r\n  There was a strong odor of a perfume lingering in the room, probably from the previous occupant. That should not have been the case.","featured":false,"ratingsOnly":false,"ratingRoomCleanliness":2,"ratingHotelCondition":4,"ratingService":4,"ratingRoomComfort":1,"positiveRemarks":"Location was convenient and near the airport. Spacious enough.","negativeRemarks":"Room sound-proofing, and clean up of residual odor. Maybe open the windows ?","locationRemarks":"Near airport","lastInitial":"p","userLocation":"Philippines","reviewSubmissionTime":"2016-07-22T18:47:58Z","reviewerCategories":[{"categoryId":"Everyone","categoryLabel":"Everyone"}],"userDisplayName":"","roomTypeId":13690,"isUnverified":false,"isFlaggable":true,"isRecommended":"NO"},{"hotelId":"9329","totalPositiveFeedbacks":1,"tpid":"1","eapid":"0","contentLocale":"en_us","totalThanks":1,"photos":[{"thumbnailUrl":"https://a.travel-assets.com/ugc/hotel-reviews/C2A2BA825E66D13E4D5C6799F7390363A62E83611468692277823.jpg?resize=100:*","normalUrl":"https://a.travel-assets.com/ugc/hotel-reviews/C2A2BA825E66D13E4D5C6799F7390363A62E83611468692277823.jpg?resize=360:*","caption":"spider"}],"reviewId":"578a6d610bd7ad0b27c11273","itinId":"1139895347016","moderationStatus":"APPROVED","contentCodes":"NLI HMP","managementResponses":[],"ratingOverall":1,"langId":"1033","userNickname":"","brandType":"Expedia","title":"Don't ","reviewText":"First thing I had to do when I got to my room was kill 2 spiders! And every day around 6 pm., my room filled with cigarette smoke that came from the bathroom vents!","featured":false,"ratingsOnly":false,"ratingRoomCleanliness":1,"ratingHotelCondition":1,"ratingService":3,"ratingRoomComfort":2,"positiveRemarks":"nothing","negativeRemarks":"everything","locationRemarks":"","lastInitial":"","userLocation":"","reviewSubmissionTime":"2016-07-16T17:22:41Z","reviewerCategories":[{"categoryId":"Everyone","categoryLabel":"Everyone"}],"userDisplayName":"","roomTypeId":13690,"isUnverified":false,"isFlaggable":false,"isRecommended":"NO"},{"hotelId":"9329","totalPositiveFeedbacks":0,"tpid":"1","eapid":"0","contentLocale":"en_us","totalThanks":0,"photos":[],"reviewId":"57852843b35a940b2a34c887","itinId":"1139934726882","moderationStatus":"APPROVED","contentCodes":"HMP MMD","managementResponses":[{"userNickname":"Hotel Manager","displayLocale":"en_us","isFlaggable":false,"date":"2016-07-17T02:46:45Z","response":"Benny, I am so sorry, this is embarrassing. I will share this with my housekeeping team to be sure this does not happen again.","status":"APPROVED","id":"86ca7580-07ff-4716-ac6b-08c55c4ded83"}],"ratingOverall":2,"langId":"1033","userNickname":"benny","brandType":"Expedia","title":"Cheap hotel","reviewText":"Was close to airport. But found bathroom very dirty. Had ladies underwear in tub. Told front desk and told me it was marked cleaned. It was not. ","featured":false,"ratingsOnly":false,"ratingRoomCleanliness":1,"ratingHotelCondition":1,"ratingService":2,"ratingRoomComfort":2,"positiveRemarks":"","negativeRemarks":"","locationRemarks":"","lastInitial":"","userLocation":"","reviewSubmissionTime":"2016-07-12T17:26:27Z","reviewerCategories":[{"categoryId":"Everyone","categoryLabel":"Everyone"}],"userDisplayName":"","roomTypeId":13690,"isUnverified":false,"isFlaggable":false,"isRecommended":"NO"},{"hotelId":"9329","totalPositiveFeedbacks":2,"tpid":"1","eapid":"0","contentLocale":"en_us","totalThanks":2,"photos":[],"reviewId":"5782dc840cd612150d415e56","itinId":"1139998539784","moderationStatus":"APPROVED","contentCodes":"","managementResponses":[{"userNickname":"Hotel Manager","displayLocale":"en_us","isFlaggable":true,"date":"2016-07-16T02:39:32Z","response":"I will have my team monitor the lights to be sure they are all properly directed. Thank you for alerting me to this.","status":"APPROVED","id":"53c1d2ef-bf28-468b-9801-84b529022618"}],"ratingOverall":4,"langId":"1033","userNickname":"","brandType":"Expedia","title":"Affordable way to stay near the city. ","reviewText":"Just hop onto Bart and explore San Fran. One downside: bright security lights outside window with insufficient curtains for the light. ","featured":false,"ratingsOnly":false,"ratingRoomCleanliness":5,"ratingHotelCondition":4,"ratingService":5,"ratingRoomComfort":3,"positiveRemarks":"","negativeRemarks":"","locationRemarks":"","lastInitial":"","userLocation":"","reviewSubmissionTime":"2016-07-10T23:38:44Z","reviewerCategories":[{"categoryId":"Everyone","categoryLabel":"Everyone"}],"userDisplayName":"","roomTypeId":13690,"isUnverified":false,"isFlaggable":true,"isRecommended":"YES"},{"hotelId":"9329","totalPositiveFeedbacks":0,"tpid":"1","eapid":"0","contentLocale":"en_us","totalThanks":0,"photos":[],"reviewId":"577ecf52e250ac1512872309","itinId":"1139116633614","moderationStatus":"APPROVED","contentCodes":"","managementResponses":[{"userNickname":"General Manager","displayLocale":"en_us","isFlaggable":true,"date":"2016-07-16T02:40:37Z","response":"Thank you!","status":"APPROVED","id":"a3c0c163-a002-4164-9b76-46d5c6264672"}],"ratingOverall":4,"langId":"1033","userNickname":"little bat","brandType":"Expedia","title":"Pleasant, near airport","reviewText":"Good. I will stay here again. Easy shuttle to airport, nice pool and hot tub.","featured":false,"ratingsOnly":false,"ratingRoomCleanliness":4,"ratingHotelCondition":4,"ratingService":4,"ratingRoomComfort":4,"positiveRemarks":"","negativeRemarks":"","locationRemarks":"","lastInitial":"","userLocation":"Northern California","reviewSubmissionTime":"2016-07-07T21:53:22Z","reviewerCategories":[{"categoryId":"Everyone","categoryLabel":"Everyone"}],"userDisplayName":"","roomTypeId":13690,"isUnverified":false,"isFlaggable":true,"isRecommended":"YES"},{"hotelId":"9329","totalPositiveFeedbacks":5,"tpid":"1","eapid":"0","contentLocale":"en_us","totalThanks":5,"photos":[],"reviewId":"576ac84e9102ff0b5a616ccd","itinId":"1137203523548","moderationStatus":"APPROVED","contentCodes":"","managementResponses":[],"ratingOverall":3,"langId":"1033","userNickname":"Greg","brandType":"Expedia","title":"Don't stay in a room on the side by the highway.  ","reviewText":"The rooms on the highway side of the hotel are VERY noisy.  Ask for a room opposite the highway and you'll have a much better night's sleep.","featured":false,"ratingsOnly":false,"ratingRoomCleanliness":3,"ratingHotelCondition":3,"ratingService":3,"ratingRoomComfort":3,"positiveRemarks":"The price is perfect for San Francisco, and it is easy to get on/off the highway.","negativeRemarks":"Staff could smile occasionally to help us feel welcome.","locationRemarks":"nothing to do nearby, but a few blocks north some nice local shops and restaurants","lastInitial":"","userLocation":"Tulsa","reviewSubmissionTime":"2016-06-22T17:18:06Z","reviewerCategories":[{"categoryId":"Everyone","categoryLabel":"Everyone"}],"userDisplayName":"","roomTypeId":13690,"isUnverified":false,"isFlaggable":true,"isRecommended":"YES"}]}}}
