{"reviewDetails":{"startIndex":0,"numberOfReviewsInThisPage":20,"reviewSummaryCollection":{"reviewSummary":[{"hotelId":"599536","totalReviewCnt":1261,"avgOverallRating":4.1942897,"cleanliness":4.435373,"serviceAndStaff":4.258529,"roomComfort":4.354479,"hotelCondition":4.2950034,"convenienceOfLocation":4.02353,"neighborhoodSatisfaction":3.7686274,"roomQuality":0,"targetedBrand":"Expedia","originSummary":[{"origin":"Expedia","reviewCnt":1261,"recommendedPercent":88.7391,"avgOverallRating":4.1942897,"cleanliness":4.435373,"serviceAndStaff":4.258529,"roomComfort":4.354479,"hotelCondition":4.2950034,"convenienceOfLocation":4.02353,"neighborhoodSatisfaction":3.7686274,"valueForMoney":0,"roomQuality":0,"categoryCounts":{"Everyone":617,"Couples":89,"BusinessTravelers":57,"Students":1,"Families":86,"Other":17},"roomTypeIdCounts":{"200164588":9,"200164587":3,"201125627":5,"200052133":26,"201125622":1,"200073894":3,"200052134":29,"200052135":12,"200073895":5,"200163106":11,"200163104":13,"90958":1,"200644130":9,"200644079":3,"200644137":15,"200164594":8,"200644075":14,"200045388":7,"200173068":8,"200045390":12,"200644054":72,"200644118":9,"200290515":1,"200644113":74,"200290516":15,"200173066":1,"200048713":66,"200644115":6,"200644114":13,"200290583":4,"200173065":11,"200290520":9,"200108038":1,"200290589":4,"200068163":1,"200290565":30,"200290503":5,"200045397":31,"201125639":1,"201125633":1,"200045395":9},"languageCounts":{"en":1261}}],"recommendedPercent":88.7391,"valueForMoney":0,"categoryCounts":{"Everyone":617,"Couples":89,"BusinessTravelers":57,"Students":1,"Families":86,"Other":17},"roomTypeIdCounts":{"200164588":9,"200164587":3,"201125627":5,"200052133":26,"201125622":1,"200073894":3,"200052134":29,"200052135":12,"200073895":5,"200163106":11,"200163104":13,"90958":1,"200644130":9,"200644079":3,"200644137":15,"200164594":8,"200644075":14,"200045388":7,"200173068":8,"200045390":12,"200644054":72,"200644118":9,"200290515":1,"200644113":74,"200290516":15,"200173066":1,"200048713":66,"200644115":6,"200644114":13,"200290583":4,"200173065":11,"200290520":9,"200108038":1,"200290589":4,"200068163":1,"200290565":30,"200290503":5,"200045397":31,"201125639":1,"201125633":1,"200045395":9},"languageCounts":{"en":1261},"featuredReview":{}}]},"reviewCollection":{"review":[{"hotelId":"599536","totalPositiveFeedbacks":0,"tpid":"1","eapid":"0","contentLocale":"en_us","totalThanks":0,"photos":[],"reviewId":"57b31363b32f690b0661f921","itinId":"1139566512259","moderationStatus":"APPROVED","contentCodes":"","managementResponses":[],"ratingOverall":4,"langId":"1033","userNickname":"","brandType":"Expedia","title":"Nice hotel close to airport ","reviewText":"Hotel was nice, it is a Hilton. But it wasn't perfect. Halways and our room carpet needed to be scrubbed. Lots of stains. The room was clean, we had a view that was half the hotel next to us and half of the bay. Never heard the any outside noises. Just the family staying in the room next to us. There really isn't anything close by to eat.  Need to drive about 2 miles. ","featured":false,"ratingsOnly":false,"ratingRoomCleanliness":4,"ratingHotelCondition":4,"ratingService":4,"ratingRoomComfort":4,"positiveRemarks":"Expedia","negativeRemarks":"Restaurant by hotel and carpets cleaned my ","locationRemarks":"2 miles from airport ","lastInitial":"","userLocation":"","reviewSubmissionTime":"2016-08-16T13:21:39Z","reviewerCategories":[{"categoryId":"Everyone","categoryLabel":"Everyone"}],"userDisplayName":"","roomTypeId":200644114,"isUnverified":false,"isFlaggable":true,"isRecommended":"YES"},{"hotelId":"599536","totalPositiveFeedbacks":2,"tpid":"1","eapid":"0","contentLocale":"en_us","totalThanks":2,"photos":[],"reviewId":"57aac2eb7f7e0d0b046ad235","itinId":"1137566166789","moderationStatus":"APPROVED","contentCodes":"","managementResponses":[],"ratingOverall":5,"langId":"1033","userNickname":"Stena","brandType":"Expedia","title":"Nice hotel not far from the airport","reviewText":"Quiet hotel with a view of the bay. The room was clean and large. The sofa bed was comfortable. We had thought breakfast was included, but it turns out it wasn't, and it's quite expensive. We complained and managed to get it free, which was very kind. The waiter at breakfast was kind. The food was what you'd expect... good variety, but nothing special. ","featured":false,"ratingsOnly":false,"ratingRoomCleanliness":5,"ratingHotelCondition":5,"ratingService":5,"ratingRoomComfort":5,"positiveRemarks":"The view","negativeRemarks":"","locationRemarks":"","lastInitial":"","userLocation":"Italy","reviewSubmissionTime":"2016-08-10T06:00:11Z","reviewerCategories":[{"categoryId":"Everyone","categoryLabel":"Everyone"}],"userDisplayName":"","roomTypeId":200644079,"isUnverified":false,"isFlaggable":true,"isRecommended":"YES"},{"hotelId":"599536","totalPositiveFeedbacks":1,"tpid":"1","eapid":"0","contentLocale":"en_us","totalThanks":1,"photos":[],"reviewId":"57a86c2f3ee2a90b26505873","itinId":"1141317259618","moderationStatus":"APPROVED","contentCodes":"","managementResponses":[],"ratingOverall":5,"langId":"1033","userNickname":"Kristine","brandType":"Expedia","title":"Nice hotel ","reviewText":"It was close the airport which was nice and the staff was super sweet and welcoming. I appreciate the cookies, they were the best. The breakfast buffet was also amazing ","featured":false,"ratingsOnly":false,"ratingRoomCleanliness":3,"ratingHotelCondition":5,"ratingService":5,"ratingRoomComfort":5,"positiveRemarks":"","negativeRemarks":"","locationRemarks":"","lastInitial":"","userLocation":"","reviewSubmissionTime":"2016-08-08T11:25:35Z","reviewerCategories":[{"categoryId":"Everyone","categoryLabel":"Everyone"}],"userDisplayName":"","roomTypeId":200644054,"isUnverified":false,"isFlaggable":true,"isRecommended":"YES"},{"hotelId":"599536","totalPositiveFeedbacks":1,"tpid":"1","eapid":"0","contentLocale":"en_us","totalThanks":1,"photos":[],"reviewId":"57a22525075f640b2704b5de","itinId":"1136822048282","moderationStatus":"APPROVED","contentCodes":"","managementResponses":[],"ratingOverall":5,"langId":"1033","userNickname":"Flip","brandType":"Expedia","title":"Relax in style","reviewText":"This motel is very close to the airport which makes it convenient for that early morning commute.  Nice rooms in a quiet neighborhood.  ","featured":false,"ratingsOnly":false,"ratingRoomCleanliness":5,"ratingHotelCondition":5,"ratingService":5,"ratingRoomComfort":4,"positiveRemarks":"","negativeRemarks":"Nearness to the airport","locationRemarks":"Location is great for the airport but not a lot to do around the area.","lastInitial":"","userLocation":"Wyoming","reviewSubmissionTime":"2016-08-03T17:08:53Z","reviewerCategories":[{"categoryId":"Everyone","categoryLabel":"Everyone"}],"userDisplayName":"","roomTypeId":200644075,"isUnverified":false,"isFlaggable":true,"isRecommended":"YES"},{"hotelId":"599536","totalPositiveFeedbacks":0,"tpid":"1","eapid":"0","contentLocale":"en_us","totalThanks":0,"photos":[],"reviewId":"57a0bd7bfef6e20b2828e2b8","itinId":"1142329000029","moderationStatus":"APPROVED","contentCodes":"","managementResponses":[],"ratingOverall":3,"langId":"1033","userNickname":"","brandType":"Expedia","title":"ok","reviewText":"the shuttle wait from the sfo airport was the longest we have ever eperienced! not worth it.","featured":false,"ratingsOnly":false,"ratingRoomCleanliness":4,"ratingHotelCondition":4,"ratingService":4,"ratingRoomComfort":3,"positiveRemarks":"na","negativeRemarks":"shuttle frequency","locationRemarks":"","lastInitial":"","userLocation":"","reviewSubmissionTime":"2016-08-02T15:34:19Z","reviewerCategories":[{"categoryId":"Families","categoryLabel":"Families"}],"userDisplayName":"","roomTypeId":201125639,"isUnverified":false,"isFlaggable":true,"isRecommended":"NO"},{"hotelId":"599536","totalPositiveFeedbacks":1,"tpid":"1","eapid":"0","contentLocale":"en_us","totalThanks":1,"photos":[],"reviewId":"579e193cb5f12f0b07f835c6","itinId":"1130183616369","moderationStatus":"APPROVED","contentCodes":"","managementResponses":[],"ratingOverall":4,"langId":"1033","userNickname":"Jill","brandType":"Expedia","title":"Great Hotel on the Bay","reviewText":"Great hotel, nice facilities, wonderful staff. Scenery is great. Easy access to downtown SF & airport. ","featured":false,"ratingsOnly":false,"ratingRoomCleanliness":5,"ratingHotelCondition":5,"ratingService":5,"ratingRoomComfort":5,"positiveRemarks":"","negativeRemarks":"","locationRemarks":"","lastInitial":"","userLocation":"KS","reviewSubmissionTime":"2016-07-31T15:29:00Z","reviewerCategories":[{"categoryId":"Everyone","categoryLabel":"Everyone"}],"userDisplayName":"","roomTypeId":200644115,"isUnverified":false,"isFlaggable":true,"isRecommended":"YES"},{"hotelId":"599536","totalPositiveFeedbacks":1,"tpid":"1","eapid":"0","contentLocale":"en_us","totalThanks":1,"photos":[],"reviewId":"579bba3007d2240b0a1d9b75","itinId":"1138381750544","moderationStatus":"APPROVED","contentCodes":"","managementResponses":[],"ratingOverall":5,"langId":"1033","userNickname":"Maria","brandType":"Expedia","title":"Impressive","reviewText":"Everything about this hotel was perfect. Right off the freeway for easy and quick access to everything, including SF Fisherman's Warf without having to pay an arm and a leg. Clean. Comfortable bed. Quiet. Professional and courteous staff. We will definitely stay here again when visiting SF. I can't say enough good things about this place.","featured":false,"ratingsOnly":false,"ratingRoomCleanliness":5,"ratingHotelCondition":5,"ratingService":5,"ratingRoomComfort":5,"positiveRemarks":"What is there not to like. From the moment we parked (free) to the moment we checked out. Our entire family was in love with this place. ","negativeRemarks":"The in-hotel restaurant was blah. Waiter was blah. Food was blah. Don't spend your money here. Drive a few miles away & get better food/service.","locationRemarks":"This hotel is located in the middle of nowhere. But with easy access to freeway, you can get there in a matter of minutes.","lastInitial":"H","userLocation":"California","reviewSubmissionTime":"2016-07-29T20:18:56Z","reviewerCategories":[{"categoryId":"Everyone","categoryLabel":"Everyone"}],"userDisplayName":"","roomTypeId":200644113,"isUnverified":false,"isFlaggable":true,"isRecommended":"YES"},{"hotelId":"599536","totalPositiveFeedbacks":1,"tpid":"1","eapid":"0","contentLocale":"en_us","totalThanks":1,"photos":[],"reviewId":"579987c7553a400b29d861a0","itinId":"1141309840967","moderationStatus":"APPROVED","contentCodes":"","managementResponses":[],"ratingOverall":5,"langId":"1033","userNickname":"Katz","brandType":"Expedia","title":"Very clean, comfortable, nice hotel ","reviewText":"Very clean and comfortable hotel just minutes from at&I park. We are very picky when it comes to hotel cleanliness and this one met our standards! We were treated with the highest level of respect by staff and the room was incredibly comfortable. We will stay here again the next time we visit San Fransisco.","featured":false,"ratingsOnly":false,"ratingRoomCleanliness":5,"ratingHotelCondition":5,"ratingService":5,"ratingRoomComfort":5,"positiveRemarks":"","negativeRemarks":"","locationRemarks":"","lastInitial":"","userLocation":"Oregon","reviewSubmissionTime":"2016-07-28T04:19:19Z","reviewerCategories":[{"categoryId":"Everyone","categoryLabel":"Everyone"}],"userDisplayName":"","roomTypeId":200644054,"isUnverified":false,"isFlaggable":true,"isRecommended":"YES"},{"hotelId":"599536","totalPositiveFeedbacks":0,"tpid":"1","eapid":"0","contentLocale":"en_us","totalThanks":0,"photos":[],"reviewId":"57977bda8566a80b2a98e774","itinId":"1141353329345","moderationStatus":"APPROVED","contentCodes":"","managementResponses":[],"ratingOverall":5,"langId":"1033","userNickname":"Theresa","brandType":"Expedia","title":"","reviewText":"Loved everything about this hotel. Very clean, pleasant staff, quiet, and peaceful! ","featured":false,"ratingsOnly":false,"ratingRoomCleanliness":5,"ratingHotelCondition":5,"ratingService":5,"ratingRoomComfort":5,"positiveRemarks":"","negativeRemarks":"","locationRemarks":"","lastInitial":"D","userLocation":"San Diego","reviewSubmissionTime":"2016-07-26T15:03:54Z","reviewerCategories":[{"categoryId":"Everyone","categoryLabel":"Everyone"}],"userDisplayName":"","roomTypeId":200644113,"isUnverified":false,"isFlaggable":true,"isRecommended":"YES"},{"hotelId":"599536","totalPositiveFeedbacks":2,"tpid":"1","eapid":"0","contentLocale":"en_us","totalThanks":2,"photos":[],"reviewId":"57846977e250ac15121be36f","itinId":"1139535098420","moderationStatus":"APPROVED","contentCodes":"","managementResponses":[],"ratingOverall":5,"langId":"1033","userNickname":"Vivian","brandType":"Expedia","title":"Nice hotel by the waterfront ","reviewText":"This hotel had a wonderful view of the water. The staff was very friendly and they even had fresh warm cookies waiting for us as we check in. Very clean and comfortable room. The pool and spa were excellent. ","featured":false,"ratingsOnly":false,"ratingRoomCleanliness":5,"ratingHotelCondition":5,"ratingService":5,"ratingRoomComfort":5,"positiveRemarks":"","negativeRemarks":"","locationRemarks":"","lastInitial":"","userLocation":"Los Angeles","reviewSubmissionTime":"2016-07-12T03:52:23Z","reviewerCategories":[{"categoryId":"Everyone","categoryLabel":"Everyone"}],"userDisplayName":"","roomTypeId":200644137,"isUnverified":false,"isFlaggable":true,"isRecommended":"YES"},{"hotelId":"599536","totalPositiveFeedbacks":0,"tpid":"1","eapid":"0","contentLocale":"en_us","totalThanks":0,"photos":[],"reviewId":"5783c1cb86a89c0b488bc232","itinId":"1138103714228","moderationStatus":"APPROVED","contentCodes":"HMP MMD","managementResponses":[],"ratingOverall":3,"langId":"1033","userNickname":"","brandType":"Expedia","title":"Its a nice hotel. But services not the best. ","reviewText":"When we got there, we have to wait like 5 mins because the guy in front desk was on the phone, they have no body also that can help us. In the room there was staff in the refrigerator that my little one found from previous cliens. That was horrible. For the price of this hotel u expect the breakfast.  There is NO breakfast included. ","featured":false,"ratingsOnly":false,"ratingRoomCleanliness":3,"ratingHotelCondition":3,"ratingService":2,"ratingRoomComfort":4,"positiveRemarks":"","negativeRemarks":"","locationRemarks":"","lastInitial":"","userLocation":"","reviewSubmissionTime":"2016-07-11T15:56:59Z","reviewerCategories":[{"categoryId":"Everyone","categoryLabel":"Everyone"}],"userDisplayName":"","roomTypeId":200644113,"isUnverified":false,"isFlaggable":false,"isRecommended":"YES"},{"hotelId":"599536","totalPositiveFeedbacks":0,"tpid":"1","eapid":"0","contentLocale":"en_us","totalThanks":0,"photos":[],"reviewId":"5782cb9b23b4170b493e697c","itinId":"1133081282374","moderationStatus":"APPROVED","contentCodes":"","managementResponses":[],"ratingOverall":5,"langId":"1033","userNickname":"Kathy","brandType":"Expedia","title":"","reviewText":"It was great - clean, friendly, quiet and nicely decorated.","featured":false,"ratingsOnly":false,"ratingRoomCleanliness":5,"ratingHotelCondition":4,"ratingService":5,"ratingRoomComfort":5,"positiveRemarks":"","negativeRemarks":"","locationRemarks":"","lastInitial":"","userLocation":"montana","reviewSubmissionTime":"2016-07-10T22:26:35Z","reviewerCategories":[{"categoryId":"Everyone","categoryLabel":"Everyone"}],"userDisplayName":"","roomTypeId":200644113,"isUnverified":false,"isFlaggable":true,"isRecommended":"YES"},{"hotelId":"599536","totalPositiveFeedbacks":0,"tpid":"1","eapid":"0","contentLocale":"en_us","totalThanks":0,"photos":[],"reviewId":"577ebd8486a89c0b48996410","itinId":"1139530815651","moderationStatus":"APPROVED","contentCodes":"","managementResponses":[],"ratingOverall":4,"langId":"1033","userNickname":"JMW","brandType":"Expedia","title":"Windy!","reviewText":"We were on the 7th floor and the wind was talking all day and night.","featured":false,"ratingsOnly":false,"ratingRoomCleanliness":4,"ratingHotelCondition":4,"ratingService":4,"ratingRoomComfort":3,"positiveRemarks":"It was a nice room, the staff in the restaurant was great, and so were the cookies.","negativeRemarks":"Front desk staff were just OK. We mistankenly went to the Burbridge Doubletree first, and the difference in attitude was remarkable.  ","locationRemarks":"Not many options closeby.","lastInitial":"W","userLocation":"Michigan","reviewSubmissionTime":"2016-07-07T20:37:24Z","reviewerCategories":[{"categoryId":"Everyone","categoryLabel":"Everyone"}],"userDisplayName":"","roomTypeId":200644075,"isUnverified":false,"isFlaggable":true,"isRecommended":"YES"},{"hotelId":"599536","totalPositiveFeedbacks":0,"tpid":"1","eapid":"74314","contentLocale":"en_us","totalThanks":0,"photos":[],"reviewId":"577d5d6e3cec320b8a069658","itinId":"1139648094312","moderationStatus":"APPROVED","contentCodes":"","managementResponses":[],"ratingOverall":5,"langId":"1033","userNickname":"El Jefe","brandType":"Expedia","title":"One night passing thru","reviewText":"Super clean.  Very comfortable.  Great price.  Cookies a nice lil extra","featured":false,"ratingsOnly":false,"ratingRoomCleanliness":5,"ratingHotelCondition":5,"ratingService":5,"ratingRoomComfort":5,"positiveRemarks":"","negativeRemarks":"","locationRemarks":"","lastInitial":"","userLocation":"LA","reviewSubmissionTime":"2016-07-06T19:35:10Z","reviewerCategories":[{"categoryId":"Everyone","categoryLabel":"Everyone"}],"userDisplayName":"","roomTypeId":200644054,"isUnverified":false,"isFlaggable":true,"isRecommended":"YES"},{"hotelId":"599536","totalPositiveFeedbacks":0,"tpid":"1","eapid":"0","contentLocale":"en_us","totalThanks":0,"photos":[],"reviewId":"577b53bb67a4b00b7d210e43","itinId":"1139212890797","moderationStatus":"APPROVED","contentCodes":"","managementResponses":[],"ratingOverall":5,"langId":"1033","userNickname":"","brandType":"Expedia","title":"","reviewText":"\r\n\r\nvery good that is all\r\nall good\r\n\r\nno more information","featured":false,"ratingsOnly":false,"ratingRoomCleanliness":5,"ratingHotelCondition":5,"ratingService":5,"ratingRoomComfort":5,"positiveRemarks":"everything","negativeRemarks":"nothing","locationRemarks":"good locatio","lastInitial":"","userLocation":"","reviewSubmissionTime":"2016-07-05T06:29:15Z","reviewerCategories":[{"categoryId":"Everyone","categoryLabel":"Everyone"}],"userDisplayName":"","roomTypeId":200644054,"isUnverified":false,"isFlaggable":true,"isRecommended":"YES"},{"hotelId":"599536","totalPositiveFeedbacks":0,"tpid":"1","eapid":"0","contentLocale":"en_us","totalThanks":0,"photos":[],"reviewId":"5776e46dd43a630b7ca3c713","itinId":"1133351142832","moderationStatus":"APPROVED","contentCodes":"","managementResponses":[],"ratingOverall":5,"langId":"1033","userNickname":"NV","brandType":"Expedia","title":"Great hotel near freeway ","reviewText":"Great staff and clean room... Will definitely go back. Love the cookies ","featured":false,"ratingsOnly":false,"ratingRoomCleanliness":5,"ratingHotelCondition":5,"ratingService":5,"ratingRoomComfort":5,"positiveRemarks":"","negativeRemarks":"","locationRemarks":"","lastInitial":"","userLocation":"CA","reviewSubmissionTime":"2016-07-01T21:45:17Z","reviewerCategories":[{"categoryId":"Everyone","categoryLabel":"Everyone"}],"userDisplayName":"","roomTypeId":200644054,"isUnverified":false,"isFlaggable":true,"isRecommended":"YES"},{"hotelId":"599536","totalPositiveFeedbacks":0,"tpid":"62","eapid":"0","contentLocale":"en_us","totalThanks":0,"photos":[],"reviewId":"5767bc049cd5dd0b485fd5ae","itinId":"131840809562","moderationStatus":"APPROVED","contentCodes":"HMP MMD","managementResponses":[],"ratingOverall":4,"langId":"1033","userNickname":"Colin","brandType":"Expedia","title":"","reviewText":"We stayed five nights in the hotel.  Overall the room is clean and quiet at night.  Very windy because it is ocean front.  No facility in the nearby area make it a very isolated hotel.  Not very convenient for grocery shopping or dinning.  Other than that not much to complain.  ","featured":false,"ratingsOnly":false,"ratingRoomCleanliness":4,"ratingHotelCondition":4,"ratingService":4,"ratingRoomComfort":4,"positiveRemarks":"Room is spacial and next to the sea.","negativeRemarks":"","locationRemarks":"No place to dine out or fill gasoline.  Very isolated area.","lastInitial":"","userLocation":"","reviewSubmissionTime":"2016-06-20T09:48:52Z","reviewerCategories":[{"categoryId":"Everyone","categoryLabel":"Everyone"}],"userDisplayName":"","roomTypeId":201125627,"isUnverified":false,"isFlaggable":false,"isRecommended":"YES"},{"hotelId":"599536","totalPositiveFeedbacks":0,"tpid":"1","eapid":"0","contentLocale":"en_us","totalThanks":0,"photos":[],"reviewId":"575b72259b7f4b0b28cec700","itinId":"1135907350888","moderationStatus":"APPROVED","contentCodes":"","managementResponses":[],"ratingOverall":5,"langId":"1033","userNickname":"Yoli ","brandType":"Expedia","title":"Very nice hotel in South San Francisco.","reviewText":"This is our second time staying at the Double Tree Hotel and our stay was great.  We had a room with a king size bed and a view of the Marina.  The hotel is in South San Francisco and away from the hustle and bustle of the city,  but that's what we wanted.  Driving into the city on a daily basis wasn't a problem at all because the city itself is relatively small (approximately 7 miles by 7 miles).  Our room was very clean, the decor was nice and modern, the front staff was friendly during check in, and housekeeping was great and accommodated our requests.  There wasn't any issue finding parking when we came back to the hotel in the evenings and we stayed during Memorial Day holiday week.  The bed and the pillows were a little soft for my taste, but this is the usual situation at all hotels I've stayed in.  I would stay at this hotel again when visiting San Francisco in the future.   ","featured":false,"ratingsOnly":false,"ratingRoomCleanliness":5,"ratingHotelCondition":5,"ratingService":5,"ratingRoomComfort":4,"positiveRemarks":"The location.  We wanted a quieter location away from the city. ","negativeRemarks":"Firmer pillows and beds.  A microwave in the room would come in handy.  ","locationRemarks":"It's in South San Francisco but there really aren't any restaurants, malls, etc. nearby since it's located in a business park.","lastInitial":"G","userLocation":"San Diego, CA.","reviewSubmissionTime":"2016-06-11T02:06:29Z","reviewerCategories":[{"categoryId":"Everyone","categoryLabel":"Everyone"}],"userDisplayName":"","roomTypeId":200644075,"isUnverified":false,"isFlaggable":true,"isRecommended":"YES"},{"hotelId":"599536","totalPositiveFeedbacks":1,"tpid":"1","eapid":"0","contentLocale":"en_us","totalThanks":1,"photos":[],"reviewId":"5756e7019123f10b823e0903","itinId":"1136826127419","moderationStatus":"APPROVED","contentCodes":"","managementResponses":[],"ratingOverall":1,"langId":"1033","userNickname":"Stephanie","brandType":"Expedia","title":"Relaxing","reviewText":"The room was extremely comfortable.  Relaxing interior design.  Superb service.  I originally booked 1 King bed online, but only two queens were available.  The very clean, prestine room made up for the mishap.  Love the chocolate chip cookies.  ","featured":false,"ratingsOnly":false,"ratingRoomCleanliness":5,"ratingHotelCondition":5,"ratingService":5,"ratingRoomComfort":5,"positiveRemarks":"","negativeRemarks":"","locationRemarks":"","lastInitial":"","userLocation":"","reviewSubmissionTime":"2016-06-07T15:23:45Z","reviewerCategories":[{"categoryId":"Everyone","categoryLabel":"Everyone"}],"userDisplayName":"","roomTypeId":200644054,"isUnverified":false,"isFlaggable":true,"isRecommended":"YES"},{"hotelId":"599536","totalPositiveFeedbacks":1,"tpid":"1","eapid":"0","contentLocale":"en_us","totalThanks":1,"photos":[],"reviewId":"57563bad3ed5e80b4852b650","itinId":"1136581332218","moderationStatus":"APPROVED","contentCodes":"","managementResponses":[],"ratingOverall":5,"langId":"1033","userNickname":"","brandType":"Expedia","title":"Great location, nice and clean room on top floor","reviewText":"Great location, amazing view from room, very tasty breakfast, great stuff ","featured":false,"ratingsOnly":false,"ratingRoomCleanliness":5,"ratingHotelCondition":5,"ratingService":5,"ratingRoomComfort":5,"positiveRemarks":"","negativeRemarks":"","locationRemarks":"","lastInitial":"","userLocation":"","reviewSubmissionTime":"2016-06-07T03:12:45Z","reviewerCategories":[{"categoryId":"Everyone","categoryLabel":"Everyone"}],"userDisplayName":"","roomTypeId":200644054,"isUnverified":false,"isFlaggable":true,"isRecommended":"YES"}]}}}
