{"reviewDetails":{"startIndex":0,"numberOfReviewsInThisPage":20,"reviewSummaryCollection":{"reviewSummary":[{"hotelId":"487","totalReviewCnt":343,"avgOverallRating":3.3615158,"cleanliness":3.6530612,"serviceAndStaff":3.6122446,"roomComfort":3.5918367,"hotelCondition":3.300292,"convenienceOfLocation":3.909091,"neighborhoodSatisfaction":3.4545455,"roomQuality":0,"targetedBrand":"Expedia","originSummary":[{"origin":"Expedia","reviewCnt":343,"recommendedPercent":65.597664,"avgOverallRating":3.3615158,"cleanliness":3.6530612,"serviceAndStaff":3.6122446,"roomComfort":3.5918367,"hotelCondition":3.300292,"convenienceOfLocation":3.909091,"neighborhoodSatisfaction":3.4545455,"valueForMoney":0,"roomQuality":0,"categoryCounts":{"Everyone":291,"BusinessTravelers":28,"Couples":6,"Families":10,"Other":3},"roomTypeIdCounts":{"200284144":1,"446004":104,"200006105":10,"200284152":10,"311100":11,"230648":39,"200284140":5,"274458":65},"languageCounts":{"en":343}}],"recommendedPercent":65.597664,"valueForMoney":0,"categoryCounts":{"Everyone":291,"BusinessTravelers":28,"Couples":6,"Families":10,"Other":3},"roomTypeIdCounts":{"200284144":1,"446004":104,"200006105":10,"200284152":10,"311100":11,"230648":39,"200284140":5,"274458":65},"languageCounts":{"en":343},"featuredReview":{}}]},"reviewCollection":{"review":[{"hotelId":"487","totalPositiveFeedbacks":0,"tpid":"1","eapid":"0","contentLocale":"en_us","totalThanks":0,"photos":[],"reviewId":"57af966bfc689a0b0791beb4","itinId":"1143019721848","moderationStatus":"APPROVED","contentCodes":"","managementResponses":[],"ratingOverall":3,"langId":"1033","userNickname":"Ben","brandType":"Expedia","title":"Great hotel just next to the airport ","reviewText":"Great hotel. Fishermans Wharf is only 15 min drive. The front desk lady Terry was so helpfull and very nice to us. The waitress at the restaurant on tge other hand wasn't so nice. She was rude and it looked like she didn't wanted to be there. The breakfast food was great but the service needs improvement. The rooms were clean, the elevator has a feature that only guest can use it. Is very safe. Overall the hotel is great exept for the service at the restaurant. I will give it a 9 out of 10. I will go back to that hotel exept I will go eat somewhere else.","featured":false,"ratingsOnly":false,"ratingRoomCleanliness":5,"ratingHotelCondition":5,"ratingService":4,"ratingRoomComfort":5,"positiveRemarks":"","negativeRemarks":"","locationRemarks":"","lastInitial":"","userLocation":"Richmond Va","reviewSubmissionTime":"2016-08-13T21:51:39Z","reviewerCategories":[{"categoryId":"Everyone","categoryLabel":"Everyone"}],"userDisplayName":"","roomTypeId":200284152,"isUnverified":false,"isFlaggable":true,"isRecommended":"YES"},{"hotelId":"487","totalPositiveFeedbacks":0,"tpid":"1","eapid":"0","contentLocale":"en_us","totalThanks":0,"photos":[],"reviewId":"57a8e0027f7e0d0b04424ac1","itinId":"1142392562984","moderationStatus":"APPROVED","contentCodes":"","managementResponses":[],"ratingOverall":5,"langId":"1033","userNickname":"","brandType":"Expedia","title":"Good stay!","reviewText":"The room was very nice and spacious, and the surrounding rooms were relatively quiet. There was a great big table that was good for my children to work on. The bathroom was clean. We had a very comfortable stay before we flew home.","featured":false,"ratingsOnly":false,"ratingRoomCleanliness":5,"ratingHotelCondition":5,"ratingService":5,"ratingRoomComfort":5,"positiveRemarks":"Clean. Rooms are spacious. Nice place to eat on ground floor.","negativeRemarks":"","locationRemarks":"It's near the airport, for those who want to stay near. ","lastInitial":"","userLocation":"","reviewSubmissionTime":"2016-08-08T19:39:46Z","reviewerCategories":[{"categoryId":"Everyone","categoryLabel":"Everyone"}],"userDisplayName":"","roomTypeId":"","isUnverified":false,"isFlaggable":true,"isRecommended":"YES"},{"hotelId":"487","totalPositiveFeedbacks":0,"tpid":"1","eapid":"0","contentLocale":"en_us","totalThanks":0,"photos":[],"reviewId":"57a7f85aee29160b0be88d53","itinId":"1141377229474","moderationStatus":"APPROVED","contentCodes":"","managementResponses":[],"ratingOverall":5,"langId":"1033","userNickname":"","brandType":"Expedia","title":"","reviewText":"Staff was very helpful, when I was having credit card problems ","featured":false,"ratingsOnly":false,"ratingRoomCleanliness":5,"ratingHotelCondition":5,"ratingService":5,"ratingRoomComfort":5,"positiveRemarks":"","negativeRemarks":"","locationRemarks":"","lastInitial":"","userLocation":"","reviewSubmissionTime":"2016-08-08T03:11:22Z","reviewerCategories":[{"categoryId":"Everyone","categoryLabel":"Everyone"}],"userDisplayName":"","roomTypeId":200284140,"isUnverified":false,"isFlaggable":true,"isRecommended":"YES"},{"hotelId":"487","totalPositiveFeedbacks":0,"tpid":"1","eapid":"0","contentLocale":"en_us","totalThanks":0,"photos":[],"reviewId":"57a3c6f9075f640b27e627c5","itinId":"1141718661437","moderationStatus":"APPROVED","contentCodes":"","managementResponses":[],"ratingOverall":4,"langId":"1033","userNickname":"Frances","brandType":"Expedia","title":"Comfortable stay near airport ","reviewText":"Easy drive to downtown SFO without breaking the bank. I just didn't like that for its price it didn't include breakfast. ","featured":false,"ratingsOnly":false,"ratingRoomCleanliness":3,"ratingHotelCondition":3,"ratingService":3,"ratingRoomComfort":4,"positiveRemarks":"","negativeRemarks":"","locationRemarks":"","lastInitial":"","userLocation":"Orange County California","reviewSubmissionTime":"2016-08-04T22:51:37Z","reviewerCategories":[{"categoryId":"Everyone","categoryLabel":"Everyone"}],"userDisplayName":"","roomTypeId":446004,"isUnverified":false,"isFlaggable":true,"isRecommended":"YES"},{"hotelId":"487","totalPositiveFeedbacks":0,"tpid":"1","eapid":"0","contentLocale":"en_us","totalThanks":0,"photos":[],"reviewId":"57a297fa38eaf50b27df70dd","itinId":"1141563677405","moderationStatus":"APPROVED","contentCodes":"","managementResponses":[],"ratingOverall":5,"langId":"1033","userNickname":"","brandType":"Expedia","title":"","reviewText":"My experience at this hotel was great! Good location with a great restaurant right next to it. My room was clean and nice. The view over the mountains was unforgettable! So overall The Holiday Inn was the perfect stay!!!","featured":false,"ratingsOnly":false,"ratingRoomCleanliness":5,"ratingHotelCondition":5,"ratingService":5,"ratingRoomComfort":5,"positiveRemarks":"","negativeRemarks":"","locationRemarks":"","lastInitial":"","userLocation":"","reviewSubmissionTime":"2016-08-04T01:18:50Z","reviewerCategories":[{"categoryId":"Everyone","categoryLabel":"Everyone"}],"userDisplayName":"","roomTypeId":446004,"isUnverified":false,"isFlaggable":true,"isRecommended":"YES"},{"hotelId":"487","totalPositiveFeedbacks":0,"tpid":"1","eapid":"0","contentLocale":"en_us","totalThanks":0,"photos":[],"reviewId":"579f751ebc131a0b286d3b0e","itinId":"1141893813151","moderationStatus":"APPROVED","contentCodes":"","managementResponses":[],"ratingOverall":5,"langId":"1033","userNickname":"","brandType":"Expedia","title":"","reviewText":"The experience was great! Inexpensive with great qualities.","featured":false,"ratingsOnly":false,"ratingRoomCleanliness":5,"ratingHotelCondition":4,"ratingService":5,"ratingRoomComfort":5,"positiveRemarks":"","negativeRemarks":"","locationRemarks":"","lastInitial":"","userLocation":"","reviewSubmissionTime":"2016-08-01T16:13:18Z","reviewerCategories":[{"categoryId":"Everyone","categoryLabel":"Everyone"}],"userDisplayName":"","roomTypeId":274458,"isUnverified":false,"isFlaggable":true,"isRecommended":"YES"},{"hotelId":"487","totalPositiveFeedbacks":0,"tpid":"1","eapid":"0","contentLocale":"en_us","totalThanks":0,"photos":[],"reviewId":"579e8cfbb5f12f0b07a9c796","itinId":"7199048580237","moderationStatus":"APPROVED","contentCodes":"","managementResponses":[],"ratingOverall":5,"langId":"1033","userNickname":"","brandType":"Expedia","title":"A welcome rest ","reviewText":"We checked in late and while there was a line, they took care of us quickly. The beds were superb and it is very close to the airport. We took the shuttle to out flight and were on time. ","featured":false,"ratingsOnly":false,"ratingRoomCleanliness":5,"ratingHotelCondition":5,"ratingService":5,"ratingRoomComfort":5,"positiveRemarks":"close to the airport","negativeRemarks":"express check in for pre-pay","locationRemarks":"","lastInitial":"","userLocation":"","reviewSubmissionTime":"2016-07-31T23:42:51Z","reviewerCategories":[{"categoryId":"Everyone","categoryLabel":"Everyone"}],"userDisplayName":"","roomTypeId":446004,"isUnverified":false,"isFlaggable":true,"isRecommended":"YES"},{"hotelId":"487","totalPositiveFeedbacks":0,"tpid":"1","eapid":"0","contentLocale":"en_us","totalThanks":0,"photos":[],"reviewId":"57929503d29e300b28946d6c","itinId":"1140720503074","moderationStatus":"APPROVED","contentCodes":"","managementResponses":[],"ratingOverall":4,"langId":"1033","userNickname":"","brandType":"Expedia","title":"","reviewText":"Hotel was very clean, and comfortable, good area close to the more important San Francisco attractions.","featured":false,"ratingsOnly":false,"ratingRoomCleanliness":5,"ratingHotelCondition":4,"ratingService":4,"ratingRoomComfort":5,"positiveRemarks":"","negativeRemarks":"","locationRemarks":"","lastInitial":"","userLocation":"","reviewSubmissionTime":"2016-07-22T21:49:55Z","reviewerCategories":[{"categoryId":"Everyone","categoryLabel":"Everyone"}],"userDisplayName":"","roomTypeId":446004,"isUnverified":false,"isFlaggable":true,"isRecommended":"YES"},{"hotelId":"487","totalPositiveFeedbacks":0,"tpid":"1","eapid":"0","contentLocale":"en_us","totalThanks":0,"photos":[],"reviewId":"578e68f18566a80b2a2c4e8a","itinId":"1140480463938","moderationStatus":"APPROVED","contentCodes":"HMP MMD","managementResponses":[],"ratingOverall":2,"langId":"1033","userNickname":"","brandType":"Expedia","title":"","reviewText":"First off when paying at front desk she told me $100 deposit and she charged $200 to my card then no one told me that I needed the key to use the elevator then room service did not come clean the room and restock towels never make the bed are empty the garbage I had to call for them to come to empty the garbage and ask for towels","featured":false,"ratingsOnly":false,"ratingRoomCleanliness":2,"ratingHotelCondition":2,"ratingService":2,"ratingRoomComfort":2,"positiveRemarks":"Nothing really and since you're paying that much for the hotel you should not have to pay for parking in the parking lot","negativeRemarks":"They need to prove on customer service room service cleaning in guest should not have to pay for parking because they are already paying for the room","locationRemarks":"It's okay","lastInitial":"","userLocation":"","reviewSubmissionTime":"2016-07-19T17:52:49Z","reviewerCategories":[{"categoryId":"Everyone","categoryLabel":"Everyone"}],"userDisplayName":"","roomTypeId":446004,"isUnverified":false,"isFlaggable":false,"isRecommended":"NO"},{"hotelId":"487","totalPositiveFeedbacks":0,"tpid":"1","eapid":"0","contentLocale":"en_us","totalThanks":0,"photos":[],"reviewId":"578b05ce15645e0b284a2124","itinId":"1139721792466","moderationStatus":"APPROVED","contentCodes":"","managementResponses":[],"ratingOverall":4,"langId":"1033","userNickname":"adri_ten","brandType":"Expedia","title":"Nice hotel but not the location ","reviewText":"I was really nice hotel, good staff, just everything was a distant especially if you touring around San Francisco than is a 30 minute drive to downtown San Francisco ","featured":false,"ratingsOnly":false,"ratingRoomCleanliness":5,"ratingHotelCondition":4,"ratingService":4,"ratingRoomComfort":5,"positiveRemarks":"","negativeRemarks":"","locationRemarks":"","lastInitial":"","userLocation":"Los Angeles","reviewSubmissionTime":"2016-07-17T04:13:02Z","reviewerCategories":[{"categoryId":"Everyone","categoryLabel":"Everyone"}],"userDisplayName":"","roomTypeId":446004,"isUnverified":false,"isFlaggable":true,"isRecommended":"YES"},{"hotelId":"487","totalPositiveFeedbacks":0,"tpid":"1","eapid":"0","contentLocale":"en_us","totalThanks":0,"photos":[],"reviewId":"57884b2c0bd7ad0b2769a5eb","itinId":"1139382522562","moderationStatus":"APPROVED","contentCodes":"MMA","managementResponses":[],"ratingOverall":4,"langId":"1033","userNickname":"","brandType":"Expedia","title":"","reviewText":"We were alarmed to find several cars were broken into during our stay. More lighting is needed throughout the entire parking areas. The room\r\nwas great n comfortable . Elevator needs working on. When checking in the FD agent needed to focus on the guest checking in n not have a side conversation ","featured":false,"ratingsOnly":false,"ratingRoomCleanliness":5,"ratingHotelCondition":4,"ratingService":3,"ratingRoomComfort":5,"positiveRemarks":"","negativeRemarks":"","locationRemarks":"","lastInitial":"","userLocation":"","reviewSubmissionTime":"2016-07-15T02:32:12Z","reviewerCategories":[{"categoryId":"Everyone","categoryLabel":"Everyone"}],"userDisplayName":"","roomTypeId":274458,"isUnverified":false,"isFlaggable":false,"isRecommended":"YES"},{"hotelId":"487","totalPositiveFeedbacks":0,"tpid":"1","eapid":"0","contentLocale":"en_us","totalThanks":0,"photos":[],"reviewId":"578455bc0bd9530b8a458cc1","itinId":"1138978590733","moderationStatus":"APPROVED","contentCodes":"","managementResponses":[],"ratingOverall":4,"langId":"1033","userNickname":"","brandType":"Expedia","title":"","reviewText":"It was nice and cozy, on par with a 3 star hotel. It was convinient for me to stay here and take a cab to downtown SF. ","featured":false,"ratingsOnly":false,"ratingRoomCleanliness":5,"ratingHotelCondition":4,"ratingService":4,"ratingRoomComfort":5,"positiveRemarks":"","negativeRemarks":"","locationRemarks":"","lastInitial":"","userLocation":"","reviewSubmissionTime":"2016-07-12T02:28:12Z","reviewerCategories":[{"categoryId":"Everyone","categoryLabel":"Everyone"}],"userDisplayName":"","roomTypeId":"","isUnverified":false,"isFlaggable":true,"isRecommended":"YES"},{"hotelId":"487","totalPositiveFeedbacks":0,"tpid":"1","eapid":"0","contentLocale":"en_us","totalThanks":0,"photos":[],"reviewId":"57818e2e23b4170b49604e41","itinId":"1139569070734","moderationStatus":"APPROVED","contentCodes":"HMP MMD","managementResponses":[],"ratingOverall":2,"langId":"1033","userNickname":"","brandType":"Expedia","title":"","reviewText":"Disappointed, overall. After getting into room, AC not cooling. Maintenance came to room, said not to use thermostat on wall, only use unit thermostat. Cooled for about 1/2 hour, then did not cool rest of night.\r\nOnly 1 wash rag in bathroom.\r\nDid not expect a fee to park car IN the hotel parking lot.","featured":false,"ratingsOnly":false,"ratingRoomCleanliness":3,"ratingHotelCondition":3,"ratingService":3,"ratingRoomComfort":2,"positiveRemarks":"","negativeRemarks":"","locationRemarks":"","lastInitial":"","userLocation":"","reviewSubmissionTime":"2016-07-09T23:52:14Z","reviewerCategories":[{"categoryId":"Everyone","categoryLabel":"Everyone"}],"userDisplayName":"","roomTypeId":274458,"isUnverified":false,"isFlaggable":false,"isRecommended":"NO"},{"hotelId":"487","totalPositiveFeedbacks":0,"tpid":"1","eapid":"0","contentLocale":"en_us","totalThanks":0,"photos":[],"reviewId":"578019f09395710b4908bd4b","itinId":"1139122651669","moderationStatus":"APPROVED","contentCodes":"","managementResponses":[],"ratingOverall":4,"langId":"1033","userNickname":"","brandType":"Expedia","title":"Ok good service","reviewText":"Ok had a good service and facilities of a 3-stat hotel ","featured":false,"ratingsOnly":false,"ratingRoomCleanliness":3,"ratingHotelCondition":3,"ratingService":4,"ratingRoomComfort":3,"positiveRemarks":"","negativeRemarks":"","locationRemarks":"","lastInitial":"","userLocation":"","reviewSubmissionTime":"2016-07-08T21:24:00Z","reviewerCategories":[{"categoryId":"Everyone","categoryLabel":"Everyone"}],"userDisplayName":"","roomTypeId":446004,"isUnverified":false,"isFlaggable":true,"isRecommended":"YES"},{"hotelId":"487","totalPositiveFeedbacks":0,"tpid":"1","eapid":"0","contentLocale":"en_us","totalThanks":0,"photos":[],"reviewId":"5775552867a4b00b7da717be","itinId":"1138231521657","moderationStatus":"APPROVED","contentCodes":"MMA","managementResponses":[],"ratingOverall":3,"langId":"1033","userNickname":"","brandType":"Expedia","title":"","reviewText":"I thought the hotel was adequate. I was disappointed I had to pay a parking fee on top of the hotel fees. It should have been more clear when I was comparing costs between hotels. ","featured":false,"ratingsOnly":false,"ratingRoomCleanliness":4,"ratingHotelCondition":3,"ratingService":3,"ratingRoomComfort":3,"positiveRemarks":"","negativeRemarks":"","locationRemarks":"","lastInitial":"","userLocation":"","reviewSubmissionTime":"2016-06-30T17:21:44Z","reviewerCategories":[{"categoryId":"Everyone","categoryLabel":"Everyone"}],"userDisplayName":"","roomTypeId":274458,"isUnverified":false,"isFlaggable":false,"isRecommended":"NO"},{"hotelId":"487","totalPositiveFeedbacks":0,"tpid":"1","eapid":"0","contentLocale":"en_us","totalThanks":0,"photos":[],"reviewId":"57733c231a77650b7c0610de","itinId":"1137203133433","moderationStatus":"APPROVED","contentCodes":"","managementResponses":[],"ratingOverall":5,"langId":"1033","userNickname":"","brandType":"Expedia","title":"High Security Hotel","reviewText":"Elevators don't operate without keycards. So you don't find other than guests in the upper floors.","featured":false,"ratingsOnly":false,"ratingRoomCleanliness":5,"ratingHotelCondition":5,"ratingService":5,"ratingRoomComfort":5,"positiveRemarks":"","negativeRemarks":"","locationRemarks":"","lastInitial":"","userLocation":"","reviewSubmissionTime":"2016-06-29T03:10:27Z","reviewerCategories":[{"categoryId":"Everyone","categoryLabel":"Everyone"}],"userDisplayName":"","roomTypeId":274458,"isUnverified":false,"isFlaggable":true,"isRecommended":"YES"},{"hotelId":"487","totalPositiveFeedbacks":1,"tpid":"1","eapid":"0","contentLocale":"en_us","totalThanks":1,"photos":[],"reviewId":"576a4b84793e650b4fc44f1a","itinId":"1138008704988","moderationStatus":"APPROVED","contentCodes":"HMP MMD","managementResponses":[],"ratingOverall":1,"langId":"1033","userNickname":"","brandType":"Expedia","title":"Bad experience","reviewText":"1. Housekeeping knocked on our door several times at 10am even with 'DO NOT DISTURB SIGN' on the door. While I was on my way to open the door, they were already using their keys to open our door. Complained about it, was promised complimentary parking but we were still charged with parking.\r\n\r\n2. Asked for 30 mins late check out, front desk lady did not allow us. ","featured":false,"ratingsOnly":false,"ratingRoomCleanliness":4,"ratingHotelCondition":4,"ratingService":2,"ratingRoomComfort":4,"positiveRemarks":"","negativeRemarks":"","locationRemarks":"","lastInitial":"","userLocation":"","reviewSubmissionTime":"2016-06-22T08:25:40Z","reviewerCategories":[{"categoryId":"Everyone","categoryLabel":"Everyone"}],"userDisplayName":"","roomTypeId":446004,"isUnverified":false,"isFlaggable":false,"isRecommended":"NO"},{"hotelId":"487","totalPositiveFeedbacks":0,"tpid":"1","eapid":"0","contentLocale":"en_us","totalThanks":0,"photos":[],"reviewId":"576006569609030b2737359e","itinId":"1135541749127","moderationStatus":"APPROVED","contentCodes":"","managementResponses":[],"ratingOverall":5,"langId":"1033","userNickname":"casual traveler","brandType":"Expedia","title":"Close to airport. Good bar and restaurant","reviewText":"Bar has good atmosphere.  Nice service.  Only bad thing is the bar design.  Lights on the bar make it hard to see the customer and feel right in your face.  ","featured":false,"ratingsOnly":false,"ratingRoomCleanliness":4,"ratingHotelCondition":4,"ratingService":5,"ratingRoomComfort":4,"positiveRemarks":"","negativeRemarks":"","locationRemarks":"","lastInitial":"d","userLocation":"j","reviewSubmissionTime":"2016-06-14T13:27:50Z","reviewerCategories":[{"categoryId":"Everyone","categoryLabel":"Everyone"}],"userDisplayName":"","roomTypeId":274458,"isUnverified":false,"isFlaggable":true,"isRecommended":"YES"},{"hotelId":"487","totalPositiveFeedbacks":0,"tpid":"1","eapid":"0","contentLocale":"en_us","totalThanks":0,"photos":[],"reviewId":"575e01ab9609030b2714d639","itinId":"1137078285064","moderationStatus":"APPROVED","contentCodes":"","managementResponses":[],"ratingOverall":3,"langId":"1033","userNickname":"","brandType":"Expedia","title":"Good for a night","reviewText":"Everything was fine but front desk lady with attitude! Probably cause Late night shift? ","featured":false,"ratingsOnly":false,"ratingRoomCleanliness":4,"ratingHotelCondition":4,"ratingService":2,"ratingRoomComfort":4,"positiveRemarks":"","negativeRemarks":"","locationRemarks":"","lastInitial":"","userLocation":"","reviewSubmissionTime":"2016-06-13T00:43:23Z","reviewerCategories":[{"categoryId":"Everyone","categoryLabel":"Everyone"}],"userDisplayName":"","roomTypeId":200284152,"isUnverified":false,"isFlaggable":true,"isRecommended":"YES"},{"hotelId":"487","totalPositiveFeedbacks":0,"tpid":"1","eapid":"0","contentLocale":"en_us","totalThanks":0,"photos":[],"reviewId":"575db96862e30e0b26f4f1a7","itinId":"1137535143140","moderationStatus":"APPROVED","contentCodes":"","managementResponses":[],"ratingOverall":5,"langId":"1033","userNickname":"wayne","brandType":"Expedia","title":"Nice to stay close to airport ","reviewText":"This is the 10th we stay at the hotel. Stil fell good as the first and will pick to stay next time for sure. ","featured":false,"ratingsOnly":false,"ratingRoomCleanliness":5,"ratingHotelCondition":4,"ratingService":5,"ratingRoomComfort":5,"positiveRemarks":"","negativeRemarks":"","locationRemarks":"","lastInitial":"","userLocation":"SF","reviewSubmissionTime":"2016-06-12T19:35:04Z","reviewerCategories":[{"categoryId":"Everyone","categoryLabel":"Everyone"}],"userDisplayName":"","roomTypeId":274458,"isUnverified":false,"isFlaggable":true,"isRecommended":"YES"}]}}}
