{"reviewDetails":{"startIndex":0,"numberOfReviewsInThisPage":20,"reviewSummaryCollection":{"reviewSummary":[{"hotelId":"4044","totalReviewCnt":226,"avgOverallRating":3.9867256,"cleanliness":4.261064,"serviceAndStaff":4.1637163,"roomComfort":4.2212415,"hotelCondition":4.1415935,"convenienceOfLocation":4.2307696,"neighborhoodSatisfaction":3.8076923,"roomQuality":0,"targetedBrand":"Expedia","originSummary":[{"origin":"Expedia","reviewCnt":226,"recommendedPercent":79.64601,"avgOverallRating":3.9867256,"cleanliness":4.261064,"serviceAndStaff":4.1637163,"roomComfort":4.2212415,"hotelCondition":4.1415935,"convenienceOfLocation":4.2307696,"neighborhoodSatisfaction":3.8076923,"valueForMoney":0,"roomQuality":0,"categoryCounts":{"Everyone":133,"Couples":12,"BusinessTravelers":9,"Students":1,"Families":9,"Other":1},"roomTypeIdCounts":{"197273":3,"12652":74,"12653":33},"languageCounts":{"en":226}}],"recommendedPercent":79.64601,"valueForMoney":0,"categoryCounts":{"Everyone":133,"Couples":12,"BusinessTravelers":9,"Students":1,"Families":9,"Other":1},"roomTypeIdCounts":{"197273":3,"12652":74,"12653":33},"languageCounts":{"en":226},"featuredReview":{}}]},"reviewCollection":{"review":[{"hotelId":"4044","totalPositiveFeedbacks":0,"tpid":"1","eapid":"0","contentLocale":"en_us","totalThanks":0,"photos":[],"reviewId":"57b3d5b029b05a0b28d5479b","itinId":"1140426475440","moderationStatus":"APPROVED","contentCodes":"","managementResponses":[],"ratingOverall":5,"langId":"1033","userNickname":"LauJa","brandType":"Expedia","title":"Nice hotel close to downtown ","reviewText":"The only complaint I have is how far I had to walk to get to my room at the back of the hotel. The trade off was that it was very quiet. My window looked out into a redwood tree and I felt like I was in the forest. Room rate $195","featured":false,"ratingsOnly":false,"ratingRoomCleanliness":5,"ratingHotelCondition":5,"ratingService":4,"ratingRoomComfort":5,"positiveRemarks":"Quiet room","negativeRemarks":"Price? ","locationRemarks":"Close to downtown. Next to the freeway, so easy access.","lastInitial":"","userLocation":"Bakersfield, CA","reviewSubmissionTime":"2016-08-17T03:10:40Z","reviewerCategories":[{"categoryId":"Everyone","categoryLabel":"Everyone"}],"userDisplayName":"","roomTypeId":12652,"isUnverified":false,"isFlaggable":true,"isRecommended":"YES"},{"hotelId":"4044","totalPositiveFeedbacks":0,"tpid":"3","eapid":"0","contentLocale":"en_gb","totalThanks":0,"photos":[],"reviewId":"57a9d8f447c4f60b040c8951","itinId":"112760563835","moderationStatus":"APPROVED","contentCodes":"","managementResponses":[],"ratingOverall":4,"langId":"2057","userNickname":"paun","brandType":"Expedia","title":"Nice hotel friendly staff","reviewText":"Stayed for 4 nights had a very noisy neighbor on night 2. Hotel security tried to help but noise continued through the night. 😩","featured":false,"ratingsOnly":false,"ratingRoomCleanliness":4,"ratingHotelCondition":4,"ratingService":5,"ratingRoomComfort":5,"positiveRemarks":"Hotel shuttle to airport ","negativeRemarks":"Soundproofing between rooms ","locationRemarks":"N/A","lastInitial":"","userLocation":"england","reviewSubmissionTime":"2016-08-09T13:21:56Z","reviewerCategories":[{"categoryId":"Couples","categoryLabel":"Couples"}],"userDisplayName":"","roomTypeId":12652,"isUnverified":false,"isFlaggable":true,"isRecommended":"YES"},{"hotelId":"4044","totalPositiveFeedbacks":0,"tpid":"1","eapid":"0","contentLocale":"en_us","totalThanks":0,"photos":[],"reviewId":"57a9326d1563430b29a07f0d","itinId":"1142358713995","moderationStatus":"APPROVED","contentCodes":"","managementResponses":[],"ratingOverall":5,"langId":"1033","userNickname":"Bante","brandType":"Expedia","title":"Awesome & Clean","reviewText":"It's very nice and cozy. It feels like home. The staff are very friendly and very accommodating. If I travel next time, I'm going to stay again in a Marriot hotel. 👍👍","featured":false,"ratingsOnly":false,"ratingRoomCleanliness":5,"ratingHotelCondition":5,"ratingService":5,"ratingRoomComfort":5,"positiveRemarks":"","negativeRemarks":"","locationRemarks":"","lastInitial":"","userLocation":"Los Angeles, CA","reviewSubmissionTime":"2016-08-09T01:31:25Z","reviewerCategories":[{"categoryId":"Everyone","categoryLabel":"Everyone"}],"userDisplayName":"","roomTypeId":12652,"isUnverified":false,"isFlaggable":true,"isRecommended":"YES"},{"hotelId":"4044","totalPositiveFeedbacks":1,"tpid":"1","eapid":"0","contentLocale":"en_us","totalThanks":1,"photos":[],"reviewId":"57a02b694d74660b29e57808","itinId":"1141966465696","moderationStatus":"APPROVED","contentCodes":"HMP MMD","managementResponses":[{"userNickname":"Michelle A.","displayLocale":"en_us","isFlaggable":false,"date":"","response":"Thank you so much for taking the time to reach out to us. Your feedback is very much appreciated. Please accept our apologies for the challenges that you experienced during your stay with us. We have discussed these issues and have put a Corrective Action Plan in place to prevent future occurrences. We hope to accommodate you if travels ever bring you back to San Mateo. ","status":"APPROVED","id":"20eacff0-3bb7-4310-bdc5-4a85c0a98e3a"}],"ratingOverall":2,"langId":"1033","userNickname":"","brandType":"Expedia","title":"not worth the money, don't bother","reviewText":"Dirty bathroom, hair on the bed, poor customer service, broke. Jacuzzi, misleading information and I would not recommend staying there for the money. It's basically an over priced motel 8.","featured":false,"ratingsOnly":false,"ratingRoomCleanliness":1,"ratingHotelCondition":1,"ratingService":2,"ratingRoomComfort":1,"positiveRemarks":"","negativeRemarks":"","locationRemarks":"","lastInitial":"","userLocation":"Washington ","reviewSubmissionTime":"2016-08-02T05:11:05Z","reviewerCategories":[{"categoryId":"Everyone","categoryLabel":"Everyone"}],"userDisplayName":"","roomTypeId":12652,"isUnverified":false,"isFlaggable":false,"isRecommended":"NO"},{"hotelId":"4044","totalPositiveFeedbacks":1,"tpid":"4","eapid":"0","contentLocale":"en_ca","totalThanks":1,"photos":[],"reviewId":"57a01813a5437e0b2874540a","itinId":"1141875962876","moderationStatus":"APPROVED","contentCodes":"NLI HMP MMD","managementResponses":[],"ratingOverall":1,"langId":"4105","userNickname":"","brandType":"Expedia","title":"My entire family had food poisoning!!!! ","reviewText":"Horrible experience! We booked a room with two queen beds and we ended up getting a very strange smelly room with one king bed. The staff did not care when I asked why they change our room. They were very laid back, rude and the did not care at all to provide the minimum required service. We orders room service, we left almost all our food since it was horrible. We got all sick that night expect my husband who did not eat. Stay away from this hotel it is horrible. I usually stay at Marriots, but this one only carries the name not the quality associated with the brand. It is not a hotel , it is a nightmare!!!!!","featured":false,"ratingsOnly":false,"ratingRoomCleanliness":1,"ratingHotelCondition":1,"ratingService":1,"ratingRoomComfort":1,"positiveRemarks":"Absolutely nothing!!!","negativeRemarks":"Absolutely everything starting with the staff and management.","locationRemarks":"Horrible neighbourhood, not very safe.","lastInitial":"","userLocation":"","reviewSubmissionTime":"2016-08-02T03:48:35Z","reviewerCategories":[{"categoryId":"Everyone","categoryLabel":"Everyone"}],"userDisplayName":"","roomTypeId":12652,"isUnverified":false,"isFlaggable":false,"isRecommended":"NO"},{"hotelId":"4044","totalPositiveFeedbacks":0,"tpid":"1","eapid":"0","contentLocale":"en_us","totalThanks":0,"photos":[],"reviewId":"578cd025756ba70b27ae441e","itinId":"1140565732095","moderationStatus":"APPROVED","contentCodes":"","managementResponses":[],"ratingOverall":5,"langId":"1033","userNickname":"Gorbon","brandType":"Expedia","title":"Worth it.","reviewText":"Waaay nicer than other hotels in the area that want to charge similar rates.","featured":false,"ratingsOnly":false,"ratingRoomCleanliness":5,"ratingHotelCondition":4,"ratingService":5,"ratingRoomComfort":5,"positiveRemarks":"","negativeRemarks":"","locationRemarks":"","lastInitial":"","userLocation":"US","reviewSubmissionTime":"2016-07-18T12:48:37Z","reviewerCategories":[{"categoryId":"Everyone","categoryLabel":"Everyone"}],"userDisplayName":"","roomTypeId":12652,"isUnverified":false,"isFlaggable":true,"isRecommended":"YES"},{"hotelId":"4044","totalPositiveFeedbacks":0,"tpid":"1","eapid":"0","contentLocale":"en_us","totalThanks":0,"photos":[],"reviewId":"5784ccc795608f0b490b3aa2","itinId":"1139527088155","moderationStatus":"APPROVED","contentCodes":"","managementResponses":[],"ratingOverall":4,"langId":"1033","userNickname":"Lynne","brandType":"Expedia","title":"Good location for visiting San Fran. & San Jose","reviewText":"Good restaurant and room service. The menu isn't large but all the food is excellent. After a busy day, nice to relax with an in-room movie and room service dinner. Good parking, though pricey. Sprawling hotel layout takes some acclimation. ","featured":false,"ratingsOnly":false,"ratingRoomCleanliness":4,"ratingHotelCondition":4,"ratingService":4,"ratingRoomComfort":4,"positiveRemarks":"","negativeRemarks":"","locationRemarks":"","lastInitial":"","userLocation":"Pennsylvania","reviewSubmissionTime":"2016-07-12T10:56:07Z","reviewerCategories":[{"categoryId":"Everyone","categoryLabel":"Everyone"}],"userDisplayName":"","roomTypeId":12652,"isUnverified":false,"isFlaggable":true,"isRecommended":"YES"},{"hotelId":"4044","totalPositiveFeedbacks":0,"tpid":"1","eapid":"0","contentLocale":"en_us","totalThanks":0,"photos":[],"reviewId":"57813fcf5a68010b494965eb","itinId":"1136599536340","moderationStatus":"APPROVED","contentCodes":"","managementResponses":[],"ratingOverall":5,"langId":"1033","userNickname":"Medina  ","brandType":"Expedia","title":"Conveniently  located.","reviewText":"Nice hotel. Staff very professional  and knowledgeable  of area attractions. With the exception of the $25 breakfast I would recommend. Big room, big bathroom. Pool is nice, Sana was awesome!","featured":false,"ratingsOnly":false,"ratingRoomCleanliness":5,"ratingHotelCondition":5,"ratingService":5,"ratingRoomComfort":5,"positiveRemarks":"","negativeRemarks":"","locationRemarks":"","lastInitial":"","userLocation":"TX.","reviewSubmissionTime":"2016-07-09T18:17:51Z","reviewerCategories":[{"categoryId":"Everyone","categoryLabel":"Everyone"}],"userDisplayName":"","roomTypeId":12652,"isUnverified":false,"isFlaggable":true,"isRecommended":"YES"},{"hotelId":"4044","totalPositiveFeedbacks":0,"tpid":"1","eapid":"0","contentLocale":"en_us","totalThanks":0,"photos":[],"reviewId":"57298001549a1d09fd49c687","itinId":"1131152676969","moderationStatus":"APPROVED","contentCodes":"NLI PD HMP MMD","managementResponses":[{"userNickname":"Michelle A. - Operations Manager ","displayLocale":"en_us","isFlaggable":false,"date":"2016-05-08T16:00:32Z","response":"Dear Tamara,\r\n\r\nAs we pride ourselves on delivering a memorable hotel experience during your travels, we have unfortunately fallen short of our goal during your recent stay. Please accept our sincere apology for your overall experience with us. We have shared your feedback with the appropriate hotel team to ensure that these were isolated issues that are corrected moving forward. \r\n\r\nUpholding our commitment to provide a memorable experience with exceptional service, we hope to have an opportunity to better your experience with us whenever your travels bring you back to San Mateo. \r\n\r\nBest Regards,\r\n\r\nMichelle A.\r\nOperations Manager, At San Mateo Marriott San Francisco Airport  ","status":"APPROVED","id":"cbb99c9e-ba2a-4d31-904b-f6b9a9b31944"}],"ratingOverall":2,"langId":"1033","userNickname":"Tamara","brandType":"Expedia","title":"Disappointing","reviewText":"The halls were a mess with litter and debris, dirty carpeting.  The dining room was mediocre at best.  It was cafeteria style, not at all comfortable dining, and the food was nothing at all special but priced like a five star.  I booked it on line hoping to treat my family to something special.  The only thing extraordinary were the prices.  \r\nThere was a used tampon on the sidewalk by pool.  I reported it to house keeping, it was still there the next day.  Gross.  \r\nStaff seemed tired and not very happy- work as usual.  Overall disappointing experience!!!","featured":false,"ratingsOnly":false,"ratingRoomCleanliness":3,"ratingHotelCondition":2,"ratingService":4,"ratingRoomComfort":4,"positiveRemarks":"The picture on the Expedia site.  It looks so much better in picture than it does in person.  \r\nThe sheets were very white.  Room was clean.  ","negativeRemarks":"See the above :  Staff could be happier, friendly, attentive to details.  \r\nDining room / Cafe needs a face lift and price drop.  \r\n","locationRemarks":"Great location.  Eat at Mimi's!  YUM!","lastInitial":"W","userLocation":"Minneapolis","reviewSubmissionTime":"2016-05-04T04:52:17Z","reviewerCategories":[{"categoryId":"Everyone","categoryLabel":"Everyone"}],"userDisplayName":"","roomTypeId":12652,"isUnverified":false,"isFlaggable":false,"isRecommended":"NO"},{"hotelId":"4044","totalPositiveFeedbacks":3,"tpid":"1","eapid":"0","contentLocale":"en_us","totalThanks":3,"photos":[],"reviewId":"5714f63f1fcf7f09f8861a2f","itinId":"1129759264202","moderationStatus":"APPROVED","contentCodes":"MMA","managementResponses":[{"userNickname":"Samantha ","displayLocale":"en_us","isFlaggable":false,"date":"2016-04-21T21:00:25Z","response":"Thank you for your feedback regarding your previous stay with us. We will be sure to address the issue you experienced at the front desk. It is unfortunate to hear you did not have a pleasant stay with us and continue to work on ensuring our guests have a good stay with us. ","status":"APPROVED","id":"3630eb23-7c0c-4d0e-8ced-0c6204827909"}],"ratingOverall":3,"langId":"1033","userNickname":"hg","brandType":"Expedia","title":"would not come back","reviewText":"The room is really old and not clean.   Front receptionists r not that friendly.  I have to fight with her about the charges.  Overall.  It was not a pleasant experience ","featured":false,"ratingsOnly":false,"ratingRoomCleanliness":2,"ratingHotelCondition":1,"ratingService":3,"ratingRoomComfort":3,"positiveRemarks":"","negativeRemarks":"","locationRemarks":"","lastInitial":"h","userLocation":"ng","reviewSubmissionTime":"2016-04-18T14:59:11Z","reviewerCategories":[{"categoryId":"Everyone","categoryLabel":"Everyone"}],"userDisplayName":"","roomTypeId":12653,"isUnverified":false,"isFlaggable":false,"isRecommended":"NO"},{"hotelId":"4044","totalPositiveFeedbacks":2,"tpid":"1","eapid":"0","contentLocale":"en_us","totalThanks":2,"photos":[],"reviewId":"56f29e61b5d088097b42b694","itinId":"1130387003924","moderationStatus":"APPROVED","contentCodes":"","managementResponses":[],"ratingOverall":4,"langId":"1033","userNickname":"","brandType":"Expedia","title":"Nice hotel!","reviewText":"I had a great experience at the hotel. Traveled for business and it had a great location close to the bay, airport and only a 40 minute drive to San Francisco. I would recommend this to hotel to anyone. The California Grill located inside the hotel is also a great place to eat.","featured":false,"ratingsOnly":false,"ratingRoomCleanliness":4,"ratingHotelCondition":4,"ratingService":5,"ratingRoomComfort":4,"positiveRemarks":"","negativeRemarks":"","locationRemarks":"","lastInitial":"","userLocation":"","reviewSubmissionTime":"2016-03-23T13:47:13Z","reviewerCategories":[{"categoryId":"Everyone","categoryLabel":"Everyone"}],"userDisplayName":"","roomTypeId":12652,"isUnverified":false,"isFlaggable":true,"isRecommended":"YES"},{"hotelId":"4044","totalPositiveFeedbacks":2,"tpid":"1","eapid":"0","contentLocale":"en_us","totalThanks":2,"photos":[],"reviewId":"56e71d5aa225850967c160ba","itinId":"1128830750896","moderationStatus":"APPROVED","contentCodes":"MMA","managementResponses":[],"ratingOverall":4,"langId":"1033","userNickname":"","brandType":"Expedia","title":"Helpful staff","reviewText":"My first room the ac did not work. I was miserable the first night. They sent someone up to fix and it seemed like it was a common problem. Then room smelt weird. So I asked to change. Very nice and quickly sent staff up to help me move. The new room was perfect temp. Older rooms but nicely kept. my second room didn't seem as clean as the first however. I picked several items off carpet and even used a wipe to clean desk off. Staff was great but rooms need a redo. ","featured":false,"ratingsOnly":false,"ratingRoomCleanliness":3,"ratingHotelCondition":3,"ratingService":5,"ratingRoomComfort":4,"positiveRemarks":"","negativeRemarks":"","locationRemarks":"","lastInitial":"","userLocation":"","reviewSubmissionTime":"2016-03-14T20:21:46Z","reviewerCategories":[{"categoryId":"Everyone","categoryLabel":"Everyone"}],"userDisplayName":"","roomTypeId":12653,"isUnverified":false,"isFlaggable":false,"isRecommended":"YES"},{"hotelId":"4044","totalPositiveFeedbacks":1,"tpid":"1","eapid":"0","contentLocale":"en_us","totalThanks":1,"photos":[],"reviewId":"56c472f3dcec1d0981189611","itinId":"1127165037011","moderationStatus":"APPROVED","contentCodes":"","managementResponses":[],"ratingOverall":5,"langId":"1033","userNickname":"","brandType":"Expedia","title":"","reviewText":"A good experience for me and my daughter \r\nOnly thing was it took over an hour for out food at the cafe but it was busy ","featured":false,"ratingsOnly":false,"ratingRoomCleanliness":5,"ratingHotelCondition":5,"ratingService":5,"ratingRoomComfort":5,"positiveRemarks":"","negativeRemarks":"","locationRemarks":"","lastInitial":"","userLocation":"","reviewSubmissionTime":"2016-02-17T13:17:39Z","reviewerCategories":[{"categoryId":"Everyone","categoryLabel":"Everyone"}],"userDisplayName":"","roomTypeId":12652,"isUnverified":false,"isFlaggable":true,"isRecommended":"YES"},{"hotelId":"4044","totalPositiveFeedbacks":1,"tpid":"1","eapid":"0","contentLocale":"en_us","totalThanks":1,"photos":[],"reviewId":"56bb585d2585700980f195b1","itinId":"1126783250863","moderationStatus":"APPROVED","contentCodes":"HMP MMD","managementResponses":[],"ratingOverall":2,"langId":"1033","userNickname":"","brandType":"Expedia","title":"","reviewText":"I have a back to back reservation (2 nights + 1 additional night). They did not make up the room after my first reservation. I came back late after a,long day with empty supplies in the bathroom. Terrible room service. Will recommend my company never to choose this hotel again.","featured":false,"ratingsOnly":false,"ratingRoomCleanliness":1,"ratingHotelCondition":5,"ratingService":4,"ratingRoomComfort":4,"positiveRemarks":"","negativeRemarks":"","locationRemarks":"","lastInitial":"","userLocation":"","reviewSubmissionTime":"2016-02-10T15:33:49Z","reviewerCategories":[{"categoryId":"Everyone","categoryLabel":"Everyone"}],"userDisplayName":"","roomTypeId":12652,"isUnverified":false,"isFlaggable":false,"isRecommended":"NO"},{"hotelId":"4044","totalPositiveFeedbacks":2,"tpid":"1","eapid":"0","contentLocale":"en_us","totalThanks":2,"photos":[],"reviewId":"566f79a191eced09680c41b4","itinId":"1121358085647","moderationStatus":"APPROVED","contentCodes":"HMP MMD","managementResponses":[],"ratingOverall":3,"langId":"1033","userNickname":"","brandType":"Expedia","title":"2nd time","reviewText":"This was our second time at this hotel\r\nAnd was a bit taken back .... Worn down furnishing and extremely heavily stained carpet \r\nLast visit our suite was more on the newer and fresher side","featured":false,"ratingsOnly":false,"ratingRoomCleanliness":3,"ratingHotelCondition":3,"ratingService":4,"ratingRoomComfort":3,"positiveRemarks":"","negativeRemarks":"","locationRemarks":"","lastInitial":"","userLocation":"","reviewSubmissionTime":"2015-12-15T02:23:29Z","reviewerCategories":[{"categoryId":"Everyone","categoryLabel":"Everyone"}],"userDisplayName":"","roomTypeId":12653,"isUnverified":false,"isFlaggable":false,"isRecommended":"YES"},{"hotelId":"4044","totalPositiveFeedbacks":0,"tpid":"1","eapid":"0","contentLocale":"en_us","totalThanks":0,"photos":[],"reviewId":"5657282c50223c096891465a","itinId":"1120490582033","moderationStatus":"APPROVED","contentCodes":"","managementResponses":[],"ratingOverall":4,"langId":"1033","userNickname":"Larry","brandType":"Expedia","title":"A very nice place close to home.","reviewText":"Just stayed overnight, had a nice meal at the California Grill.","featured":false,"ratingsOnly":false,"ratingRoomCleanliness":5,"ratingHotelCondition":5,"ratingService":5,"ratingRoomComfort":5,"positiveRemarks":"It's convenient.","negativeRemarks":"They shouldn't have a parking charge.","locationRemarks":"It's close to downtown San Mateo and the 101 freeway.","lastInitial":"","userLocation":"San Mateo, CA","reviewSubmissionTime":"2015-11-26T15:41:32Z","reviewerCategories":[{"categoryId":"Everyone","categoryLabel":"Everyone"}],"userDisplayName":"","roomTypeId":12652,"isUnverified":false,"isFlaggable":true,"isRecommended":"YES"},{"hotelId":"4044","totalPositiveFeedbacks":1,"tpid":"1","eapid":"0","contentLocale":"en_us","totalThanks":1,"photos":[],"reviewId":"56471da56bc6770968343006","itinId":"1117251078633","moderationStatus":"APPROVED","contentCodes":"MMA","managementResponses":[],"ratingOverall":4,"langId":"1033","userNickname":"Peter","brandType":"Expedia","title":"","reviewText":"Hotel staff very friendly. Hotel needs to upgrade heating/cooling system, the RATTLING, CLUNKING NOISE it made was unbearable causing us never to turn it on. ","featured":false,"ratingsOnly":false,"ratingRoomCleanliness":4,"ratingHotelCondition":3,"ratingService":5,"ratingRoomComfort":4,"positiveRemarks":"","negativeRemarks":"","locationRemarks":"","lastInitial":"","userLocation":"Woodinville WA","reviewSubmissionTime":"2015-11-14T11:40:21Z","reviewerCategories":[{"categoryId":"Everyone","categoryLabel":"Everyone"}],"userDisplayName":"","roomTypeId":12652,"isUnverified":false,"isFlaggable":false,"isRecommended":"YES"},{"hotelId":"4044","totalPositiveFeedbacks":0,"tpid":"1","eapid":"0","contentLocale":"en_us","totalThanks":0,"photos":[],"reviewId":"562fa1dbe45635094ba2e5ff","itinId":"1112701464424","moderationStatus":"APPROVED","contentCodes":"HMP MMD","managementResponses":[],"ratingOverall":4,"langId":"1033","userNickname":"mel","brandType":"Expedia","title":"Nice hotel, a lot of hidden fees","reviewText":"They charge $24 per day for parking,\r\nNo free WiFi in the room. \r\nThe hotel was nice, but I don't like hidden fees,there should be an option for you to add them on at booking. ","featured":false,"ratingsOnly":false,"ratingRoomCleanliness":5,"ratingHotelCondition":5,"ratingService":4,"ratingRoomComfort":5,"positiveRemarks":"","negativeRemarks":"","locationRemarks":"","lastInitial":"p","userLocation":"san francisco ","reviewSubmissionTime":"2015-10-27T16:10:03Z","reviewerCategories":[{"categoryId":"Everyone","categoryLabel":"Everyone"}],"userDisplayName":"","roomTypeId":12653,"isUnverified":false,"isFlaggable":false,"isRecommended":"NO"},{"hotelId":"4044","totalPositiveFeedbacks":1,"tpid":"1","eapid":"0","contentLocale":"en_us","totalThanks":1,"photos":[],"reviewId":"56253d9d6d10fd094adbe26e","itinId":"1118969035491","moderationStatus":"APPROVED","contentCodes":"","managementResponses":[],"ratingOverall":4,"langId":"1033","userNickname":"Gigi","brandType":"Expedia","title":"Comfortable and convenient","reviewText":"Stayed here for a few nights after selling my condo in the area. Wanted something comfortable and convenient while I was tying up loose ends before I moved out of state. Rooms were clean, bed was very comfortable and staff was nice. Wifi was a bit spotty at times but I managed. ","featured":false,"ratingsOnly":false,"ratingRoomCleanliness":4,"ratingHotelCondition":4,"ratingService":4,"ratingRoomComfort":4,"positiveRemarks":"Cleanliness and was quiet.","negativeRemarks":"Parking is a little too expensive especially for the property. ","locationRemarks":"Downtown San Mateo is a mile away, lots of different kinds of restaurants. Hillsdale mall is close as well. ","lastInitial":"G","userLocation":"Portland, OR ","reviewSubmissionTime":"2015-10-19T18:59:41Z","reviewerCategories":[{"categoryId":"Everyone","categoryLabel":"Everyone"}],"userDisplayName":"","roomTypeId":12652,"isUnverified":false,"isFlaggable":true,"isRecommended":"YES"},{"hotelId":"4044","totalPositiveFeedbacks":0,"tpid":"1","eapid":"0","contentLocale":"en_us","totalThanks":0,"photos":[],"reviewId":"560c0b73e3e0b00936d0dabc","itinId":"1116522107751","moderationStatus":"APPROVED","contentCodes":"","managementResponses":[],"ratingOverall":4,"langId":"1033","userNickname":"Rahul","brandType":"Expedia","title":"Great stay","reviewText":"Services at conceirge lounge were great. Staff was very helpful and went out of their way to make the stay comfortable.","featured":false,"ratingsOnly":false,"ratingRoomCleanliness":4,"ratingHotelCondition":4,"ratingService":4,"ratingRoomComfort":4,"positiveRemarks":"clean and functional","negativeRemarks":"","locationRemarks":"","lastInitial":"","userLocation":"","reviewSubmissionTime":"2015-09-30T16:18:59Z","reviewerCategories":[{"categoryId":"BusinessTravelers","categoryLabel":"BusinessTravelers"}],"userDisplayName":"","roomTypeId":197273,"isUnverified":false,"isFlaggable":true,"isRecommended":"YES"}]}}}
