{"reviewDetails":{"startIndex":0,"numberOfReviewsInThisPage":20,"reviewSummaryCollection":{"reviewSummary":[{"hotelId":"16955","totalReviewCnt":1835,"avgOverallRating":2.4839237,"cleanliness":2.6893737,"serviceAndStaff":3.0485013,"roomComfort":2.580929,"hotelCondition":2.2937295,"convenienceOfLocation":3.7540984,"neighborhoodSatisfaction":2.819672,"roomQuality":0,"targetedBrand":"Expedia","originSummary":[{"origin":"Expedia","reviewCnt":1835,"recommendedPercent":43.59673,"avgOverallRating":2.4839237,"cleanliness":2.6893737,"serviceAndStaff":3.0485013,"roomComfort":2.580929,"hotelCondition":2.2937295,"convenienceOfLocation":3.7540984,"neighborhoodSatisfaction":2.819672,"valueForMoney":0,"roomQuality":0,"categoryCounts":{"Everyone":1251,"BusinessTravelers":53,"Couples":55,"Students":8,"Families":60,"Other":22},"roomTypeIdCounts":{"201508033":2,"26724":1,"165671":1,"465930":34,"465928":29,"201114058":7,"54103":189,"201114052":4,"54104":495,"201114053":14,"201114054":38,"201114055":3,"201114049":29,"201114050":92,"201114051":82,"200319439":1},"languageCounts":{"en":1835}}],"recommendedPercent":43.59673,"valueForMoney":0,"categoryCounts":{"Everyone":1251,"BusinessTravelers":53,"Couples":55,"Students":8,"Families":60,"Other":22},"roomTypeIdCounts":{"201508033":2,"26724":1,"165671":1,"465930":34,"465928":29,"201114058":7,"54103":189,"201114052":4,"54104":495,"201114053":14,"201114054":38,"201114055":3,"201114049":29,"201114050":92,"201114051":82,"200319439":1},"languageCounts":{"en":1835},"featuredReview":{}}]},"reviewCollection":{"review":[{"hotelId":"16955","totalPositiveFeedbacks":0,"tpid":"1","eapid":"0","contentLocale":"en_us","totalThanks":0,"photos":[],"reviewId":"57b53ad04751ca0b79f1d7e5","itinId":"1142852514269","moderationStatus":"APPROVED","contentCodes":"MMA","managementResponses":[],"ratingOverall":1,"langId":"1033","userNickname":"","brandType":"Expedia","title":"","reviewText":"Disappointed,  microwave was rusty and not working, phone not working, and can not connect to wifi. ","featured":false,"ratingsOnly":false,"ratingRoomCleanliness":2,"ratingHotelCondition":1,"ratingService":1,"ratingRoomComfort":1,"positiveRemarks":"None","negativeRemarks":"Fix the problem so the coctumer will come back ","locationRemarks":"","lastInitial":"","userLocation":"","reviewSubmissionTime":"2016-08-18T04:34:24Z","reviewerCategories":[{"categoryId":"Everyone","categoryLabel":"Everyone"}],"userDisplayName":"","roomTypeId":201114055,"isUnverified":false,"isFlaggable":false,"isRecommended":"NO"},{"hotelId":"16955","totalPositiveFeedbacks":0,"tpid":"1","eapid":"0","contentLocale":"en_us","totalThanks":0,"photos":[],"reviewId":"57b44e5a91cc1c0b2e8ce2db","itinId":"1141233385329","moderationStatus":"APPROVED","contentCodes":"","managementResponses":[],"ratingOverall":3,"langId":"1033","userNickname":"","brandType":"Expedia","title":"Nice overnight stay when all you want to do is sle","reviewText":"If you need a place to crash between fight connections this place works. I was there to sleep after a 15 hour flight. Did not want to wait 12 hrs in airport. Least expensive and a 5 minute free shuttle to and from the airport. What's not to like?","featured":false,"ratingsOnly":false,"ratingRoomCleanliness":4,"ratingHotelCondition":3,"ratingService":3,"ratingRoomComfort":3,"positiveRemarks":"","negativeRemarks":"","locationRemarks":"","lastInitial":"","userLocation":"","reviewSubmissionTime":"2016-08-17T11:45:30Z","reviewerCategories":[{"categoryId":"Everyone","categoryLabel":"Everyone"}],"userDisplayName":"","roomTypeId":201114050,"isUnverified":false,"isFlaggable":true,"isRecommended":"YES"},{"hotelId":"16955","totalPositiveFeedbacks":0,"tpid":"1","eapid":"0","contentLocale":"en_us","totalThanks":0,"photos":[],"reviewId":"57b3767381f8250b05ab9327","itinId":"1143103293776","moderationStatus":"APPROVED","contentCodes":"","managementResponses":[],"ratingOverall":2,"langId":"1033","userNickname":"rachael","brandType":"Expedia","title":"Far to expensive for what it is ","reviewText":"Poor value for money. Easy to get to. I guess if you were able to book in advance by sometime you could get a much better deal.","featured":false,"ratingsOnly":false,"ratingRoomCleanliness":3,"ratingHotelCondition":2,"ratingService":3,"ratingRoomComfort":3,"positiveRemarks":"Easy location to airport and shuttle","negativeRemarks":"Cost","locationRemarks":"Didn't use for this type of stopover","lastInitial":"","userLocation":"world traveller","reviewSubmissionTime":"2016-08-16T20:24:19Z","reviewerCategories":[{"categoryId":"Everyone","categoryLabel":"Everyone"}],"userDisplayName":"","roomTypeId":201114053,"isUnverified":false,"isFlaggable":true,"isRecommended":"NO"},{"hotelId":"16955","totalPositiveFeedbacks":0,"tpid":"1","eapid":"0","contentLocale":"en_us","totalThanks":0,"photos":[],"reviewId":"57b33478a81dc30b0702a163","itinId":"1142971628429","moderationStatus":"APPROVED","contentCodes":"MMA","managementResponses":[],"ratingOverall":2,"langId":"1033","userNickname":"","brandType":"Expedia","title":"Run down, not very clean.","reviewText":"Dirty floor, cigarette burns on bedspread, overall not clean. ","featured":false,"ratingsOnly":false,"ratingRoomCleanliness":1,"ratingHotelCondition":1,"ratingService":3,"ratingRoomComfort":1,"positiveRemarks":"Close to airport","negativeRemarks":"Old and run down would have been okay had the room been clean.","locationRemarks":"","lastInitial":"","userLocation":"","reviewSubmissionTime":"2016-08-16T15:42:48Z","reviewerCategories":[{"categoryId":"Everyone","categoryLabel":"Everyone"}],"userDisplayName":"","roomTypeId":201114050,"isUnverified":false,"isFlaggable":false,"isRecommended":"NO"},{"hotelId":"16955","totalPositiveFeedbacks":0,"tpid":"1","eapid":"0","contentLocale":"en_us","totalThanks":0,"photos":[],"reviewId":"57b253478745fe0b5ac0eb55","itinId":"1140425988041","moderationStatus":"APPROVED","contentCodes":"NLI HMP MMD","managementResponses":[],"ratingOverall":1,"langId":"1033","userNickname":"M & S","brandType":"Expedia","title":"Do NOT Stay here!","reviewText":"Office staff was nice enough  and let us check in early to find a homeless man rummaging through his things and setting up camp outside of our room. We got in our non smoking room to breathe in the air of smokers past and noticed the tears in the carpet, the degraded wall paper/ paint combo that covered the walls in odd spots in a falling off motion and the stains on the blankets and sheets that was probably accompanied by bed bugs. Walked into the bathroom to see the shower that looked like something out of a bad scary movie. Although what did it for us was the cockroach hanging out beside the toilet looking at us like he got there first. Do not stay here!!!","featured":false,"ratingsOnly":false,"ratingRoomCleanliness":1,"ratingHotelCondition":1,"ratingService":2,"ratingRoomComfort":1,"positiveRemarks":"","negativeRemarks":"","locationRemarks":"","lastInitial":"","userLocation":"South San Francisco ","reviewSubmissionTime":"2016-08-15T23:41:59Z","reviewerCategories":[{"categoryId":"Everyone","categoryLabel":"Everyone"}],"userDisplayName":"","roomTypeId":201114050,"isUnverified":false,"isFlaggable":false,"isRecommended":"NO"},{"hotelId":"16955","totalPositiveFeedbacks":0,"tpid":"1","eapid":"0","contentLocale":"en_us","totalThanks":0,"photos":[],"reviewId":"57b1efb9fc689a0b0784760e","itinId":"1143470491896","moderationStatus":"APPROVED","contentCodes":"HMP MMD","managementResponses":[],"ratingOverall":3,"langId":"1033","userNickname":"","brandType":"Expedia","title":"","reviewText":"The tub clogged really bad after one freaking shower smh","featured":false,"ratingsOnly":false,"ratingRoomCleanliness":3,"ratingHotelCondition":2,"ratingService":3,"ratingRoomComfort":3,"positiveRemarks":"","negativeRemarks":"","locationRemarks":"","lastInitial":"","userLocation":"","reviewSubmissionTime":"2016-08-15T16:37:13Z","reviewerCategories":[{"categoryId":"Everyone","categoryLabel":"Everyone"}],"userDisplayName":"","roomTypeId":201114054,"isUnverified":false,"isFlaggable":false,"isRecommended":"YES"},{"hotelId":"16955","totalPositiveFeedbacks":0,"tpid":"1","eapid":"0","contentLocale":"en_us","totalThanks":0,"photos":[],"reviewId":"57b1d4e9973cb70b413bfa3b","itinId":"1143470718208","moderationStatus":"APPROVED","contentCodes":"NLI HMP MMD","managementResponses":[],"ratingOverall":1,"langId":"1033","userNickname":"","brandType":"Expedia","title":"Room hazards, inconveniences, rude employees. ","reviewText":"If you want a suite in San Francisco don't go here. It was dingy and empty. The shower had no room to keep toiletries, the carpet was folded creating a safety hazard, the whole carpet was wet, and they don't give you a comforter blanket. Only sheets and a small tan felt looking blanket. The phone didn't work. There are no easy access outlets at the bedsides for charging your phone. And they are supposed to give you your $100 deposit back the next day, but didn't for me. Also, they took out $100 TWICE and hung up on me when I called to handle it. Completely awful. ","featured":false,"ratingsOnly":false,"ratingRoomCleanliness":3,"ratingHotelCondition":2,"ratingService":1,"ratingRoomComfort":2,"positiveRemarks":"","negativeRemarks":"","locationRemarks":"","lastInitial":"","userLocation":"","reviewSubmissionTime":"2016-08-15T14:42:49Z","reviewerCategories":[{"categoryId":"Everyone","categoryLabel":"Everyone"}],"userDisplayName":"","roomTypeId":201114058,"isUnverified":false,"isFlaggable":false,"isRecommended":"NO"},{"hotelId":"16955","totalPositiveFeedbacks":0,"tpid":"1","eapid":"0","contentLocale":"en_us","totalThanks":0,"photos":[],"reviewId":"57b1c3acc25ece0b06b1a060","itinId":"1143492458427","moderationStatus":"APPROVED","contentCodes":"HMP MMD","managementResponses":[],"ratingOverall":1,"langId":"1033","userNickname":"LUisa","brandType":"Expedia","title":"Room smell","reviewText":"Not good. Stayed one night for emergency. Couldn't sleep because of noise and the room smell of mold, cigarettes etc. carpet is filthy and stained. $160/night! I can not believe I paid that ","featured":false,"ratingsOnly":false,"ratingRoomCleanliness":1,"ratingHotelCondition":1,"ratingService":5,"ratingRoomComfort":1,"positiveRemarks":"","negativeRemarks":"","locationRemarks":"","lastInitial":"","userLocation":"CA","reviewSubmissionTime":"2016-08-15T13:29:16Z","reviewerCategories":[{"categoryId":"Everyone","categoryLabel":"Everyone"}],"userDisplayName":"","roomTypeId":201114052,"isUnverified":false,"isFlaggable":false,"isRecommended":"NO"},{"hotelId":"16955","totalPositiveFeedbacks":0,"tpid":"1","eapid":"0","contentLocale":"en_us","totalThanks":0,"photos":[],"reviewId":"57b07823303d3d0b06e8af67","itinId":"1143421300373","moderationStatus":"APPROVED","contentCodes":"","managementResponses":[],"ratingOverall":3,"langId":"1033","userNickname":"Marrisa","brandType":"Expedia","title":"Older hotel","reviewText":"The room I stayed in was missing a seal around the window & the room had a funky smell. Clean but funky...","featured":false,"ratingsOnly":false,"ratingRoomCleanliness":4,"ratingHotelCondition":3,"ratingService":4,"ratingRoomComfort":3,"positiveRemarks":"","negativeRemarks":"","locationRemarks":"","lastInitial":"","userLocation":"Paso Robles, CA","reviewSubmissionTime":"2016-08-14T13:54:43Z","reviewerCategories":[{"categoryId":"Everyone","categoryLabel":"Everyone"}],"userDisplayName":"","roomTypeId":201114054,"isUnverified":false,"isFlaggable":true,"isRecommended":"NO"},{"hotelId":"16955","totalPositiveFeedbacks":0,"tpid":"1","eapid":"0","contentLocale":"en_us","totalThanks":0,"photos":[],"reviewId":"57b03b6e973cb70b41975fe9","itinId":"1143428510645","moderationStatus":"APPROVED","contentCodes":"","managementResponses":[],"ratingOverall":3,"langId":"1033","userNickname":"","brandType":"Expedia","title":"Ok. ","reviewText":"It was alright. Good location from the airport and a IHOP connected to it. ","featured":false,"ratingsOnly":false,"ratingRoomCleanliness":3,"ratingHotelCondition":3,"ratingService":4,"ratingRoomComfort":4,"positiveRemarks":"","negativeRemarks":"","locationRemarks":"","lastInitial":"","userLocation":"","reviewSubmissionTime":"2016-08-14T09:35:42Z","reviewerCategories":[{"categoryId":"Everyone","categoryLabel":"Everyone"}],"userDisplayName":"","roomTypeId":201114058,"isUnverified":false,"isFlaggable":true,"isRecommended":"YES"},{"hotelId":"16955","totalPositiveFeedbacks":0,"tpid":"1","eapid":"0","contentLocale":"en_us","totalThanks":0,"photos":[],"reviewId":"57afb5c2e8bed90b3f2804e4","itinId":"1142855500799","moderationStatus":"APPROVED","contentCodes":"","managementResponses":[],"ratingOverall":3,"langId":"1033","userNickname":"RD","brandType":"Expedia","title":"Location great to airport and close to downtown .","reviewText":"Was ok. It serve purpose of spending night. The water pressure not enough for a good shower. If caring about conserving water, purpose serve!","featured":false,"ratingsOnly":false,"ratingRoomCleanliness":3,"ratingHotelCondition":3,"ratingService":2,"ratingRoomComfort":3,"positiveRemarks":"","negativeRemarks":"","locationRemarks":"","lastInitial":"","userLocation":"SD","reviewSubmissionTime":"2016-08-14T00:05:22Z","reviewerCategories":[{"categoryId":"Everyone","categoryLabel":"Everyone"}],"userDisplayName":"","roomTypeId":201114050,"isUnverified":false,"isFlaggable":true,"isRecommended":"YES"},{"hotelId":"16955","totalPositiveFeedbacks":0,"tpid":"1","eapid":"0","contentLocale":"en_us","totalThanks":0,"photos":[],"reviewId":"57aeb69fc25ece0b0695c868","itinId":"1143145172301","moderationStatus":"APPROVED","contentCodes":"HMP MMD","managementResponses":[],"ratingOverall":1,"langId":"1033","userNickname":"James","brandType":"Expedia","title":"Compare the price was not ok. ","reviewText":"I thought it would be better.\r\nThe shower water was not enough water pour on my body. Hardly taking shower. It was little bit leaking water.\r\nI never had this kind hotel experience.\r\nThe worst hotel in my life.","featured":false,"ratingsOnly":false,"ratingRoomCleanliness":3,"ratingHotelCondition":1,"ratingService":2,"ratingRoomComfort":3,"positiveRemarks":"Nothing was good.","negativeRemarks":"Worker,shower.","locationRemarks":"","lastInitial":"j","userLocation":"Dallas","reviewSubmissionTime":"2016-08-13T05:56:47Z","reviewerCategories":[{"categoryId":"Everyone","categoryLabel":"Everyone"}],"userDisplayName":"","roomTypeId":201114051,"isUnverified":false,"isFlaggable":false,"isRecommended":"NO"},{"hotelId":"16955","totalPositiveFeedbacks":1,"tpid":"1","eapid":"0","contentLocale":"en_us","totalThanks":1,"photos":[],"reviewId":"57ac28a4292b550b05103cec","itinId":"1142954557861","moderationStatus":"APPROVED","contentCodes":"NLI HMP MMD","managementResponses":[],"ratingOverall":1,"langId":"1033","userNickname":"Vince","brandType":"Expedia","title":"Rude staff","reviewText":"The person in the registration desk was gratuitously rude. She almost yelled at me when asking for directions to our room. The next day the hotel did not honor the free breakfast advertised through Expedia. We were three people staying so I definitely plan to make a formal complaint about this. The staff was completely unapologetic about the no free breakfast by merely acknowledging they don't do breakfast anymore. The night stands had something sticky on them and we found a fly in the room. Overall this is not a good place even for the price.","featured":false,"ratingsOnly":false,"ratingRoomCleanliness":2,"ratingHotelCondition":2,"ratingService":1,"ratingRoomComfort":2,"positiveRemarks":"","negativeRemarks":"","locationRemarks":"","lastInitial":"R","userLocation":"","reviewSubmissionTime":"2016-08-11T07:26:28Z","reviewerCategories":[{"categoryId":"Everyone","categoryLabel":"Everyone"}],"userDisplayName":"","roomTypeId":201114051,"isUnverified":false,"isFlaggable":false,"isRecommended":"NO"},{"hotelId":"16955","totalPositiveFeedbacks":1,"tpid":"1","eapid":"0","contentLocale":"en_us","totalThanks":1,"photos":[],"reviewId":"57ab7c884a939b0b09ffdb22","itinId":"1142758651930","moderationStatus":"APPROVED","contentCodes":"NLI HMP MMD","managementResponses":[],"ratingOverall":2,"langId":"1033","userNickname":"","brandType":"Expedia","title":"the rooms needs renovation","reviewText":"Carpet dirty smells bad,free wifi?very bad wifi most of the day no wifi.\r\nRooms needs renovation,curtains needs to be changed,television please change,sliding glass door in the bathroom needs to be change its very very dangerous .if there will be accident it will break easily and someone might get hurt.one thing more electic plugs needs to be check,too loose.","featured":false,"ratingsOnly":false,"ratingRoomCleanliness":2,"ratingHotelCondition":1,"ratingService":3,"ratingRoomComfort":2,"positiveRemarks":"","negativeRemarks":"","locationRemarks":"","lastInitial":"","userLocation":"SD CA","reviewSubmissionTime":"2016-08-10T19:12:08Z","reviewerCategories":[{"categoryId":"Everyone","categoryLabel":"Everyone"}],"userDisplayName":"","roomTypeId":201114051,"isUnverified":false,"isFlaggable":false,"isRecommended":"YES"},{"hotelId":"16955","totalPositiveFeedbacks":0,"tpid":"3","eapid":"0","contentLocale":"en_gb","totalThanks":0,"photos":[],"reviewId":"57a957f662a1050b069b4216","itinId":"112078413186","moderationStatus":"APPROVED","contentCodes":"","managementResponses":[],"ratingOverall":3,"langId":"2057","userNickname":"Bev","brandType":"Expedia","title":"Convenient for airport ","reviewText":"Adequate hotel convenient for the airport and easy to get to.","featured":false,"ratingsOnly":false,"ratingRoomCleanliness":2,"ratingHotelCondition":2,"ratingService":3,"ratingRoomComfort":2,"positiveRemarks":"","negativeRemarks":"","locationRemarks":"","lastInitial":"","userLocation":"Englamd","reviewSubmissionTime":"2016-08-09T04:11:34Z","reviewerCategories":[{"categoryId":"Everyone","categoryLabel":"Everyone"}],"userDisplayName":"","roomTypeId":201114054,"isUnverified":false,"isFlaggable":true,"isRecommended":"YES"},{"hotelId":"16955","totalPositiveFeedbacks":0,"tpid":"1","eapid":"0","contentLocale":"en_us","totalThanks":0,"photos":[],"reviewId":"57a88423849f110b281316ca","itinId":"1141507610217","moderationStatus":"APPROVED","contentCodes":"","managementResponses":[],"ratingOverall":4,"langId":"1033","userNickname":"","brandType":"Expedia","title":"stay is ok","reviewText":"just noticed the water in the dlow of tue shower water is so slow..","featured":false,"ratingsOnly":false,"ratingRoomCleanliness":4,"ratingHotelCondition":3,"ratingService":4,"ratingRoomComfort":4,"positiveRemarks":"","negativeRemarks":"","locationRemarks":"","lastInitial":"","userLocation":"","reviewSubmissionTime":"2016-08-08T13:07:47Z","reviewerCategories":[{"categoryId":"Everyone","categoryLabel":"Everyone"}],"userDisplayName":"","roomTypeId":201114050,"isUnverified":false,"isFlaggable":true,"isRecommended":"YES"},{"hotelId":"16955","totalPositiveFeedbacks":1,"tpid":"1","eapid":"0","contentLocale":"en_us","totalThanks":1,"photos":[],"reviewId":"57a85b26849f110b28b47dad","itinId":"1142381293534","moderationStatus":"APPROVED","contentCodes":"MMA","managementResponses":[],"ratingOverall":1,"langId":"1033","userNickname":"","brandType":"Expedia","title":"Very noisy smelly room outdated ","reviewText":"Definitely not a good experience not enough parking space very tight slots.\r\ndirty carpet cigarette smoking liking from the outside ","featured":false,"ratingsOnly":false,"ratingRoomCleanliness":1,"ratingHotelCondition":1,"ratingService":3,"ratingRoomComfort":1,"positiveRemarks":"","negativeRemarks":"","locationRemarks":"","lastInitial":"","userLocation":"Chicago IL ","reviewSubmissionTime":"2016-08-08T10:12:54Z","reviewerCategories":[{"categoryId":"Everyone","categoryLabel":"Everyone"}],"userDisplayName":"","roomTypeId":201114052,"isUnverified":false,"isFlaggable":false,"isRecommended":"NO"},{"hotelId":"16955","totalPositiveFeedbacks":0,"tpid":"1","eapid":"0","contentLocale":"en_us","totalThanks":0,"photos":[],"reviewId":"57a256e9849f110b2873279d","itinId":"1140791916339","moderationStatus":"APPROVED","contentCodes":"","managementResponses":[],"ratingOverall":2,"langId":"1033","userNickname":"","brandType":"Expedia","title":"","reviewText":"Was clean however shower doors did not close all the way and most of the outlets did not work......would not stay there again","featured":false,"ratingsOnly":false,"ratingRoomCleanliness":3,"ratingHotelCondition":2,"ratingService":5,"ratingRoomComfort":3,"positiveRemarks":"","negativeRemarks":"","locationRemarks":"","lastInitial":"","userLocation":"","reviewSubmissionTime":"2016-08-03T20:41:13Z","reviewerCategories":[{"categoryId":"Everyone","categoryLabel":"Everyone"}],"userDisplayName":"","roomTypeId":201114051,"isUnverified":false,"isFlaggable":true,"isRecommended":"NO"},{"hotelId":"16955","totalPositiveFeedbacks":1,"tpid":"1","eapid":"0","contentLocale":"en_us","totalThanks":1,"photos":[],"reviewId":"57a1cf270a81ec0b2e93ec88","itinId":"1141780564754","moderationStatus":"APPROVED","contentCodes":"HMP MMD","managementResponses":[],"ratingOverall":1,"langId":"1033","userNickname":"clowns/terrible","brandType":"Expedia","title":"Huge headache","reviewText":"My room wasn't reserved and they didn't have my reservation so we had to take a 65 dollars taxi ride to a different hotel then travel lodge charged me for a night stay then took 5 days to tell me I was gonna get a refund I still haven't got yet","featured":false,"ratingsOnly":false,"ratingRoomCleanliness":1,"ratingHotelCondition":1,"ratingService":1,"ratingRoomComfort":1,"positiveRemarks":"","negativeRemarks":"","locationRemarks":"","lastInitial":"a","userLocation":"","reviewSubmissionTime":"2016-08-03T11:01:59Z","reviewerCategories":[{"categoryId":"Everyone","categoryLabel":"Everyone"}],"userDisplayName":"","roomTypeId":201114054,"isUnverified":false,"isFlaggable":false,"isRecommended":"NO"},{"hotelId":"16955","totalPositiveFeedbacks":1,"tpid":"1","eapid":"0","contentLocale":"en_us","totalThanks":1,"photos":[],"reviewId":"579f94a9a5437e0b283fff42","itinId":"7199317839710","moderationStatus":"APPROVED","contentCodes":"MMA","managementResponses":[],"ratingOverall":1,"langId":"1033","userNickname":"","brandType":"Expedia","title":"","reviewText":"Absolutely awful.   The rooms were clean but it looked like they had not been updated since 70's.   The beds were extremely uncomfortable.   The wall paper was peeling off of the walls and the shower was chipping and peeling.  The tv was so old that you could barely see what was on tv.  ","featured":false,"ratingsOnly":false,"ratingRoomCleanliness":3,"ratingHotelCondition":1,"ratingService":3,"ratingRoomComfort":2,"positiveRemarks":"","negativeRemarks":"","locationRemarks":"","lastInitial":"","userLocation":"","reviewSubmissionTime":"2016-08-01T18:27:53Z","reviewerCategories":[{"categoryId":"Everyone","categoryLabel":"Everyone"}],"userDisplayName":"","roomTypeId":201114050,"isUnverified":false,"isFlaggable":false,"isRecommended":"NO"}]}}}
