{"reviewDetails":{"startIndex":0,"numberOfReviewsInThisPage":20,"reviewSummaryCollection":{"reviewSummary":[{"hotelId":"28502","totalReviewCnt":773,"avgOverallRating":3.465718,"cleanliness":3.8771021,"serviceAndStaff":3.8538156,"roomComfort":3.5407503,"hotelCondition":3.5019405,"convenienceOfLocation":4.115384,"neighborhoodSatisfaction":3.375,"roomQuality":0,"targetedBrand":"Expedia","originSummary":[{"origin":"Expedia","reviewCnt":773,"recommendedPercent":67.01164,"avgOverallRating":3.465718,"cleanliness":3.8771021,"serviceAndStaff":3.8538156,"roomComfort":3.5407503,"hotelCondition":3.5019405,"convenienceOfLocation":4.115384,"neighborhoodSatisfaction":3.375,"valueForMoney":0,"roomQuality":0,"categoryCounts":{"Everyone":557,"BusinessTravelers":67,"Couples":45,"Students":1,"Families":35,"Other":6},"roomTypeIdCounts":{"274981":21,"274774":133,"274978":185,"200031636":2,"200084964":7,"230671":52,"439979":13,"274777":8,"439992":3},"languageCounts":{"en":773}}],"recommendedPercent":67.01164,"valueForMoney":0,"categoryCounts":{"Everyone":557,"BusinessTravelers":67,"Couples":45,"Students":1,"Families":35,"Other":6},"roomTypeIdCounts":{"274981":21,"274774":133,"274978":185,"200031636":2,"200084964":7,"230671":52,"439979":13,"274777":8,"439992":3},"languageCounts":{"en":773},"featuredReview":{}}]},"reviewCollection":{"review":[{"hotelId":"28502","totalPositiveFeedbacks":0,"tpid":"1","eapid":"0","contentLocale":"en_us","totalThanks":0,"photos":[],"reviewId":"57aca43ad376420b05417d4f","itinId":"1142811416389","moderationStatus":"APPROVED","contentCodes":"","managementResponses":[{"userNickname":"Manager","displayLocale":"en_us","isFlaggable":true,"date":"2016-08-14T18:19:19Z","response":"We are glad to hear you were satisfied with our hotel and location to SFO.  Your comments regarding our staff and breakfast were appreciated.  Thank you for staying with us.  We hope you will be back when your business has you in this area.  ","status":"APPROVED","id":"f4b952e8-4016-4910-bd1d-e214a72caec1"}],"ratingOverall":4,"langId":"1033","userNickname":"Larry","brandType":"Expedia","title":"Quick Trip","reviewText":"In San Francisco for a very short business trip. Arrived very late, 3:00 AM as a result of flight delays and staff quickly checked me in and room was ready.  Short (very) nap, then business breakfast at the hotel and meal was satisfactory and staff quick with the coffee.\r\n\r\nWas able to use a small alcove off the lobby for my second meeting and that was very helpful.  Enough privacy to conduct business and very comfortable.  \r\n\r\nThen off to the city for late afternoon meeting and redeye back to NYC.\r\n\r\n","featured":false,"ratingsOnly":false,"ratingRoomCleanliness":4,"ratingHotelCondition":4,"ratingService":4,"ratingRoomComfort":3,"positiveRemarks":"cost and convince ","negativeRemarks":"I was happy with my room and value","locationRemarks":"good if you need to be close to SFOI","lastInitial":"","userLocation":"New York","reviewSubmissionTime":"2016-08-11T16:13:46Z","reviewerCategories":[{"categoryId":"BusinessTravelers","categoryLabel":"BusinessTravelers"}],"userDisplayName":"","roomTypeId":274978,"isUnverified":false,"isFlaggable":true,"isRecommended":"YES"},{"hotelId":"28502","totalPositiveFeedbacks":1,"tpid":"1","eapid":"0","contentLocale":"en_us","totalThanks":1,"photos":[],"reviewId":"57a9f2253c61ed0b05f10949","itinId":"1139498390844","moderationStatus":"APPROVED","contentCodes":"","managementResponses":[{"userNickname":"Manager","displayLocale":"en_us","isFlaggable":true,"date":"2016-08-10T00:48:31Z","response":"We are glad to hear our staff provided a satisfactory experience.  We appreciate you staying with us.  ","status":"APPROVED","id":"053888e3-ad7e-4d63-98fa-1e0f7b34c795"}],"ratingOverall":4,"langId":"1033","userNickname":"Yvette","brandType":"Expedia","title":"Nice hotel close to BART station.  ","reviewText":"The staff were all very courteous and accommodating.  The room was clean and quiet. Had not stayed at a Crowne Plaza before, but will definitely stay at one again.","featured":false,"ratingsOnly":false,"ratingRoomCleanliness":4,"ratingHotelCondition":4,"ratingService":4,"ratingRoomComfort":4,"positiveRemarks":"Clean, reasonably priced, and close to the BART station.","negativeRemarks":"The skincare products provided (shampoo, conditioner and lotion).  Silly, I know, but was not too crazy about the smell.","locationRemarks":"Hannabi is a great ramen place.  Burlingame street has a wonderful old town feel and great shops.  BART is around the corner too. ","lastInitial":"","userLocation":"Los Angeles","reviewSubmissionTime":"2016-08-09T15:09:25Z","reviewerCategories":[{"categoryId":"Everyone","categoryLabel":"Everyone"}],"userDisplayName":"","roomTypeId":274774,"isUnverified":false,"isFlaggable":true,"isRecommended":"YES"},{"hotelId":"28502","totalPositiveFeedbacks":0,"tpid":"1","eapid":"0","contentLocale":"en_us","totalThanks":0,"photos":[],"reviewId":"57a8cca1849f110b28f12a3f","itinId":"1140716488110","moderationStatus":"APPROVED","contentCodes":"","managementResponses":[{"userNickname":"Manager","displayLocale":"en_us","isFlaggable":true,"date":"2016-08-10T00:46:50Z","response":"We are sorry our hotel did not meet your expectations.  We are renovating our rooms this year and hope to have another chance to serve you.","status":"APPROVED","id":"9464ebac-d6c4-42af-8fad-bd783a23cb24"}],"ratingOverall":2,"langId":"1033","userNickname":"","brandType":"Expedia","title":"","reviewText":"This hotel was not to the expected standards for the price.","featured":false,"ratingsOnly":false,"ratingRoomCleanliness":3,"ratingHotelCondition":2,"ratingService":3,"ratingRoomComfort":2,"positiveRemarks":"","negativeRemarks":"","locationRemarks":"","lastInitial":"","userLocation":"","reviewSubmissionTime":"2016-08-08T18:17:05Z","reviewerCategories":[{"categoryId":"Everyone","categoryLabel":"Everyone"}],"userDisplayName":"","roomTypeId":274978,"isUnverified":false,"isFlaggable":true,"isRecommended":"NO"},{"hotelId":"28502","totalPositiveFeedbacks":0,"tpid":"1","eapid":"0","contentLocale":"en_us","totalThanks":0,"photos":[],"reviewId":"57a8401d379e130b27eee6f3","itinId":"1142444743820","moderationStatus":"APPROVED","contentCodes":"","managementResponses":[{"userNickname":"Manager","displayLocale":"en_us","isFlaggable":true,"date":"2016-08-10T00:46:17Z","response":"We apologize for any inconvenience you experienced during your stay.  We are scheduled to renovate our rooms this year.  Thank you for staying with us and we hope to have another chance to serve you upon the completion of our renovations.","status":"APPROVED","id":"d6572e58-a9f1-4139-b103-a3a12ce0dd48"}],"ratingOverall":2,"langId":"1033","userNickname":"","brandType":"Expedia","title":"Not at all a Crown Plaza facility","reviewText":"Bed and linens were good. Furniture and decorations more like a motel. Large window across from bed looked into a hugh expanse of black flat roofing with HVAC equipment. TV was on right side of bed do could only watch tv by lying on your side.\r\n\r\nBreakfast food in metal serving dishes was cold and buffet line lacked on demand egg  prep","featured":false,"ratingsOnly":false,"ratingRoomCleanliness":3,"ratingHotelCondition":3,"ratingService":3,"ratingRoomComfort":2,"positiveRemarks":"","negativeRemarks":"","locationRemarks":"","lastInitial":"","userLocation":"","reviewSubmissionTime":"2016-08-08T08:17:33Z","reviewerCategories":[{"categoryId":"Everyone","categoryLabel":"Everyone"}],"userDisplayName":"","roomTypeId":274981,"isUnverified":false,"isFlaggable":true,"isRecommended":"NO"},{"hotelId":"28502","totalPositiveFeedbacks":0,"tpid":"1","eapid":"0","contentLocale":"en_us","totalThanks":0,"photos":[],"reviewId":"57a758eb0a81ec0b2eed4d70","itinId":"1140717615606","moderationStatus":"APPROVED","contentCodes":"","managementResponses":[{"userNickname":"Manager","displayLocale":"en_us","isFlaggable":true,"date":"2016-08-09T01:26:15Z","response":"We regret the noise nearby inconvenienced your stay.  We are glad to hear that overall you had a great stay.  Thank you for choosing our hotel and we look forward to another chance to serve you.","status":"APPROVED","id":"5fadfe6f-a1b2-4ab2-8720-35e2c944ed2e"}],"ratingOverall":4,"langId":"1033","userNickname":"","brandType":"Expedia","title":"San Francisco getaway","reviewText":"This hotel was very clean. The beds are comfy and despite many people coming and going , it's very quite. My only complaints are the heavy construction going on around the hotel. Looks like they are expanding the streets and adding to the nearby freeway. Also paying $20 a day for parking is a bummer but I guess that is the norm for the San Fran area, still much cheaper than the rates in the city. Overall it was a great stay I would stay again .","featured":false,"ratingsOnly":false,"ratingRoomCleanliness":4,"ratingHotelCondition":4,"ratingService":4,"ratingRoomComfort":4,"positiveRemarks":"","negativeRemarks":"","locationRemarks":"","lastInitial":"","userLocation":"","reviewSubmissionTime":"2016-08-07T15:51:07Z","reviewerCategories":[{"categoryId":"Everyone","categoryLabel":"Everyone"}],"userDisplayName":"","roomTypeId":274978,"isUnverified":false,"isFlaggable":true,"isRecommended":"YES"},{"hotelId":"28502","totalPositiveFeedbacks":0,"tpid":"1","eapid":"0","contentLocale":"en_us","totalThanks":0,"photos":[],"reviewId":"57a31865849f110b28cb749f","itinId":"1138820709121","moderationStatus":"APPROVED","contentCodes":"","managementResponses":[{"userNickname":"Jon B","displayLocale":"en_us","isFlaggable":true,"date":"2016-08-05T01:13:21Z","response":"We are sorry to hear that the value of your room was below expectations. We realize there are other hotels in the area to choose from and you don't plan to stay here again. We are renovating our rooms this year and hope to have another opportunity to serve you.","status":"APPROVED","id":"abbd6dc0-3af4-4eb5-ab16-e392222d0d87"}],"ratingOverall":2,"langId":"1033","userNickname":"knox traveler","brandType":"Expedia","title":"Close to Airport","reviewText":"The hotel is close to Airport and most airport hotels are average at best. There was construction outside the hotel on roads and bridges making car travel difficult. The rooms were very old and outdated, not kept up, nor clean. For the price, I would chose one of the many other hotels around airport. I chose this one based on view on their web site. My room was expensive and looked out freeway","featured":false,"ratingsOnly":false,"ratingRoomCleanliness":2,"ratingHotelCondition":2,"ratingService":4,"ratingRoomComfort":2,"positiveRemarks":"","negativeRemarks":"","locationRemarks":"","lastInitial":"","userLocation":"knoxville","reviewSubmissionTime":"2016-08-04T10:26:45Z","reviewerCategories":[{"categoryId":"Everyone","categoryLabel":"Everyone"}],"userDisplayName":"","roomTypeId":274978,"isUnverified":false,"isFlaggable":true,"isRecommended":"NO"},{"hotelId":"28502","totalPositiveFeedbacks":0,"tpid":"1","eapid":"0","contentLocale":"en_us","totalThanks":0,"photos":[],"reviewId":"578c8a740cb5d70b298b42e0","itinId":"1139955587452","moderationStatus":"APPROVED","contentCodes":"MMA","managementResponses":[{"userNickname":"Manager","displayLocale":"en_us","isFlaggable":true,"date":"2016-07-19T22:54:29Z","response":"We are sorry to hear you had a less than pleasant stay with us.  The item you mentioned were discussed with our Housekeeping Manager.  We regret this happened.","status":"APPROVED","id":"96495bbd-33b8-4b63-866b-54daf9b65280"}],"ratingOverall":3,"langId":"1033","userNickname":"reanna","brandType":"Expedia","title":"","reviewText":"Dirty towels, couldn't get wi-fi to work. Unexpected parking fee but they did agree to waive it. Room didn't feel very clean and did not like the location.","featured":false,"ratingsOnly":false,"ratingRoomCleanliness":2,"ratingHotelCondition":3,"ratingService":3,"ratingRoomComfort":2,"positiveRemarks":"","negativeRemarks":"","locationRemarks":"","lastInitial":"","userLocation":"L","reviewSubmissionTime":"2016-07-18T07:51:16Z","reviewerCategories":[{"categoryId":"Everyone","categoryLabel":"Everyone"}],"userDisplayName":"","roomTypeId":274978,"isUnverified":false,"isFlaggable":false,"isRecommended":"NO"},{"hotelId":"28502","totalPositiveFeedbacks":0,"tpid":"1","eapid":"0","contentLocale":"en_us","totalThanks":0,"photos":[],"reviewId":"5787e09e15645e0b2891a481","itinId":"1139992783004","moderationStatus":"APPROVED","contentCodes":"","managementResponses":[{"userNickname":"Manager","displayLocale":"en_us","isFlaggable":true,"date":"2016-07-17T17:47:38Z","response":"We regret your stay was noisy as we have upgraded our guest room windows in order to reduce the traffic noise.  Thank you for staying with us.","status":"APPROVED","id":"c5a2459b-3659-42bd-bacc-63625d43e970"}],"ratingOverall":3,"langId":"1033","userNickname":"","brandType":"Expedia","title":"","reviewText":"totally is ok. its clean for 3 stars hotel. but its far from San Francisco city center. and its noisy because its beside the highway.","featured":false,"ratingsOnly":false,"ratingRoomCleanliness":4,"ratingHotelCondition":3,"ratingService":3,"ratingRoomComfort":3,"positiveRemarks":"","negativeRemarks":"","locationRemarks":"","lastInitial":"","userLocation":"","reviewSubmissionTime":"2016-07-14T18:57:34Z","reviewerCategories":[{"categoryId":"Everyone","categoryLabel":"Everyone"}],"userDisplayName":"","roomTypeId":"","isUnverified":false,"isFlaggable":true,"isRecommended":"NO"},{"hotelId":"28502","totalPositiveFeedbacks":0,"tpid":"1","eapid":"0","contentLocale":"en_us","totalThanks":0,"photos":[],"reviewId":"5784e68223b4170b49d177bc","itinId":"1140028177628","moderationStatus":"APPROVED","contentCodes":"HMP MMD","managementResponses":[{"userNickname":"Manager","displayLocale":"en_us","isFlaggable":false,"date":"2016-07-18T18:00:47Z","response":"We sincerely apologize for the loss of your coins.  I have spoken to both the housekeeping manager and room attendant.  She mistakenly thought it was a tip.  We have reminded all our attendants to ensure this does not happen again.  I tried to contact you, but your voicemail box was full.","status":"APPROVED","id":"7d2fe058-5106-4d10-aa0d-a3dde3152b16"}],"ratingOverall":1,"langId":"1033","userNickname":"Rob B","brandType":"Expedia","title":"Don't leave out any valuables","reviewText":" The stay was fine until the cleaning staff came into my room to clean and took money off of the dresser that I had left out. I spoke with management, but they really didn't do anything about it.  They said the maid probably thought it was a tip. Tips sre usually given when you check out, not during the middle of your stay when all of your personal belongings are in the room. I felt as though they just blew me off. That will be the last time I ever stay at the Crowne Plaza resort.","featured":false,"ratingsOnly":false,"ratingRoomCleanliness":3,"ratingHotelCondition":3,"ratingService":1,"ratingRoomComfort":2,"positiveRemarks":"","negativeRemarks":"","locationRemarks":"","lastInitial":"","userLocation":"so cal","reviewSubmissionTime":"2016-07-12T12:45:54Z","reviewerCategories":[{"categoryId":"Everyone","categoryLabel":"Everyone"}],"userDisplayName":"","roomTypeId":439979,"isUnverified":false,"isFlaggable":false,"isRecommended":"NO"},{"hotelId":"28502","totalPositiveFeedbacks":0,"tpid":"1","eapid":"0","contentLocale":"en_us","totalThanks":0,"photos":[],"reviewId":"577fc2e786a89c0b4851fcc3","itinId":"1137021196310","moderationStatus":"APPROVED","contentCodes":"HMP MMD","managementResponses":[{"userNickname":"Manager","displayLocale":"en_us","isFlaggable":false,"date":"2016-07-11T16:30:30Z","response":"We regret you were disappointed with the shuttle service and parking charge.  We have a third party party managing the parking operations and therefore the parking fee.  The shuttle runs every 20 minutes between 4 AM - 1 AM.  ","status":"APPROVED","id":"16fb9b72-84e6-410d-a8ed-51d0cb30a6cf"}],"ratingOverall":2,"langId":"1033","userNickname":"disappointed","brandType":"Expedia","title":"Nice hotel, close to the airport and freeway but .","reviewText":"Don't rely on shuttle service if you have an early morning or late night flight.  They'll ask you to take a cab for $20.  Similarly don't expect to park free as a guest, overnight parking is $20!\r\n\r\nGiven that this hotel bills at a premium over other hotels in the area, it was a major disappointment.  Go elsewhere, save yourself $40.","featured":false,"ratingsOnly":false,"ratingRoomCleanliness":4,"ratingHotelCondition":2,"ratingService":4,"ratingRoomComfort":4,"positiveRemarks":"","negativeRemarks":"shuttle and parking","locationRemarks":"","lastInitial":"Z","userLocation":"San Francisco","reviewSubmissionTime":"2016-07-08T15:12:39Z","reviewerCategories":[{"categoryId":"Everyone","categoryLabel":"Everyone"}],"userDisplayName":"","roomTypeId":274978,"isUnverified":false,"isFlaggable":false,"isRecommended":"NO"},{"hotelId":"28502","totalPositiveFeedbacks":0,"tpid":"1","eapid":"0","contentLocale":"en_us","totalThanks":0,"photos":[],"reviewId":"577f099686a89c0b48760247","itinId":"1139754201233","moderationStatus":"APPROVED","contentCodes":"","managementResponses":[{"userNickname":"Manager","displayLocale":"en_us","isFlaggable":true,"date":"2016-07-09T00:53:09Z","response":"We appreciate you nice review of the room and value.  We were disappointed to hear you found our breakfast buffet was not good for you at the price you paid.  We have other breakfast selections that are priced well below the buffet.  Thank you for staying with us.","status":"APPROVED","id":"61b94ac0-ab53-4dfc-94e2-0bfb24ec8dc7"}],"ratingOverall":4,"langId":"1033","userNickname":"l","brandType":"Expedia","title":"","reviewText":"The price of the room was fair, room was realy clean.\r\nBreakfast not so good for $20.00 per person, for that price could have eaten better somewhere else.","featured":false,"ratingsOnly":false,"ratingRoomCleanliness":5,"ratingHotelCondition":5,"ratingService":3,"ratingRoomComfort":4,"positiveRemarks":"","negativeRemarks":"","locationRemarks":"","lastInitial":"","userLocation":"","reviewSubmissionTime":"2016-07-08T02:01:58Z","reviewerCategories":[{"categoryId":"Everyone","categoryLabel":"Everyone"}],"userDisplayName":"","roomTypeId":274981,"isUnverified":false,"isFlaggable":true,"isRecommended":"YES"},{"hotelId":"28502","totalPositiveFeedbacks":0,"tpid":"1","eapid":"0","contentLocale":"en_us","totalThanks":0,"photos":[],"reviewId":"577bf75e86298d0b82368830","itinId":"1139374590009","moderationStatus":"APPROVED","contentCodes":"","managementResponses":[{"userNickname":"Manager","displayLocale":"en_us","isFlaggable":true,"date":"2016-07-06T00:34:06Z","response":"We appreciate your review of our restaurant/bar staff.   Thank you very much!  ","status":"APPROVED","id":"fd90e2d9-8ffe-49e8-a4a1-4a1a219e9107"}],"ratingOverall":5,"langId":"1033","userNickname":"osumi","brandType":"Expedia","title":"","reviewText":"Amazing view, restaurant, bar and staff loved every bit of it. ","featured":false,"ratingsOnly":false,"ratingRoomCleanliness":5,"ratingHotelCondition":5,"ratingService":5,"ratingRoomComfort":5,"positiveRemarks":"","negativeRemarks":"","locationRemarks":"","lastInitial":"","userLocation":"V","reviewSubmissionTime":"2016-07-05T18:07:26Z","reviewerCategories":[{"categoryId":"Everyone","categoryLabel":"Everyone"}],"userDisplayName":"","roomTypeId":439979,"isUnverified":false,"isFlaggable":true,"isRecommended":"YES"},{"hotelId":"28502","totalPositiveFeedbacks":0,"tpid":"1","eapid":"0","contentLocale":"en_us","totalThanks":0,"photos":[],"reviewId":"577bade49bbe8d0b83c6b84b","itinId":"1139115357838","moderationStatus":"APPROVED","contentCodes":"","managementResponses":[{"userNickname":"Manager","displayLocale":"en_us","isFlaggable":true,"date":"2016-07-06T00:35:41Z","response":"We are glad to hear your stay was great!  Our parking operations is managed by a third party and we understand why you felt the $20 got to you.  Thank you for choosing to stay with us.","status":"APPROVED","id":"8fa50b83-415f-4729-b3fc-245dea28b38d"}],"ratingOverall":5,"langId":"1033","userNickname":"Janel","brandType":"Expedia","title":"","reviewText":"Great hotel! Beds were comfortable and rooms were clean. They sure do get you on the parking though by charging $20 per night per car!","featured":false,"ratingsOnly":false,"ratingRoomCleanliness":5,"ratingHotelCondition":5,"ratingService":5,"ratingRoomComfort":5,"positiveRemarks":"","negativeRemarks":"","locationRemarks":"","lastInitial":"","userLocation":"mesa, az","reviewSubmissionTime":"2016-07-05T12:53:56Z","reviewerCategories":[{"categoryId":"Everyone","categoryLabel":"Everyone"}],"userDisplayName":"","roomTypeId":230671,"isUnverified":false,"isFlaggable":true,"isRecommended":"YES"},{"hotelId":"28502","totalPositiveFeedbacks":1,"tpid":"1","eapid":"0","contentLocale":"en_us","totalThanks":1,"photos":[],"reviewId":"5771258000db110b7a2a3bd7","itinId":"1137732148696","moderationStatus":"APPROVED","contentCodes":"","managementResponses":[{"userNickname":"Manager","displayLocale":"en_us","isFlaggable":true,"date":"2016-06-28T23:53:24Z","response":"Glad to hear our internet was the best experience for you.  We are renovating our guests rooms this year and will have refrigerators in all rooms.  Thank you for staying with us.  ","status":"APPROVED","id":"ea963a4b-7b7c-47b6-b06b-d9105d4d8824"}],"ratingOverall":5,"langId":"1033","userNickname":"","brandType":"Expedia","title":"EXCELLENT Internet","reviewText":"I want one thing from a business hotel: a place to work.   That means good internet, with fast, WIRED access (as well as wireless).   And a desk.   But mostly fast, reliable internet.\r\n\r\nThis hotel had the best internet I have ever gotten.   Done.\r\n\r\nOtherwise it was a pretty ordinary hotel; basic, but clean.   Café was better than I expected (but also a bit expensive).","featured":false,"ratingsOnly":false,"ratingRoomCleanliness":4,"ratingHotelCondition":3,"ratingService":4,"ratingRoomComfort":4,"positiveRemarks":"Internet.","negativeRemarks":"An in-room refrigerator.   The convenience store should have better hours (open earlier; by 8:00 I'm already gone).  Shuttle to the Caltrain.","locationRemarks":"Location is terrible, nothing is close by but other hotels.   Trains do not normally stop at the nearest Caltrain station (Broadway). ","lastInitial":"","userLocation":"Earth","reviewSubmissionTime":"2016-06-27T13:09:20Z","reviewerCategories":[{"categoryId":"BusinessTravelers","categoryLabel":"BusinessTravelers"}],"userDisplayName":"","roomTypeId":274978,"isUnverified":false,"isFlaggable":true,"isRecommended":"YES"},{"hotelId":"28502","totalPositiveFeedbacks":0,"tpid":"1","eapid":"0","contentLocale":"en_us","totalThanks":0,"photos":[],"reviewId":"576c25c0f544680b7ccf9676","itinId":"1137691311411","moderationStatus":"APPROVED","contentCodes":"","managementResponses":[{"userNickname":"Manager","displayLocale":"en_us","isFlaggable":true,"date":"2016-06-26T21:21:19Z","response":"We are glad you found our hotel's location ideal.  We thank you for your business and hope to see you again!","status":"APPROVED","id":"f941adba-10c4-4569-8d4b-81980c7e1777"}],"ratingOverall":4,"langId":"1033","userNickname":"suheil","brandType":"Expedia","title":"nice hotel and good service ,","reviewText":"good hotel\r\nvery convenient location\r\ngood staff\r\nclose location and very clean rooms\r\nroom service is good \r\nand they have a nice bar ","featured":false,"ratingsOnly":false,"ratingRoomCleanliness":4,"ratingHotelCondition":4,"ratingService":4,"ratingRoomComfort":3,"positiveRemarks":"nice ,clean ,good price,close to aqirport","negativeRemarks":"","locationRemarks":"great location close to airport and to major highways","lastInitial":"","userLocation":"Jordan","reviewSubmissionTime":"2016-06-23T18:09:04Z","reviewerCategories":[{"categoryId":"Everyone","categoryLabel":"Everyone"}],"userDisplayName":"","roomTypeId":274978,"isUnverified":false,"isFlaggable":true,"isRecommended":"YES"},{"hotelId":"28502","totalPositiveFeedbacks":0,"tpid":"1","eapid":"0","contentLocale":"en_us","totalThanks":0,"photos":[],"reviewId":"576c063699fac30b830aae1b","itinId":"1137794812621","moderationStatus":"APPROVED","contentCodes":"","managementResponses":[{"userNickname":"Manager","displayLocale":"en_us","isFlaggable":true,"date":"2016-06-26T21:22:10Z","response":"We are renovating our guest rooms this year and hope to see you back.","status":"APPROVED","id":"ab5bef0d-2773-44f5-90fc-7aa80aaf569b"}],"ratingOverall":4,"langId":"1033","userNickname":"Ingmar","brandType":"Expedia","title":"Close to Airport","reviewText":"It's close to the airport, free shuttle takes 10min to get there, large rooms, close to the water and near baseball field. Not much else going on in the area. Hotel is a little bit dated, but very well maintained. WiFi is fast.","featured":false,"ratingsOnly":false,"ratingRoomCleanliness":5,"ratingHotelCondition":3,"ratingService":4,"ratingRoomComfort":5,"positiveRemarks":"","negativeRemarks":"","locationRemarks":"","lastInitial":"","userLocation":"London, UK","reviewSubmissionTime":"2016-06-23T15:54:30Z","reviewerCategories":[{"categoryId":"Everyone","categoryLabel":"Everyone"}],"userDisplayName":"","roomTypeId":274774,"isUnverified":false,"isFlaggable":true,"isRecommended":"YES"},{"hotelId":"28502","totalPositiveFeedbacks":0,"tpid":"4","eapid":"0","contentLocale":"en_ca","totalThanks":0,"photos":[],"reviewId":"57637a4bf7ebc30b7b1bbfa4","itinId":"1137632804259","moderationStatus":"APPROVED","contentCodes":"HMP MMD","managementResponses":[{"userNickname":"Manager","displayLocale":"en_us","isFlaggable":true,"date":"2016-06-21T02:02:11Z","response":"We apologize for not meeting your expectations.  We are renovating our guest rooms this year and hope to have another chance to serve you.","status":"APPROVED","id":"5ae66dc2-6119-4b63-a727-4e6f05fac995"}],"ratingOverall":2,"langId":"4105","userNickname":"","brandType":"Expedia","title":"Extremely expensive for a 2 star hotel.","reviewText":"Old and dated hotel, Should have been worth $125 / night.  Had to look for shampoo at 1 am.  Beds uncomfortable.\r\nMaybe should have slept in my rental car.","featured":false,"ratingsOnly":false,"ratingRoomCleanliness":2,"ratingHotelCondition":2,"ratingService":3,"ratingRoomComfort":2,"positiveRemarks":"nothing`","negativeRemarks":"everything","locationRemarks":"airport","lastInitial":"","userLocation":"","reviewSubmissionTime":"2016-06-17T04:19:23Z","reviewerCategories":[{"categoryId":"Everyone","categoryLabel":"Everyone"}],"userDisplayName":"","roomTypeId":200084964,"isUnverified":false,"isFlaggable":false,"isRecommended":"NO"},{"hotelId":"28502","totalPositiveFeedbacks":0,"tpid":"1","eapid":"0","contentLocale":"en_us","totalThanks":0,"photos":[],"reviewId":"575f97eee61a690b28f482f0","itinId":"1136973646039","moderationStatus":"APPROVED","contentCodes":"","managementResponses":[{"userNickname":"Manager","displayLocale":"en_us","isFlaggable":true,"date":"2016-06-16T01:13:57Z","response":"We are pleased to hear you found our hotel and staff wonderful!  Thank you very much!  ","status":"APPROVED","id":"ba219c70-ffdd-4a09-9f4f-9e42b005dc9a"}],"ratingOverall":5,"langId":"1033","userNickname":"","brandType":"Expedia","title":"","reviewText":"Excellent Hotel & Wonderful Staff  Everyone was very nice, Housekeepers friendly, kind & thorough, Room Service was great, Front desk was quick and very nice.  Even parking lot attendants great","featured":false,"ratingsOnly":false,"ratingRoomCleanliness":5,"ratingHotelCondition":5,"ratingService":5,"ratingRoomComfort":5,"positiveRemarks":"","negativeRemarks":"","locationRemarks":"","lastInitial":"","userLocation":"","reviewSubmissionTime":"2016-06-14T05:36:46Z","reviewerCategories":[{"categoryId":"Everyone","categoryLabel":"Everyone"}],"userDisplayName":"","roomTypeId":200084964,"isUnverified":false,"isFlaggable":true,"isRecommended":"YES"},{"hotelId":"28502","totalPositiveFeedbacks":0,"tpid":"1","eapid":"0","contentLocale":"en_us","totalThanks":0,"photos":[],"reviewId":"575eb351019dd20b27efb5f8","itinId":"1137001824003","moderationStatus":"APPROVED","contentCodes":"","managementResponses":[{"userNickname":"Manager","displayLocale":"en_us","isFlaggable":true,"date":"2016-06-14T00:41:41Z","response":"Thank you for your feedback.  We are renovating all our guest rooms this year and plan to do our lobby next year.  We hope you will be back to experience the changes!","status":"APPROVED","id":"f0a03627-d24d-48a0-8897-afe2f91d44f1"}],"ratingOverall":4,"langId":"1033","userNickname":"","brandType":"Expedia","title":"Nice hotel for reasonable price.","reviewText":"Hotel was easily accessible from SFO airport and near restaurants and shopping in Burlingame.  My package included breakfast and a drink from the bar each day and both were very good.  The room was comfortable and clean and there was minimal noise during my stay.  You do have to pay for parking.","featured":false,"ratingsOnly":false,"ratingRoomCleanliness":4,"ratingHotelCondition":4,"ratingService":4,"ratingRoomComfort":4,"positiveRemarks":"Convenient to airport, clean, daily breakfast, comfortable room.","negativeRemarks":"Nearing time for some renovations, especially the lobby area.","locationRemarks":"","lastInitial":"","userLocation":"","reviewSubmissionTime":"2016-06-13T13:21:21Z","reviewerCategories":[{"categoryId":"BusinessTravelers","categoryLabel":"BusinessTravelers"}],"userDisplayName":"","roomTypeId":200084964,"isUnverified":false,"isFlaggable":true,"isRecommended":"YES"},{"hotelId":"28502","totalPositiveFeedbacks":0,"tpid":"1","eapid":"0","contentLocale":"en_us","totalThanks":0,"photos":[],"reviewId":"575af174f2fea70b26c9a031","itinId":"1135808521315","moderationStatus":"APPROVED","contentCodes":"HMP MMD","managementResponses":[{"userNickname":"Manager","displayLocale":"en_us","isFlaggable":true,"date":"2016-06-14T00:42:36Z","response":"We are sorry for not meeting your expectations.  We are renovating our guest rooms this year and hope you will give us another chance to serve you.","status":"APPROVED","id":"092c6b68-8484-4119-add1-9a4cfccd91b9"}],"ratingOverall":2,"langId":"1033","userNickname":"Marsha","brandType":"Expedia","title":"Needs an upgrade","reviewText":"The room was stuck in a time warp, needs a lot of upgrades. The curtains and carpet were so dirty and old. There was a hole in the bathroom door. The ceiling tiles in bathroom were disgustingly old and dirty. I wouldn't recommend this hotel to anyone. ","featured":false,"ratingsOnly":false,"ratingRoomCleanliness":2,"ratingHotelCondition":2,"ratingService":4,"ratingRoomComfort":1,"positiveRemarks":"","negativeRemarks":"","locationRemarks":"","lastInitial":"","userLocation":"West Palm Beach, Florida. ","reviewSubmissionTime":"2016-06-10T16:57:24Z","reviewerCategories":[{"categoryId":"Everyone","categoryLabel":"Everyone"}],"userDisplayName":"","roomTypeId":230671,"isUnverified":false,"isFlaggable":false,"isRecommended":"NO"}]}}}
