{"reviewDetails":{"startIndex":0,"numberOfReviewsInThisPage":20,"reviewSummaryCollection":{"reviewSummary":[{"hotelId":"1139289","totalReviewCnt":129,"avgOverallRating":4.0852723,"cleanliness":4.2713165,"serviceAndStaff":4.286822,"roomComfort":4.2170534,"hotelCondition":4.062016,"convenienceOfLocation":4.6666665,"neighborhoodSatisfaction":4.3333335,"roomQuality":0,"targetedBrand":"Expedia","originSummary":[{"origin":"Expedia","reviewCnt":129,"recommendedPercent":87.5969,"avgOverallRating":4.0852723,"cleanliness":4.2713165,"serviceAndStaff":4.286822,"roomComfort":4.2170534,"hotelCondition":4.062016,"convenienceOfLocation":4.6666665,"neighborhoodSatisfaction":4.3333335,"valueForMoney":0,"roomQuality":0,"categoryCounts":{"Everyone":114,"BusinessTravelers":7,"Couples":3,"Families":2},"roomTypeIdCounts":{"200384723":5,"200384756":14,"200384727":4,"395837":4,"200384717":7,"200384735":32,"200384750":1,"40607":26},"languageCounts":{"en":129}}],"recommendedPercent":87.5969,"valueForMoney":0,"categoryCounts":{"Everyone":114,"BusinessTravelers":7,"Couples":3,"Families":2},"roomTypeIdCounts":{"200384723":5,"200384756":14,"200384727":4,"395837":4,"200384717":7,"200384735":32,"200384750":1,"40607":26},"languageCounts":{"en":129},"featuredReview":{}}]},"reviewCollection":{"review":[{"hotelId":"1139289","totalPositiveFeedbacks":0,"tpid":"3","eapid":"0","contentLocale":"en_gb","totalThanks":0,"photos":[],"reviewId":"57b0dcd56b0da90b058764ca","itinId":"111468842311","moderationStatus":"APPROVED","contentCodes":"","managementResponses":[],"ratingOverall":2,"langId":"2057","userNickname":"deb","brandType":"Expedia","title":"fairly close to the airport","reviewText":"terrible reception from the woman who checked us in.not friendly and very rude. English not very clear.","featured":false,"ratingsOnly":false,"ratingRoomCleanliness":3,"ratingHotelCondition":3,"ratingService":1,"ratingRoomComfort":3,"positiveRemarks":"clean and good bed","negativeRemarks":"needs updating and too expensive for what you got. change the staff on reception !!!","locationRemarks":"40 min bus ride to centre of san Francisco and very cheap bus fare and this stops practically outside the hotel","lastInitial":"e","userLocation":"london uk","reviewSubmissionTime":"2016-08-14T21:04:21Z","reviewerCategories":[{"categoryId":"Everyone","categoryLabel":"Everyone"}],"userDisplayName":"","roomTypeId":200384735,"isUnverified":false,"isFlaggable":true,"isRecommended":"NO"},{"hotelId":"1139289","totalPositiveFeedbacks":0,"tpid":"28","eapid":"0","contentLocale":"en_us","totalThanks":0,"photos":[],"reviewId":"57a02b2770d3f20b272dd5d8","itinId":"16551543700","moderationStatus":"APPROVED","contentCodes":"","managementResponses":[],"ratingOverall":5,"langId":"1033","userNickname":"Trevor","brandType":"Expedia","title":"Nice hotel closet airport","reviewText":"The hotel was small but conveniently located near the airport (10-minute drive). The guy on the hotel front desk was extremely helpful concerning restaurants within walking distance and he stressed that the area was safe. The room was nice. My only regret was that there seemed to be no elevator to help me move my suitcase to the second floor. But this was not much of a problem so I overlooked it. The wake-up call and the taxi I wanted arrived on time, which was perfect as I had a 6:45 a.m. flight.","featured":false,"ratingsOnly":false,"ratingRoomCleanliness":5,"ratingHotelCondition":5,"ratingService":5,"ratingRoomComfort":5,"positiveRemarks":"See above.","negativeRemarks":"Nothing really.","locationRemarks":"The point of the hotel is that it was fairly close to the airport. There was nothing much to do except visit the nearby restaurants.","lastInitial":"","userLocation":"Japan","reviewSubmissionTime":"2016-08-02T05:09:59Z","reviewerCategories":[{"categoryId":"Everyone","categoryLabel":"Everyone"}],"userDisplayName":"","roomTypeId":200384717,"isUnverified":false,"isFlaggable":true,"isRecommended":"YES"},{"hotelId":"1139289","totalPositiveFeedbacks":0,"tpid":"1","eapid":"0","contentLocale":"en_us","totalThanks":0,"photos":[],"reviewId":"5773ce3cf450ed332a42749b","itinId":"1136983879528","moderationStatus":"APPROVED","contentCodes":"","managementResponses":[],"ratingOverall":4,"langId":"1033","userNickname":"janine","brandType":"Expedia","title":"Nice hotel outside San Francisco. ","reviewText":"Very clean comfy beds just what we needed after a long drive. Staff very helpful","featured":false,"ratingsOnly":false,"ratingRoomCleanliness":5,"ratingHotelCondition":4,"ratingService":5,"ratingRoomComfort":5,"positiveRemarks":"","negativeRemarks":"","locationRemarks":"","lastInitial":"","userLocation":"","reviewSubmissionTime":"2016-06-29T13:33:48Z","reviewerCategories":[{"categoryId":"Everyone","categoryLabel":"Everyone"}],"userDisplayName":"","roomTypeId":200384756,"isUnverified":false,"isFlaggable":true,"isRecommended":"YES"},{"hotelId":"1139289","totalPositiveFeedbacks":0,"tpid":"3","eapid":"0","contentLocale":"en_gb","totalThanks":0,"photos":[],"reviewId":"576bf75b4963a40b7d6d7967","itinId":"112340568055","moderationStatus":"APPROVED","contentCodes":"","managementResponses":[],"ratingOverall":4,"langId":"2057","userNickname":"Chris","brandType":"Expedia","title":"Last stop before hime","reviewText":"We needed a hotel close to SFO for our return flight and this was ideal. I don't think I'd use it for anything else but it suited our purpose was clean and comfortable.","featured":false,"ratingsOnly":false,"ratingRoomCleanliness":4,"ratingHotelCondition":4,"ratingService":4,"ratingRoomComfort":4,"positiveRemarks":"","negativeRemarks":"","locationRemarks":"","lastInitial":"P","userLocation":"Cleethorpes ","reviewSubmissionTime":"2016-06-23T14:51:07Z","reviewerCategories":[{"categoryId":"Everyone","categoryLabel":"Everyone"}],"userDisplayName":"","roomTypeId":200384717,"isUnverified":false,"isFlaggable":true,"isRecommended":"YES"},{"hotelId":"1139289","totalPositiveFeedbacks":0,"tpid":"1","eapid":"0","contentLocale":"en_us","totalThanks":0,"photos":[],"reviewId":"5769264b9cd5dd0b4804a81b","itinId":"1137768801975","moderationStatus":"APPROVED","contentCodes":"","managementResponses":[],"ratingOverall":4,"langId":"1033","userNickname":"vickie","brandType":"Expedia","title":"Clean. Near airport ","reviewText":"Very small room, but very clean and quiet. Registration was quick and friendly. ","featured":false,"ratingsOnly":false,"ratingRoomCleanliness":5,"ratingHotelCondition":5,"ratingService":5,"ratingRoomComfort":5,"positiveRemarks":"","negativeRemarks":"","locationRemarks":"","lastInitial":"","userLocation":"ca","reviewSubmissionTime":"2016-06-21T11:34:35Z","reviewerCategories":[{"categoryId":"Everyone","categoryLabel":"Everyone"}],"userDisplayName":"","roomTypeId":200384735,"isUnverified":false,"isFlaggable":true,"isRecommended":"YES"},{"hotelId":"1139289","totalPositiveFeedbacks":0,"tpid":"1","eapid":"0","contentLocale":"en_us","totalThanks":0,"photos":[],"reviewId":"57516946c023fa0b4f94f4c5","itinId":"1134414345587","moderationStatus":"APPROVED","contentCodes":"","managementResponses":[],"ratingOverall":5,"langId":"1033","userNickname":"","brandType":"Expedia","title":"Great location and great place to stay","reviewText":"Great location and great place to stay, would def recommend and come back to.  I Was here with my wife for a week long vacation. Very convient also loacation for early morning flights.","featured":false,"ratingsOnly":false,"ratingRoomCleanliness":5,"ratingHotelCondition":5,"ratingService":5,"ratingRoomComfort":5,"positiveRemarks":"","negativeRemarks":"","locationRemarks":"","lastInitial":"","userLocation":"","reviewSubmissionTime":"2016-06-03T11:25:58Z","reviewerCategories":[{"categoryId":"Everyone","categoryLabel":"Everyone"}],"userDisplayName":"","roomTypeId":200384735,"isUnverified":false,"isFlaggable":true,"isRecommended":"YES"},{"hotelId":"1139289","totalPositiveFeedbacks":0,"tpid":"1","eapid":"0","contentLocale":"en_us","totalThanks":0,"photos":[],"reviewId":"57260b9c6839c109e160b570","itinId":"1133837771926","moderationStatus":"APPROVED","contentCodes":"NLI HMP MMD","managementResponses":[],"ratingOverall":4,"langId":"1033","userNickname":"sandra","brandType":"Expedia","title":"Great and not just for the price","reviewText":"We took our 2 yr old son to SF for his BDay and the hotels in the city were crazy expensive. We went to a Giants game the first day, then stayed at this hotel, then took him to the zoo the next day. The location of this hotel was perfect. We went to dinner in Burlingame which is pretty close and it was great.\r\nCheck-in was fast and easy and the room was the cleanest hotel room I have seen in a long time. I would definitely stay at this hotel again.\r\nMy only complaint was with breakfast. I wasn't even going to have any of the complimentary breakfast because it seemed like it was just sugary cereal, but went to check it out anyway. I got some cereal for my son and realized after giving him two bites that the milk was spoiled. It was gross. Coffee was not good, especially since they only had sweetened creamer, plus the coffee itself tasted old as well. Next time I won't even try with the breakfast but everything else was great.","featured":false,"ratingsOnly":false,"ratingRoomCleanliness":5,"ratingHotelCondition":4,"ratingService":5,"ratingRoomComfort":5,"positiveRemarks":"","negativeRemarks":"","locationRemarks":"","lastInitial":"","userLocation":"stockton, ca","reviewSubmissionTime":"2016-05-01T13:58:52Z","reviewerCategories":[{"categoryId":"Everyone","categoryLabel":"Everyone"}],"userDisplayName":"","roomTypeId":200384756,"isUnverified":false,"isFlaggable":false,"isRecommended":"YES"},{"hotelId":"1139289","totalPositiveFeedbacks":2,"tpid":"1","eapid":"0","contentLocale":"en_us","totalThanks":2,"photos":[],"reviewId":"57241b45f8125c09df371550","itinId":"1133034210037","moderationStatus":"APPROVED","contentCodes":"","managementResponses":[],"ratingOverall":5,"langId":"1033","userNickname":"CP","brandType":"Expedia","title":"Unexpectedly great!","reviewText":"I didn't expect much because it's a 1.5 star hotel. I made a reservation for jacuzzi. It was so great! It deserves more than 1.5 star...","featured":false,"ratingsOnly":false,"ratingRoomCleanliness":5,"ratingHotelCondition":5,"ratingService":5,"ratingRoomComfort":5,"positiveRemarks":"New, clean, friendly","negativeRemarks":"","locationRemarks":"","lastInitial":"","userLocation":"San Francisco, CA","reviewSubmissionTime":"2016-04-30T02:41:09Z","reviewerCategories":[{"categoryId":"Everyone","categoryLabel":"Everyone"}],"userDisplayName":"","roomTypeId":200384723,"isUnverified":false,"isFlaggable":true,"isRecommended":"YES"},{"hotelId":"1139289","totalPositiveFeedbacks":1,"tpid":"4","eapid":"0","contentLocale":"en_ca","totalThanks":1,"photos":[],"reviewId":"571a6755209d2c09dba51939","itinId":"1133359122975","moderationStatus":"APPROVED","contentCodes":"","managementResponses":[],"ratingOverall":5,"langId":"4105","userNickname":"Nicole","brandType":"Expedia","title":"Great little hotel","reviewText":"We needed one night close to the airport...this was perfect. Grand St is just a few blocks away, within walking distance where you'll find tons of restaurants and a cute little downtown. Our room was spotless and well cared for. Comfortable bed too...  The hotel is small and well looked after by the family who runs it. They are very friendly and eager to help any way they can. ","featured":false,"ratingsOnly":false,"ratingRoomCleanliness":5,"ratingHotelCondition":5,"ratingService":5,"ratingRoomComfort":5,"positiveRemarks":"","negativeRemarks":"","locationRemarks":"","lastInitial":"","userLocation":"Ontario Canada","reviewSubmissionTime":"2016-04-22T18:03:01Z","reviewerCategories":[{"categoryId":"Everyone","categoryLabel":"Everyone"}],"userDisplayName":"","roomTypeId":200384735,"isUnverified":false,"isFlaggable":true,"isRecommended":"YES"},{"hotelId":"1139289","totalPositiveFeedbacks":2,"tpid":"1","eapid":"0","contentLocale":"en_us","totalThanks":2,"photos":[],"reviewId":"570899dab82a1409fdd8f284","itinId":"1131631060036","moderationStatus":"APPROVED","contentCodes":"NLI HMP MMD","managementResponses":[],"ratingOverall":1,"langId":"1033","userNickname":"frank","brandType":"Expedia","title":"Do not believe trip advisor review on this hotel!!","reviewText":"Worst stay of my life!\r\nRoom smells old and damp.\r\nTowels are worn out very bad and dirty.\r\nAlso feels creepy like never been washed and only dried over and over again.\r\nSome towels got very darker color.\r\nAsked for new towels and refused because they said they are washing towels.\r\nI found bed bug right after I got a bite on right wrist early evening.\r\nMy wife got very stressed out and we couldn't use pillow or bed cover scared of bed bug.\r\nFeels very betrayed because I chose this hotel on trip advisors good reviews.\r\nI strongly believe they are fabricated somehow.\r\nI am not gonna trust trip advisors review anymore.\r\nStay away of this hotel!!!","featured":false,"ratingsOnly":false,"ratingRoomCleanliness":1,"ratingHotelCondition":1,"ratingService":1,"ratingRoomComfort":1,"positiveRemarks":"","negativeRemarks":"","locationRemarks":"","lastInitial":"","userLocation":"ny","reviewSubmissionTime":"2016-04-09T05:57:46Z","reviewerCategories":[{"categoryId":"Everyone","categoryLabel":"Everyone"}],"userDisplayName":"","roomTypeId":200384756,"isUnverified":false,"isFlaggable":false,"isRecommended":"NO"},{"hotelId":"1139289","totalPositiveFeedbacks":0,"tpid":"1","eapid":"0","contentLocale":"en_us","totalThanks":0,"photos":[],"reviewId":"56dd2a1cb27b5409829cf92d","itinId":"1128969413462","moderationStatus":"APPROVED","contentCodes":"","managementResponses":[],"ratingOverall":4,"langId":"1033","userNickname":"","brandType":"Expedia","title":"Nice and quaint!!!","reviewText":"Cute place!!  Would stay again.  Only complaint would be the breakfast was a bit skinny.","featured":false,"ratingsOnly":false,"ratingRoomCleanliness":4,"ratingHotelCondition":4,"ratingService":4,"ratingRoomComfort":4,"positiveRemarks":"","negativeRemarks":"","locationRemarks":"","lastInitial":"","userLocation":"","reviewSubmissionTime":"2016-03-07T07:13:32Z","reviewerCategories":[{"categoryId":"Everyone","categoryLabel":"Everyone"}],"userDisplayName":"","roomTypeId":200384756,"isUnverified":false,"isFlaggable":true,"isRecommended":"YES"},{"hotelId":"1139289","totalPositiveFeedbacks":0,"tpid":"1","eapid":"0","contentLocale":"en_us","totalThanks":0,"photos":[],"reviewId":"56d6ef81aaa04b0996756824","itinId":"1127466650590","moderationStatus":"APPROVED","contentCodes":"","managementResponses":[],"ratingOverall":4,"langId":"1033","userNickname":"","brandType":"Expedia","title":"Friendly staff, good value","reviewText":"Staff was quite helpful and friendly.  Room was reasonably quiet given proximity to major roads.  Breakfast was quite limited but as advertised.  No amenities here, no shuttle to the airport, but a good value for the money.","featured":false,"ratingsOnly":false,"ratingRoomCleanliness":4,"ratingHotelCondition":4,"ratingService":5,"ratingRoomComfort":4,"positiveRemarks":"","negativeRemarks":"","locationRemarks":"","lastInitial":"","userLocation":"","reviewSubmissionTime":"2016-03-02T13:49:53Z","reviewerCategories":[{"categoryId":"Everyone","categoryLabel":"Everyone"}],"userDisplayName":"","roomTypeId":200384735,"isUnverified":false,"isFlaggable":true,"isRecommended":"YES"},{"hotelId":"1139289","totalPositiveFeedbacks":0,"tpid":"1","eapid":"0","contentLocale":"en_us","totalThanks":0,"photos":[],"reviewId":"56cc9061cdabb1098150f72c","itinId":"1126830451550","moderationStatus":"APPROVED","contentCodes":"","managementResponses":[],"ratingOverall":5,"langId":"1033","userNickname":"Denise","brandType":"Expedia","title":"This place was wonderful! ","reviewText":"This was so nice, very clean, very quiet and the staff was so kind and helpful.","featured":false,"ratingsOnly":false,"ratingRoomCleanliness":5,"ratingHotelCondition":5,"ratingService":5,"ratingRoomComfort":5,"positiveRemarks":"Everything! It was a beautiful hotel with great staff and amenities! Very clean!","negativeRemarks":"I didnt see any room for improvement!","locationRemarks":"It was close to where I took a class.","lastInitial":"L","userLocation":"Loomis Ca","reviewSubmissionTime":"2016-02-23T17:01:21Z","reviewerCategories":[{"categoryId":"Everyone","categoryLabel":"Everyone"}],"userDisplayName":"","roomTypeId":200384735,"isUnverified":false,"isFlaggable":true,"isRecommended":"YES"},{"hotelId":"1139289","totalPositiveFeedbacks":0,"tpid":"1","eapid":"0","contentLocale":"en_us","totalThanks":0,"photos":[],"reviewId":"56ab7387e0bc35099563f185","itinId":"1126045852631","moderationStatus":"APPROVED","contentCodes":"MMA","managementResponses":[],"ratingOverall":4,"langId":"1033","userNickname":"Raj","brandType":"Expedia","title":"Pleasant stay","reviewText":"I was there for just one night and I had a comfortable stay. The owner is courteous and was able to adjust my reservation even though I had it booked for the next day even though the hotel was almost sold out. There are a lot of restaurants 1/2 mile away. \r\n\r\nCoffee in the room was not good but the one in the lobby is. Comes with a mini breakfast - some cereal, instant oats and fruits.  Overall I recommend this.","featured":false,"ratingsOnly":false,"ratingRoomCleanliness":4,"ratingHotelCondition":4,"ratingService":4,"ratingRoomComfort":4,"positiveRemarks":"courtesy, neatness and close to airport","negativeRemarks":"there is a bit of smell in the carpet","locationRemarks":"lot of restaurants, close to airport.","lastInitial":"","userLocation":"Houston","reviewSubmissionTime":"2016-01-29T14:13:27Z","reviewerCategories":[{"categoryId":"Everyone","categoryLabel":"Everyone"}],"userDisplayName":"","roomTypeId":200384735,"isUnverified":false,"isFlaggable":false,"isRecommended":"YES"},{"hotelId":"1139289","totalPositiveFeedbacks":0,"tpid":"1","eapid":"0","contentLocale":"en_us","totalThanks":0,"photos":[],"reviewId":"56a556ef93182e0994bd4e7f","itinId":"1125535142685","moderationStatus":"APPROVED","contentCodes":"","managementResponses":[],"ratingOverall":5,"langId":"1033","userNickname":"","brandType":"Expedia","title":"","reviewText":"loved it. great !!!!!! clean, extra comfy , will stay here again.","featured":false,"ratingsOnly":false,"ratingRoomCleanliness":5,"ratingHotelCondition":5,"ratingService":5,"ratingRoomComfort":5,"positiveRemarks":"","negativeRemarks":"","locationRemarks":"","lastInitial":"","userLocation":"","reviewSubmissionTime":"2016-01-24T22:57:51Z","reviewerCategories":[{"categoryId":"Everyone","categoryLabel":"Everyone"}],"userDisplayName":"","roomTypeId":200384756,"isUnverified":false,"isFlaggable":true,"isRecommended":"YES"},{"hotelId":"1139289","totalPositiveFeedbacks":0,"tpid":"3","eapid":"0","contentLocale":"en_gb","totalThanks":0,"photos":[],"reviewId":"569b21f4611f66096788ec72","itinId":"110544434648","moderationStatus":"APPROVED","contentCodes":"HMP MMD","managementResponses":[],"ratingOverall":5,"langId":"2057","userNickname":"","brandType":"Expedia","title":"5 mins drive from AIRPORT, 15 mins walk to HERTZ ","reviewText":"It is not the sexiest place on earth but if you're looking for really low cost motel size place majorly close to the airport then this is your ticket. It's situated in a slightly run down area but it's utterly safe (we were there for 4 days) constantly in and out and around late at night also with 2 small children.\r\n\r\nIt's within 10 mins walk of a great little downtown. You can get diners, vietnamese, chinese etc. and they're really decent quality.\r\n\r\nIt's run by an Indian family who are so sweet and helpful.  Their breakfast is not great but we went out for a hearty breakfast everyday anyway so it didn't matter.  It's not the savoy by any stretch of the imagination but it's safe, clean and has has fast-speed wifi.\r\n\r\nWould definitely use them again!!\r\n\r\n","featured":false,"ratingsOnly":false,"ratingRoomCleanliness":5,"ratingHotelCondition":4,"ratingService":5,"ratingRoomComfort":5,"positiveRemarks":"The family that run it plus the excellent wifi and proximity to a downtown thats walkable.","negativeRemarks":"The carpets and breakfast.","locationRemarks":"Downtown with cheap diners, chinese and mexican food,","lastInitial":"","userLocation":"","reviewSubmissionTime":"2016-01-17T05:09:08Z","reviewerCategories":[{"categoryId":"Everyone","categoryLabel":"Everyone"}],"userDisplayName":"","roomTypeId":200384756,"isUnverified":false,"isFlaggable":false,"isRecommended":"YES"},{"hotelId":"1139289","totalPositiveFeedbacks":0,"tpid":"1","eapid":"0","contentLocale":"en_us","totalThanks":0,"photos":[],"reviewId":"569869d0611f6609676c6968","itinId":"1124385579168","moderationStatus":"APPROVED","contentCodes":"","managementResponses":[],"ratingOverall":3,"langId":"1033","userNickname":"virginia","brandType":"Expedia","title":"This was a no frills hotel.","reviewText":"The bed was comfortable, the room was clean, there was a refrigerator and microwave.  It was in walking distance of several restuarants.  It was a low budget property.","featured":false,"ratingsOnly":false,"ratingRoomCleanliness":4,"ratingHotelCondition":3,"ratingService":4,"ratingRoomComfort":4,"positiveRemarks":"Price was good for San Francisco area.","negativeRemarks":"Better towels.","locationRemarks":"Near airport and driving distance to San Francisco. ","lastInitial":"","userLocation":"cambria,ca","reviewSubmissionTime":"2016-01-15T03:38:56Z","reviewerCategories":[{"categoryId":"Everyone","categoryLabel":"Everyone"}],"userDisplayName":"","roomTypeId":200384735,"isUnverified":false,"isFlaggable":true,"isRecommended":"YES"},{"hotelId":"1139289","totalPositiveFeedbacks":0,"tpid":"1","eapid":"0","contentLocale":"en_us","totalThanks":0,"photos":[],"reviewId":"5660681c4944ca0969fc4783","itinId":"1121949519558","moderationStatus":"APPROVED","contentCodes":"","managementResponses":[],"ratingOverall":3,"langId":"1033","userNickname":"","brandType":"Expedia","title":"","reviewText":"Hotel was not bad for the price. Only issue I had was the bathroom smelled a little musty.","featured":false,"ratingsOnly":false,"ratingRoomCleanliness":3,"ratingHotelCondition":3,"ratingService":4,"ratingRoomComfort":4,"positiveRemarks":"","negativeRemarks":"","locationRemarks":"","lastInitial":"","userLocation":"","reviewSubmissionTime":"2015-12-03T16:04:44Z","reviewerCategories":[{"categoryId":"Everyone","categoryLabel":"Everyone"}],"userDisplayName":"","roomTypeId":200384735,"isUnverified":false,"isFlaggable":true,"isRecommended":"YES"},{"hotelId":"1139289","totalPositiveFeedbacks":0,"tpid":"1","eapid":"0","contentLocale":"en_us","totalThanks":0,"photos":[],"reviewId":"564cbcfe6559aa096844c7a7","itinId":"1121293284573","moderationStatus":"APPROVED","contentCodes":"","managementResponses":[],"ratingOverall":5,"langId":"1033","userNickname":"Jaap","brandType":"Expedia","title":"Good location, great rooms","reviewText":"The rooms are in superb condition and the inn has private parking (with cctv). Close eating options available and good connections to the city. The only downside I can think of is the breakfast, which is just cereal, a banana and a danish with bad coffee. But that's not enough for me to take off points.","featured":false,"ratingsOnly":false,"ratingRoomCleanliness":5,"ratingHotelCondition":5,"ratingService":5,"ratingRoomComfort":5,"positiveRemarks":"","negativeRemarks":"","locationRemarks":"","lastInitial":"","userLocation":"NL","reviewSubmissionTime":"2015-11-18T18:01:34Z","reviewerCategories":[{"categoryId":"Everyone","categoryLabel":"Everyone"}],"userDisplayName":"","roomTypeId":200384756,"isUnverified":false,"isFlaggable":true,"isRecommended":"YES"},{"hotelId":"1139289","totalPositiveFeedbacks":0,"tpid":"1","eapid":"0","contentLocale":"en_us","totalThanks":0,"photos":[],"reviewId":"564353f09d65210969408158","itinId":"1120879464511","moderationStatus":"APPROVED","contentCodes":"","managementResponses":[],"ratingOverall":5,"langId":"1033","userNickname":"","brandType":"Expedia","title":"Cute, Quaint, Comfortable, Clean","reviewText":"While staying at this wonderful hotel, I felt as if I was at home. ","featured":false,"ratingsOnly":false,"ratingRoomCleanliness":5,"ratingHotelCondition":5,"ratingService":5,"ratingRoomComfort":5,"positiveRemarks":"","negativeRemarks":"","locationRemarks":"","lastInitial":"","userLocation":"","reviewSubmissionTime":"2015-11-11T14:42:56Z","reviewerCategories":[{"categoryId":"Everyone","categoryLabel":"Everyone"}],"userDisplayName":"","roomTypeId":200384735,"isUnverified":false,"isFlaggable":true,"isRecommended":"YES"}]}}}
