{"reviewDetails":{"startIndex":0,"numberOfReviewsInThisPage":20,"reviewSummaryCollection":{"reviewSummary":[{"hotelId":"12345","totalReviewCnt":818,"avgOverallRating":4.10024,"cleanliness":4.359418,"serviceAndStaff":4.2298293,"roomComfort":4.2555003,"hotelCondition":4.09536,"convenienceOfLocation":4.041322,"neighborhoodSatisfaction":3.8264463,"roomQuality":0,"targetedBrand":"Expedia","originSummary":[{"origin":"Expedia","reviewCnt":818,"recommendedPercent":84.47433,"avgOverallRating":4.10024,"cleanliness":4.359418,"serviceAndStaff":4.2298293,"roomComfort":4.2555003,"hotelCondition":4.09536,"convenienceOfLocation":4.041322,"neighborhoodSatisfaction":3.8264463,"valueForMoney":0,"roomQuality":0,"categoryCounts":{"Everyone":597,"BusinessTravelers":49,"Couples":50,"Families":39,"Other":11},"roomTypeIdCounts":{"419478":118,"419495":108,"419493":37,"419491":26,"200259305":1,"419489":33,"419486":92,"200259319":3,"200259330":18,"419496":69},"languageCounts":{"en":818}}],"recommendedPercent":84.47433,"valueForMoney":0,"categoryCounts":{"Everyone":597,"BusinessTravelers":49,"Couples":50,"Families":39,"Other":11},"roomTypeIdCounts":{"419478":118,"419495":108,"419493":37,"419491":26,"200259305":1,"419489":33,"419486":92,"200259319":3,"200259330":18,"419496":69},"languageCounts":{"en":818},"featuredReview":{}}]},"reviewCollection":{"review":[{"hotelId":"12345","totalPositiveFeedbacks":0,"tpid":"1","eapid":"0","contentLocale":"en_us","totalThanks":0,"photos":[],"reviewId":"57b650b2eeb4740b4571d9c2","itinId":"1140960254582","moderationStatus":"APPROVED","contentCodes":"","managementResponses":[],"ratingOverall":4,"langId":"1033","userNickname":"Liz","brandType":"Expedia","title":"Great location -- near the airport","reviewText":"We have stayed there many times and the service is great.  Love the bar and dining room also.  Very relaxing before going on a long flight.","featured":false,"ratingsOnly":false,"ratingRoomCleanliness":5,"ratingHotelCondition":5,"ratingService":5,"ratingRoomComfort":4,"positiveRemarks":"Cleanliness, food, etc.","negativeRemarks":"","locationRemarks":"","lastInitial":"","userLocation":"washington, DC","reviewSubmissionTime":"2016-08-19T00:20:02Z","reviewerCategories":[{"categoryId":"Everyone","categoryLabel":"Everyone"}],"userDisplayName":"","roomTypeId":419495,"isUnverified":false,"isFlaggable":true,"isRecommended":"YES"},{"hotelId":"12345","totalPositiveFeedbacks":0,"tpid":"4","eapid":"0","contentLocale":"en_ca","totalThanks":0,"photos":[],"reviewId":"57ad02fe0e81830b0816535f","itinId":"7184821419409","moderationStatus":"APPROVED","contentCodes":"","managementResponses":[],"ratingOverall":5,"langId":"4105","userNickname":"","brandType":"Expedia","title":"Beautiful location - easy walk to water.","reviewText":"Great location for a conference. Pleasant outdoors areas for breaks between sessions. Lovely walk along the Bay. Close to Burlingame, a nice small town to get away to.","featured":false,"ratingsOnly":false,"ratingRoomCleanliness":5,"ratingHotelCondition":5,"ratingService":5,"ratingRoomComfort":5,"positiveRemarks":"","negativeRemarks":"","locationRemarks":"","lastInitial":"","userLocation":"","reviewSubmissionTime":"2016-08-11T22:58:06Z","reviewerCategories":[{"categoryId":"BusinessTravelers","categoryLabel":"BusinessTravelers"}],"userDisplayName":"","roomTypeId":419486,"isUnverified":false,"isFlaggable":true,"isRecommended":"YES"},{"hotelId":"12345","totalPositiveFeedbacks":0,"tpid":"1","eapid":"0","contentLocale":"en_us","totalThanks":0,"photos":[],"reviewId":"57ab64ff87fcf70b09dc2db7","itinId":"1139983406978","moderationStatus":"APPROVED","contentCodes":"","managementResponses":[{"userNickname":"John C. Kellites / General Manager","displayLocale":"en_us","isFlaggable":true,"date":"2016-08-11T15:55:22Z","response":"Thank you for taking the time to share your stay experience with us.  Like you, many of our guests have come to enjoy our Executive Level and it delicious Food and Beverage options. \r\n\r\nWe hope to welcome you back soon. \r\n\r\nRegards,\r\nJohn C. Kellites / General Manager\r\n","status":"APPROVED","id":"114f40f6-08c5-469a-b78d-1de66877c027"}],"ratingOverall":5,"langId":"1033","userNickname":"","brandType":"Expedia","title":"Staff very accommodating. ","reviewText":"We stayed on 15th floor and had access to lounge for breakfast and hors doevres. Variety was very good and food was plentiful and fresh.","featured":false,"ratingsOnly":false,"ratingRoomCleanliness":5,"ratingHotelCondition":4,"ratingService":5,"ratingRoomComfort":4,"positiveRemarks":"location and staff .","negativeRemarks":"","locationRemarks":"","lastInitial":"","userLocation":"","reviewSubmissionTime":"2016-08-10T17:31:43Z","reviewerCategories":[{"categoryId":"Everyone","categoryLabel":"Everyone"}],"userDisplayName":"","roomTypeId":419493,"isUnverified":false,"isFlaggable":true,"isRecommended":"YES"},{"hotelId":"12345","totalPositiveFeedbacks":0,"tpid":"1","eapid":"0","contentLocale":"en_us","totalThanks":0,"photos":[],"reviewId":"57a857661563430b29e2cd9d","itinId":"1139826277198","moderationStatus":"APPROVED","contentCodes":"","managementResponses":[{"userNickname":"John C. Kellites / General Manager","displayLocale":"en_us","isFlaggable":true,"date":"2016-08-08T23:45:56Z","response":"Thank you for taking the time to share your comments with me.  Like you, many of our guests enjoy our convenient location and spectacular setting.  It is wonderful to read you also enjoyed our recently renovated restaurant and bar area, we have been receiving very positive feedback.\r\n\r\n\r\nI hope you will come see us again soon.\r\n\r\nRegards,\r\nJohn C. Kellites / General Manager\r\n","status":"APPROVED","id":"45c768a3-3867-4b7e-9849-b674a9685e83"}],"ratingOverall":5,"langId":"1033","userNickname":"Raul","brandType":"Expedia","title":"Very nice room. Close to airport parking facility.","reviewText":"Close to upscale restaurants. Beautiful bay view. ","featured":false,"ratingsOnly":false,"ratingRoomCleanliness":5,"ratingHotelCondition":5,"ratingService":5,"ratingRoomComfort":5,"positiveRemarks":"","negativeRemarks":"","locationRemarks":"","lastInitial":"R","userLocation":"r","reviewSubmissionTime":"2016-08-08T09:56:54Z","reviewerCategories":[{"categoryId":"Everyone","categoryLabel":"Everyone"}],"userDisplayName":"","roomTypeId":419495,"isUnverified":false,"isFlaggable":true,"isRecommended":"YES"},{"hotelId":"12345","totalPositiveFeedbacks":0,"tpid":"1","eapid":"0","contentLocale":"en_us","totalThanks":0,"photos":[],"reviewId":"57a605c5e40c4a0b28a66a57","itinId":"1138689582728","moderationStatus":"APPROVED","contentCodes":"","managementResponses":[],"ratingOverall":5,"langId":"1033","userNickname":"","brandType":"Expedia","title":"","reviewText":"Great place to stay near San Francisco airport.  Lovely views of the Bay from the upper floors.  ","featured":false,"ratingsOnly":false,"ratingRoomCleanliness":5,"ratingHotelCondition":5,"ratingService":5,"ratingRoomComfort":5,"positiveRemarks":"","negativeRemarks":"","locationRemarks":"","lastInitial":"","userLocation":"","reviewSubmissionTime":"2016-08-06T15:44:05Z","reviewerCategories":[{"categoryId":"Everyone","categoryLabel":"Everyone"}],"userDisplayName":"","roomTypeId":419493,"isUnverified":false,"isFlaggable":true,"isRecommended":"YES"},{"hotelId":"12345","totalPositiveFeedbacks":0,"tpid":"1","eapid":"0","contentLocale":"en_us","totalThanks":0,"photos":[],"reviewId":"579abf0a92ad0a0b3a0731ff","itinId":"1140903680121","moderationStatus":"APPROVED","contentCodes":"HMP MMD","managementResponses":[],"ratingOverall":2,"langId":"1033","userNickname":"","brandType":"Expedia","title":"loud ac unit","reviewText":"view of a wall....same crappy shower as a motel #..not what a $ilton room should be like...wont stay there again","featured":false,"ratingsOnly":false,"ratingRoomCleanliness":3,"ratingHotelCondition":2,"ratingService":2,"ratingRoomComfort":2,"positiveRemarks":"","negativeRemarks":"","locationRemarks":"","lastInitial":"","userLocation":"","reviewSubmissionTime":"2016-07-29T02:27:22Z","reviewerCategories":[{"categoryId":"Everyone","categoryLabel":"Everyone"}],"userDisplayName":"","roomTypeId":419495,"isUnverified":false,"isFlaggable":false,"isRecommended":"NO"},{"hotelId":"12345","totalPositiveFeedbacks":0,"tpid":"1","eapid":"0","contentLocale":"en_us","totalThanks":0,"photos":[],"reviewId":"579a2a0df6555d0b08dd736f","itinId":"1139760730139","moderationStatus":"APPROVED","contentCodes":"HMP MMD","managementResponses":[],"ratingOverall":4,"langId":"1033","userNickname":"","brandType":"Expedia","title":"","reviewText":"Booked and paid for suite in advance   When check in, only regular room was available for the first night.  Someone took the suite we booked/paid even though I called them that morning confirmed our arrival time.  First time happen ","featured":false,"ratingsOnly":false,"ratingRoomCleanliness":4,"ratingHotelCondition":4,"ratingService":3,"ratingRoomComfort":5,"positiveRemarks":"","negativeRemarks":"","locationRemarks":"","lastInitial":"","userLocation":"","reviewSubmissionTime":"2016-07-28T15:51:41Z","reviewerCategories":[{"categoryId":"Everyone","categoryLabel":"Everyone"}],"userDisplayName":"","roomTypeId":200259305,"isUnverified":false,"isFlaggable":false,"isRecommended":"NO"},{"hotelId":"12345","totalPositiveFeedbacks":0,"tpid":"1","eapid":"0","contentLocale":"en_us","totalThanks":0,"photos":[],"reviewId":"57956b00bff7f60b2fa39539","itinId":"1137034027517","moderationStatus":"APPROVED","contentCodes":"","managementResponses":[],"ratingOverall":5,"langId":"1033","userNickname":"","brandType":"Expedia","title":"Very nice and accommodating ","reviewText":"This hotel is very nice and the staff is great. We got upgraded to the executive floor so we had a great breakfast and snacks throughout our stay. ","featured":false,"ratingsOnly":false,"ratingRoomCleanliness":5,"ratingHotelCondition":5,"ratingService":5,"ratingRoomComfort":5,"positiveRemarks":"","negativeRemarks":"","locationRemarks":"","lastInitial":"","userLocation":"","reviewSubmissionTime":"2016-07-25T01:27:28Z","reviewerCategories":[{"categoryId":"Everyone","categoryLabel":"Everyone"}],"userDisplayName":"","roomTypeId":419491,"isUnverified":false,"isFlaggable":true,"isRecommended":"YES"},{"hotelId":"12345","totalPositiveFeedbacks":0,"tpid":"1","eapid":"0","contentLocale":"en_us","totalThanks":0,"photos":[],"reviewId":"5794cce1bff7f60b2f4ccb43","itinId":"1140513676491","moderationStatus":"APPROVED","contentCodes":"","managementResponses":[],"ratingOverall":4,"langId":"1033","userNickname":"","brandType":"Expedia","title":"Good location","reviewText":"A very comfortable hotel and convenient location. Have stayed there a few times with the family. Will certainly stay there again in the future.","featured":false,"ratingsOnly":false,"ratingRoomCleanliness":4,"ratingHotelCondition":3,"ratingService":4,"ratingRoomComfort":3,"positiveRemarks":"","negativeRemarks":"","locationRemarks":"","lastInitial":"","userLocation":"","reviewSubmissionTime":"2016-07-24T14:12:49Z","reviewerCategories":[{"categoryId":"Everyone","categoryLabel":"Everyone"}],"userDisplayName":"","roomTypeId":419493,"isUnverified":false,"isFlaggable":true,"isRecommended":"YES"},{"hotelId":"12345","totalPositiveFeedbacks":0,"tpid":"1","eapid":"0","contentLocale":"en_us","totalThanks":0,"photos":[],"reviewId":"57930ee2bff7f60b2f8c1732","itinId":"1140723659370","moderationStatus":"APPROVED","contentCodes":"","managementResponses":[],"ratingOverall":5,"langId":"1033","userNickname":"Deborah ","brandType":"Expedia","title":"GREAT PLACE FOR COMFORT","reviewText":"Most places you stay the bed isn't comfortable but this one was WONDERFUL ","featured":false,"ratingsOnly":false,"ratingRoomCleanliness":5,"ratingHotelCondition":5,"ratingService":5,"ratingRoomComfort":5,"positiveRemarks":"","negativeRemarks":"!! The only suggestion I would make is a small refrigerator in each room.","locationRemarks":"","lastInitial":"","userLocation":"San Francisco ","reviewSubmissionTime":"2016-07-23T06:29:54Z","reviewerCategories":[{"categoryId":"Everyone","categoryLabel":"Everyone"}],"userDisplayName":"","roomTypeId":419486,"isUnverified":false,"isFlaggable":true,"isRecommended":"YES"},{"hotelId":"12345","totalPositiveFeedbacks":0,"tpid":"1","eapid":"0","contentLocale":"en_us","totalThanks":0,"photos":[],"reviewId":"5790d02318db790b285fb1f1","itinId":"1140832771894","moderationStatus":"APPROVED","contentCodes":"MMA","managementResponses":[],"ratingOverall":1,"langId":"1033","userNickname":"Trevor","brandType":"Expedia","title":"Terrible experience.  Nobody was willing to help.","reviewText":"I wanted to move to the Hilton in Union Swuare for convenience reasons and no one was willing to help me do that.  According to them it was impossible and I had to pay for both hotels if I wanted to that.","featured":false,"ratingsOnly":false,"ratingRoomCleanliness":3,"ratingHotelCondition":3,"ratingService":1,"ratingRoomComfort":3,"positiveRemarks":"","negativeRemarks":"","locationRemarks":"","lastInitial":"B","userLocation":"Seattle","reviewSubmissionTime":"2016-07-21T13:37:39Z","reviewerCategories":[{"categoryId":"Everyone","categoryLabel":"Everyone"}],"userDisplayName":"","roomTypeId":200259330,"isUnverified":false,"isFlaggable":false,"isRecommended":"NO"},{"hotelId":"12345","totalPositiveFeedbacks":0,"tpid":"1","eapid":"0","contentLocale":"en_us","totalThanks":0,"photos":[],"reviewId":"578d0a500bd7ad0b27c653aa","itinId":"1134348308595","moderationStatus":"APPROVED","contentCodes":"","managementResponses":[{"userNickname":"John C. Kellites / General Manager","displayLocale":"en_us","isFlaggable":true,"date":"2016-07-20T17:34:12Z","response":"Thank you for taking the time in providing feedback on your recent stay with us. \r\n\r\nThank you also for high lighting some of the features our hotel as to offer and look forward in welcoming you back. \r\n\r\nRegards,\r\nJohn Kellites/General Manager ","status":"APPROVED","id":"9b8f908b-6f2c-4fc6-b5af-bf85e0c043c6"}],"ratingOverall":5,"langId":"1033","userNickname":"pAbLiTo","brandType":"Expedia","title":"Good place for weekend stay","reviewText":"Had an event near Daly City.  Hotel was conveniently located.  Great breakfast (not included though), friendly staff.  The room amenities were nice (enough towels, included bottled water), room was clean and comfortable.  However, you have to pay for parking (that's a first :)\r\n\r\nWould stay again.","featured":false,"ratingsOnly":false,"ratingRoomCleanliness":5,"ratingHotelCondition":5,"ratingService":4,"ratingRoomComfort":5,"positiveRemarks":"Location, clean room, stocked with enough towels, even bottled water.","negativeRemarks":"","locationRemarks":"Conveniently located near aiport and San Francisco.  Also, close to downtown Burlingame for any eating/shopping nearby.","lastInitial":"","userLocation":"San Jose","reviewSubmissionTime":"2016-07-18T16:56:48Z","reviewerCategories":[{"categoryId":"BusinessTravelers","categoryLabel":"BusinessTravelers"}],"userDisplayName":"","roomTypeId":200259330,"isUnverified":false,"isFlaggable":true,"isRecommended":"YES"},{"hotelId":"12345","totalPositiveFeedbacks":0,"tpid":"25","eapid":"0","contentLocale":"en_au","totalThanks":0,"photos":[],"reviewId":"578afc432c54c70b28eb847d","itinId":"15405405934","moderationStatus":"APPROVED","contentCodes":"MMA","managementResponses":[{"userNickname":"John C. Kellites / General Manager","displayLocale":"en_us","isFlaggable":false,"date":"2016-07-21T16:30:22Z","response":"Thank you for your feedback.  We value the opinion of all our guests and greatly appreciate you sharing yours with us. \r\n\r\nI hope to welcome you back again soon.\r\n\r\nRegards,\r\nJohn C. Kellites / General Manager\r\n","status":"APPROVED","id":"71e12605-c0d7-42b6-87e6-471def71ee10"}],"ratingOverall":5,"langId":"3081","userNickname":"Jenny Lollipop","brandType":"Expedia","title":"I needed to stay near the airport.","reviewText":"Excellent hotel to stay in, I would definitely stay there again.","featured":false,"ratingsOnly":false,"ratingRoomCleanliness":5,"ratingHotelCondition":5,"ratingService":5,"ratingRoomComfort":5,"positiveRemarks":"","negativeRemarks":"","locationRemarks":"","lastInitial":"","userLocation":"Gold Coast, Qld. Australia","reviewSubmissionTime":"2016-07-17T03:32:19Z","reviewerCategories":[{"categoryId":"Everyone","categoryLabel":"Everyone"}],"userDisplayName":"","roomTypeId":419495,"isUnverified":false,"isFlaggable":false,"isRecommended":"YES"},{"hotelId":"12345","totalPositiveFeedbacks":0,"tpid":"1","eapid":"0","contentLocale":"en_us","totalThanks":0,"photos":[],"reviewId":"578908450cb5d70b29154c4c","itinId":"1135015249424","moderationStatus":"APPROVED","contentCodes":"","managementResponses":[{"userNickname":"John C. Kellites / General Manager","displayLocale":"en_us","isFlaggable":true,"date":"2016-07-27T17:07:27Z","response":"Thank you for sharing your comments regarding your recent stay with us.  \r\n\r\nWe sincerely apologize for any issues our guests have during their stay with us.  Our ongoing Preventative Maintenance program is intend to ensure all our guestroom features, such as the AC units, are working properly however it appears we have not be fully successful.  We will review our process immediately and ensure the necessary correct action is taken immediately.\r\n\r\nThank you again for your feedback.\r\n\r\nRegards,\r\nJohn C. Kellites / General Manager\r\n","status":"APPROVED","id":"f335521b-795c-49a4-871e-bfcea7829577"}],"ratingOverall":4,"langId":"1033","userNickname":"Kat","brandType":"Expedia","title":"Surprisingly quiet hotel close to the airport","reviewText":"We stayed here for a trip to San Francisco as it was better bang for your buck than what you can get in the city proper. The room was clean, bed was super comfortable, and for being so close to the airport it was really quite quiet. They have a restaurant and grab-n-go downstairs near the entrance, which was very convenient when we wanted to hit the road early one morning. Our A/C unit was loud and rumbly and it did feel like the hotel nickled and dimed us for every other service in order to make up for their lower prices. Still, we all agreed it was a great place to stay.","featured":false,"ratingsOnly":false,"ratingRoomCleanliness":5,"ratingHotelCondition":4,"ratingService":5,"ratingRoomComfort":4,"positiveRemarks":"","negativeRemarks":"","locationRemarks":"","lastInitial":"","userLocation":"Boulder, CO","reviewSubmissionTime":"2016-07-15T15:59:01Z","reviewerCategories":[{"categoryId":"Everyone","categoryLabel":"Everyone"}],"userDisplayName":"","roomTypeId":419478,"isUnverified":false,"isFlaggable":true,"isRecommended":"YES"},{"hotelId":"12345","totalPositiveFeedbacks":0,"tpid":"14","eapid":"0","contentLocale":"en_sg","totalThanks":0,"photos":[],"reviewId":"57882cdb756ba70b2787ce13","itinId":"132085113928","moderationStatus":"APPROVED","contentCodes":"HMP MMD","managementResponses":[],"ratingOverall":4,"langId":"2057","userNickname":"Rebecca","brandType":"Expedia","title":"Nice hotel near the airport","reviewText":"Great hotel to stay if you are looking for convenience to get from SFO International Airport and the hotel, just make sure you get on the right courtesy shuttle! ","featured":false,"ratingsOnly":false,"ratingRoomCleanliness":5,"ratingHotelCondition":5,"ratingService":5,"ratingRoomComfort":5,"positiveRemarks":"","negativeRemarks":"","locationRemarks":"","lastInitial":"","userLocation":"Singapore","reviewSubmissionTime":"2016-07-15T00:22:51Z","reviewerCategories":[{"categoryId":"Everyone","categoryLabel":"Everyone"}],"userDisplayName":"","roomTypeId":419491,"isUnverified":false,"isFlaggable":false,"isRecommended":"YES"},{"hotelId":"12345","totalPositiveFeedbacks":0,"tpid":"1","eapid":"0","contentLocale":"en_us","totalThanks":0,"photos":[],"reviewId":"578665d7e7401f0b47a1592f","itinId":"1136263022254","moderationStatus":"APPROVED","contentCodes":"","managementResponses":[],"ratingOverall":5,"langId":"1033","userNickname":"","brandType":"Expedia","title":"","reviewText":"Hotel staff was very helpful. Shuttle is perfect for getting to and from airport.","featured":false,"ratingsOnly":false,"ratingRoomCleanliness":5,"ratingHotelCondition":5,"ratingService":5,"ratingRoomComfort":5,"positiveRemarks":"","negativeRemarks":"","locationRemarks":"","lastInitial":"","userLocation":"","reviewSubmissionTime":"2016-07-13T16:01:27Z","reviewerCategories":[{"categoryId":"Everyone","categoryLabel":"Everyone"}],"userDisplayName":"","roomTypeId":419478,"isUnverified":false,"isFlaggable":true,"isRecommended":"YES"},{"hotelId":"12345","totalPositiveFeedbacks":0,"tpid":"1","eapid":"0","contentLocale":"en_us","totalThanks":0,"photos":[],"reviewId":"578664798a1d800b490c01ed","itinId":"1139021135855","moderationStatus":"APPROVED","contentCodes":"MMA","managementResponses":[{"userNickname":"John C. Kellites / General Manager","displayLocale":"en_us","isFlaggable":true,"date":"2016-07-22T23:36:24Z","response":"\r\nThank for your feedback.  \r\n\r\nI am sorry to hear you did not have an opportunity to stay in one of our lovely Bayview rooms.  Approximately 50% of the hotel does offer a beautiful view of the Bay.  During your next visit please contact us directly and we will get you the best view possible. \r\n\r\nThank you  and I look forward to welcoming you back soon.\r\n\r\nRegards,\r\nJohn C. Kellites / General Manager\r\n","status":"APPROVED","id":"55b6e736-a9ef-42c4-b322-c9f502c42000"}],"ratingOverall":3,"langId":"1033","userNickname":"sherry","brandType":"Expedia","title":"It wasn't what I expected","reviewText":"I booked a bay front view and i expected that! When we got there, our room was overlooking the freeway and the top of the building! Wasn't what I was hoping for! ","featured":false,"ratingsOnly":false,"ratingRoomCleanliness":4,"ratingHotelCondition":3,"ratingService":4,"ratingRoomComfort":3,"positiveRemarks":"","negativeRemarks":"","locationRemarks":"","lastInitial":"","userLocation":"winters, Ca","reviewSubmissionTime":"2016-07-13T15:55:37Z","reviewerCategories":[{"categoryId":"Everyone","categoryLabel":"Everyone"}],"userDisplayName":"","roomTypeId":419478,"isUnverified":false,"isFlaggable":false,"isRecommended":"YES"},{"hotelId":"12345","totalPositiveFeedbacks":0,"tpid":"28","eapid":"0","contentLocale":"en_us","totalThanks":0,"photos":[],"reviewId":"5781f5ebe250ac1512bb8dc2","itinId":"17290401813","moderationStatus":"APPROVED","contentCodes":"","managementResponses":[],"ratingOverall":5,"langId":"1033","userNickname":"Andrin","brandType":"Expedia","title":"Excellent hotel with superb service","reviewText":"We had a great stay at this hotel. Mr. Ricky Perez is a wonderful hotel staff, very friendly and helped us in many ways during our stay at Hilton. We will recommend this hotel to our friends and definitely will stay again on our next visit in San Francisco","featured":false,"ratingsOnly":false,"ratingRoomCleanliness":5,"ratingHotelCondition":5,"ratingService":5,"ratingRoomComfort":5,"positiveRemarks":"","negativeRemarks":"","locationRemarks":"","lastInitial":"","userLocation":"Manila, Philippines","reviewSubmissionTime":"2016-07-10T07:14:51Z","reviewerCategories":[{"categoryId":"Everyone","categoryLabel":"Everyone"}],"userDisplayName":"","roomTypeId":419495,"isUnverified":false,"isFlaggable":true,"isRecommended":"YES"},{"hotelId":"12345","totalPositiveFeedbacks":0,"tpid":"1","eapid":"0","contentLocale":"en_us","totalThanks":0,"photos":[],"reviewId":"577f35769684e30b4a2aa1fa","itinId":"1137525966032","moderationStatus":"APPROVED","contentCodes":"NLI HMP MMD","managementResponses":[{"userNickname":"John C. Kellites / General Manager","displayLocale":"en_us","isFlaggable":false,"date":"2016-07-13T17:45:52Z","response":"Thank you so much for your review.  We take great care to ensure any items found are secured and  returned to the proper owner when possible.  We did have a guest who recently departed, leaving behind a ring.  I personally called the guest today to verify the ring was returned on July 8th via UPS. I hope this is simply a misunderstanding.\r\n\r\nRegards,\r\nJohn C. Kellites / General Manager\r\n","status":"APPROVED","id":"5412c624-5fa3-47ac-993f-619e92d94dd4"}],"ratingOverall":1,"langId":"1033","userNickname":"","brandType":"Expedia","title":"Misssing Ring","reviewText":"I forgot my ring.  I called in to see if they found it.  They said they would call me if they did.  No urgent given to this.  I called twice to see if they have found it and was told she was busy and would get back to me.  I called again and she told me they found it and would overnight my ring to me.  Still no ring.  I called today to check on ring and no one knows about it.  No notes on my reservation nothing.  MY RING IS MISSING AND THE HOTElL KNOWS NOTHING.","featured":false,"ratingsOnly":false,"ratingRoomCleanliness":1,"ratingHotelCondition":1,"ratingService":1,"ratingRoomComfort":1,"positiveRemarks":"","negativeRemarks":"My shower was dirty too","locationRemarks":"","lastInitial":"","userLocation":"","reviewSubmissionTime":"2016-07-08T05:09:10Z","reviewerCategories":[{"categoryId":"Everyone","categoryLabel":"Everyone"}],"userDisplayName":"","roomTypeId":419486,"isUnverified":false,"isFlaggable":false,"isRecommended":"NO"},{"hotelId":"12345","totalPositiveFeedbacks":0,"tpid":"1","eapid":"0","contentLocale":"en_us","totalThanks":0,"photos":[],"reviewId":"577d833c24f9a20b7c7e43eb","itinId":"1138521623099","moderationStatus":"APPROVED","contentCodes":"","managementResponses":[],"ratingOverall":4,"langId":"1033","userNickname":"","brandType":"Expedia","title":"","reviewText":" Room was silent and clean checkout time is changed for me and extra two hours given Hotel stuff was helpful","featured":false,"ratingsOnly":false,"ratingRoomCleanliness":4,"ratingHotelCondition":4,"ratingService":4,"ratingRoomComfort":4,"positiveRemarks":"","negativeRemarks":"","locationRemarks":"","lastInitial":"","userLocation":"","reviewSubmissionTime":"2016-07-06T22:16:28Z","reviewerCategories":[{"categoryId":"Everyone","categoryLabel":"Everyone"}],"userDisplayName":"","roomTypeId":419478,"isUnverified":false,"isFlaggable":true,"isRecommended":"YES"}]}}}
