{"reviewDetails":{"startIndex":0,"numberOfReviewsInThisPage":20,"reviewSummaryCollection":{"reviewSummary":[{"hotelId":"4705","totalReviewCnt":569,"avgOverallRating":3.963093,"cleanliness":4.2706485,"serviceAndStaff":4.107206,"roomComfort":4.1862903,"hotelCondition":4.0210905,"convenienceOfLocation":4.3095236,"neighborhoodSatisfaction":3.6666667,"roomQuality":0,"targetedBrand":"Expedia","originSummary":[{"origin":"Expedia","reviewCnt":569,"recommendedPercent":79.43761,"avgOverallRating":3.963093,"cleanliness":4.2706485,"serviceAndStaff":4.107206,"roomComfort":4.1862903,"hotelCondition":4.0210905,"convenienceOfLocation":4.3095236,"neighborhoodSatisfaction":3.6666667,"valueForMoney":0,"roomQuality":0,"categoryCounts":{"Everyone":393,"BusinessTravelers":47,"Couples":21,"Students":1,"Families":9,"Other":1},"roomTypeIdCounts":{"200375728":50,"236258":3,"236000":18,"200375736":223,"236253":8,"527":39},"languageCounts":{"en":569}}],"recommendedPercent":79.43761,"valueForMoney":0,"categoryCounts":{"Everyone":393,"BusinessTravelers":47,"Couples":21,"Students":1,"Families":9,"Other":1},"roomTypeIdCounts":{"200375728":50,"236258":3,"236000":18,"200375736":223,"236253":8,"527":39},"languageCounts":{"en":569},"featuredReview":{}}]},"reviewCollection":{"review":[{"hotelId":"4705","totalPositiveFeedbacks":0,"tpid":"1","eapid":"0","contentLocale":"en_us","totalThanks":0,"photos":[],"reviewId":"57a8c6e9e40c4a0b28fde3fa","itinId":"1142698688981","moderationStatus":"APPROVED","contentCodes":"","managementResponses":[],"ratingOverall":5,"langId":"1033","userNickname":"kirsten","brandType":"Expedia","title":"Nice room, nice beds, nice staff","reviewText":"Very nice front desk staff.  Gave me upgrade room after I was placed in a room next to a dog whining.  ","featured":false,"ratingsOnly":false,"ratingRoomCleanliness":5,"ratingHotelCondition":5,"ratingService":5,"ratingRoomComfort":5,"positiveRemarks":"","negativeRemarks":"","locationRemarks":"","lastInitial":"","userLocation":"K","reviewSubmissionTime":"2016-08-08T17:52:41Z","reviewerCategories":[{"categoryId":"Everyone","categoryLabel":"Everyone"}],"userDisplayName":"","roomTypeId":200375736,"isUnverified":false,"isFlaggable":true,"isRecommended":"YES"},{"hotelId":"4705","totalPositiveFeedbacks":0,"tpid":"1","eapid":"0","contentLocale":"en_us","totalThanks":0,"photos":[],"reviewId":"57a752e594356f0b28641bb0","itinId":"1137827505641","moderationStatus":"APPROVED","contentCodes":"","managementResponses":[],"ratingOverall":3,"langId":"1033","userNickname":"TravelerRick","brandType":"Expedia","title":"","reviewText":"Serviceable hotel near SFO.  Room perfectly comfortable,  Bar/lounge/restaurant seemed a bit dark and cramped.  Food was okay - some cooking aspirations but basically solid hotel food for travelers.","featured":false,"ratingsOnly":false,"ratingRoomCleanliness":3,"ratingHotelCondition":3,"ratingService":3,"ratingRoomComfort":3,"positiveRemarks":"Convenience to airport","negativeRemarks":"Decor of bar/lounge/restaurant area","locationRemarks":"","lastInitial":"","userLocation":"","reviewSubmissionTime":"2016-08-07T15:25:25Z","reviewerCategories":[{"categoryId":"BusinessTravelers","categoryLabel":"BusinessTravelers"}],"userDisplayName":"","roomTypeId":200375736,"isUnverified":false,"isFlaggable":true,"isRecommended":"YES"},{"hotelId":"4705","totalPositiveFeedbacks":0,"tpid":"1","eapid":"0","contentLocale":"en_us","totalThanks":0,"photos":[],"reviewId":"57a1fe897b42f40b286f61b3","itinId":"1140407986376","moderationStatus":"APPROVED","contentCodes":"","managementResponses":[],"ratingOverall":4,"langId":"1033","userNickname":"Susan","brandType":"Expedia","title":"Nice hotel near airport, good bar and restaurant.","reviewText":"Reliable shuttle to and from airport, food served late, and comfortable rooms. Bay view rooms look towards landing planes.","featured":false,"ratingsOnly":false,"ratingRoomCleanliness":5,"ratingHotelCondition":5,"ratingService":4,"ratingRoomComfort":5,"positiveRemarks":"Comfort, restaurant, good internet.","negativeRemarks":"Check in desk - not enough stations to check everyone in promptly. Could also add kiosk check in.","locationRemarks":"","lastInitial":"J","userLocation":"Boston","reviewSubmissionTime":"2016-08-03T14:24:09Z","reviewerCategories":[{"categoryId":"BusinessTravelers","categoryLabel":"BusinessTravelers"}],"userDisplayName":"","roomTypeId":200375728,"isUnverified":false,"isFlaggable":true,"isRecommended":"YES"},{"hotelId":"4705","totalPositiveFeedbacks":0,"tpid":"1","eapid":"0","contentLocale":"en_us","totalThanks":0,"photos":[],"reviewId":"5796c5a0c4201a0b29be61a3","itinId":"1138408643468","moderationStatus":"APPROVED","contentCodes":"","managementResponses":[],"ratingOverall":5,"langId":"1033","userNickname":"","brandType":"Expedia","title":"seminar in hotel","reviewText":"food from restaurant delicious. Room service excellent. Front check in staff excellent, Bellman excellent. Parking lot attendant excellent. Someone didn't pickup my breakfast tag from the door, front staff took my order and comped breakfast. Professional, courteous staff. Had a great stay at your hotel.","featured":false,"ratingsOnly":false,"ratingRoomCleanliness":5,"ratingHotelCondition":5,"ratingService":5,"ratingRoomComfort":5,"positiveRemarks":"Employees on the ball.","negativeRemarks":"","locationRemarks":"Lots of stuff, it's San Francisco","lastInitial":"","userLocation":"","reviewSubmissionTime":"2016-07-26T02:06:24Z","reviewerCategories":[{"categoryId":"Everyone","categoryLabel":"Everyone"}],"userDisplayName":"","roomTypeId":200375736,"isUnverified":false,"isFlaggable":true,"isRecommended":"YES"},{"hotelId":"4705","totalPositiveFeedbacks":0,"tpid":"68","eapid":"0","contentLocale":"en_ph","totalThanks":0,"photos":[],"reviewId":"5796220b331f6e0b28d48f64","itinId":"136249948560","moderationStatus":"APPROVED","contentCodes":"HMP MMD","managementResponses":[],"ratingOverall":4,"langId":"13321","userNickname":"Thomas","brandType":"Expedia","title":"Good & convinient place by the airport.","reviewText":"Does exactly what it says on the tin - standard US airport hotel with all the pro's an con's. This one has the benefit of a very good pool area, which was one of the reasons I choose this one. \r\noverall experience good, nothing extra ordinary. Good value though!!","featured":false,"ratingsOnly":false,"ratingRoomCleanliness":4,"ratingHotelCondition":4,"ratingService":3,"ratingRoomComfort":4,"positiveRemarks":"Easy, efficient, clean and very good pool area.","negativeRemarks":"Check in - staff went just through the motions of the process, o.k. it's not a 5 star place, but still. ","locationRemarks":"2 min from the airport - what is more to say..","lastInitial":"","userLocation":"Tustin, CA","reviewSubmissionTime":"2016-07-25T14:28:27Z","reviewerCategories":[{"categoryId":"Everyone","categoryLabel":"Everyone"}],"userDisplayName":"","roomTypeId":200375736,"isUnverified":false,"isFlaggable":false,"isRecommended":"YES"},{"hotelId":"4705","totalPositiveFeedbacks":0,"tpid":"1","eapid":"0","contentLocale":"en_us","totalThanks":0,"photos":[],"reviewId":"578e3d3856f59b0b2d2b3e58","itinId":"1140619860691","moderationStatus":"APPROVED","contentCodes":"","managementResponses":[],"ratingOverall":5,"langId":"1033","userNickname":"","brandType":"Expedia","title":"Beautiful hotel with awesome staff.","reviewText":"Very nice hotel,  clean,  awesome upgrades available.  Check in stag was vertu accommodating and explained everything well.  I was comp'd 1 day of the parking fee and both days for the WiFi fees. Great location next to the airport worth quick access to local restaurants and shopping.","featured":false,"ratingsOnly":false,"ratingRoomCleanliness":5,"ratingHotelCondition":5,"ratingService":5,"ratingRoomComfort":5,"positiveRemarks":"","negativeRemarks":"","locationRemarks":"","lastInitial":"","userLocation":"","reviewSubmissionTime":"2016-07-19T14:46:16Z","reviewerCategories":[{"categoryId":"Everyone","categoryLabel":"Everyone"}],"userDisplayName":"","roomTypeId":200375736,"isUnverified":false,"isFlaggable":true,"isRecommended":"YES"},{"hotelId":"4705","totalPositiveFeedbacks":0,"tpid":"1","eapid":"0","contentLocale":"en_us","totalThanks":0,"photos":[],"reviewId":"578d8bd26710090b27ba3497","itinId":"1140628689723","moderationStatus":"APPROVED","contentCodes":"","managementResponses":[],"ratingOverall":5,"langId":"1033","userNickname":"judy","brandType":"Expedia","title":"very nice!","reviewText":"really enjoyed our stay, staff was super nice, room was extremely comfortable, enjoyed our turkey burger from the grille and  our server Chad was extremely nice and professional.","featured":false,"ratingsOnly":false,"ratingRoomCleanliness":4,"ratingHotelCondition":5,"ratingService":4,"ratingRoomComfort":5,"positiveRemarks":"everything","negativeRemarks":"can't think of anything","locationRemarks":"","lastInitial":"c","userLocation":"california city, ca","reviewSubmissionTime":"2016-07-19T02:09:22Z","reviewerCategories":[{"categoryId":"Everyone","categoryLabel":"Everyone"}],"userDisplayName":"","roomTypeId":200375736,"isUnverified":false,"isFlaggable":true,"isRecommended":"YES"},{"hotelId":"4705","totalPositiveFeedbacks":0,"tpid":"1","eapid":"0","contentLocale":"en_us","totalThanks":0,"photos":[],"reviewId":"577c2dd73cec320b8a1e0388","itinId":"1139413509477","moderationStatus":"APPROVED","contentCodes":"HMP MMD","managementResponses":[],"ratingOverall":2,"langId":"1033","userNickname":"Jubin","brandType":"Expedia","title":"Not a 4 star hotel","reviewText":"The night shift guy was rude, indifferent and seemed a bit of a racist. He paid no attention to my questions and concern. Send me off after ending our conversation.\r\nBathing towel was dirty.\r\nBathroom wasn't in a good condition. Toilet wont flush many a times. Parking can be an issue even after paying $25/night.\r\nOverall, I won't recommend staying here to anyone.","featured":false,"ratingsOnly":false,"ratingRoomCleanliness":2,"ratingHotelCondition":2,"ratingService":1,"ratingRoomComfort":3,"positiveRemarks":"","negativeRemarks":"","locationRemarks":"","lastInitial":"","userLocation":"","reviewSubmissionTime":"2016-07-05T21:59:51Z","reviewerCategories":[{"categoryId":"Everyone","categoryLabel":"Everyone"}],"userDisplayName":"","roomTypeId":200375736,"isUnverified":false,"isFlaggable":false,"isRecommended":"NO"},{"hotelId":"4705","totalPositiveFeedbacks":1,"tpid":"1","eapid":"0","contentLocale":"en_us","totalThanks":1,"photos":[],"reviewId":"577a6ec12a2e4c0b7ca044ec","itinId":"1134584855308","moderationStatus":"APPROVED","contentCodes":"CSN HMP MMD","managementResponses":[],"ratingOverall":1,"langId":"1033","userNickname":"","brandType":"Expedia","title":"Thumbs Down","reviewText":"Arrived after midnight to be told room had been sold even though it had been paid for two months earlier. Poor performance ","featured":false,"ratingsOnly":false,"ratingRoomCleanliness":1,"ratingHotelCondition":1,"ratingService":1,"ratingRoomComfort":1,"positiveRemarks":"","negativeRemarks":"","locationRemarks":"","lastInitial":"","userLocation":"","reviewSubmissionTime":"2016-07-04T14:12:17Z","reviewerCategories":[{"categoryId":"Everyone","categoryLabel":"Everyone"}],"userDisplayName":"","roomTypeId":200375728,"isUnverified":false,"isFlaggable":false,"isRecommended":"NO"},{"hotelId":"4705","totalPositiveFeedbacks":0,"tpid":"1","eapid":"0","contentLocale":"en_us","totalThanks":0,"photos":[],"reviewId":"5774ef6fd34ecf0b7c317828","itinId":"1136765370401","moderationStatus":"APPROVED","contentCodes":"","managementResponses":[],"ratingOverall":4,"langId":"1033","userNickname":"Lee-Ann","brandType":"Expedia","title":"Convenient hotel close to San Francisco airport. ","reviewText":"A pleasant hotel close to San Francisco airport  had all to offer.The spacious and clean bedroom overlooking the airport's runways was welcoming.\r\nThe only restaurant on site offered a limited but affordable menu.The children enjoyed frolicking in the not so heated swimming pool. And an efficient shuttle service transported one swiftly to the airport terminals at various hours.","featured":false,"ratingsOnly":false,"ratingRoomCleanliness":4,"ratingHotelCondition":4,"ratingService":4,"ratingRoomComfort":4,"positiveRemarks":"","negativeRemarks":"","locationRemarks":"","lastInitial":"N","userLocation":"New York, NY","reviewSubmissionTime":"2016-06-30T10:07:43Z","reviewerCategories":[{"categoryId":"Everyone","categoryLabel":"Everyone"}],"userDisplayName":"","roomTypeId":200375736,"isUnverified":false,"isFlaggable":true,"isRecommended":"YES"},{"hotelId":"4705","totalPositiveFeedbacks":0,"tpid":"1","eapid":"0","contentLocale":"en_us","totalThanks":0,"photos":[],"reviewId":"577179327749760b7e027b37","itinId":"1137593696045","moderationStatus":"APPROVED","contentCodes":"","managementResponses":[],"ratingOverall":5,"langId":"1033","userNickname":"Arjun","brandType":"Expedia","title":"Not away from the city","reviewText":"First time to book a hotel away from the SF downtown. It was not that bad as I thought before. It happened in a hotel that makes my first time say, WOW. ","featured":false,"ratingsOnly":false,"ratingRoomCleanliness":5,"ratingHotelCondition":5,"ratingService":5,"ratingRoomComfort":5,"positiveRemarks":"","negativeRemarks":"","locationRemarks":"","lastInitial":"C","userLocation":"Beaumont, CA","reviewSubmissionTime":"2016-06-27T19:06:26Z","reviewerCategories":[{"categoryId":"Everyone","categoryLabel":"Everyone"}],"userDisplayName":"","roomTypeId":200375736,"isUnverified":false,"isFlaggable":true,"isRecommended":"YES"},{"hotelId":"4705","totalPositiveFeedbacks":0,"tpid":"1","eapid":"0","contentLocale":"en_us","totalThanks":0,"photos":[],"reviewId":"576b3ff2f544680b7c8569fb","itinId":"1137971535293","moderationStatus":"APPROVED","contentCodes":"HMP MMD","managementResponses":[],"ratingOverall":1,"langId":"1033","userNickname":"","brandType":"Expedia","title":"Very old style hotel....concept...as","reviewText":"Noisy...uncomfortable...outdated \r\n...Starwood...bad management ","featured":false,"ratingsOnly":false,"ratingRoomCleanliness":2,"ratingHotelCondition":1,"ratingService":2,"ratingRoomComfort":1,"positiveRemarks":"","negativeRemarks":"","locationRemarks":"","lastInitial":"","userLocation":"","reviewSubmissionTime":"2016-06-23T01:48:34Z","reviewerCategories":[{"categoryId":"Everyone","categoryLabel":"Everyone"}],"userDisplayName":"","roomTypeId":200375736,"isUnverified":false,"isFlaggable":false,"isRecommended":"NO"},{"hotelId":"4705","totalPositiveFeedbacks":0,"tpid":"1","eapid":"0","contentLocale":"en_us","totalThanks":0,"photos":[],"reviewId":"5769a9c59cd5dd0b488c981c","itinId":"1137520234718","moderationStatus":"APPROVED","contentCodes":"","managementResponses":[],"ratingOverall":3,"langId":"1033","userNickname":"Sheila","brandType":"Expedia","title":"Close to airport, paper thin walls","reviewText":"Very convenient location and decent room, clean, TV. Wi-Fi in lobby only. Walls are paper thin so you can hear guests all around talking on the phone, snoring, moving about, running water, etc. good location if you are stranded by weather, but not a hotel you would deliberately choose. Staff are pleasant and cheerful. There is s shuttle to the airport. ","featured":false,"ratingsOnly":false,"ratingRoomCleanliness":4,"ratingHotelCondition":3,"ratingService":4,"ratingRoomComfort":3,"positiveRemarks":"","negativeRemarks":"","locationRemarks":"","lastInitial":"Y","userLocation":"Madison, WI","reviewSubmissionTime":"2016-06-21T20:55:33Z","reviewerCategories":[{"categoryId":"Everyone","categoryLabel":"Everyone"}],"userDisplayName":"","roomTypeId":200375736,"isUnverified":false,"isFlaggable":true,"isRecommended":"NO"},{"hotelId":"4705","totalPositiveFeedbacks":1,"tpid":"1","eapid":"0","contentLocale":"en_us","totalThanks":1,"photos":[],"reviewId":"5762f4b2457a360b4a43b7f8","itinId":"1136165820780","moderationStatus":"APPROVED","contentCodes":"","managementResponses":[],"ratingOverall":3,"langId":"1033","userNickname":"Molly","brandType":"Expedia","title":"Near the airport","reviewText":"This Westin needs to be remodeled.  Very tired looking. The staff was wonderful    ","featured":false,"ratingsOnly":false,"ratingRoomCleanliness":3,"ratingHotelCondition":3,"ratingService":4,"ratingRoomComfort":3,"positiveRemarks":"","negativeRemarks":"","locationRemarks":"","lastInitial":"","userLocation":"T","reviewSubmissionTime":"2016-06-16T18:49:22Z","reviewerCategories":[{"categoryId":"Everyone","categoryLabel":"Everyone"}],"userDisplayName":"","roomTypeId":200375736,"isUnverified":false,"isFlaggable":true,"isRecommended":"NO"},{"hotelId":"4705","totalPositiveFeedbacks":2,"tpid":"1","eapid":"0","contentLocale":"en_us","totalThanks":2,"photos":[],"reviewId":"5760416bf2fea70b269f91a2","itinId":"1137378896236","moderationStatus":"APPROVED","contentCodes":"MMA","managementResponses":[],"ratingOverall":3,"langId":"1033","userNickname":"","brandType":"Expedia","title":"Try another hotel","reviewText":"While the hotel cleanliness and staff attitude are decent, I am disappointed that parking and breakfast are not included in the package as with purchases I made with other hotels. Maybe this is how Westin packages their rates, but it's not a happy surprise upon check-in.","featured":false,"ratingsOnly":false,"ratingRoomCleanliness":4,"ratingHotelCondition":4,"ratingService":4,"ratingRoomComfort":4,"positiveRemarks":"Good location. Clean rooms. Fast check-in/ out.","negativeRemarks":"Don't be stingy with drinking water access: only 1 of 2 bottles of drinking water is complimentary?!?","locationRemarks":"Check out the lobster restaurant just walking dist away. Good chowder!","lastInitial":"","userLocation":"","reviewSubmissionTime":"2016-06-14T17:39:55Z","reviewerCategories":[{"categoryId":"Families","categoryLabel":"Families"}],"userDisplayName":"","roomTypeId":200375736,"isUnverified":false,"isFlaggable":false,"isRecommended":"NO"},{"hotelId":"4705","totalPositiveFeedbacks":0,"tpid":"1","eapid":"0","contentLocale":"en_us","totalThanks":0,"photos":[],"reviewId":"575ea505e61a690b288c358e","itinId":"1136850156857","moderationStatus":"APPROVED","contentCodes":"","managementResponses":[],"ratingOverall":4,"langId":"1033","userNickname":"","brandType":"Expedia","title":"","reviewText":"Beds were very comfortable. Staff was very helpful. Convient location ","featured":false,"ratingsOnly":false,"ratingRoomCleanliness":5,"ratingHotelCondition":4,"ratingService":5,"ratingRoomComfort":5,"positiveRemarks":"","negativeRemarks":"","locationRemarks":"","lastInitial":"","userLocation":"","reviewSubmissionTime":"2016-06-13T12:20:21Z","reviewerCategories":[{"categoryId":"Everyone","categoryLabel":"Everyone"}],"userDisplayName":"","roomTypeId":200375736,"isUnverified":false,"isFlaggable":true,"isRecommended":"YES"},{"hotelId":"4705","totalPositiveFeedbacks":0,"tpid":"18","eapid":"0","contentLocale":"en_hk","totalThanks":0,"photos":[],"reviewId":"5754af5f773f350b508612fa","itinId":"132415282454","moderationStatus":"APPROVED","contentCodes":"HMP MMD","managementResponses":[],"ratingOverall":5,"langId":"2057","userNickname":"TR","brandType":"Expedia","title":"clean, spacious room","reviewText":"the hotel room is clean and spacious. free shuttle bus to the  airport","featured":false,"ratingsOnly":false,"ratingRoomCleanliness":4,"ratingHotelCondition":4,"ratingService":4,"ratingRoomComfort":4,"positiveRemarks":"","negativeRemarks":"","locationRemarks":"","lastInitial":"","userLocation":"","reviewSubmissionTime":"2016-06-05T23:01:51Z","reviewerCategories":[{"categoryId":"Everyone","categoryLabel":"Everyone"}],"userDisplayName":"","roomTypeId":200375736,"isUnverified":false,"isFlaggable":false,"isRecommended":"YES"},{"hotelId":"4705","totalPositiveFeedbacks":0,"tpid":"1","eapid":"0","contentLocale":"en_us","totalThanks":0,"photos":[],"reviewId":"5750757ba82dae09fa654f5c","itinId":"1133745268364","moderationStatus":"APPROVED","contentCodes":"","managementResponses":[],"ratingOverall":5,"langId":"1033","userNickname":"","brandType":"Expedia","title":"Great place to stay if going to the airport","reviewText":"Nice Hotel. Clean, good service, nice restaurant. The shuttle was very convenient and right on time.","featured":false,"ratingsOnly":false,"ratingRoomCleanliness":5,"ratingHotelCondition":4,"ratingService":5,"ratingRoomComfort":5,"positiveRemarks":"","negativeRemarks":"","locationRemarks":"","lastInitial":"","userLocation":"","reviewSubmissionTime":"2016-06-02T18:05:47Z","reviewerCategories":[{"categoryId":"Everyone","categoryLabel":"Everyone"}],"userDisplayName":"","roomTypeId":200375736,"isUnverified":false,"isFlaggable":true,"isRecommended":"YES"},{"hotelId":"4705","totalPositiveFeedbacks":0,"tpid":"1","eapid":"0","contentLocale":"en_us","totalThanks":0,"photos":[],"reviewId":"574f67038476ea09fba22ec9","itinId":"1132341665400","moderationStatus":"APPROVED","contentCodes":"","managementResponses":[],"ratingOverall":4,"langId":"1033","userNickname":"","brandType":"Expedia","title":"Nice hotel close to the airport","reviewText":"The interior has good dsign and the room is neat and clean.\r\nWe like the back-light mirror in the bathroom especially.","featured":false,"ratingsOnly":false,"ratingRoomCleanliness":5,"ratingHotelCondition":4,"ratingService":5,"ratingRoomComfort":5,"positiveRemarks":"The brand name of this chain hotel","negativeRemarks":"Please try to improve the airport noise with better sound barrier window. Hear of the noise of airplane taking-off especially at mid-night.","locationRemarks":"Easy to access","lastInitial":"","userLocation":"","reviewSubmissionTime":"2016-06-01T22:51:47Z","reviewerCategories":[{"categoryId":"Everyone","categoryLabel":"Everyone"}],"userDisplayName":"","roomTypeId":200375736,"isUnverified":false,"isFlaggable":true,"isRecommended":"YES"},{"hotelId":"4705","totalPositiveFeedbacks":0,"tpid":"1","eapid":"0","contentLocale":"en_us","totalThanks":0,"photos":[],"reviewId":"574f2ef14dc48609fb52d834","itinId":"1134973617547","moderationStatus":"APPROVED","contentCodes":"","managementResponses":[],"ratingOverall":5,"langId":"1033","userNickname":"Andy","brandType":"Expedia","title":"","reviewText":"Great place close to the airport and the BART. It's a perfect place to start or end your vacation. Very nice pool!","featured":false,"ratingsOnly":false,"ratingRoomCleanliness":5,"ratingHotelCondition":5,"ratingService":5,"ratingRoomComfort":5,"positiveRemarks":"","negativeRemarks":"","locationRemarks":"","lastInitial":"","userLocation":"St Paul, MN","reviewSubmissionTime":"2016-06-01T18:52:33Z","reviewerCategories":[{"categoryId":"Everyone","categoryLabel":"Everyone"}],"userDisplayName":"","roomTypeId":200375728,"isUnverified":false,"isFlaggable":true,"isRecommended":"YES"}]}}}
