{"reviewDetails":{"startIndex":0,"numberOfReviewsInThisPage":20,"reviewSummaryCollection":{"reviewSummary":[{"hotelId":"26500","totalReviewCnt":959,"avgOverallRating":3.894682,"cleanliness":4.2054243,"serviceAndStaff":4.184567,"roomComfort":4.0740376,"hotelCondition":3.9040666,"convenienceOfLocation":4.191491,"neighborhoodSatisfaction":3.7765958,"roomQuality":0,"targetedBrand":"Expedia","originSummary":[{"origin":"Expedia","reviewCnt":959,"recommendedPercent":77.99792,"avgOverallRating":3.894682,"cleanliness":4.2054243,"serviceAndStaff":4.184567,"roomComfort":4.0740376,"hotelCondition":3.9040666,"convenienceOfLocation":4.191491,"neighborhoodSatisfaction":3.7765958,"valueForMoney":0,"roomQuality":0,"categoryCounts":{"Everyone":632,"BusinessTravelers":61,"Couples":40,"Students":1,"Families":33,"Other":5},"roomTypeIdCounts":{"200162508":215,"200162474":10,"200487606":45,"186478":2,"200162561":19,"200487644":32,"200162497":6,"186477":2,"201301196":23,"200162522":20,"201301194":3,"201301190":10,"201301189":6,"200162517":128,"201301188":4,"201301187":6},"languageCounts":{"en":959}}],"recommendedPercent":77.99792,"valueForMoney":0,"categoryCounts":{"Everyone":632,"BusinessTravelers":61,"Couples":40,"Students":1,"Families":33,"Other":5},"roomTypeIdCounts":{"200162508":215,"200162474":10,"200487606":45,"186478":2,"200162561":19,"200487644":32,"200162497":6,"186477":2,"201301196":23,"200162522":20,"201301194":3,"201301190":10,"201301189":6,"200162517":128,"201301188":4,"201301187":6},"languageCounts":{"en":959},"featuredReview":{}}]},"reviewCollection":{"review":[{"hotelId":"26500","totalPositiveFeedbacks":0,"tpid":"1","eapid":"0","contentLocale":"en_us","totalThanks":0,"photos":[],"reviewId":"57b6ba66323e800b769edb15","itinId":"1143519755568","moderationStatus":"APPROVED","contentCodes":"","managementResponses":[],"ratingOverall":4,"langId":"1033","userNickname":"","brandType":"Expedia","title":"Convenient for a lay over","reviewText":"Staying at an airport hotel is generally out of \"necessity\" or convenience, especially in a great town like San Fran.  But I would stay here again.  Of note was the food in the main restaurant.  It was excellent.  They have clearly taken the time to hire a great chef, use great ingredients, and have managed to change the game in the hotel restaurant food business, which is notoriously bad at airport hotels in particular.","featured":false,"ratingsOnly":false,"ratingRoomCleanliness":5,"ratingHotelCondition":5,"ratingService":5,"ratingRoomComfort":4,"positiveRemarks":"","negativeRemarks":"","locationRemarks":"","lastInitial":"","userLocation":"","reviewSubmissionTime":"2016-08-19T07:51:02Z","reviewerCategories":[{"categoryId":"Everyone","categoryLabel":"Everyone"}],"userDisplayName":"","roomTypeId":200162561,"isUnverified":false,"isFlaggable":true,"isRecommended":"YES"},{"hotelId":"26500","totalPositiveFeedbacks":1,"tpid":"1","eapid":"0","contentLocale":"en_us","totalThanks":1,"photos":[],"reviewId":"57b22b88303d3d0b061852a2","itinId":"1140174272663","moderationStatus":"APPROVED","contentCodes":"","managementResponses":[],"ratingOverall":5,"langId":"1033","userNickname":"John","brandType":"Expedia","title":"Loved the gym workouts & cool off in the pool:)","reviewText":"My wife stayed three days. Loved the blackout shades for the option of sleeping in.  We hit a Giants game-it was very close.  Our routine was walk to the local restaurants, hit the gym and cool off in the pool.  The staff was very friendly and we loved our room.  We went to Muir Woods & hit San Fran=awesome!","featured":false,"ratingsOnly":false,"ratingRoomCleanliness":5,"ratingHotelCondition":5,"ratingService":5,"ratingRoomComfort":5,"positiveRemarks":"Everything is nearby.  Great place to walk or bike.","negativeRemarks":"","locationRemarks":"","lastInitial":"","userLocation":"California","reviewSubmissionTime":"2016-08-15T20:52:24Z","reviewerCategories":[{"categoryId":"Everyone","categoryLabel":"Everyone"}],"userDisplayName":"","roomTypeId":201301189,"isUnverified":false,"isFlaggable":true,"isRecommended":"YES"},{"hotelId":"26500","totalPositiveFeedbacks":0,"tpid":"1","eapid":"0","contentLocale":"en_us","totalThanks":0,"photos":[],"reviewId":"57b161232ab4060b3d7becf1","itinId":"1140886833580","moderationStatus":"APPROVED","contentCodes":"","managementResponses":[],"ratingOverall":4,"langId":"1033","userNickname":"Jackie","brandType":"Expedia","title":"Nice","reviewText":"Close to downtown, easy drive to SF. It was a nice quiet hotel.","featured":false,"ratingsOnly":false,"ratingRoomCleanliness":4,"ratingHotelCondition":4,"ratingService":4,"ratingRoomComfort":4,"positiveRemarks":"Near freeway and scenic views on the way in to SF","negativeRemarks":"Parking procedure for larger trucks and SUVs","locationRemarks":"Good place if you're doing tours in downtown and want to be close.","lastInitial":"","userLocation":"CA","reviewSubmissionTime":"2016-08-15T06:28:51Z","reviewerCategories":[{"categoryId":"Families","categoryLabel":"Families"}],"userDisplayName":"","roomTypeId":201301187,"isUnverified":false,"isFlaggable":true,"isRecommended":"YES"},{"hotelId":"26500","totalPositiveFeedbacks":0,"tpid":"1","eapid":"0","contentLocale":"en_us","totalThanks":0,"photos":[],"reviewId":"57b07a10fc689a0b075ebbf1","itinId":"1141203569268","moderationStatus":"APPROVED","contentCodes":"","managementResponses":[],"ratingOverall":4,"langId":"1033","userNickname":"","brandType":"Expedia","title":"Hotel is huge property! ","reviewText":"Getting from the entrance to our room was about 1/4 mile.  ","featured":false,"ratingsOnly":false,"ratingRoomCleanliness":4,"ratingHotelCondition":3,"ratingService":3,"ratingRoomComfort":4,"positiveRemarks":"","negativeRemarks":"","locationRemarks":"","lastInitial":"","userLocation":"","reviewSubmissionTime":"2016-08-14T14:02:56Z","reviewerCategories":[{"categoryId":"Everyone","categoryLabel":"Everyone"}],"userDisplayName":"","roomTypeId":200162522,"isUnverified":false,"isFlaggable":true,"isRecommended":"YES"},{"hotelId":"26500","totalPositiveFeedbacks":0,"tpid":"1","eapid":"0","contentLocale":"en_us","totalThanks":0,"photos":[],"reviewId":"57abe28a87fcf70b09e8da8a","itinId":"1140873115128","moderationStatus":"APPROVED","contentCodes":"","managementResponses":[],"ratingOverall":4,"langId":"1033","userNickname":"Harvard Mom","brandType":"Expedia","title":"Beautiful atrium","reviewText":"Rooms were spacious and clean.  Breakfast was delicious.","featured":false,"ratingsOnly":false,"ratingRoomCleanliness":4,"ratingHotelCondition":4,"ratingService":4,"ratingRoomComfort":4,"positiveRemarks":"Great location close to the airport.  ","negativeRemarks":"Bigger area to pick-up and drop-off guests.  Too crowded.","locationRemarks":"We visited Facebook and Stanford.  ","lastInitial":"","userLocation":"San Diego","reviewSubmissionTime":"2016-08-11T02:27:22Z","reviewerCategories":[{"categoryId":"Everyone","categoryLabel":"Everyone"}],"userDisplayName":"","roomTypeId":200487606,"isUnverified":false,"isFlaggable":true,"isRecommended":"YES"},{"hotelId":"26500","totalPositiveFeedbacks":0,"tpid":"1","eapid":"0","contentLocale":"en_us","totalThanks":0,"photos":[],"reviewId":"57aa00d63c61ed0b052623d2","itinId":"1142900024509","moderationStatus":"APPROVED","contentCodes":"","managementResponses":[],"ratingOverall":5,"langId":"1033","userNickname":"Jaime","brandType":"Expedia","title":"Nice hotel near San Francisco Airport","reviewText":"Needed a nice hotel in a good neighborhood after a long flight landing in San Francisco late at night with my son!  The staff was lovely and my stay was splendid!","featured":false,"ratingsOnly":false,"ratingRoomCleanliness":5,"ratingHotelCondition":5,"ratingService":5,"ratingRoomComfort":5,"positiveRemarks":"","negativeRemarks":"","locationRemarks":"","lastInitial":"","userLocation":"Lemoore, CA","reviewSubmissionTime":"2016-08-09T16:12:06Z","reviewerCategories":[{"categoryId":"Everyone","categoryLabel":"Everyone"}],"userDisplayName":"","roomTypeId":200487606,"isUnverified":false,"isFlaggable":true,"isRecommended":"YES"},{"hotelId":"26500","totalPositiveFeedbacks":0,"tpid":"1","eapid":"0","contentLocale":"en_us","totalThanks":0,"photos":[],"reviewId":"57aa00894a939b0b09ca26ca","itinId":"1142931106195","moderationStatus":"APPROVED","contentCodes":"HMP MMD","managementResponses":[],"ratingOverall":3,"langId":"1033","userNickname":"AL","brandType":"Expedia","title":"Nice Hotel But Not Long Term","reviewText":"This is a nice hotel close to San Francisco airport but it feels like a \"get in get out\" type of place rather than a \"stay for two weeks\" experience. The room sizes are quite small and the two \"queen\" beds are really full sized beds no matter what they say! We stayed one night so it was fine but too small a room for longer term. Our bathtub was blocked so I was wading in ankle deep water while showering but we were on a tight schedule so no time to wait for the engineer to come and fix it or go to another room, not what you'd expect from the Hyatt! ","featured":false,"ratingsOnly":false,"ratingRoomCleanliness":4,"ratingHotelCondition":3,"ratingService":4,"ratingRoomComfort":3,"positiveRemarks":"","negativeRemarks":"","locationRemarks":"","lastInitial":"","userLocation":"Riverside","reviewSubmissionTime":"2016-08-09T16:10:49Z","reviewerCategories":[{"categoryId":"Everyone","categoryLabel":"Everyone"}],"userDisplayName":"","roomTypeId":200162508,"isUnverified":false,"isFlaggable":false,"isRecommended":"YES"},{"hotelId":"26500","totalPositiveFeedbacks":0,"tpid":"1","eapid":"0","contentLocale":"en_us","totalThanks":0,"photos":[],"reviewId":"57a9a2d4379e130b27e06615","itinId":"1142925562881","moderationStatus":"APPROVED","contentCodes":"","managementResponses":[],"ratingOverall":4,"langId":"1033","userNickname":"","brandType":"Expedia","title":"","reviewText":"Over its was great cant complain.. The view cub be a bit better but the room was clean. ","featured":false,"ratingsOnly":false,"ratingRoomCleanliness":4,"ratingHotelCondition":5,"ratingService":4,"ratingRoomComfort":4,"positiveRemarks":"","negativeRemarks":"","locationRemarks":"","lastInitial":"","userLocation":"","reviewSubmissionTime":"2016-08-09T09:31:00Z","reviewerCategories":[{"categoryId":"Everyone","categoryLabel":"Everyone"}],"userDisplayName":"","roomTypeId":200162508,"isUnverified":false,"isFlaggable":true,"isRecommended":"YES"},{"hotelId":"26500","totalPositiveFeedbacks":1,"tpid":"4","eapid":"0","contentLocale":"en_ca","totalThanks":1,"photos":[],"reviewId":"57a8c4884f61260b26bdc335","itinId":"1140625593915","moderationStatus":"APPROVED","contentCodes":"","managementResponses":[],"ratingOverall":4,"langId":"4105","userNickname":"Paul","brandType":"Expedia","title":"Good location near to SFO airport","reviewText":"Overall it was a good stay for what I needed - one night.  Shuttle to and from the airport was very effective.  Hotel is nice/clean.  Pool and gym looked nice.","featured":false,"ratingsOnly":false,"ratingRoomCleanliness":4,"ratingHotelCondition":4,"ratingService":4,"ratingRoomComfort":4,"positiveRemarks":"","negativeRemarks":"Concierge recommend the BART to go to San Fran - big mistake as one of the stations along the way was out of order - UBER would have much quicker","locationRemarks":"Handy for the airport travellers","lastInitial":"","userLocation":"Canada","reviewSubmissionTime":"2016-08-08T17:42:32Z","reviewerCategories":[{"categoryId":"Everyone","categoryLabel":"Everyone"}],"userDisplayName":"","roomTypeId":200487644,"isUnverified":false,"isFlaggable":true,"isRecommended":"YES"},{"hotelId":"26500","totalPositiveFeedbacks":0,"tpid":"1","eapid":"0","contentLocale":"en_us","totalThanks":0,"photos":[],"reviewId":"57a8c1aa4f61260b26b7ff89","itinId":"1140211542947","moderationStatus":"APPROVED","contentCodes":"","managementResponses":[],"ratingOverall":5,"langId":"1033","userNickname":"","brandType":"Expedia","title":"","reviewText":"It was wonderful and everything what was what I expected ","featured":false,"ratingsOnly":false,"ratingRoomCleanliness":5,"ratingHotelCondition":5,"ratingService":5,"ratingRoomComfort":5,"positiveRemarks":"","negativeRemarks":"","locationRemarks":"","lastInitial":"","userLocation":"","reviewSubmissionTime":"2016-08-08T17:30:18Z","reviewerCategories":[{"categoryId":"Everyone","categoryLabel":"Everyone"}],"userDisplayName":"","roomTypeId":200162508,"isUnverified":false,"isFlaggable":true,"isRecommended":"YES"},{"hotelId":"26500","totalPositiveFeedbacks":0,"tpid":"4","eapid":"0","contentLocale":"en_ca","totalThanks":0,"photos":[],"reviewId":"57a87cec3ee2a90b266b1378","itinId":"1141309418054","moderationStatus":"APPROVED","contentCodes":"","managementResponses":[],"ratingOverall":4,"langId":"4105","userNickname":"","brandType":"Expedia","title":"Excellent hotel near San Francisco airport","reviewText":"While hotel was great, the wait for shuttle to hotel from airport was overly long.  It happened to be an experience in cold.","featured":false,"ratingsOnly":false,"ratingRoomCleanliness":5,"ratingHotelCondition":5,"ratingService":5,"ratingRoomComfort":4,"positiveRemarks":"Very clean and well designed.  Staff were very quick.","negativeRemarks":"","locationRemarks":"Not near anything, just the airport.  What might be needed was on site.","lastInitial":"","userLocation":"","reviewSubmissionTime":"2016-08-08T12:37:00Z","reviewerCategories":[{"categoryId":"Everyone","categoryLabel":"Everyone"}],"userDisplayName":"","roomTypeId":200487644,"isUnverified":false,"isFlaggable":true,"isRecommended":"YES"},{"hotelId":"26500","totalPositiveFeedbacks":0,"tpid":"1","eapid":"0","contentLocale":"en_us","totalThanks":0,"photos":[],"reviewId":"57a761f3849f110b28d93adc","itinId":"1141676074869","moderationStatus":"APPROVED","contentCodes":"","managementResponses":[],"ratingOverall":4,"langId":"1033","userNickname":"","brandType":"Expedia","title":"","reviewText":"The hotel was nice and clean. The view of the beach was adequate. However they do have excellent staff members. ","featured":false,"ratingsOnly":false,"ratingRoomCleanliness":5,"ratingHotelCondition":5,"ratingService":5,"ratingRoomComfort":4,"positiveRemarks":"","negativeRemarks":"","locationRemarks":"","lastInitial":"","userLocation":"","reviewSubmissionTime":"2016-08-07T16:29:39Z","reviewerCategories":[{"categoryId":"Everyone","categoryLabel":"Everyone"}],"userDisplayName":"","roomTypeId":200162522,"isUnverified":false,"isFlaggable":true,"isRecommended":"YES"},{"hotelId":"26500","totalPositiveFeedbacks":0,"tpid":"1","eapid":"0","contentLocale":"en_us","totalThanks":0,"photos":[],"reviewId":"579e5a1b14ab710b0c162c00","itinId":"1141475061640","moderationStatus":"APPROVED","contentCodes":"","managementResponses":[],"ratingOverall":5,"langId":"1033","userNickname":"ST","brandType":"Expedia","title":"Everything fine high class. Just all little busy","reviewText":"Experience quite good. The problem are the guests. Just to many. Big convention in our case, with hundreds of kids. Other than that nice.","featured":false,"ratingsOnly":false,"ratingRoomCleanliness":4,"ratingHotelCondition":4,"ratingService":5,"ratingRoomComfort":5,"positiveRemarks":"","negativeRemarks":"","locationRemarks":"","lastInitial":"","userLocation":"Germany ","reviewSubmissionTime":"2016-07-31T20:05:47Z","reviewerCategories":[{"categoryId":"Everyone","categoryLabel":"Everyone"}],"userDisplayName":"","roomTypeId":200162522,"isUnverified":false,"isFlaggable":true,"isRecommended":"YES"},{"hotelId":"26500","totalPositiveFeedbacks":0,"tpid":"1","eapid":"0","contentLocale":"en_us","totalThanks":0,"photos":[],"reviewId":"579ce9cd87f8460b0641f03e","itinId":"1141196532470","moderationStatus":"APPROVED","contentCodes":"","managementResponses":[],"ratingOverall":4,"langId":"1033","userNickname":"Kadir","brandType":"Expedia","title":"Very decent stay. ","reviewText":"Friendly staff, good hotel, a bit far from the city but we got the room knowing this. ","featured":false,"ratingsOnly":false,"ratingRoomCleanliness":4,"ratingHotelCondition":4,"ratingService":4,"ratingRoomComfort":5,"positiveRemarks":"","negativeRemarks":"","locationRemarks":"","lastInitial":"","userLocation":"Houston","reviewSubmissionTime":"2016-07-30T17:54:21Z","reviewerCategories":[{"categoryId":"Families","categoryLabel":"Families"}],"userDisplayName":"","roomTypeId":"","isUnverified":false,"isFlaggable":true,"isRecommended":"YES"},{"hotelId":"26500","totalPositiveFeedbacks":0,"tpid":"4","eapid":"0","contentLocale":"en_ca","totalThanks":0,"photos":[],"reviewId":"579cb8b587f8460b06ed927d","itinId":"1141306039107","moderationStatus":"APPROVED","contentCodes":"","managementResponses":[],"ratingOverall":5,"langId":"4105","userNickname":"","brandType":"Expedia","title":"","reviewText":"Biggest issue is need moving air in the room, a fan or something other than that fantastic hotel","featured":false,"ratingsOnly":false,"ratingRoomCleanliness":5,"ratingHotelCondition":5,"ratingService":4,"ratingRoomComfort":4,"positiveRemarks":"","negativeRemarks":"","locationRemarks":"","lastInitial":"","userLocation":"","reviewSubmissionTime":"2016-07-30T14:24:53Z","reviewerCategories":[{"categoryId":"Everyone","categoryLabel":"Everyone"}],"userDisplayName":"","roomTypeId":200162561,"isUnverified":false,"isFlaggable":true,"isRecommended":"YES"},{"hotelId":"26500","totalPositiveFeedbacks":0,"tpid":"1","eapid":"0","contentLocale":"en_us","totalThanks":0,"photos":[],"reviewId":"57976d8156f59b0b2d923df3","itinId":"1141025605269","moderationStatus":"APPROVED","contentCodes":"","managementResponses":[],"ratingOverall":5,"langId":"1033","userNickname":"","brandType":"Expedia","title":"","reviewText":"Good room, breakfast and pool. Minor annoyances. Validation of parking didn't work, neither did USB charger outlets in conference area when going home. Staff completely clueless, which didn't feel serviceminded.","featured":false,"ratingsOnly":false,"ratingRoomCleanliness":5,"ratingHotelCondition":4,"ratingService":4,"ratingRoomComfort":4,"positiveRemarks":"","negativeRemarks":"","locationRemarks":"","lastInitial":"","userLocation":"","reviewSubmissionTime":"2016-07-26T14:02:41Z","reviewerCategories":[{"categoryId":"Everyone","categoryLabel":"Everyone"}],"userDisplayName":"","roomTypeId":200487606,"isUnverified":false,"isFlaggable":true,"isRecommended":"YES"},{"hotelId":"26500","totalPositiveFeedbacks":0,"tpid":"1","eapid":"0","contentLocale":"en_us","totalThanks":0,"photos":[],"reviewId":"57968bef92b3430b29f59856","itinId":"1140160412403","moderationStatus":"APPROVED","contentCodes":"","managementResponses":[],"ratingOverall":5,"langId":"1033","userNickname":"","brandType":"Expedia","title":"","reviewText":"Very nice room w/unexpected upgrade. Food that was purchased was prepared very nicely, tasted excellent.","featured":false,"ratingsOnly":false,"ratingRoomCleanliness":5,"ratingHotelCondition":5,"ratingService":5,"ratingRoomComfort":5,"positiveRemarks":"","negativeRemarks":"even if booked through another website (i.e. expedia - complimentary breakfast should still be served) ","locationRemarks":"","lastInitial":"","userLocation":"","reviewSubmissionTime":"2016-07-25T22:00:15Z","reviewerCategories":[{"categoryId":"Everyone","categoryLabel":"Everyone"}],"userDisplayName":"","roomTypeId":201301196,"isUnverified":false,"isFlaggable":true,"isRecommended":"YES"},{"hotelId":"26500","totalPositiveFeedbacks":0,"tpid":"1","eapid":"0","contentLocale":"en_us","totalThanks":0,"photos":[],"reviewId":"5794c54e8566a80b2a8c5ec1","itinId":"1140016975983","moderationStatus":"APPROVED","contentCodes":"","managementResponses":[],"ratingOverall":5,"langId":"1033","userNickname":"A","brandType":"Expedia","title":":)","reviewText":"This was a great place to stay after a long few days of travel. It was quiet, comfortable, clean, and the staff was very friendly. ","featured":false,"ratingsOnly":false,"ratingRoomCleanliness":5,"ratingHotelCondition":5,"ratingService":5,"ratingRoomComfort":5,"positiveRemarks":"","negativeRemarks":"","locationRemarks":"","lastInitial":"E","userLocation":"CA","reviewSubmissionTime":"2016-07-24T13:40:30Z","reviewerCategories":[{"categoryId":"Everyone","categoryLabel":"Everyone"}],"userDisplayName":"","roomTypeId":201301196,"isUnverified":false,"isFlaggable":true,"isRecommended":"YES"},{"hotelId":"26500","totalPositiveFeedbacks":0,"tpid":"1","eapid":"0","contentLocale":"en_us","totalThanks":0,"photos":[],"reviewId":"5790cc8cbff7f60b2fcb753c","itinId":"1140668322548","moderationStatus":"APPROVED","contentCodes":"","managementResponses":[],"ratingOverall":5,"langId":"1033","userNickname":"Marty","brandType":"Expedia","title":"One of the cleanest hotels in the SF Bay Area ","reviewText":"Newly renovated, clean rooms which were functional and had great ambience. Staff friendly and unobtrusive.","featured":false,"ratingsOnly":false,"ratingRoomCleanliness":5,"ratingHotelCondition":5,"ratingService":5,"ratingRoomComfort":5,"positiveRemarks":"","negativeRemarks":"","locationRemarks":"","lastInitial":"","userLocation":"","reviewSubmissionTime":"2016-07-21T13:22:20Z","reviewerCategories":[{"categoryId":"Everyone","categoryLabel":"Everyone"}],"userDisplayName":"","roomTypeId":200487606,"isUnverified":false,"isFlaggable":true,"isRecommended":"YES"},{"hotelId":"26500","totalPositiveFeedbacks":0,"tpid":"1","eapid":"0","contentLocale":"en_us","totalThanks":0,"photos":[],"reviewId":"57907d82d29e300b2856b3ea","itinId":"1140892826005","moderationStatus":"APPROVED","contentCodes":"HMP MMD","managementResponses":[],"ratingOverall":2,"langId":"1033","userNickname":"","brandType":"Expedia","title":"","reviewText":"Unbelievably loud banging and drilling starting at 7:00am and didn't stop. I was told it was from remodeling repairs. ","featured":false,"ratingsOnly":false,"ratingRoomCleanliness":5,"ratingHotelCondition":4,"ratingService":4,"ratingRoomComfort":1,"positiveRemarks":"","negativeRemarks":"","locationRemarks":"","lastInitial":"","userLocation":"","reviewSubmissionTime":"2016-07-21T07:45:06Z","reviewerCategories":[{"categoryId":"Everyone","categoryLabel":"Everyone"}],"userDisplayName":"","roomTypeId":200487644,"isUnverified":false,"isFlaggable":false,"isRecommended":"NO"}]}}}
