{"reviewDetails":{"startIndex":0,"numberOfReviewsInThisPage":20,"reviewSummaryCollection":{"reviewSummary":[{"hotelId":"4302","totalReviewCnt":851,"avgOverallRating":4.055231,"cleanliness":4.408929,"serviceAndStaff":4.2068143,"roomComfort":4.175093,"hotelCondition":4.1010575,"convenienceOfLocation":4.4465423,"neighborhoodSatisfaction":3.8805015,"roomQuality":0,"targetedBrand":"Expedia","originSummary":[{"origin":"Expedia","reviewCnt":851,"recommendedPercent":81.78613,"avgOverallRating":4.055231,"cleanliness":4.408929,"serviceAndStaff":4.2068143,"roomComfort":4.175093,"hotelCondition":4.1010575,"convenienceOfLocation":4.4465423,"neighborhoodSatisfaction":3.8805015,"valueForMoney":0,"roomQuality":0,"categoryCounts":{"Everyone":416,"BusinessTravelers":40,"Couples":59,"Students":2,"Families":52,"Other":10},"roomTypeIdCounts":{"113856":8,"200237803":5,"492419":1,"200258600":1,"151658":4,"151659":1,"200128454":56,"419478":1,"83731":47,"200237853":12,"200237852":10,"200237850":5,"502":52,"30775":33,"200237848":8,"200856544":8,"200237847":4,"334621":1,"200237811":1,"200237841":11,"113855":6,"113854":79},"languageCounts":{"en":851}}],"recommendedPercent":81.78613,"valueForMoney":0,"categoryCounts":{"Everyone":416,"BusinessTravelers":40,"Couples":59,"Students":2,"Families":52,"Other":10},"roomTypeIdCounts":{"113856":8,"200237803":5,"492419":1,"200258600":1,"151658":4,"151659":1,"200128454":56,"419478":1,"83731":47,"200237853":12,"200237852":10,"200237850":5,"502":52,"30775":33,"200237848":8,"200856544":8,"200237847":4,"334621":1,"200237811":1,"200237841":11,"113855":6,"113854":79},"languageCounts":{"en":851},"featuredReview":{}}]},"reviewCollection":{"review":[{"hotelId":"4302","totalPositiveFeedbacks":0,"tpid":"3","eapid":"0","contentLocale":"en_gb","totalThanks":0,"photos":[],"reviewId":"57b36da81a0d3d0b07e101c0","itinId":"111073389721","moderationStatus":"APPROVED","contentCodes":"","managementResponses":[],"ratingOverall":4,"langId":"2057","userNickname":"N","brandType":"Expedia","title":"Great location for shops and the pier","reviewText":"I stayed for 7 nights and found the bed to be incredibly comfy, and room was nice and clean and the staff were great. It is in walking distance of lots of attractions, if you like waking of course! ","featured":false,"ratingsOnly":false,"ratingRoomCleanliness":5,"ratingHotelCondition":5,"ratingService":5,"ratingRoomComfort":5,"positiveRemarks":"","negativeRemarks":"","locationRemarks":"","lastInitial":"","userLocation":"Lnd","reviewSubmissionTime":"2016-08-16T19:46:48Z","reviewerCategories":[{"categoryId":"Everyone","categoryLabel":"Everyone"}],"userDisplayName":"","roomTypeId":502,"isUnverified":false,"isFlaggable":true,"isRecommended":"YES"},{"hotelId":"4302","totalPositiveFeedbacks":0,"tpid":"3","eapid":"0","contentLocale":"en_gb","totalThanks":0,"photos":[],"reviewId":"57b20fa1973cb70b41255eaf","itinId":"112779706503","moderationStatus":"APPROVED","contentCodes":"","managementResponses":[],"ratingOverall":4,"langId":"2057","userNickname":"","brandType":"Expedia","title":"Enjoyed stay","reviewText":"Enjoyed our stay- loved our room and the staff were really attentive.  Would happily stay again 😊","featured":false,"ratingsOnly":false,"ratingRoomCleanliness":5,"ratingHotelCondition":5,"ratingService":4,"ratingRoomComfort":5,"positiveRemarks":"","negativeRemarks":"","locationRemarks":"","lastInitial":"","userLocation":"","reviewSubmissionTime":"2016-08-15T18:53:21Z","reviewerCategories":[{"categoryId":"Everyone","categoryLabel":"Everyone"}],"userDisplayName":"","roomTypeId":200856544,"isUnverified":false,"isFlaggable":true,"isRecommended":"YES"},{"hotelId":"4302","totalPositiveFeedbacks":0,"tpid":"1","eapid":"0","contentLocale":"en_us","totalThanks":0,"photos":[],"reviewId":"57b07b59973cb70b41b44b5f","itinId":"1132645351411","moderationStatus":"APPROVED","contentCodes":"MMA","managementResponses":[],"ratingOverall":3,"langId":"1033","userNickname":"judy","brandType":"Expedia","title":"Great hotel for business trip but not for leisure","reviewText":"The bed and pillows were was so comfortable, we wanted to bring them home. However, I found that he staff was not informed of recommendations of what to do and where to go. First time in the city and had no idea where to eat or see, and when asked the staff no one knew what to recommend. The concierge hours were 9am to 5pm so not there when we left in the morning and gone by the time we got back.","featured":false,"ratingsOnly":false,"ratingRoomCleanliness":5,"ratingHotelCondition":5,"ratingService":4,"ratingRoomComfort":5,"positiveRemarks":"","negativeRemarks":"","locationRemarks":"","lastInitial":"","userLocation":"","reviewSubmissionTime":"2016-08-14T14:08:25Z","reviewerCategories":[{"categoryId":"Everyone","categoryLabel":"Everyone"}],"userDisplayName":"","roomTypeId":502,"isUnverified":false,"isFlaggable":false,"isRecommended":"NO"},{"hotelId":"4302","totalPositiveFeedbacks":0,"tpid":"1","eapid":"0","contentLocale":"en_us","totalThanks":0,"photos":[],"reviewId":"57af99c7e8bed90b3fdd33cb","itinId":"1141330654113","moderationStatus":"APPROVED","contentCodes":"","managementResponses":[],"ratingOverall":4,"langId":"1033","userNickname":"Kanny","brandType":"Expedia","title":"Killer view","reviewText":"My friend and I stayed on the 11th floor that had a killer view of the Bay Area. Danny at the front desk really hooked us up. ","featured":false,"ratingsOnly":false,"ratingRoomCleanliness":4,"ratingHotelCondition":4,"ratingService":4,"ratingRoomComfort":4,"positiveRemarks":"","negativeRemarks":"","locationRemarks":"","lastInitial":"","userLocation":"Queens, NY","reviewSubmissionTime":"2016-08-13T22:05:59Z","reviewerCategories":[{"categoryId":"Everyone","categoryLabel":"Everyone"}],"userDisplayName":"","roomTypeId":83731,"isUnverified":false,"isFlaggable":true,"isRecommended":"YES"},{"hotelId":"4302","totalPositiveFeedbacks":0,"tpid":"63","eapid":"0","contentLocale":"en_ie","totalThanks":0,"photos":[],"reviewId":"57af7779303d3d0b063f3a7e","itinId":"15237746667","moderationStatus":"APPROVED","contentCodes":"","managementResponses":[],"ratingOverall":5,"langId":"2057","userNickname":"mir","brandType":"Expedia","title":"Central v close to union square","reviewText":"Small room but very clean v comfortable. Lovely lounge area. ","featured":false,"ratingsOnly":false,"ratingRoomCleanliness":5,"ratingHotelCondition":5,"ratingService":5,"ratingRoomComfort":5,"positiveRemarks":"","negativeRemarks":"","locationRemarks":"","lastInitial":"","userLocation":"dublin","reviewSubmissionTime":"2016-08-13T19:39:37Z","reviewerCategories":[{"categoryId":"Everyone","categoryLabel":"Everyone"}],"userDisplayName":"","roomTypeId":200128454,"isUnverified":false,"isFlaggable":true,"isRecommended":"YES"},{"hotelId":"4302","totalPositiveFeedbacks":0,"tpid":"3","eapid":"0","contentLocale":"en_gb","totalThanks":0,"photos":[],"reviewId":"57acd225292b550b05b4ef9b","itinId":"111472683881","moderationStatus":"APPROVED","contentCodes":"HMP MMD","managementResponses":[],"ratingOverall":3,"langId":"2057","userNickname":"","brandType":"Expedia","title":"Ok but poor service and poor internet lets it down","reviewText":"Hotel well placed for our visit to san fran... room ( when we eventually got one) was good, comfortable and good views...however the service is poor,,,,,when we arrived was allocated a room but when we went up to the 10th floor, room was still being cleaned, back down stairs and got another room, however the bed was broken,,,,eventually after throwing a tantrum, eventually got a room which was fine,,,,breakfast absolutley chaotic when we went,,,restaurant not big enough,,what a job to get a cup of tea!,,asked at least 4 times,,and finally wi fi,,,got it initially, howver then withdrawn,,,front desk said it was because we booked through expedia ratjer than direct,!","featured":false,"ratingsOnly":false,"ratingRoomCleanliness":5,"ratingHotelCondition":4,"ratingService":2,"ratingRoomComfort":5,"positiveRemarks":"Clean comfortable","negativeRemarks":"Customer service, wifi","locationRemarks":"Near to chinatown and financial district","lastInitial":"","userLocation":"","reviewSubmissionTime":"2016-08-11T19:29:41Z","reviewerCategories":[{"categoryId":"Everyone","categoryLabel":"Everyone"}],"userDisplayName":"","roomTypeId":200128454,"isUnverified":false,"isFlaggable":false,"isRecommended":"NO"},{"hotelId":"4302","totalPositiveFeedbacks":0,"tpid":"4","eapid":"0","contentLocale":"en_ca","totalThanks":0,"photos":[],"reviewId":"57ac9f52c5ec9b0b063e32b7","itinId":"1140621802584","moderationStatus":"APPROVED","contentCodes":"","managementResponses":[],"ratingOverall":5,"langId":"4105","userNickname":"","brandType":"Expedia","title":"Great Location Helpful Staff","reviewText":"Hotel has a great location and was surprisingly very quiet.  Staff were EXCELLENT! Free Wifi upgrade on check-in, concierge very helpful with restaurant and attraction bookings.  Rooms were clean and modern.  Large for older hotel in downtown area.","featured":false,"ratingsOnly":false,"ratingRoomCleanliness":5,"ratingHotelCondition":5,"ratingService":5,"ratingRoomComfort":5,"positiveRemarks":"","negativeRemarks":"","locationRemarks":"","lastInitial":"","userLocation":"","reviewSubmissionTime":"2016-08-11T15:52:50Z","reviewerCategories":[{"categoryId":"Everyone","categoryLabel":"Everyone"}],"userDisplayName":"","roomTypeId":83731,"isUnverified":false,"isFlaggable":true,"isRecommended":"YES"},{"hotelId":"4302","totalPositiveFeedbacks":0,"tpid":"25","eapid":"0","contentLocale":"en_au","totalThanks":0,"photos":[],"reviewId":"57ac81dcefe1ee0b05d97159","itinId":"18337240687","moderationStatus":"APPROVED","contentCodes":"MMA","managementResponses":[],"ratingOverall":4,"langId":"3081","userNickname":"Doug","brandType":"Expedia","title":"Convenient Location, Good Deal","reviewText":"Located on the edge of Chinatown and an easy walk to waterfront, its an ideal place for San Francisco stopover. ","featured":false,"ratingsOnly":false,"ratingRoomCleanliness":4,"ratingHotelCondition":4,"ratingService":4,"ratingRoomComfort":5,"positiveRemarks":"Quick and easy check in and clean and well serviced rooms. ","negativeRemarks":"The complimentary Wifi is really disappointing. Drops out frequently and simple searches take ages to complete. Very frustrating.","locationRemarks":"The Sausalito and Larspur ferry services are  easy walk from the hotel. Union Square and Fishermans Wharf are also easily accessibe. ","lastInitial":"P","userLocation":"Sydney","reviewSubmissionTime":"2016-08-11T13:47:08Z","reviewerCategories":[{"categoryId":"Families","categoryLabel":"Families"}],"userDisplayName":"","roomTypeId":200128454,"isUnverified":false,"isFlaggable":false,"isRecommended":"YES"},{"hotelId":"4302","totalPositiveFeedbacks":0,"tpid":"1","eapid":"0","contentLocale":"en_us","totalThanks":0,"photos":[],"reviewId":"57a94b6e1563430b29d90116","itinId":"1140649328247","moderationStatus":"APPROVED","contentCodes":"","managementResponses":[],"ratingOverall":5,"langId":"1033","userNickname":"marieben","brandType":"Expedia","title":"Great hotel for tourists","reviewText":"Great hotel close to Chinatown. The staff was great! The Filipino guy in the front by the computer was super helpful when asked about best dimsum, Filipino food, taxi vs BART vs uber, etc. Mamie at the restaurant for breakfast was super helpful and understanding! Thank u and would stay here again when we come back :)","featured":false,"ratingsOnly":false,"ratingRoomCleanliness":5,"ratingHotelCondition":5,"ratingService":5,"ratingRoomComfort":5,"positiveRemarks":"","negativeRemarks":"","locationRemarks":"","lastInitial":"","userLocation":"denver, colorado","reviewSubmissionTime":"2016-08-09T03:18:06Z","reviewerCategories":[{"categoryId":"Everyone","categoryLabel":"Everyone"}],"userDisplayName":"","roomTypeId":83731,"isUnverified":false,"isFlaggable":true,"isRecommended":"YES"},{"hotelId":"4302","totalPositiveFeedbacks":0,"tpid":"1","eapid":"0","contentLocale":"en_us","totalThanks":0,"photos":[],"reviewId":"57a902ee87fcf70b09e4ba58","itinId":"1141778395883","moderationStatus":"APPROVED","contentCodes":"","managementResponses":[],"ratingOverall":5,"langId":"1033","userNickname":"cathy","brandType":"Expedia","title":"Nice hotel close to good restaurants and shopping ","reviewText":"Very good location and nice room. Close to BART and Chinatown.  Staff are very polite.  The clean crew are very polite too.  The breakfast buffet was not good, too expensive, but side order are good, very economic.","featured":false,"ratingsOnly":false,"ratingRoomCleanliness":5,"ratingHotelCondition":5,"ratingService":5,"ratingRoomComfort":5,"positiveRemarks":"","negativeRemarks":"","locationRemarks":"","lastInitial":"","userLocation":"washinton, DC","reviewSubmissionTime":"2016-08-08T22:08:46Z","reviewerCategories":[{"categoryId":"Everyone","categoryLabel":"Everyone"}],"userDisplayName":"","roomTypeId":83731,"isUnverified":false,"isFlaggable":true,"isRecommended":"YES"},{"hotelId":"4302","totalPositiveFeedbacks":0,"tpid":"3","eapid":"0","contentLocale":"en_gb","totalThanks":0,"photos":[{"thumbnailUrl":"https://a.travel-assets.com/ugc/hotel-reviews/BFFCE029BAF0A2906909519279AA0257757CC6B51470672370938.jpg?resize=100:*","normalUrl":"https://a.travel-assets.com/ugc/hotel-reviews/BFFCE029BAF0A2906909519279AA0257757CC6B51470672370938.jpg?resize=360:*","caption":"Misted window for 3 days. "}],"reviewId":"57a8a2e30a81ec0b2e5f83f1","itinId":"111593755834","moderationStatus":"APPROVED","contentCodes":"HMP","managementResponses":[],"ratingOverall":3,"langId":"2057","userNickname":"Parry","brandType":"Expedia","title":"Ok hotel just abit dated/tired now. ","reviewText":"Couldn't see out of window as glass was misted up for 3 days, old glazing. Lifts are a nightmare, 4 lifts for the size of building is poor Can have long wait. Room was ok, sound proofing poor could hear noise from next rooms. Bathroom ceiling paint blistered, Walls in bedroom by desk marked. Check in /out slow.  Maid service excellent. ","featured":false,"ratingsOnly":false,"ratingRoomCleanliness":5,"ratingHotelCondition":3,"ratingService":4,"ratingRoomComfort":3,"positiveRemarks":"","negativeRemarks":"","locationRemarks":"","lastInitial":"","userLocation":"","reviewSubmissionTime":"2016-08-08T15:18:59Z","reviewerCategories":[{"categoryId":"Everyone","categoryLabel":"Everyone"}],"userDisplayName":"","roomTypeId":200856544,"isUnverified":false,"isFlaggable":false,"isRecommended":"NO"},{"hotelId":"4302","totalPositiveFeedbacks":0,"tpid":"14","eapid":"0","contentLocale":"en_sg","totalThanks":0,"photos":[],"reviewId":"57a51287075f640b27bb11c9","itinId":"131836515900","moderationStatus":"APPROVED","contentCodes":"HMP MMD","managementResponses":[],"ratingOverall":5,"langId":"2057","userNickname":"Von","brandType":"Expedia","title":"Great location!","reviewText":"Great location to be based and access most of SF places of interest by foot. \r\n\r\n","featured":false,"ratingsOnly":false,"ratingRoomCleanliness":5,"ratingHotelCondition":5,"ratingService":5,"ratingRoomComfort":5,"positiveRemarks":"","negativeRemarks":"","locationRemarks":"","lastInitial":"","userLocation":"Singapore","reviewSubmissionTime":"2016-08-05T22:26:15Z","reviewerCategories":[{"categoryId":"Everyone","categoryLabel":"Everyone"}],"userDisplayName":"","roomTypeId":200856544,"isUnverified":false,"isFlaggable":false,"isRecommended":"YES"},{"hotelId":"4302","totalPositiveFeedbacks":0,"tpid":"1","eapid":"0","contentLocale":"en_us","totalThanks":0,"photos":[],"reviewId":"57a3448e94356f0b28873a33","itinId":"1125439949656","moderationStatus":"APPROVED","contentCodes":"","managementResponses":[],"ratingOverall":5,"langId":"1033","userNickname":"Victor","brandType":"Expedia","title":"Nice hotel and perfect location","reviewText":"Good experience at Hilton Financial District. Beautiful hotel, very clean, friendly staff, awesome location with good access to every where in SF. I recomend this hotel","featured":false,"ratingsOnly":false,"ratingRoomCleanliness":5,"ratingHotelCondition":5,"ratingService":5,"ratingRoomComfort":5,"positiveRemarks":"","negativeRemarks":"","locationRemarks":"","lastInitial":"","userLocation":"FL","reviewSubmissionTime":"2016-08-04T13:35:10Z","reviewerCategories":[{"categoryId":"Everyone","categoryLabel":"Everyone"}],"userDisplayName":"","roomTypeId":200856544,"isUnverified":false,"isFlaggable":true,"isRecommended":"YES"},{"hotelId":"4302","totalPositiveFeedbacks":1,"tpid":"4","eapid":"0","contentLocale":"en_ca","totalThanks":1,"photos":[],"reviewId":"57a272a81563430b292975b7","itinId":"1139661029080","moderationStatus":"APPROVED","contentCodes":"","managementResponses":[],"ratingOverall":3,"langId":"4105","userNickname":"LC","brandType":"Expedia","title":"Convenient Location but needs better maintenance.","reviewText":"Love the location of the hotel, with close access to Chinatown, Financial District, Harbour, and Shopping District. Ideal if you are not driving. The downside is that the maintenance of the hotel is not quite up to Hilton's Standards. The lights are dim and hallway needs renovation. The most disappointing thing is that our room has a great view but the outside of the windows are extremely dirty. ","featured":false,"ratingsOnly":false,"ratingRoomCleanliness":3,"ratingHotelCondition":2,"ratingService":3,"ratingRoomComfort":3,"positiveRemarks":"","negativeRemarks":"","locationRemarks":"","lastInitial":"","userLocation":"Edmonton, AB","reviewSubmissionTime":"2016-08-03T22:39:36Z","reviewerCategories":[{"categoryId":"Everyone","categoryLabel":"Everyone"}],"userDisplayName":"","roomTypeId":200237841,"isUnverified":false,"isFlaggable":true,"isRecommended":"YES"},{"hotelId":"4302","totalPositiveFeedbacks":0,"tpid":"4","eapid":"0","contentLocale":"en_ca","totalThanks":0,"photos":[],"reviewId":"57a0b1e1647eae0b29d096a3","itinId":"1140052029811","moderationStatus":"APPROVED","contentCodes":"","managementResponses":[],"ratingOverall":4,"langId":"4105","userNickname":"Dean","brandType":"Expedia","title":"Great central location","reviewText":"Location was perfect , had an incident with a domestic dispute next door to us but was not hotel's fault; bathtub had two hairs in it upon arrival; early check in was great and very good staff,had trouble getting hot water 2 of the 4 nights.","featured":false,"ratingsOnly":false,"ratingRoomCleanliness":3,"ratingHotelCondition":3,"ratingService":5,"ratingRoomComfort":4,"positiveRemarks":"","negativeRemarks":"","locationRemarks":"","lastInitial":"","userLocation":"london , ontario","reviewSubmissionTime":"2016-08-02T14:44:49Z","reviewerCategories":[{"categoryId":"Everyone","categoryLabel":"Everyone"}],"userDisplayName":"","roomTypeId":30775,"isUnverified":false,"isFlaggable":true,"isRecommended":"YES"},{"hotelId":"4302","totalPositiveFeedbacks":0,"tpid":"1","eapid":"0","contentLocale":"en_us","totalThanks":0,"photos":[],"reviewId":"57a0a006bc131a0b2813b993","itinId":"1130264311286","moderationStatus":"APPROVED","contentCodes":"","managementResponses":[],"ratingOverall":5,"langId":"1033","userNickname":"blanca","brandType":"Expedia","title":"nice hotel","reviewText":"I arrive late but I havent any problem the staff whas very friendly ","featured":false,"ratingsOnly":false,"ratingRoomCleanliness":5,"ratingHotelCondition":5,"ratingService":5,"ratingRoomComfort":5,"positiveRemarks":"the confort","negativeRemarks":"","locationRemarks":"","lastInitial":"e","userLocation":"los angeles","reviewSubmissionTime":"2016-08-02T13:28:38Z","reviewerCategories":[{"categoryId":"Everyone","categoryLabel":"Everyone"}],"userDisplayName":"","roomTypeId":200128454,"isUnverified":false,"isFlaggable":true,"isRecommended":"YES"},{"hotelId":"4302","totalPositiveFeedbacks":0,"tpid":"4","eapid":"0","contentLocale":"en_ca","totalThanks":0,"photos":[{"thumbnailUrl":"https://a.travel-assets.com/ugc/hotel-reviews/2517D479BE13345C07F9FFE2265F786EA6D323B81469890899913.jpg?resize=100:*","normalUrl":"https://a.travel-assets.com/ugc/hotel-reviews/2517D479BE13345C07F9FFE2265F786EA6D323B81469890899913.jpg?resize=360:*","caption":""}],"reviewId":"579cb81db5f12f0b07c71554","itinId":"1127875986555","moderationStatus":"APPROVED","contentCodes":"HMP","managementResponses":[],"ratingOverall":4,"langId":"4105","userNickname":"","brandType":"Expedia","title":"Great walking distance to all major sites and attr","reviewText":"Would definitely stay again.  Nice helpful staff best parking rate even with valet service ","featured":false,"ratingsOnly":false,"ratingRoomCleanliness":5,"ratingHotelCondition":5,"ratingService":5,"ratingRoomComfort":5,"positiveRemarks":"","negativeRemarks":"","locationRemarks":"","lastInitial":"","userLocation":"","reviewSubmissionTime":"2016-07-30T14:22:21Z","reviewerCategories":[{"categoryId":"Everyone","categoryLabel":"Everyone"}],"userDisplayName":"","roomTypeId":502,"isUnverified":false,"isFlaggable":false,"isRecommended":"YES"},{"hotelId":"4302","totalPositiveFeedbacks":0,"tpid":"1","eapid":"0","contentLocale":"en_us","totalThanks":0,"photos":[],"reviewId":"5797c1803a803a0b28947009","itinId":"1141247146276","moderationStatus":"APPROVED","contentCodes":"","managementResponses":[],"ratingOverall":5,"langId":"1033","userNickname":"deidra","brandType":"Expedia","title":"Nice hotel and view across from china town! ","reviewText":"Loved the room, loved everything about this Hotel. I will definitely be staying here on my next trip to San Francisco. ","featured":false,"ratingsOnly":false,"ratingRoomCleanliness":5,"ratingHotelCondition":5,"ratingService":5,"ratingRoomComfort":5,"positiveRemarks":"","negativeRemarks":"","locationRemarks":"","lastInitial":"","userLocation":"Hanford Ca","reviewSubmissionTime":"2016-07-26T20:01:04Z","reviewerCategories":[{"categoryId":"Everyone","categoryLabel":"Everyone"}],"userDisplayName":"","roomTypeId":200856544,"isUnverified":false,"isFlaggable":true,"isRecommended":"YES"},{"hotelId":"4302","totalPositiveFeedbacks":0,"tpid":"4","eapid":"0","contentLocale":"en_ca","totalThanks":0,"photos":[],"reviewId":"579783653a803a0b28c0f8a3","itinId":"1140722199267","moderationStatus":"APPROVED","contentCodes":"","managementResponses":[],"ratingOverall":5,"langId":"4105","userNickname":"","brandType":"Expedia","title":"","reviewText":"Couldn't of asked for better.  Really enjoyed our stay.","featured":false,"ratingsOnly":false,"ratingRoomCleanliness":5,"ratingHotelCondition":5,"ratingService":5,"ratingRoomComfort":5,"positiveRemarks":"","negativeRemarks":"","locationRemarks":"","lastInitial":"","userLocation":"","reviewSubmissionTime":"2016-07-26T15:36:05Z","reviewerCategories":[{"categoryId":"Everyone","categoryLabel":"Everyone"}],"userDisplayName":"","roomTypeId":200237853,"isUnverified":false,"isFlaggable":true,"isRecommended":"YES"},{"hotelId":"4302","totalPositiveFeedbacks":0,"tpid":"3","eapid":"0","contentLocale":"en_gb","totalThanks":0,"photos":[],"reviewId":"579635dac4201a0b297e693a","itinId":"112089330582","moderationStatus":"APPROVED","contentCodes":"","managementResponses":[],"ratingOverall":4,"langId":"2057","userNickname":"Alan","brandType":"Expedia","title":"Nice hotel near Chinatown, Financial District.","reviewText":"Spent 3 nights in early July as a base to tour San Francisco.  Good location and better value than many hotels around Union Square.","featured":false,"ratingsOnly":false,"ratingRoomCleanliness":4,"ratingHotelCondition":4,"ratingService":4,"ratingRoomComfort":3,"positiveRemarks":"Typical Hilton services.  Desk and front of house staff very helpful.","negativeRemarks":"","locationRemarks":"Handy for Chinatown, Fin District, North Beach.  Plenty of restaurants nearby.","lastInitial":"B","userLocation":"Scotland","reviewSubmissionTime":"2016-07-25T15:52:58Z","reviewerCategories":[{"categoryId":"Everyone","categoryLabel":"Everyone"}],"userDisplayName":"","roomTypeId":200128454,"isUnverified":false,"isFlaggable":true,"isRecommended":"YES"}]}}}
