{"reviewDetails":{"startIndex":0,"numberOfReviewsInThisPage":20,"reviewSummaryCollection":{"reviewSummary":[{"hotelId":"10323","totalReviewCnt":585,"avgOverallRating":4.0683765,"cleanliness":4.3692327,"serviceAndStaff":4.270087,"roomComfort":4.1794825,"hotelCondition":4.1675205,"convenienceOfLocation":4.3703704,"neighborhoodSatisfaction":4.1111107,"roomQuality":0,"targetedBrand":"Expedia","originSummary":[{"origin":"Expedia","reviewCnt":585,"recommendedPercent":86.49573,"avgOverallRating":4.0683765,"cleanliness":4.3692327,"serviceAndStaff":4.270087,"roomComfort":4.1794825,"hotelCondition":4.1675205,"convenienceOfLocation":4.3703704,"neighborhoodSatisfaction":4.1111107,"valueForMoney":0,"roomQuality":0,"categoryCounts":{"Everyone":429,"BusinessTravelers":18,"Couples":23,"Students":2,"Families":20,"Other":4},"roomTypeIdCounts":{"157026":91,"200267838":9,"403956":33,"200259773":4,"200267821":11,"157025":105,"200267836":7,"200267817":34,"201124741":1,"200267829":14,"200267824":35,"163709":24},"languageCounts":{"en":585}}],"recommendedPercent":86.49573,"valueForMoney":0,"categoryCounts":{"Everyone":429,"BusinessTravelers":18,"Couples":23,"Students":2,"Families":20,"Other":4},"roomTypeIdCounts":{"157026":91,"200267838":9,"403956":33,"200259773":4,"200267821":11,"157025":105,"200267836":7,"200267817":34,"201124741":1,"200267829":14,"200267824":35,"163709":24},"languageCounts":{"en":585},"featuredReview":{}}]},"reviewCollection":{"review":[{"hotelId":"10323","totalPositiveFeedbacks":0,"tpid":"1","eapid":"0","contentLocale":"en_us","totalThanks":0,"photos":[],"reviewId":"57b35da57d9f220b07331325","itinId":"1143140749872","moderationStatus":"APPROVED","contentCodes":"","managementResponses":[],"ratingOverall":4,"langId":"1033","userNickname":"Bob ","brandType":"Expedia","title":"Easy access to SF and dinning","reviewText":"This was our third use of this facility and again we enjoyed our stay.  The facility is comfortable and kept well.  We  are retired and the price and  'ease of use' are important for us.  Not only does the hotel meet our needs, there's attractive shopping and dinning within a few blocks.  The proximity to the Bay Bridge is appealing.  There are a number of historic and entertaining site near this location, i.e., Jack London Square (Oakland); Pier 39 (SF); and Rosie the Rivitor NP (Richmond).","featured":false,"ratingsOnly":false,"ratingRoomCleanliness":5,"ratingHotelCondition":4,"ratingService":4,"ratingRoomComfort":5,"positiveRemarks":"The facility is comfortable and well kept.  We are retired, so price and ease of use are important to us.  The hotel meets our needs.","negativeRemarks":"Nothing for us.","locationRemarks":"There is attractive shopping and dining within a few blocks. There are special attractions in SF, Oakland, and Richmond.  The SF Bridge is close.","lastInitial":"W","userLocation":"Sacramento, CA","reviewSubmissionTime":"2016-08-16T18:38:29Z","reviewerCategories":[{"categoryId":"Everyone","categoryLabel":"Everyone"}],"userDisplayName":"","roomTypeId":200267817,"isUnverified":false,"isFlaggable":true,"isRecommended":"YES"},{"hotelId":"10323","totalPositiveFeedbacks":1,"tpid":"1","eapid":"0","contentLocale":"en_us","totalThanks":1,"photos":[],"reviewId":"57a6d8ec849f110b28370b7a","itinId":"1142451309837","moderationStatus":"APPROVED","contentCodes":"","managementResponses":[],"ratingOverall":4,"langId":"1033","userNickname":"","brandType":"Expedia","title":"Good location","reviewText":"Needed a reasonable place just outside of SF to rest.  We ended up getting in too late to use the pool, but the room was comfortable.","featured":false,"ratingsOnly":false,"ratingRoomCleanliness":4,"ratingHotelCondition":4,"ratingService":4,"ratingRoomComfort":4,"positiveRemarks":"Location.","negativeRemarks":"Get rid of the useless compact car spots.  You end up just having people take up two spots and if not worrying about your car doors getting dinged up.","locationRemarks":"","lastInitial":"","userLocation":"","reviewSubmissionTime":"2016-08-07T06:45:00Z","reviewerCategories":[{"categoryId":"Everyone","categoryLabel":"Everyone"}],"userDisplayName":"","roomTypeId":200267824,"isUnverified":false,"isFlaggable":true,"isRecommended":"YES"},{"hotelId":"10323","totalPositiveFeedbacks":0,"tpid":"1","eapid":"0","contentLocale":"en_us","totalThanks":0,"photos":[],"reviewId":"579c7cc887f8460b0696d179","itinId":"1141246341838","moderationStatus":"APPROVED","contentCodes":"","managementResponses":[],"ratingOverall":4,"langId":"1033","userNickname":"","brandType":"Expedia","title":"Nice hotel with easy freeway access.","reviewText":"Enjoyed the hotel very much. Slight cleanliness issues on curtains with dust, but overall pleasant experience.","featured":false,"ratingsOnly":false,"ratingRoomCleanliness":4,"ratingHotelCondition":4,"ratingService":5,"ratingRoomComfort":5,"positiveRemarks":"","negativeRemarks":"","locationRemarks":"","lastInitial":"","userLocation":"","reviewSubmissionTime":"2016-07-30T10:09:12Z","reviewerCategories":[{"categoryId":"Everyone","categoryLabel":"Everyone"}],"userDisplayName":"","roomTypeId":157026,"isUnverified":false,"isFlaggable":true,"isRecommended":"YES"},{"hotelId":"10323","totalPositiveFeedbacks":0,"tpid":"1","eapid":"0","contentLocale":"en_us","totalThanks":0,"photos":[],"reviewId":"5784cc9de7401f0b470a1ab3","itinId":"1137842806840","moderationStatus":"APPROVED","contentCodes":"","managementResponses":[],"ratingOverall":5,"langId":"1033","userNickname":"","brandType":"Expedia","title":"Nice Hotel","reviewText":"The hotel was great, a little further from San Fran than I'd hoped, but a nice hotel just outside the city.","featured":false,"ratingsOnly":false,"ratingRoomCleanliness":5,"ratingHotelCondition":5,"ratingService":5,"ratingRoomComfort":5,"positiveRemarks":"","negativeRemarks":"","locationRemarks":"","lastInitial":"","userLocation":"","reviewSubmissionTime":"2016-07-12T10:55:25Z","reviewerCategories":[{"categoryId":"Everyone","categoryLabel":"Everyone"}],"userDisplayName":"","roomTypeId":200267817,"isUnverified":false,"isFlaggable":true,"isRecommended":"YES"},{"hotelId":"10323","totalPositiveFeedbacks":0,"tpid":"1","eapid":"0","contentLocale":"en_us","totalThanks":0,"photos":[],"reviewId":"5783f2a986a89c0b48882ecd","itinId":"1128030374778","moderationStatus":"APPROVED","contentCodes":"HMP MMD","managementResponses":[],"ratingOverall":3,"langId":"1033","userNickname":"","brandType":"Expedia","title":"Hotel Staff should be lower level vs other hotels","reviewText":"I asked hotel staff to bring nail cutter & opener, however they said that nail cutter is not available and I am required to go to bar to ask open.   I bought bottle of beer at front desk and it needs to be open by opener only.  Hotel should prepare the opener for their customer.   I have had good impression regarding Hilton Garden Inn based upon my experiences at other places, however I have been disappointed with this location at San Francisco.","featured":false,"ratingsOnly":false,"ratingRoomCleanliness":4,"ratingHotelCondition":3,"ratingService":2,"ratingRoomComfort":4,"positiveRemarks":"","negativeRemarks":"","locationRemarks":"","lastInitial":"","userLocation":"Houston, TX","reviewSubmissionTime":"2016-07-11T19:25:29Z","reviewerCategories":[{"categoryId":"Families","categoryLabel":"Families"}],"userDisplayName":"","roomTypeId":157026,"isUnverified":false,"isFlaggable":false,"isRecommended":"YES"},{"hotelId":"10323","totalPositiveFeedbacks":0,"tpid":"1","eapid":"0","contentLocale":"en_us","totalThanks":0,"photos":[],"reviewId":"577a7388632a550b7de220a7","itinId":"1137678447651","moderationStatus":"APPROVED","contentCodes":"","managementResponses":[],"ratingOverall":2,"langId":"1033","userNickname":"From Phx","brandType":"Expedia","title":"Distant from a main areas","reviewText":"Only one restuarant nearby. Closes beach you could get to from here is 9miles and very small at that. To get here on city transport is hectic unless u out have a car or constantly Uber/lyft ($$). No big pool only a small hot tub. Pricey bar and in dinning in hotel.","featured":false,"ratingsOnly":false,"ratingRoomCleanliness":3,"ratingHotelCondition":3,"ratingService":3,"ratingRoomComfort":3,"positiveRemarks":"","negativeRemarks":"","locationRemarks":"","lastInitial":"","userLocation":"Phoenician ","reviewSubmissionTime":"2016-07-04T14:32:40Z","reviewerCategories":[{"categoryId":"Everyone","categoryLabel":"Everyone"}],"userDisplayName":"","roomTypeId":157026,"isUnverified":false,"isFlaggable":true,"isRecommended":"NO"},{"hotelId":"10323","totalPositiveFeedbacks":0,"tpid":"1","eapid":"0","contentLocale":"en_us","totalThanks":0,"photos":[],"reviewId":"57740a6ddf87d732f1d816c2","itinId":"1136715980381","moderationStatus":"APPROVED","contentCodes":"MMA","managementResponses":[],"ratingOverall":3,"langId":"1033","userNickname":"Doug","brandType":"Expedia","title":"Nice Locatiob","reviewText":"Nice jumping off point to get to SF quickly. Room was nice would have liked bay view not freeway view.. Noise all night from on ramp.. Made reservation far enough in advance that I thought I should have had better location","featured":false,"ratingsOnly":false,"ratingRoomCleanliness":4,"ratingHotelCondition":3,"ratingService":2,"ratingRoomComfort":4,"positiveRemarks":"","negativeRemarks":"","locationRemarks":"","lastInitial":"","userLocation":"San Diego","reviewSubmissionTime":"2016-06-29T17:50:37Z","reviewerCategories":[{"categoryId":"Everyone","categoryLabel":"Everyone"}],"userDisplayName":"","roomTypeId":157026,"isUnverified":false,"isFlaggable":false,"isRecommended":"YES"},{"hotelId":"10323","totalPositiveFeedbacks":0,"tpid":"1","eapid":"0","contentLocale":"en_us","totalThanks":0,"photos":[],"reviewId":"576bfe6f99fac30b83f3b83d","itinId":"1137128852848","moderationStatus":"APPROVED","contentCodes":"MMA","managementResponses":[],"ratingOverall":2,"langId":"1033","userNickname":"Ben","brandType":"Expedia","title":"very bad experience ","reviewText":"Awaken by noices from top floor at 5AM and some construction noices at around 7. Front desk lady was rude when we checked in saying we couldn't park at the back if we don't pay with loud tone. Called me \"that guy\".","featured":false,"ratingsOnly":false,"ratingRoomCleanliness":4,"ratingHotelCondition":2,"ratingService":3,"ratingRoomComfort":3,"positiveRemarks":"","negativeRemarks":"","locationRemarks":"","lastInitial":"A","userLocation":"Fairfield Ca","reviewSubmissionTime":"2016-06-23T15:21:19Z","reviewerCategories":[{"categoryId":"Everyone","categoryLabel":"Everyone"}],"userDisplayName":"","roomTypeId":157025,"isUnverified":false,"isFlaggable":false,"isRecommended":"NO"},{"hotelId":"10323","totalPositiveFeedbacks":1,"tpid":"1","eapid":"0","contentLocale":"en_us","totalThanks":1,"photos":[],"reviewId":"5753a1fff7dffc0b7999becc","itinId":"1133059037658","moderationStatus":"APPROVED","contentCodes":"HMP MMD","managementResponses":[],"ratingOverall":1,"langId":"1033","userNickname":"Adam","brandType":"Expedia","title":"Terrible","reviewText":"Staff was neither polite nor accomodating.  Would not grant a late check-out unless i was able to locate a loyalty acct number.  I definitely have one because i am incessantly barraged with their hhonors spam, but of course cant find the number.  I was also advised & assured that I had a zero balance upon check-in and check-out, but then they proceeded to charge me for the room four days after leaving, and added a 25 dollar \"deposit\" charge for each room.  Not sure what the hell a \"deposit\" charge is for... but i'm it's just a way to deceptively raise the rate for the room.\r\n\r\nThe location was the only thing pisitive... find another place to stay","featured":false,"ratingsOnly":false,"ratingRoomCleanliness":2,"ratingHotelCondition":2,"ratingService":1,"ratingRoomComfort":1,"positiveRemarks":"","negativeRemarks":"","locationRemarks":"","lastInitial":"","userLocation":"OC","reviewSubmissionTime":"2016-06-05T03:52:31Z","reviewerCategories":[{"categoryId":"Everyone","categoryLabel":"Everyone"}],"userDisplayName":"","roomTypeId":157026,"isUnverified":false,"isFlaggable":false,"isRecommended":"NO"},{"hotelId":"10323","totalPositiveFeedbacks":0,"tpid":"1","eapid":"0","contentLocale":"en_us","totalThanks":0,"photos":[],"reviewId":"57488e07a82dae09fa058a29","itinId":"1135488853059","moderationStatus":"APPROVED","contentCodes":"","managementResponses":[],"ratingOverall":5,"langId":"1033","userNickname":"","brandType":"Expedia","title":"","reviewText":"Awesome staff! Super friendly, they had everything we needed. ","featured":false,"ratingsOnly":false,"ratingRoomCleanliness":5,"ratingHotelCondition":5,"ratingService":5,"ratingRoomComfort":5,"positiveRemarks":"","negativeRemarks":"","locationRemarks":"","lastInitial":"","userLocation":"","reviewSubmissionTime":"2016-05-27T18:12:23Z","reviewerCategories":[{"categoryId":"Everyone","categoryLabel":"Everyone"}],"userDisplayName":"","roomTypeId":200267824,"isUnverified":false,"isFlaggable":true,"isRecommended":"YES"},{"hotelId":"10323","totalPositiveFeedbacks":0,"tpid":"1","eapid":"0","contentLocale":"en_us","totalThanks":0,"photos":[],"reviewId":"5745ccec227ffc09fc9d7744","itinId":"1133485549752","moderationStatus":"APPROVED","contentCodes":"","managementResponses":[],"ratingOverall":4,"langId":"1033","userNickname":"","brandType":"Expedia","title":"Businessman type hotel","reviewText":"My only negative observation would be that there was no luggage assistance, from a Hilton I think this would be a service they should offer, otherwise the hotel was fine","featured":false,"ratingsOnly":false,"ratingRoomCleanliness":5,"ratingHotelCondition":4,"ratingService":5,"ratingRoomComfort":5,"positiveRemarks":"","negativeRemarks":"","locationRemarks":"","lastInitial":"","userLocation":"","reviewSubmissionTime":"2016-05-25T16:03:56Z","reviewerCategories":[{"categoryId":"Everyone","categoryLabel":"Everyone"}],"userDisplayName":"","roomTypeId":201124741,"isUnverified":false,"isFlaggable":true,"isRecommended":"YES"},{"hotelId":"10323","totalPositiveFeedbacks":0,"tpid":"1","eapid":"0","contentLocale":"en_us","totalThanks":0,"photos":[],"reviewId":"5745c13ddf31bd09fa0360d8","itinId":"1133507085601","moderationStatus":"APPROVED","contentCodes":"","managementResponses":[],"ratingOverall":4,"langId":"1033","userNickname":"Anne","brandType":"Expedia","title":"visiting our daughter in Oakland. great location!","reviewText":"The location was perfect for us. Rooms, while not huge, were comfortable and clean. Staff was helpful and friendly.","featured":false,"ratingsOnly":false,"ratingRoomCleanliness":5,"ratingHotelCondition":5,"ratingService":5,"ratingRoomComfort":5,"positiveRemarks":"location. clean","negativeRemarks":"awful cookies!!","locationRemarks":"","lastInitial":"G","userLocation":"Basking Ridge, NJ","reviewSubmissionTime":"2016-05-25T15:14:05Z","reviewerCategories":[{"categoryId":"Everyone","categoryLabel":"Everyone"}],"userDisplayName":"","roomTypeId":157025,"isUnverified":false,"isFlaggable":true,"isRecommended":"YES"},{"hotelId":"10323","totalPositiveFeedbacks":0,"tpid":"1","eapid":"0","contentLocale":"en_us","totalThanks":0,"photos":[],"reviewId":"574381922a20e109fb23af4d","itinId":"1135790179841","moderationStatus":"APPROVED","contentCodes":"","managementResponses":[],"ratingOverall":4,"langId":"1033","userNickname":"Charles","brandType":"Expedia","title":"Nice hotel centrally located...","reviewText":"Very comfortable, friendly and accommodating staff.  ","featured":false,"ratingsOnly":false,"ratingRoomCleanliness":5,"ratingHotelCondition":5,"ratingService":5,"ratingRoomComfort":4,"positiveRemarks":"Cleanliness","negativeRemarks":"The pillows and an extra blanket.","locationRemarks":"Excellent location!","lastInitial":"","userLocation":"Chico, CA","reviewSubmissionTime":"2016-05-23T22:17:54Z","reviewerCategories":[{"categoryId":"Everyone","categoryLabel":"Everyone"}],"userDisplayName":"","roomTypeId":200267838,"isUnverified":false,"isFlaggable":true,"isRecommended":"YES"},{"hotelId":"10323","totalPositiveFeedbacks":0,"tpid":"1","eapid":"0","contentLocale":"en_us","totalThanks":0,"photos":[],"reviewId":"573d7e44b2013f09fed8fa48","itinId":"1135125753766","moderationStatus":"APPROVED","contentCodes":"","managementResponses":[],"ratingOverall":3,"langId":"1033","userNickname":"","brandType":"Expedia","title":"Parking was terrible! ","reviewText":"I thought paying for parking at the hotel was ridiculous.","featured":false,"ratingsOnly":false,"ratingRoomCleanliness":3,"ratingHotelCondition":3,"ratingService":3,"ratingRoomComfort":3,"positiveRemarks":"","negativeRemarks":"","locationRemarks":"","lastInitial":"","userLocation":"","reviewSubmissionTime":"2016-05-19T08:50:12Z","reviewerCategories":[{"categoryId":"Everyone","categoryLabel":"Everyone"}],"userDisplayName":"","roomTypeId":157025,"isUnverified":false,"isFlaggable":true,"isRecommended":"YES"},{"hotelId":"10323","totalPositiveFeedbacks":0,"tpid":"1","eapid":"0","contentLocale":"en_us","totalThanks":0,"photos":[],"reviewId":"5734b2e7fd62b709fc622543","itinId":"1134166063972","moderationStatus":"APPROVED","contentCodes":"","managementResponses":[],"ratingOverall":4,"langId":"1033","userNickname":"","brandType":"Expedia","title":"Reasonably priced for the location ","reviewText":"Went to the giants game and this was the perfect place to stay","featured":false,"ratingsOnly":false,"ratingRoomCleanliness":5,"ratingHotelCondition":4,"ratingService":5,"ratingRoomComfort":5,"positiveRemarks":"","negativeRemarks":"","locationRemarks":"","lastInitial":"","userLocation":"","reviewSubmissionTime":"2016-05-12T16:44:23Z","reviewerCategories":[{"categoryId":"Everyone","categoryLabel":"Everyone"}],"userDisplayName":"","roomTypeId":157025,"isUnverified":false,"isFlaggable":true,"isRecommended":"YES"},{"hotelId":"10323","totalPositiveFeedbacks":1,"tpid":"1","eapid":"0","contentLocale":"en_us","totalThanks":1,"photos":[],"reviewId":"572698d36e5c5909e0e84f96","itinId":"1133722439272","moderationStatus":"APPROVED","contentCodes":"","managementResponses":[],"ratingOverall":4,"langId":"1033","userNickname":"","brandType":"Expedia","title":"","reviewText":"Staff was pleasant , room was good not great, on the small side.","featured":false,"ratingsOnly":false,"ratingRoomCleanliness":4,"ratingHotelCondition":4,"ratingService":4,"ratingRoomComfort":4,"positiveRemarks":"","negativeRemarks":"","locationRemarks":"","lastInitial":"","userLocation":"","reviewSubmissionTime":"2016-05-02T00:01:23Z","reviewerCategories":[{"categoryId":"Everyone","categoryLabel":"Everyone"}],"userDisplayName":"","roomTypeId":200267838,"isUnverified":false,"isFlaggable":true,"isRecommended":"YES"},{"hotelId":"10323","totalPositiveFeedbacks":1,"tpid":"1","eapid":"0","contentLocale":"en_us","totalThanks":1,"photos":[],"reviewId":"571e27ae793a3b09dac2212d","itinId":"1133156185026","moderationStatus":"APPROVED","contentCodes":"","managementResponses":[],"ratingOverall":4,"langId":"1033","userNickname":"Gale  ","brandType":"Expedia","title":"Recent stay at Hilton Garden Inn Emeryville Ca","reviewText":"Everything was pretty good. The staff was super friendly and helpful. It felt safe ","featured":false,"ratingsOnly":false,"ratingRoomCleanliness":5,"ratingHotelCondition":4,"ratingService":5,"ratingRoomComfort":4,"positiveRemarks":"Overall an excellent bargain","negativeRemarks":"I was  kind of surprised to have to pay 15 dollars a day for parking. ","locationRemarks":"Centrally located ","lastInitial":"","userLocation":"Eureka, Ca","reviewSubmissionTime":"2016-04-25T14:20:30Z","reviewerCategories":[{"categoryId":"Everyone","categoryLabel":"Everyone"}],"userDisplayName":"","roomTypeId":157026,"isUnverified":false,"isFlaggable":true,"isRecommended":"YES"},{"hotelId":"10323","totalPositiveFeedbacks":0,"tpid":"1","eapid":"0","contentLocale":"en_us","totalThanks":0,"photos":[],"reviewId":"571dfaa3209d2c09db665949","itinId":"1132971320241","moderationStatus":"APPROVED","contentCodes":"","managementResponses":[],"ratingOverall":3,"langId":"1033","userNickname":"","brandType":"Expedia","title":"","reviewText":"Coffee maker did not work, no shuttle to airport! Specially on weekends","featured":false,"ratingsOnly":false,"ratingRoomCleanliness":5,"ratingHotelCondition":4,"ratingService":3,"ratingRoomComfort":4,"positiveRemarks":"","negativeRemarks":"","locationRemarks":"","lastInitial":"","userLocation":"","reviewSubmissionTime":"2016-04-25T11:08:19Z","reviewerCategories":[{"categoryId":"Everyone","categoryLabel":"Everyone"}],"userDisplayName":"","roomTypeId":157025,"isUnverified":false,"isFlaggable":true,"isRecommended":"NO"},{"hotelId":"10323","totalPositiveFeedbacks":1,"tpid":"1","eapid":"0","contentLocale":"en_us","totalThanks":1,"photos":[],"reviewId":"571cd71d8a401c09da2899ea","itinId":"1133480040895","moderationStatus":"APPROVED","contentCodes":"","managementResponses":[],"ratingOverall":5,"langId":"1033","userNickname":"Carol","brandType":"Expedia","title":"A really nice and reasonably priced hotel","reviewText":"Great location and nice accommodations. The rooms were quiet and the staff helpful. I couldn't have asked for a better visit.","featured":false,"ratingsOnly":false,"ratingRoomCleanliness":5,"ratingHotelCondition":5,"ratingService":5,"ratingRoomComfort":5,"positiveRemarks":"Modern accommodations, helpful staff and great location.","negativeRemarks":"","locationRemarks":"","lastInitial":"","userLocation":"Arlington, VA","reviewSubmissionTime":"2016-04-24T14:24:29Z","reviewerCategories":[{"categoryId":"Everyone","categoryLabel":"Everyone"}],"userDisplayName":"","roomTypeId":403956,"isUnverified":false,"isFlaggable":true,"isRecommended":"YES"},{"hotelId":"10323","totalPositiveFeedbacks":3,"tpid":"1","eapid":"0","contentLocale":"en_us","totalThanks":3,"photos":[],"reviewId":"570defadde253609facd0a6e","itinId":"1132577024472","moderationStatus":"APPROVED","contentCodes":"HMP MMD","managementResponses":[],"ratingOverall":3,"langId":"1033","userNickname":"Gabriela","brandType":"Expedia","title":"","reviewText":"They charge me $50 dollars to park my car at the hotel and since I was with a friend it was 50 dollars more for that car","featured":false,"ratingsOnly":false,"ratingRoomCleanliness":2,"ratingHotelCondition":3,"ratingService":2,"ratingRoomComfort":3,"positiveRemarks":"","negativeRemarks":"","locationRemarks":"","lastInitial":"G","userLocation":"Oakland CA","reviewSubmissionTime":"2016-04-13T07:05:17Z","reviewerCategories":[{"categoryId":"Everyone","categoryLabel":"Everyone"}],"userDisplayName":"","roomTypeId":157025,"isUnverified":false,"isFlaggable":false,"isRecommended":"NO"}]}}}
