{"reviewDetails":{"startIndex":0,"numberOfReviewsInThisPage":20,"reviewSummaryCollection":{"reviewSummary":[{"hotelId":"17280","totalReviewCnt":284,"avgOverallRating":3.809859,"cleanliness":4.098591,"serviceAndStaff":4.2887325,"roomComfort":3.8450704,"hotelCondition":3.8239436,"convenienceOfLocation":4.814815,"neighborhoodSatisfaction":4.5185184,"roomQuality":0,"targetedBrand":"Expedia","originSummary":[{"origin":"Expedia","reviewCnt":284,"recommendedPercent":81.69014,"avgOverallRating":3.809859,"cleanliness":4.098591,"serviceAndStaff":4.2887325,"roomComfort":3.8450704,"hotelCondition":3.8239436,"convenienceOfLocation":4.814815,"neighborhoodSatisfaction":4.5185184,"valueForMoney":0,"roomQuality":0,"categoryCounts":{"Everyone":178,"BusinessTravelers":11,"Couples":6,"Students":3,"Families":10,"Other":2},"roomTypeIdCounts":{"200459826":18,"200459828":10,"200459813":5,"200459818":36,"200678511":20,"200459817":9,"200459833":6,"119658":18,"360985":25,"360987":7,"360986":5},"languageCounts":{"en":284}}],"recommendedPercent":81.69014,"valueForMoney":0,"categoryCounts":{"Everyone":178,"BusinessTravelers":11,"Couples":6,"Students":3,"Families":10,"Other":2},"roomTypeIdCounts":{"200459826":18,"200459828":10,"200459813":5,"200459818":36,"200678511":20,"200459817":9,"200459833":6,"119658":18,"360985":25,"360987":7,"360986":5},"languageCounts":{"en":284},"featuredReview":{}}]},"reviewCollection":{"review":[{"hotelId":"17280","totalPositiveFeedbacks":0,"tpid":"1","eapid":"0","contentLocale":"en_us","totalThanks":0,"photos":[],"reviewId":"57b605db2a90730b768b4222","itinId":"1138850775459","moderationStatus":"APPROVED","contentCodes":"","managementResponses":[],"ratingOverall":4,"langId":"1033","userNickname":"","brandType":"Expedia","title":"","reviewText":"Nice location to stay but was not able to update my star points as I had  booked thru Expedia. (Was told to me at the reception).\r\nGood places for eating near but.\r\nAnd good places to shop also.\r\n","featured":false,"ratingsOnly":false,"ratingRoomCleanliness":4,"ratingHotelCondition":4,"ratingService":4,"ratingRoomComfort":4,"positiveRemarks":"","negativeRemarks":"","locationRemarks":"","lastInitial":"","userLocation":"","reviewSubmissionTime":"2016-08-18T19:00:43Z","reviewerCategories":[{"categoryId":"Everyone","categoryLabel":"Everyone"}],"userDisplayName":"","roomTypeId":200459818,"isUnverified":false,"isFlaggable":true,"isRecommended":"YES"},{"hotelId":"17280","totalPositiveFeedbacks":0,"tpid":"28","eapid":"0","contentLocale":"en_us","totalThanks":0,"photos":[],"reviewId":"57b33a9cb32f690b06e04795","itinId":"17734697771","moderationStatus":"APPROVED","contentCodes":"","managementResponses":[],"ratingOverall":3,"langId":"1033","userNickname":"Harry","brandType":"Expedia","title":"Just good for a night. ","reviewText":"Garbage on the hall way, annoyed by hotel construction noise.","featured":false,"ratingsOnly":false,"ratingRoomCleanliness":3,"ratingHotelCondition":3,"ratingService":4,"ratingRoomComfort":2,"positiveRemarks":"Staff was friendly.","negativeRemarks":"management.","locationRemarks":"enjoy a walk by the bay. ","lastInitial":"","userLocation":"Tokyo","reviewSubmissionTime":"2016-08-16T16:09:00Z","reviewerCategories":[{"categoryId":"Everyone","categoryLabel":"Everyone"}],"userDisplayName":"","roomTypeId":200459818,"isUnverified":false,"isFlaggable":true,"isRecommended":"YES"},{"hotelId":"17280","totalPositiveFeedbacks":1,"tpid":"1","eapid":"0","contentLocale":"en_us","totalThanks":1,"photos":[],"reviewId":"57aa61f74a939b0b0998feba","itinId":"1132752544019","moderationStatus":"APPROVED","contentCodes":"","managementResponses":[],"ratingOverall":5,"langId":"1033","userNickname":"Julian","brandType":"Expedia","title":"Nice hotel with jacuzzi and pool","reviewText":"enjoyed our stay and pool and food great, we traveled all over to explore Muir woods, pier 39 and san Francisco, Lombard st.","featured":false,"ratingsOnly":false,"ratingRoomCleanliness":5,"ratingHotelCondition":5,"ratingService":5,"ratingRoomComfort":5,"positiveRemarks":"pool and Jacuzzi ","negativeRemarks":"rooms are a bit small","locationRemarks":"convenient","lastInitial":"","userLocation":"Tehachapi, CA","reviewSubmissionTime":"2016-08-09T23:06:31Z","reviewerCategories":[{"categoryId":"Everyone","categoryLabel":"Everyone"}],"userDisplayName":"","roomTypeId":200459818,"isUnverified":false,"isFlaggable":true,"isRecommended":"YES"},{"hotelId":"17280","totalPositiveFeedbacks":0,"tpid":"1","eapid":"0","contentLocale":"en_us","totalThanks":0,"photos":[],"reviewId":"57a281ae38eaf50b27bf0b27","itinId":"1141636400953","moderationStatus":"APPROVED","contentCodes":"","managementResponses":[],"ratingOverall":4,"langId":"1033","userNickname":"","brandType":"Expedia","title":"vacation","reviewText":"the hotel was ok, the room it was good, location excellent. Only problem was the shower, it was difficult not to get lots of water out of the shower, i don't know why. ","featured":false,"ratingsOnly":false,"ratingRoomCleanliness":5,"ratingHotelCondition":4,"ratingService":4,"ratingRoomComfort":4,"positiveRemarks":"","negativeRemarks":"","locationRemarks":"","lastInitial":"","userLocation":"","reviewSubmissionTime":"2016-08-03T23:43:42Z","reviewerCategories":[{"categoryId":"Everyone","categoryLabel":"Everyone"}],"userDisplayName":"","roomTypeId":200459817,"isUnverified":false,"isFlaggable":true,"isRecommended":"YES"},{"hotelId":"17280","totalPositiveFeedbacks":0,"tpid":"1","eapid":"0","contentLocale":"en_us","totalThanks":0,"photos":[],"reviewId":"5780f59f86a89c0b486be0b7","itinId":"1139842533186","moderationStatus":"APPROVED","contentCodes":"","managementResponses":[],"ratingOverall":5,"langId":"1033","userNickname":"","brandType":"Expedia","title":"","reviewText":"Very friendly staff, easy access to the freeway.  Close to shopping and food.","featured":false,"ratingsOnly":false,"ratingRoomCleanliness":5,"ratingHotelCondition":5,"ratingService":5,"ratingRoomComfort":5,"positiveRemarks":"","negativeRemarks":"","locationRemarks":"","lastInitial":"","userLocation":"","reviewSubmissionTime":"2016-07-09T13:01:19Z","reviewerCategories":[{"categoryId":"Everyone","categoryLabel":"Everyone"}],"userDisplayName":"","roomTypeId":200459818,"isUnverified":false,"isFlaggable":true,"isRecommended":"YES"},{"hotelId":"17280","totalPositiveFeedbacks":0,"tpid":"1","eapid":"0","contentLocale":"en_us","totalThanks":0,"photos":[],"reviewId":"57714307d289480b7c0edd8e","itinId":"1134059501711","moderationStatus":"APPROVED","contentCodes":"","managementResponses":[],"ratingOverall":4,"langId":"1033","userNickname":"margie","brandType":"Expedia","title":"Near a lot of restaurants and shopping.","reviewText":"Nice pool area and pleasant staff! Many nearby restaurants and a mall.\r\n","featured":false,"ratingsOnly":false,"ratingRoomCleanliness":3,"ratingHotelCondition":3,"ratingService":5,"ratingRoomComfort":4,"positiveRemarks":"","negativeRemarks":"","locationRemarks":"","lastInitial":"","userLocation":"C","reviewSubmissionTime":"2016-06-27T15:15:19Z","reviewerCategories":[{"categoryId":"Everyone","categoryLabel":"Everyone"}],"userDisplayName":"","roomTypeId":200459813,"isUnverified":false,"isFlaggable":true,"isRecommended":"YES"},{"hotelId":"17280","totalPositiveFeedbacks":0,"tpid":"1","eapid":"0","contentLocale":"en_us","totalThanks":0,"photos":[],"reviewId":"5754fc129123f10b82be06d7","itinId":"1136943235672","moderationStatus":"APPROVED","contentCodes":"NLI HMP MMD","managementResponses":[],"ratingOverall":2,"langId":"1033","userNickname":"","brandType":"Expedia","title":"Not a safe area for parking","reviewText":"quiet floor, a/c worked really well. desk was dusty, killed a flea on the bed, 4 cars got their windows smashed in overnight","featured":false,"ratingsOnly":false,"ratingRoomCleanliness":2,"ratingHotelCondition":2,"ratingService":3,"ratingRoomComfort":2,"positiveRemarks":"quiet, friendly staff","negativeRemarks":"they had a security guard but car windows were smashed in. rooms could be cleaner","locationRemarks":"near everything, freeways, restaurants, gas station","lastInitial":"","userLocation":"","reviewSubmissionTime":"2016-06-06T04:29:06Z","reviewerCategories":[{"categoryId":"Everyone","categoryLabel":"Everyone"}],"userDisplayName":"","roomTypeId":200459818,"isUnverified":false,"isFlaggable":false,"isRecommended":"NO"},{"hotelId":"17280","totalPositiveFeedbacks":0,"tpid":"1","eapid":"0","contentLocale":"en_us","totalThanks":0,"photos":[],"reviewId":"57488ad32f056909faf92e5c","itinId":"1135841736489","moderationStatus":"APPROVED","contentCodes":"HMP MMD","managementResponses":[],"ratingOverall":3,"langId":"1033","userNickname":"Tim","brandType":"Expedia","title":"","reviewText":"House keeping seemed to be very slow.  Two days in a row, I was out of my room between 7:30 a.m. and 2:30 p.m. only to return to my room to find that it had not yet been serviced / made up by housekeeping.  One day I had to vacate my room so they could work on it at about 3:00 p.m.  The other day, I needed to use my room and couldn't vacate it in the mid / late afternoon so it was not serviced / made up at all.","featured":false,"ratingsOnly":false,"ratingRoomCleanliness":2,"ratingHotelCondition":2,"ratingService":4,"ratingRoomComfort":4,"positiveRemarks":"","negativeRemarks":"House keeping should service / make up the rooms by noon.","locationRemarks":"","lastInitial":"","userLocation":"San Diego","reviewSubmissionTime":"2016-05-27T17:58:43Z","reviewerCategories":[{"categoryId":"Everyone","categoryLabel":"Everyone"}],"userDisplayName":"","roomTypeId":200459828,"isUnverified":false,"isFlaggable":false,"isRecommended":"YES"},{"hotelId":"17280","totalPositiveFeedbacks":0,"tpid":"1","eapid":"0","contentLocale":"en_us","totalThanks":0,"photos":[],"reviewId":"5745cc6b2a20e109fb72fd5a","itinId":"1135601510767","moderationStatus":"APPROVED","contentCodes":"MMA","managementResponses":[],"ratingOverall":5,"langId":"1033","userNickname":"","brandType":"Expedia","title":"Nice hotel free parking and wifi","reviewText":"Stayed there for 5 nights. Used to go to San Francisco every day across the Bay Bridge. Traffic can be mad sometimes but for the rate we got, it was well worth it!","featured":false,"ratingsOnly":false,"ratingRoomCleanliness":5,"ratingHotelCondition":5,"ratingService":5,"ratingRoomComfort":5,"positiveRemarks":"","negativeRemarks":"","locationRemarks":"","lastInitial":"","userLocation":"","reviewSubmissionTime":"2016-05-25T16:01:47Z","reviewerCategories":[{"categoryId":"Everyone","categoryLabel":"Everyone"}],"userDisplayName":"","roomTypeId":200459817,"isUnverified":false,"isFlaggable":false,"isRecommended":"YES"},{"hotelId":"17280","totalPositiveFeedbacks":0,"tpid":"1","eapid":"0","contentLocale":"en_us","totalThanks":0,"photos":[],"reviewId":"573c6eae6cce0209fb0106b0","itinId":"1135433075713","moderationStatus":"APPROVED","contentCodes":"","managementResponses":[],"ratingOverall":5,"langId":"1033","userNickname":"step1983","brandType":"Expedia","title":"Very nice stay.","reviewText":"Staff was very welcoming. Minor elevator being done. But we barely heard anything. We'll be revisiting the area again soon.","featured":false,"ratingsOnly":false,"ratingRoomCleanliness":5,"ratingHotelCondition":4,"ratingService":5,"ratingRoomComfort":5,"positiveRemarks":"","negativeRemarks":"","locationRemarks":"","lastInitial":"T","userLocation":"oakland","reviewSubmissionTime":"2016-05-18T13:31:26Z","reviewerCategories":[{"categoryId":"Everyone","categoryLabel":"Everyone"}],"userDisplayName":"","roomTypeId":200459828,"isUnverified":false,"isFlaggable":true,"isRecommended":"YES"},{"hotelId":"17280","totalPositiveFeedbacks":0,"tpid":"1","eapid":"0","contentLocale":"en_us","totalThanks":0,"photos":[],"reviewId":"573c6df29d9d2f09f81d55f1","itinId":"1134848563757","moderationStatus":"APPROVED","contentCodes":"","managementResponses":[],"ratingOverall":4,"langId":"1033","userNickname":"Eva","brandType":"Expedia","title":"Luxurious towels and bedding","reviewText":"The room was very comfortable including very clean.  I will stay there again.","featured":false,"ratingsOnly":false,"ratingRoomCleanliness":5,"ratingHotelCondition":5,"ratingService":5,"ratingRoomComfort":5,"positiveRemarks":"Quiet","negativeRemarks":"Larger fitness center with another bike.","locationRemarks":"Lots of restaurants and stores across the street.","lastInitial":"","userLocation":"Los Angeles","reviewSubmissionTime":"2016-05-18T13:28:18Z","reviewerCategories":[{"categoryId":"Everyone","categoryLabel":"Everyone"}],"userDisplayName":"","roomTypeId":200678511,"isUnverified":false,"isFlaggable":true,"isRecommended":"YES"},{"hotelId":"17280","totalPositiveFeedbacks":0,"tpid":"1","eapid":"0","contentLocale":"en_us","totalThanks":0,"photos":[],"reviewId":"573b6c103a773c09f3ffaaf3","itinId":"1124014238584","moderationStatus":"APPROVED","contentCodes":"","managementResponses":[],"ratingOverall":3,"langId":"1033","userNickname":"Sara","brandType":"Expedia","title":"Just Okay","reviewText":"We stayed here for my son's graduation from Cal. The hotel staff was nice, and the front desk was decorated with Cal colors and balloons. There is a Trader Joe's right across the street which is really convenient. The rooms are very standard, no mini fridge, no HDTV. Our room smelled very musty, but there was a window so we were able to let fresh air in. The shower/toilet room was tiny and the shower wasn't very clean; the carpet needs to be replaced as well.  Overall, it was fine because we weren't there much, but for the price, we expected more. We won't stay here again even though we visit Berkeley often.","featured":false,"ratingsOnly":false,"ratingRoomCleanliness":3,"ratingHotelCondition":3,"ratingService":4,"ratingRoomComfort":3,"positiveRemarks":"The location ","negativeRemarks":"Upgrade the rooms!","locationRemarks":"Walking distance to shops and restaurants, short drive to Berkeley.","lastInitial":"","userLocation":"Redondo Beach, CA","reviewSubmissionTime":"2016-05-17T19:08:00Z","reviewerCategories":[{"categoryId":"Everyone","categoryLabel":"Everyone"}],"userDisplayName":"","roomTypeId":200459826,"isUnverified":false,"isFlaggable":true,"isRecommended":"NO"},{"hotelId":"17280","totalPositiveFeedbacks":0,"tpid":"4","eapid":"0","contentLocale":"en_ca","totalThanks":0,"photos":[],"reviewId":"5739eb0ffd62b709fc7c0c6c","itinId":"1121423685353","moderationStatus":"APPROVED","contentCodes":"","managementResponses":[],"ratingOverall":4,"langId":"4105","userNickname":"","brandType":"Expedia","title":"Near Berkeley","reviewText":"We couldn't find a hotel in Berkeley as it was graduation weekend. This hotel was close by and the free Emeryville shuttle takes you to the McArthur Bart. ","featured":false,"ratingsOnly":false,"ratingRoomCleanliness":4,"ratingHotelCondition":4,"ratingService":4,"ratingRoomComfort":4,"positiveRemarks":"","negativeRemarks":"","locationRemarks":"","lastInitial":"","userLocation":"","reviewSubmissionTime":"2016-05-16T15:45:19Z","reviewerCategories":[{"categoryId":"Everyone","categoryLabel":"Everyone"}],"userDisplayName":"","roomTypeId":200459833,"isUnverified":false,"isFlaggable":true,"isRecommended":"YES"},{"hotelId":"17280","totalPositiveFeedbacks":0,"tpid":"1","eapid":"0","contentLocale":"en_us","totalThanks":0,"photos":[],"reviewId":"5735d382cbe0b509fdedb66c","itinId":"1133415097160","moderationStatus":"APPROVED","contentCodes":"HMP MMD","managementResponses":[],"ratingOverall":3,"langId":"1033","userNickname":"","brandType":"Expedia","title":"","reviewText":"I was traveling with my husband on a wheelchair so I ask for a handicap room, the room they gave me was incredibly small! The wheelchair could not go around the room and the bathroom was so small we hardly fit in , by the way we are slim people. ","featured":false,"ratingsOnly":false,"ratingRoomCleanliness":5,"ratingHotelCondition":3,"ratingService":5,"ratingRoomComfort":2,"positiveRemarks":"","negativeRemarks":"","locationRemarks":"","lastInitial":"","userLocation":"","reviewSubmissionTime":"2016-05-13T13:15:46Z","reviewerCategories":[{"categoryId":"Everyone","categoryLabel":"Everyone"}],"userDisplayName":"","roomTypeId":200459817,"isUnverified":false,"isFlaggable":false,"isRecommended":"NO"},{"hotelId":"17280","totalPositiveFeedbacks":0,"tpid":"1","eapid":"0","contentLocale":"en_us","totalThanks":0,"photos":[{"thumbnailUrl":"https://a.travel-assets.com/ugc/hotel-reviews/391272B3CAD869587D277B64008C4F55B342F2801461553395233.jpg?resize=100:*","normalUrl":"https://a.travel-assets.com/ugc/hotel-reviews/391272B3CAD869587D277B64008C4F55B342F2801461553395233.jpg?resize=360:*","caption":"View from our room "}],"reviewId":"571d8062209d2c09dbf29e97","itinId":"1133373441735","moderationStatus":"APPROVED","contentCodes":"HMP","managementResponses":[],"ratingOverall":4,"langId":"1033","userNickname":"Sandy ","brandType":"Expedia","title":"15 minutes from UCBerkeley","reviewText":"Nice, clean, updated & comfortable bed. Very nice bay & SF view. Friendly staff. Free parking!!! We had 2 double beds and the only negative was that the room was a bit cramped. ","featured":false,"ratingsOnly":false,"ratingRoomCleanliness":4,"ratingHotelCondition":4,"ratingService":4,"ratingRoomComfort":3,"positiveRemarks":"","negativeRemarks":"","locationRemarks":"","lastInitial":"A","userLocation":"So Cal","reviewSubmissionTime":"2016-04-25T02:26:42Z","reviewerCategories":[{"categoryId":"Everyone","categoryLabel":"Everyone"}],"userDisplayName":"","roomTypeId":200459828,"isUnverified":false,"isFlaggable":false,"isRecommended":"YES"},{"hotelId":"17280","totalPositiveFeedbacks":0,"tpid":"1","eapid":"0","contentLocale":"en_us","totalThanks":0,"photos":[],"reviewId":"571a3a8d34dec709db8a50ec","itinId":"1133388244671","moderationStatus":"APPROVED","contentCodes":"NLI HMP MMD","managementResponses":[],"ratingOverall":1,"langId":"1033","userNickname":"Maurice","brandType":"Expedia","title":"Overbooked hotel. Undertrained staff.","reviewText":"I was given a room that was already occupied. The front desk agent nonchalantly told me that my room was the last room available and that they had to send me to another hotel five miles down the road. Not cool Expedia!","featured":false,"ratingsOnly":false,"ratingRoomCleanliness":1,"ratingHotelCondition":4,"ratingService":1,"ratingRoomComfort":1,"positiveRemarks":"","negativeRemarks":"","locationRemarks":"","lastInitial":"","userLocation":"Costa Mesa","reviewSubmissionTime":"2016-04-22T14:51:57Z","reviewerCategories":[{"categoryId":"Everyone","categoryLabel":"Everyone"}],"userDisplayName":"","roomTypeId":200459826,"isUnverified":false,"isFlaggable":false,"isRecommended":"NO"},{"hotelId":"17280","totalPositiveFeedbacks":1,"tpid":"1","eapid":"0","contentLocale":"en_us","totalThanks":1,"photos":[],"reviewId":"5719a97934dec709db8ebf84","itinId":"1132809297484","moderationStatus":"APPROVED","contentCodes":"","managementResponses":[],"ratingOverall":4,"langId":"1033","userNickname":"Celia","brandType":"Expedia","title":"4 Night Stay","reviewText":"Clean, comfortable, good parking, good view over Bay. Enjoyed our stay.","featured":false,"ratingsOnly":false,"ratingRoomCleanliness":4,"ratingHotelCondition":4,"ratingService":4,"ratingRoomComfort":4,"positiveRemarks":"","negativeRemarks":"","locationRemarks":"","lastInitial":"","userLocation":"Preston UK","reviewSubmissionTime":"2016-04-22T04:32:57Z","reviewerCategories":[{"categoryId":"Everyone","categoryLabel":"Everyone"}],"userDisplayName":"","roomTypeId":200459828,"isUnverified":false,"isFlaggable":true,"isRecommended":"YES"},{"hotelId":"17280","totalPositiveFeedbacks":1,"tpid":"1","eapid":"0","contentLocale":"en_us","totalThanks":1,"photos":[],"reviewId":"570dc3947d8a6009f5546c11","itinId":"1132484587865","moderationStatus":"APPROVED","contentCodes":"","managementResponses":[],"ratingOverall":5,"langId":"1033","userNickname":"","brandType":"Expedia","title":"","reviewText":"The hotel staff is top notch friendly providing excellent customer service.\r\nThe beds and linens are extremely comfortable - even more then your average high end hotel.","featured":false,"ratingsOnly":false,"ratingRoomCleanliness":5,"ratingHotelCondition":5,"ratingService":5,"ratingRoomComfort":5,"positiveRemarks":"","negativeRemarks":"","locationRemarks":"","lastInitial":"","userLocation":"","reviewSubmissionTime":"2016-04-13T03:57:08Z","reviewerCategories":[{"categoryId":"Everyone","categoryLabel":"Everyone"}],"userDisplayName":"","roomTypeId":200459813,"isUnverified":false,"isFlaggable":true,"isRecommended":"YES"},{"hotelId":"17280","totalPositiveFeedbacks":2,"tpid":"1","eapid":"0","contentLocale":"en_us","totalThanks":2,"photos":[],"reviewId":"56e718d835e960096549810c","itinId":"1129850203019","moderationStatus":"APPROVED","contentCodes":"MMA","managementResponses":[],"ratingOverall":3,"langId":"1033","userNickname":"Gil","brandType":"Expedia","title":"Good location ","reviewText":"Although we very comfortable in our room and it had a good location, the hotel has some faults.  Only one elevator was working the entire 3 nights we stayed. The water pressure was so low in our sink that it was very difficult to wash up or brush your teeth.  There also were not enough electric outlets for us to plug in our our phones & tablets.  ","featured":false,"ratingsOnly":false,"ratingRoomCleanliness":5,"ratingHotelCondition":2,"ratingService":4,"ratingRoomComfort":3,"positiveRemarks":"","negativeRemarks":"","locationRemarks":"","lastInitial":"G","userLocation":"oxnard, ca","reviewSubmissionTime":"2016-03-14T20:02:32Z","reviewerCategories":[{"categoryId":"Everyone","categoryLabel":"Everyone"}],"userDisplayName":"","roomTypeId":200459826,"isUnverified":false,"isFlaggable":false,"isRecommended":"YES"},{"hotelId":"17280","totalPositiveFeedbacks":2,"tpid":"1","eapid":"0","contentLocale":"en_us","totalThanks":2,"photos":[],"reviewId":"56e5f4d3b195f6099a8e78f7","itinId":"1128102455098","moderationStatus":"APPROVED","contentCodes":"HMP MMD","managementResponses":[],"ratingOverall":4,"langId":"1033","userNickname":"G.","brandType":"Expedia","title":"Overnight stay","reviewText":"My daughter had just had surgery and we needed to stay nearby overnight. She said she loved how quiet it was and how comfortable the bed was, which she had not expected. I liked the room too, except I thought the bathroom was too small. The next morning they told me that if I had asked for an upgrade by making reservations at the hotel, I could have gotten a larger bath. Also, I did not get my usual senior citizen discount which I get almost everywhere.","featured":false,"ratingsOnly":false,"ratingRoomCleanliness":3,"ratingHotelCondition":3,"ratingService":4,"ratingRoomComfort":4,"positiveRemarks":"Very quiet room. Comfortable beds. Easy access and good parking close to the entrance.","negativeRemarks":"Larger bathroom.","locationRemarks":"Did not see much, but liked Trader Joes nearby.","lastInitial":"Q","userLocation":"East Bay, California","reviewSubmissionTime":"2016-03-13T23:16:35Z","reviewerCategories":[{"categoryId":"Everyone","categoryLabel":"Everyone"}],"userDisplayName":"","roomTypeId":200459818,"isUnverified":false,"isFlaggable":false,"isRecommended":"YES"}]}}}
