{"reviewDetails":{"startIndex":0,"numberOfReviewsInThisPage":10,"reviewSummaryCollection":{"reviewSummary":[{"hotelId":"9491356","totalReviewCnt":10,"avgOverallRating":4.4,"cleanliness":4.3,"serviceAndStaff":5,"roomComfort":4,"hotelCondition":4.1,"convenienceOfLocation":0,"neighborhoodSatisfaction":0,"roomQuality":0,"targetedBrand":"Expedia","originSummary":[{"origin":"Expedia","reviewCnt":10,"recommendedPercent":90,"avgOverallRating":4.4,"cleanliness":4.3,"serviceAndStaff":5,"roomComfort":4,"hotelCondition":4.1,"convenienceOfLocation":0,"neighborhoodSatisfaction":0,"valueForMoney":0,"roomQuality":0,"categoryCounts":{"Everyone":10},"roomTypeIdCounts":{"200836792":4,"200840297":2,"200836791":2},"languageCounts":{"en":10}}],"recommendedPercent":90,"valueForMoney":0,"categoryCounts":{"Everyone":10},"roomTypeIdCounts":{"200836792":4,"200840297":2,"200836791":2},"languageCounts":{"en":10},"featuredReview":{}}]},"reviewCollection":{"review":[{"hotelId":"9491356","totalPositiveFeedbacks":0,"tpid":"4","eapid":"0","contentLocale":"en_ca","totalThanks":0,"photos":[],"reviewId":"5788167b0bd7ad0b27d6b8f3","itinId":"1139038564847","moderationStatus":"APPROVED","contentCodes":"MMA","managementResponses":[],"ratingOverall":4,"langId":"4105","userNickname":"Andree","brandType":"Expedia","title":"Amazing staff","reviewText":"The staff is very friendly and informative. Nice location, easy to walk almost everywhere. ","featured":false,"ratingsOnly":false,"ratingRoomCleanliness":5,"ratingHotelCondition":4,"ratingService":5,"ratingRoomComfort":4,"positiveRemarks":"Great location, clean rooms, good breakfast ","negativeRemarks":"Quantity of food available for breakfast for those going for breakfast late. ","locationRemarks":"Easy to walk everywhere. ","lastInitial":"","userLocation":"Vancouver","reviewSubmissionTime":"2016-07-14T22:47:23Z","reviewerCategories":[{"categoryId":"Everyone","categoryLabel":"Everyone"}],"userDisplayName":"","roomTypeId":200840297,"isUnverified":false,"isFlaggable":false,"isRecommended":"YES"},{"hotelId":"9491356","totalPositiveFeedbacks":1,"tpid":"1","eapid":"0","contentLocale":"en_us","totalThanks":1,"photos":[],"reviewId":"56aff55a785d0a099583b975","itinId":"1126152131048","moderationStatus":"APPROVED","contentCodes":"","managementResponses":[],"ratingOverall":5,"langId":"1033","userNickname":"","brandType":"Expedia","title":"Excellent hotel close to the Piers","reviewText":"I had a great time at the hostel!!!\r\nI can totally recommend it! Friendly staff, the rooms are clean and the location is perfect because it is really close to Fishermans Warf for example.","featured":false,"ratingsOnly":false,"ratingRoomCleanliness":5,"ratingHotelCondition":5,"ratingService":5,"ratingRoomComfort":5,"positiveRemarks":"","negativeRemarks":"","locationRemarks":"","lastInitial":"","userLocation":"","reviewSubmissionTime":"2016-02-02T00:16:26Z","reviewerCategories":[{"categoryId":"Everyone","categoryLabel":"Everyone"}],"userDisplayName":"","roomTypeId":200836792,"isUnverified":false,"isFlaggable":true,"isRecommended":"YES"},{"hotelId":"9491356","totalPositiveFeedbacks":1,"tpid":"1","eapid":"0","contentLocale":"en_us","totalThanks":1,"photos":[],"reviewId":"569cd4a9258bf00968e1cf1d","itinId":"1114483332017","moderationStatus":"APPROVED","contentCodes":"","managementResponses":[],"ratingOverall":5,"langId":"1033","userNickname":"Don","brandType":"Expedia","title":"Great location for travelers","reviewText":"It is next to Chinatown.  If you stay in the main building with many young people, it could be a little noisy.  If you stay in the Annex which is the building two blocks East, it is very nice and quiet.  It is perfect for two people.\r\n\r\nHotel is not new, but well maintained. For a solo traveler, it is about $150 per night.  This is what you pay in San Francisco. Other hotels in the area are not as nice as this unless you wish to pay $200 per night.","featured":false,"ratingsOnly":false,"ratingRoomCleanliness":4,"ratingHotelCondition":4,"ratingService":5,"ratingRoomComfort":5,"positiveRemarks":"Location, location and location.  It is easy to eat, shop, and walk around.  In Chinatown, you can buy fruits and vegetables.  ","negativeRemarks":"Price is high for solo traveler","locationRemarks":"  It is easy to eat, shop, and walk around.  In Chinatown, you can buy fruits and vegetables.  ","lastInitial":"","userLocation":"","reviewSubmissionTime":"2016-01-18T12:03:53Z","reviewerCategories":[{"categoryId":"Everyone","categoryLabel":"Everyone"}],"userDisplayName":"","roomTypeId":200836791,"isUnverified":false,"isFlaggable":true,"isRecommended":"YES"},{"hotelId":"9491356","totalPositiveFeedbacks":0,"tpid":"3","eapid":"0","contentLocale":"en_gb","totalThanks":0,"photos":[],"reviewId":"5641aa29845e240968f6965b","itinId":"19829370573","moderationStatus":"APPROVED","contentCodes":"","managementResponses":[],"ratingOverall":4,"langId":"2057","userNickname":"","brandType":"Expedia","title":"Characterful and friendly central hostel ","reviewText":"I had a single room. And though that was not much different in price to a hotel the friendliness of staff and fellow travellers, and the washing facilities and evening meals, and being walking distance from great places made it worth it. The room was a bit worn, but generally clean and the bed very comfortable. A real wide age range of travellers shared experiences over breakfast.","featured":false,"ratingsOnly":false,"ratingRoomCleanliness":3,"ratingHotelCondition":3,"ratingService":5,"ratingRoomComfort":3,"positiveRemarks":"","negativeRemarks":"","locationRemarks":"","lastInitial":"","userLocation":"","reviewSubmissionTime":"2015-11-10T08:26:17Z","reviewerCategories":[{"categoryId":"Everyone","categoryLabel":"Everyone"}],"userDisplayName":"","roomTypeId":200836791,"isUnverified":false,"isFlaggable":true,"isRecommended":"YES"},{"hotelId":"9491356","totalPositiveFeedbacks":0,"tpid":"1","eapid":"0","contentLocale":"en_us","totalThanks":0,"photos":[],"reviewId":"5626aa02da59f1094919748d","itinId":"1117981743737","moderationStatus":"APPROVED","contentCodes":"","managementResponses":[{"userNickname":"Green Tortoise Hostel","displayLocale":"en_us","isFlaggable":true,"date":"2015-11-06T02:40:34Z","response":"Thanks Hannah, we are so happy you enjoyed your time with us.  We understand the noise level at dinner.  We want people to feel comfortable and will note this concern when musicians perform.  We hope to see you again soon!\r\nCheers,\r\nGreen Tortoise Management","status":"APPROVED","id":"fa138d68-e5e1-4d84-b623-a1f02f53fe42"}],"ratingOverall":5,"langId":"1033","userNickname":"Hannah","brandType":"Expedia","title":"Safe, professional, like family.","reviewText":"All the little details are taken care of at Green Tortoise, displaying the level of experience they have serving all sorts of travellers. The highlight of my stay was helping out cooking dinner for the free dinners they have MWF. Great way to meet people and spend an evening! Would have loved the live music to be quieter -- it was difficult to hold a conversation -- but that may just be personal taste. Thanks for the great experience and on point pizza recommendation. ","featured":false,"ratingsOnly":false,"ratingRoomCleanliness":5,"ratingHotelCondition":5,"ratingService":5,"ratingRoomComfort":4,"positiveRemarks":"","negativeRemarks":"","locationRemarks":"","lastInitial":"N","userLocation":"Minneapolis, MN","reviewSubmissionTime":"2015-10-20T20:54:26Z","reviewerCategories":[{"categoryId":"Everyone","categoryLabel":"Everyone"}],"userDisplayName":"","roomTypeId":200840297,"isUnverified":false,"isFlaggable":true,"isRecommended":"YES"},{"hotelId":"9491356","totalPositiveFeedbacks":2,"tpid":"1","eapid":"0","contentLocale":"en_us","totalThanks":2,"photos":[],"reviewId":"560957144e62e108fd056f6a","itinId":"1114279888135","moderationStatus":"APPROVED","contentCodes":"","managementResponses":[],"ratingOverall":4,"langId":"1033","userNickname":"","brandType":"Expedia","title":"","reviewText":"clean, free breakfast, good location, free Wi-Fi, free computers for internet","featured":false,"ratingsOnly":false,"ratingRoomCleanliness":4,"ratingHotelCondition":3,"ratingService":5,"ratingRoomComfort":4,"positiveRemarks":"there staffs were good!","negativeRemarks":"","locationRemarks":"20mins to pier39, 30mins to AT&T park, 15mins to coit tower, on foot","lastInitial":"","userLocation":"","reviewSubmissionTime":"2015-09-28T15:04:52Z","reviewerCategories":[{"categoryId":"Everyone","categoryLabel":"Everyone"}],"userDisplayName":"","roomTypeId":200836792,"isUnverified":false,"isFlaggable":true,"isRecommended":"YES"},{"hotelId":"9491356","totalPositiveFeedbacks":0,"tpid":"3","eapid":"0","contentLocale":"en_gb","totalThanks":0,"photos":[],"reviewId":"55f6fd70a1d1c608f0deb63a","itinId":"19433956497","moderationStatus":"APPROVED","contentCodes":"UNK MMA HMP","managementResponses":[{"userNickname":"Green Tortoise","displayLocale":"en_us","isFlaggable":false,"date":"2015-10-04T22:00:19Z","response":"Hello dear Traveler,\r\nThe Green Tortoise Hostel is located in North Beach (Little Italy) and next to Chinatown.  We are in a vibrant area full of cafes, bars and restaurants and also in an Entertainment District.  It can get noisy on the weekends and during peak season because of the clubs on the street.  We have many different room types if you  also want that little bit of extra privacy.\r\nThanks for reviewing us,\r\nBest,\r\nGreen Tortoise Front Desk","status":"APPROVED","id":"4cfa74ec-96c7-4f9a-868e-207b6897bbdc"}],"ratingOverall":3,"langId":"2057","userNickname":"","brandType":"Expedia","title":"every thing is OK except too noisy in the night","reviewText":"not sound proof, kind of noisy during the night, both outside and inside the room (some roommates snored loudly","featured":false,"ratingsOnly":false,"ratingRoomCleanliness":4,"ratingHotelCondition":4,"ratingService":5,"ratingRoomComfort":2,"positiveRemarks":"nice staff, wifi","negativeRemarks":"","locationRemarks":"good","lastInitial":"","userLocation":"","reviewSubmissionTime":"2015-09-14T17:01:36Z","reviewerCategories":[{"categoryId":"Everyone","categoryLabel":"Everyone"}],"userDisplayName":"","roomTypeId":"","isUnverified":false,"isFlaggable":false,"isRecommended":"NO"},{"hotelId":"9491356","totalPositiveFeedbacks":0,"tpid":"3","eapid":"0","contentLocale":"en_gb","totalThanks":0,"photos":[],"reviewId":"55cb5bbe69ed9f08ec8e5324","itinId":"19103055430","moderationStatus":"APPROVED","contentCodes":"MMA","managementResponses":[{"userNickname":"Green Tortoise Backpackers Hostel","displayLocale":"en_us","isFlaggable":false,"date":"2015-11-07T13:30:23Z","response":"Fantastic feedback!  We really do try to have something for everyone here, from great free food to fun events and a home away from home atmosphere.  We love families traveling with their kids that are accustomed to staying in hostels so we cater to all generations.\r\n\r\nBest, GT Management","status":"APPROVED","id":"bb0d052f-8a1b-4044-9696-cc1c0683a398"}],"ratingOverall":5,"langId":"2057","userNickname":"","brandType":"Expedia","title":"Great for all tastes","reviewText":"Great hostel, very nice vibe, whether you want to party or not.\r\nI was travelling solo and didn't go there to party etc. and there was more than enough ways of finding quiet spaces to just relax.\r\nThe staff was extremely helpful and friendly, calling for me to make reservations and explaining where to find fun stuff to do.\r\nThere were even families staying there! I'll def go back there if I'm in the area.\r\nTop hostel!","featured":false,"ratingsOnly":false,"ratingRoomCleanliness":5,"ratingHotelCondition":5,"ratingService":5,"ratingRoomComfort":5,"positiveRemarks":"Amazing staff, free healthy breakfast every morning, access to kitchen and fridge, very large lockers that can fit my enormous amount of luggage...","negativeRemarks":"-","locationRemarks":"","lastInitial":"","userLocation":"","reviewSubmissionTime":"2015-08-12T14:44:14Z","reviewerCategories":[{"categoryId":"Everyone","categoryLabel":"Everyone"}],"userDisplayName":"","roomTypeId":"","isUnverified":false,"isFlaggable":false,"isRecommended":"YES"},{"hotelId":"9491356","totalPositiveFeedbacks":3,"tpid":"1","eapid":"0","contentLocale":"en_us","totalThanks":3,"photos":[],"reviewId":"55624eb8a14c142ca1b1382d","itinId":"1105693500803","moderationStatus":"APPROVED","contentCodes":"MMA","managementResponses":[{"userNickname":"Green Tortoise","displayLocale":"en_gb","isFlaggable":false,"date":"2015-06-12T23:15:12Z","response":"Thank you very much for the review! We cater especially well to the solo traveler by creating a global community where people can exchange travel stories and learn about different cultures. We hope to see you again soon.\n\nBest, GT Management","status":"APPROVED","id":"eeb51dda-758c-4c7e-a23c-8fb08376cbe7"}],"ratingOverall":5,"langId":"1033","userNickname":"DW","brandType":"Expedia","title":"European style hostel in the heart of SF!","reviewText":"I found this hostel a perfect stay for single travelers who enjoy independence and self reliance. Accommodation is adequate and atmosphere is relaxed. Daily free breakfast and every other day free dinner add to an almost college dormitory like experience. Overall, it was a delightful and pleasant stay.","featured":false,"ratingsOnly":false,"ratingRoomCleanliness":4,"ratingHotelCondition":4,"ratingService":5,"ratingRoomComfort":4,"positiveRemarks":"","negativeRemarks":"","locationRemarks":"","lastInitial":"L","userLocation":"los angeles","reviewSubmissionTime":"2015-05-24T22:20:40Z","reviewerCategories":[{"categoryId":"Everyone","categoryLabel":"Everyone"}],"userDisplayName":"","roomTypeId":200836792,"isUnverified":false,"isFlaggable":false,"isRecommended":"YES"},{"hotelId":"9491356","totalPositiveFeedbacks":1,"tpid":"1","eapid":"0","contentLocale":"en_us","totalThanks":1,"photos":[],"reviewId":"10001170124","itinId":"192112630656","moderationStatus":"APPROVED","contentCodes":"","managementResponses":[{"userNickname":"Green Tortoise","displayLocale":"en_US","isFlaggable":false,"date":"2015-03-12T19:00:17Z","response":"Hi Don,\nHappy we were the perfect fit for you and your stay here in San Francisco. Our free breakfasts and dinners are helpful on the hip pocket and a great way to meet fellow travelers.\n\nSee you again soon,\nBest,\nGreen Tortoise Front Desk","status":"APPROVED","id":"c92a8ff2-9b76-4bc1-a229-cf007bd6dcc1"}],"ratingOverall":4,"langId":"1033","userNickname":"Don","brandType":"Expedia","title":"Perfect for my needs","reviewText":"Working in city this week and needed a bed. Perfect. \r\nCool clientele, too. ","featured":false,"ratingsOnly":false,"ratingRoomCleanliness":4,"ratingHotelCondition":4,"ratingService":5,"ratingRoomComfort":4,"positiveRemarks":"","negativeRemarks":"","locationRemarks":"","lastInitial":"E","userLocation":"san luis obispo, ca","reviewSubmissionTime":"2014-12-06T16:24:51Z","reviewerCategories":[{"categoryId":"Everyone","categoryLabel":"Everyone"}],"userDisplayName":"","roomTypeId":200836792,"isUnverified":false,"isFlaggable":false,"isRecommended":"YES"}]}}}
