{"reviewDetails":{"startIndex":0,"numberOfReviewsInThisPage":1,"reviewSummaryCollection":{"reviewSummary":[{"hotelId":"14772741","totalReviewCnt":1,"avgOverallRating":4,"cleanliness":4,"serviceAndStaff":4,"roomComfort":2,"hotelCondition":4,"convenienceOfLocation":0,"neighborhoodSatisfaction":0,"roomQuality":0,"targetedBrand":"Expedia","originSummary":[{"origin":"Expedia","reviewCnt":1,"recommendedPercent":100,"avgOverallRating":4,"cleanliness":4,"serviceAndStaff":4,"roomComfort":2,"hotelCondition":4,"convenienceOfLocation":0,"neighborhoodSatisfaction":0,"valueForMoney":0,"roomQuality":0,"categoryCounts":{"Everyone":1},"roomTypeIdCounts":{"201464569":1},"languageCounts":{"en":1}}],"recommendedPercent":100,"valueForMoney":0,"categoryCounts":{"Everyone":1},"roomTypeIdCounts":{"201464569":1},"languageCounts":{"en":1},"featuredReview":{}}]},"reviewCollection":{"review":[{"hotelId":"14772741","totalPositiveFeedbacks":0,"tpid":"1","eapid":"0","contentLocale":"en_us","totalThanks":0,"photos":[],"reviewId":"5760bda16368560b28a12a01","itinId":"1136003947867","moderationStatus":"APPROVED","contentCodes":"","managementResponses":[],"ratingOverall":4,"langId":"1033","userNickname":"fun loving man","brandType":"Expedia","title":"Mostly Good","reviewText":"It's a good hostel overall , just walls are too thin, you can hear someone talking. Also, the average age seemed to be 20, didn't get to mix much with ppl in 30s","featured":false,"ratingsOnly":false,"ratingRoomCleanliness":4,"ratingHotelCondition":4,"ratingService":4,"ratingRoomComfort":2,"positiveRemarks":"","negativeRemarks":"","locationRemarks":"","lastInitial":"S","userLocation":"p","reviewSubmissionTime":"2016-06-15T02:29:53Z","reviewerCategories":[{"categoryId":"Everyone","categoryLabel":"Everyone"}],"userDisplayName":"","roomTypeId":201464569,"isUnverified":false,"isFlaggable":true,"isRecommended":"YES"}]}}}
